# Blender 4.1.1
# www.blender.org
mtllib LASTNAME_final.mtl
o Text
v 2.216025 0.339159 0.120000
v 1.953025 0.339159 0.120000
v 1.953025 1.066159 0.120000
v 2.207025 1.066159 0.120000
v 2.219508 1.065979 0.120000
v 2.231622 1.065437 0.120000
v 2.243369 1.064534 0.120000
v 2.254747 1.063270 0.120000
v 2.265758 1.061645 0.120000
v 2.276400 1.059659 0.120000
v 2.286674 1.057312 0.120000
v 2.296581 1.054604 0.120000
v 2.306119 1.051534 0.120000
v 2.315289 1.048104 0.120000
v 2.324091 1.044312 0.120000
v 2.332525 1.040159 0.120000
v 2.340598 1.035701 0.120000
v 2.348317 1.030993 0.120000
v 2.355681 1.026034 0.120000
v 2.362692 1.020826 0.120000
v 2.369348 1.015368 0.120000
v 2.375650 1.009659 0.120000
v 2.381598 1.003701 0.120000
v 2.387192 0.997493 0.120000
v 2.392431 0.991034 0.120000
v 2.397316 0.984326 0.120000
v 2.401848 0.977368 0.120000
v 2.406025 0.970159 0.120000
v 2.409858 0.962763 0.120000
v 2.413358 0.955243 0.120000
v 2.416525 0.947597 0.120000
v 2.419358 0.939826 0.120000
v 2.421858 0.931930 0.120000
v 2.424025 0.923909 0.120000
v 2.425858 0.915763 0.120000
v 2.427359 0.907493 0.120000
v 2.428525 0.899097 0.120000
v 2.429359 0.890576 0.120000
v 2.429859 0.881930 0.120000
v 2.430025 0.873159 0.120000
v 2.429911 0.865441 0.120000
v 2.429567 0.857951 0.120000
v 2.428994 0.850690 0.120000
v 2.428192 0.843659 0.120000
v 2.427160 0.836857 0.120000
v 2.425900 0.830284 0.120000
v 2.424410 0.823941 0.120000
v 2.422692 0.817826 0.120000
v 2.420744 0.811941 0.120000
v 2.418567 0.806284 0.120000
v 2.416161 0.800857 0.120000
v 2.413525 0.795659 0.120000
v 2.410706 0.790666 0.120000
v 2.407747 0.785854 0.120000
v 2.404650 0.781222 0.120000
v 2.401414 0.776770 0.120000
v 2.398039 0.772500 0.120000
v 2.394525 0.768409 0.120000
v 2.390872 0.764500 0.120000
v 2.387081 0.760770 0.120000
v 2.383150 0.757222 0.120000
v 2.379081 0.753854 0.120000
v 2.374872 0.750666 0.120000
v 2.370525 0.747659 0.120000
v 2.366070 0.744802 0.120000
v 2.361539 0.742062 0.120000
v 2.356931 0.739441 0.120000
v 2.352247 0.736937 0.120000
v 2.347487 0.734552 0.120000
v 2.342650 0.732284 0.120000
v 2.337737 0.730135 0.120000
v 2.332747 0.728104 0.120000
v 2.327681 0.726191 0.120000
v 2.322539 0.724395 0.120000
v 2.317320 0.722718 0.120000
v 2.312025 0.721159 0.120000
v 2.312025 0.714159 0.120000
v 2.317688 0.713691 0.120000
v 2.323344 0.712951 0.120000
v 2.328993 0.711941 0.120000
v 2.334636 0.710659 0.120000
v 2.340271 0.709107 0.120000
v 2.345900 0.707284 0.120000
v 2.351521 0.705191 0.120000
v 2.357136 0.702826 0.120000
v 2.362743 0.700191 0.120000
v 2.368344 0.697284 0.120000
v 2.373938 0.694107 0.120000
v 2.379525 0.690659 0.120000
v 2.385036 0.686951 0.120000
v 2.390400 0.682993 0.120000
v 2.395618 0.678784 0.120000
v 2.400692 0.674326 0.120000
v 2.405619 0.669618 0.120000
v 2.410400 0.664659 0.120000
v 2.415035 0.659451 0.120000
v 2.419525 0.653993 0.120000
v 2.423869 0.648284 0.120000
v 2.428067 0.642326 0.120000
v 2.432119 0.636118 0.120000
v 2.436025 0.629659 0.120000
v 2.439699 0.622947 0.120000
v 2.443053 0.615979 0.120000
v 2.446087 0.608753 0.120000
v 2.448802 0.601270 0.120000
v 2.451198 0.593531 0.120000
v 2.453274 0.585534 0.120000
v 2.455031 0.577281 0.120000
v 2.456469 0.568770 0.120000
v 2.457587 0.560003 0.120000
v 2.458386 0.550979 0.120000
v 2.458865 0.541698 0.120000
v 2.459025 0.532159 0.120000
v 2.458851 0.523072 0.120000
v 2.458331 0.514145 0.120000
v 2.457463 0.505378 0.120000
v 2.456247 0.496770 0.120000
v 2.454685 0.488322 0.120000
v 2.452775 0.480034 0.120000
v 2.450518 0.471906 0.120000
v 2.447914 0.463937 0.120000
v 2.444963 0.456128 0.120000
v 2.441664 0.448479 0.120000
v 2.438018 0.440989 0.120000
v 2.434025 0.433659 0.120000
v 2.429661 0.426534 0.120000
v 2.424901 0.419659 0.120000
v 2.419744 0.413034 0.120000
v 2.414192 0.406659 0.120000
v 2.408244 0.400534 0.120000
v 2.401900 0.394659 0.120000
v 2.395161 0.389034 0.120000
v 2.388025 0.383659 0.120000
v 2.380494 0.378534 0.120000
v 2.372567 0.373659 0.120000
v 2.364244 0.369034 0.120000
v 2.355525 0.364659 0.120000
v 2.346383 0.360586 0.120000
v 2.336789 0.356868 0.120000
v 2.326744 0.353503 0.120000
v 2.316247 0.350493 0.120000
v 2.305300 0.347836 0.120000
v 2.293900 0.345534 0.120000
v 2.282050 0.343586 0.120000
v 2.269748 0.341993 0.120000
v 2.256994 0.340753 0.120000
v 2.243789 0.339868 0.120000
v 2.230133 0.339336 0.120000
v 2.041025 0.670159 0.120000
v 2.041025 0.417159 0.120000
v 2.216025 0.417159 0.120000
v 2.230014 0.417392 0.120000
v 2.243317 0.418090 0.120000
v 2.255931 0.419253 0.120000
v 2.267859 0.420882 0.120000
v 2.279098 0.422975 0.120000
v 2.289650 0.425534 0.120000
v 2.299515 0.428559 0.120000
v 2.308692 0.432048 0.120000
v 2.317182 0.436003 0.120000
v 2.324984 0.440423 0.120000
v 2.332098 0.445309 0.120000
v 2.338525 0.450659 0.120000
v 2.344355 0.456343 0.120000
v 2.349678 0.462229 0.120000
v 2.354494 0.468316 0.120000
v 2.358803 0.474604 0.120000
v 2.362606 0.481093 0.120000
v 2.365901 0.487784 0.120000
v 2.368689 0.494677 0.120000
v 2.370970 0.501770 0.120000
v 2.372744 0.509066 0.120000
v 2.374012 0.516562 0.120000
v 2.374772 0.524260 0.120000
v 2.375025 0.532159 0.120000
v 2.374893 0.538288 0.120000
v 2.374497 0.544340 0.120000
v 2.373837 0.550316 0.120000
v 2.372914 0.556215 0.120000
v 2.371727 0.562038 0.120000
v 2.370275 0.567784 0.120000
v 2.368560 0.573454 0.120000
v 2.366580 0.579048 0.120000
v 2.364337 0.584566 0.120000
v 2.361831 0.590007 0.120000
v 2.359060 0.595371 0.120000
v 2.356025 0.600659 0.120000
v 2.352751 0.605822 0.120000
v 2.349261 0.610812 0.120000
v 2.345556 0.615628 0.120000
v 2.341636 0.620270 0.120000
v 2.337501 0.624739 0.120000
v 2.333150 0.629034 0.120000
v 2.328584 0.633156 0.120000
v 2.323802 0.637104 0.120000
v 2.318806 0.640878 0.120000
v 2.313594 0.644479 0.120000
v 2.308167 0.647906 0.120000
v 2.302525 0.651159 0.120000
v 2.296681 0.654194 0.120000
v 2.290650 0.656965 0.120000
v 2.284431 0.659472 0.120000
v 2.278025 0.661715 0.120000
v 2.271431 0.663694 0.120000
v 2.264650 0.665409 0.120000
v 2.257681 0.666861 0.120000
v 2.250525 0.668048 0.120000
v 2.243181 0.668972 0.120000
v 2.235650 0.669631 0.120000
v 2.227931 0.670027 0.120000
v 2.220025 0.670159 0.120000
v 2.041025 0.988159 0.120000
v 2.041025 0.747159 0.120000
v 2.204025 0.747159 0.120000
v 2.210640 0.747267 0.120000
v 2.217150 0.747590 0.120000
v 2.223557 0.748128 0.120000
v 2.229858 0.748882 0.120000
v 2.236056 0.749850 0.120000
v 2.242150 0.751034 0.120000
v 2.248139 0.752434 0.120000
v 2.254025 0.754048 0.120000
v 2.259806 0.755878 0.120000
v 2.265483 0.757923 0.120000
v 2.271056 0.760184 0.120000
v 2.276525 0.762659 0.120000
v 2.281848 0.765333 0.120000
v 2.286983 0.768187 0.120000
v 2.291932 0.771222 0.120000
v 2.296692 0.774437 0.120000
v 2.301265 0.777833 0.120000
v 2.305650 0.781409 0.120000
v 2.309848 0.785166 0.120000
v 2.313859 0.789104 0.120000
v 2.317681 0.793222 0.120000
v 2.321317 0.797520 0.120000
v 2.324765 0.802000 0.120000
v 2.328025 0.806659 0.120000
v 2.331059 0.811475 0.120000
v 2.333830 0.816423 0.120000
v 2.336337 0.821503 0.120000
v 2.338580 0.826715 0.120000
v 2.340559 0.832059 0.120000
v 2.342275 0.837534 0.120000
v 2.343726 0.843142 0.120000
v 2.344913 0.848881 0.120000
v 2.345837 0.854753 0.120000
v 2.346497 0.860757 0.120000
v 2.346893 0.866892 0.120000
v 2.347025 0.873159 0.120000
v 2.346792 0.881059 0.120000
v 2.346094 0.888757 0.120000
v 2.344931 0.896253 0.120000
v 2.343303 0.903548 0.120000
v 2.341209 0.910642 0.120000
v 2.338650 0.917534 0.120000
v 2.335626 0.924225 0.120000
v 2.332136 0.930715 0.120000
v 2.328181 0.937003 0.120000
v 2.323761 0.943090 0.120000
v 2.318876 0.948975 0.120000
v 2.313525 0.954659 0.120000
v 2.307667 0.960010 0.120000
v 2.301261 0.964895 0.120000
v 2.294306 0.969316 0.120000
v 2.286803 0.973271 0.120000
v 2.278751 0.976760 0.120000
v 2.270150 0.979784 0.120000
v 2.261001 0.982343 0.120000
v 2.251303 0.984437 0.120000
v 2.241057 0.986066 0.120000
v 2.230262 0.987229 0.120000
v 2.218918 0.987927 0.120000
v 2.207025 0.988159 0.120000
v 1.764525 0.901659 0.120000
v 1.771153 0.887524 0.120000
v 1.777205 0.872951 0.120000
v 1.782681 0.857941 0.120000
v 1.787580 0.842493 0.120000
v 1.791903 0.826607 0.120000
v 1.795650 0.810284 0.120000
v 1.798820 0.793524 0.120000
v 1.801414 0.776326 0.120000
v 1.803431 0.758691 0.120000
v 1.804872 0.740618 0.120000
v 1.805737 0.722107 0.120000
v 1.806025 0.703159 0.120000
v 1.805737 0.684208 0.120000
v 1.804873 0.665687 0.120000
v 1.803432 0.647597 0.120000
v 1.801414 0.629937 0.120000
v 1.798820 0.612708 0.120000
v 1.795650 0.595909 0.120000
v 1.791904 0.579541 0.120000
v 1.787581 0.563604 0.120000
v 1.782681 0.548097 0.120000
v 1.777206 0.533020 0.120000
v 1.771154 0.518375 0.120000
v 1.764525 0.504159 0.120000
v 1.757393 0.490427 0.120000
v 1.749830 0.477229 0.120000
v 1.741837 0.464566 0.120000
v 1.733413 0.452437 0.120000
v 1.724559 0.440843 0.120000
v 1.715275 0.429784 0.120000
v 1.705560 0.419260 0.120000
v 1.695414 0.409270 0.120000
v 1.684838 0.399816 0.120000
v 1.673831 0.390895 0.120000
v 1.662394 0.382510 0.120000
v 1.650525 0.374659 0.120000
v 1.638299 0.367392 0.120000
v 1.625789 0.360756 0.120000
v 1.612994 0.354753 0.120000
v 1.599915 0.349382 0.120000
v 1.586550 0.344642 0.120000
v 1.572900 0.340534 0.120000
v 1.558966 0.337059 0.120000
v 1.544747 0.334215 0.120000
v 1.530244 0.332003 0.120000
v 1.515456 0.330423 0.120000
v 1.500383 0.329475 0.120000
v 1.485025 0.329159 0.120000
v 1.469667 0.329475 0.120000
v 1.454595 0.330423 0.120000
v 1.439806 0.332003 0.120000
v 1.425303 0.334215 0.120000
v 1.411084 0.337059 0.120000
v 1.397150 0.340534 0.120000
v 1.383501 0.344642 0.120000
v 1.370136 0.349382 0.120000
v 1.357056 0.354753 0.120000
v 1.344261 0.360756 0.120000
v 1.331751 0.367392 0.120000
v 1.319525 0.374659 0.120000
v 1.307657 0.382510 0.120000
v 1.296220 0.390895 0.120000
v 1.285213 0.399816 0.120000
v 1.274636 0.409270 0.120000
v 1.264490 0.419260 0.120000
v 1.254775 0.429784 0.120000
v 1.245490 0.440843 0.120000
v 1.236636 0.452437 0.120000
v 1.228213 0.464566 0.120000
v 1.220220 0.477229 0.120000
v 1.212657 0.490427 0.120000
v 1.205525 0.504159 0.120000
v 1.198897 0.518375 0.120000
v 1.192845 0.533020 0.120000
v 1.187369 0.548097 0.120000
v 1.182470 0.563604 0.120000
v 1.178147 0.579541 0.120000
v 1.174400 0.595909 0.120000
v 1.171230 0.612708 0.120000
v 1.168636 0.629937 0.120000
v 1.166619 0.647597 0.120000
v 1.165178 0.665687 0.120000
v 1.164313 0.684208 0.120000
v 1.164025 0.703159 0.120000
v 1.164313 0.722107 0.120000
v 1.165178 0.740618 0.120000
v 1.166619 0.758690 0.120000
v 1.168636 0.776326 0.120000
v 1.171230 0.793524 0.120000
v 1.174400 0.810284 0.120000
v 1.178147 0.826607 0.120000
v 1.182470 0.842493 0.120000
v 1.187369 0.857940 0.120000
v 1.192845 0.872951 0.120000
v 1.198897 0.887524 0.120000
v 1.205525 0.901659 0.120000
v 1.212657 0.915312 0.120000
v 1.220219 0.928437 0.120000
v 1.228212 0.941034 0.120000
v 1.236636 0.953104 0.120000
v 1.245490 0.964645 0.120000
v 1.254775 0.975659 0.120000
v 1.264490 0.986145 0.120000
v 1.274636 0.996104 0.120000
v 1.285213 1.005534 0.120000
v 1.296220 1.014437 0.120000
v 1.307657 1.022812 0.120000
v 1.319525 1.030659 0.120000
v 1.331751 1.037927 0.120000
v 1.344261 1.044562 0.120000
v 1.357056 1.050566 0.120000
v 1.370136 1.055937 0.120000
v 1.383501 1.060677 0.120000
v 1.397150 1.064784 0.120000
v 1.411084 1.068260 0.120000
v 1.425303 1.071104 0.120000
v 1.439806 1.073316 0.120000
v 1.454595 1.074895 0.120000
v 1.469667 1.075843 0.120000
v 1.485025 1.076159 0.120000
v 1.500383 1.075843 0.120000
v 1.515456 1.074896 0.120000
v 1.530244 1.073316 0.120000
v 1.544747 1.071104 0.120000
v 1.558966 1.068260 0.120000
v 1.572900 1.064784 0.120000
v 1.586550 1.060677 0.120000
v 1.599914 1.055937 0.120000
v 1.612994 1.050566 0.120000
v 1.625789 1.044562 0.120000
v 1.638299 1.037927 0.120000
v 1.650525 1.030659 0.120000
v 1.662393 1.022812 0.120000
v 1.673831 1.014437 0.120000
v 1.684837 1.005534 0.120000
v 1.695414 0.996104 0.120000
v 1.705559 0.986145 0.120000
v 1.715274 0.975659 0.120000
v 1.724559 0.964645 0.120000
v 1.733413 0.953104 0.120000
v 1.741837 0.941034 0.120000
v 1.749830 0.928437 0.120000
v 1.757392 0.915312 0.120000
v 1.689025 0.543159 0.120000
v 1.693977 0.554201 0.120000
v 1.698498 0.565659 0.120000
v 1.702588 0.577534 0.120000
v 1.706248 0.589826 0.120000
v 1.709477 0.602534 0.120000
v 1.712276 0.615659 0.120000
v 1.714643 0.629201 0.120000
v 1.716581 0.643159 0.120000
v 1.718088 0.657534 0.120000
v 1.719164 0.672326 0.120000
v 1.719810 0.687534 0.120000
v 1.720025 0.703159 0.120000
v 1.719810 0.718625 0.120000
v 1.719164 0.733687 0.120000
v 1.718088 0.748347 0.120000
v 1.716581 0.762604 0.120000
v 1.714644 0.776458 0.120000
v 1.712276 0.789909 0.120000
v 1.709477 0.802958 0.120000
v 1.706248 0.815604 0.120000
v 1.702589 0.827847 0.120000
v 1.698498 0.839687 0.120000
v 1.693977 0.851125 0.120000
v 1.689025 0.862159 0.120000
v 1.683702 0.872774 0.120000
v 1.678067 0.882951 0.120000
v 1.672119 0.892691 0.120000
v 1.665858 0.901993 0.120000
v 1.659286 0.910857 0.120000
v 1.652400 0.919284 0.120000
v 1.645202 0.927274 0.120000
v 1.637692 0.934826 0.120000
v 1.629869 0.941941 0.120000
v 1.621734 0.948618 0.120000
v 1.613286 0.954857 0.120000
v 1.604525 0.960659 0.120000
v 1.595521 0.966010 0.120000
v 1.586344 0.970895 0.120000
v 1.576993 0.975316 0.120000
v 1.567469 0.979270 0.120000
v 1.557771 0.982760 0.120000
v 1.547900 0.985784 0.120000
v 1.537855 0.988343 0.120000
v 1.527636 0.990437 0.120000
v 1.517243 0.992066 0.120000
v 1.506677 0.993229 0.120000
v 1.495938 0.993927 0.120000
v 1.485025 0.994159 0.120000
v 1.474112 0.993927 0.120000
v 1.463372 0.993229 0.120000
v 1.452806 0.992066 0.120000
v 1.442414 0.990437 0.120000
v 1.432195 0.988343 0.120000
v 1.422150 0.985784 0.120000
v 1.412279 0.982760 0.120000
v 1.402581 0.979270 0.120000
v 1.393056 0.975316 0.120000
v 1.383706 0.970895 0.120000
v 1.374529 0.966010 0.120000
v 1.365525 0.960659 0.120000
v 1.356761 0.954857 0.120000
v 1.348303 0.948618 0.120000
v 1.340150 0.941941 0.120000
v 1.332303 0.934826 0.120000
v 1.324761 0.927274 0.120000
v 1.317525 0.919284 0.120000
v 1.310595 0.910857 0.120000
v 1.303970 0.901993 0.120000
v 1.297650 0.892691 0.120000
v 1.291636 0.882951 0.120000
v 1.285928 0.872774 0.120000
v 1.280525 0.862159 0.120000
v 1.275494 0.851125 0.120000
v 1.270900 0.839687 0.120000
v 1.266744 0.827847 0.120000
v 1.263025 0.815604 0.120000
v 1.259743 0.802958 0.120000
v 1.256900 0.789909 0.120000
v 1.254493 0.776458 0.120000
v 1.252524 0.762604 0.120000
v 1.250993 0.748347 0.120000
v 1.249899 0.733687 0.120000
v 1.249243 0.718624 0.120000
v 1.249025 0.703159 0.120000
v 1.249244 0.687534 0.120000
v 1.249900 0.672326 0.120000
v 1.250994 0.657534 0.120000
v 1.252526 0.643159 0.120000
v 1.254494 0.629201 0.120000
v 1.256901 0.615659 0.120000
v 1.259745 0.602534 0.120000
v 1.263026 0.589826 0.120000
v 1.266745 0.577534 0.120000
v 1.270901 0.565659 0.120000
v 1.275495 0.554201 0.120000
v 1.280525 0.543159 0.120000
v 1.285928 0.532545 0.120000
v 1.291636 0.522368 0.120000
v 1.297650 0.512628 0.120000
v 1.303970 0.503326 0.120000
v 1.310595 0.494461 0.120000
v 1.317525 0.486034 0.120000
v 1.324761 0.478045 0.120000
v 1.332303 0.470493 0.120000
v 1.340150 0.463378 0.120000
v 1.348303 0.456701 0.120000
v 1.356761 0.450461 0.120000
v 1.365525 0.444659 0.120000
v 1.374529 0.439309 0.120000
v 1.383706 0.434423 0.120000
v 1.393056 0.430003 0.120000
v 1.402581 0.426048 0.120000
v 1.412279 0.422559 0.120000
v 1.422150 0.419534 0.120000
v 1.432195 0.416975 0.120000
v 1.442414 0.414881 0.120000
v 1.452806 0.413253 0.120000
v 1.463372 0.412090 0.120000
v 1.474112 0.411392 0.120000
v 1.485025 0.411159 0.120000
v 1.495938 0.411392 0.120000
v 1.506678 0.412090 0.120000
v 1.517244 0.413253 0.120000
v 1.527636 0.414881 0.120000
v 1.537855 0.416975 0.120000
v 1.547900 0.419534 0.120000
v 1.557771 0.422559 0.120000
v 1.567469 0.426048 0.120000
v 1.576993 0.430003 0.120000
v 1.586344 0.434423 0.120000
v 1.595521 0.439309 0.120000
v 1.604525 0.444659 0.120000
v 1.613286 0.450461 0.120000
v 1.621733 0.456701 0.120000
v 1.629869 0.463378 0.120000
v 1.637691 0.470493 0.120000
v 1.645202 0.478045 0.120000
v 1.652400 0.486034 0.120000
v 1.659285 0.494461 0.120000
v 1.665858 0.503326 0.120000
v 1.672118 0.512628 0.120000
v 1.678066 0.522368 0.120000
v 1.683702 0.532545 0.120000
v 0.540025 0.339159 0.120000
v 0.452025 0.339159 0.120000
v 0.452025 1.066159 0.120000
v 0.540025 1.066159 0.120000
v 0.540025 0.742159 0.120000
v 0.928025 0.742159 0.120000
v 0.928025 1.066159 0.120000
v 1.016025 1.066159 0.120000
v 1.016025 0.339159 0.120000
v 0.928025 0.339159 0.120000
v 0.928025 0.664159 0.120000
v 0.540025 0.664159 0.120000
v 0.023025 0.951159 0.120000
v -0.193975 0.339159 0.120000
v -0.285975 0.339159 0.120000
v -0.018975 1.066159 0.120000
v 0.072025 1.066159 0.120000
v 0.339025 0.339159 0.120000
v 0.246025 0.339159 0.120000
v 0.029025 0.951159 0.120000
v 0.212025 0.545159 0.120000
v 0.212025 0.623159 0.120000
v -0.159975 0.623159 0.120000
v -0.159975 0.545159 0.120000
v -0.401975 0.939159 0.120000
v -0.397753 0.931743 0.120000
v -0.393753 0.924159 0.120000
v -0.389975 0.916409 0.120000
v -0.386420 0.908493 0.120000
v -0.383086 0.900409 0.120000
v -0.379975 0.892159 0.120000
v -0.377086 0.883743 0.120000
v -0.374419 0.875159 0.120000
v -0.371975 0.866409 0.120000
v -0.369753 0.857493 0.120000
v -0.367753 0.848409 0.120000
v -0.365975 0.839159 0.120000
v -0.453975 0.839159 0.120000
v -0.455385 0.845430 0.120000
v -0.456947 0.851576 0.120000
v -0.458663 0.857597 0.120000
v -0.460531 0.863493 0.120000
v -0.462551 0.869264 0.120000
v -0.464725 0.874909 0.120000
v -0.467051 0.880430 0.120000
v -0.469530 0.885826 0.120000
v -0.472162 0.891097 0.120000
v -0.474947 0.896243 0.120000
v -0.477885 0.901263 0.120000
v -0.480975 0.906159 0.120000
v -0.484201 0.910927 0.120000
v -0.487544 0.915562 0.120000
v -0.491006 0.920066 0.120000
v -0.494586 0.924437 0.120000
v -0.498284 0.928677 0.120000
v -0.502100 0.932784 0.120000
v -0.506034 0.936760 0.120000
v -0.510086 0.940604 0.120000
v -0.514256 0.944316 0.120000
v -0.518544 0.947895 0.120000
v -0.522951 0.951343 0.120000
v -0.527475 0.954659 0.120000
v -0.532100 0.957843 0.120000
v -0.536808 0.960895 0.120000
v -0.541600 0.963816 0.120000
v -0.546475 0.966604 0.120000
v -0.551433 0.969260 0.120000
v -0.556475 0.971784 0.120000
v -0.561600 0.974177 0.120000
v -0.566808 0.976437 0.120000
v -0.572100 0.978566 0.120000
v -0.577475 0.980562 0.120000
v -0.582933 0.982427 0.120000
v -0.588475 0.984159 0.120000
v -0.594076 0.985757 0.120000
v -0.599711 0.987215 0.120000
v -0.605381 0.988534 0.120000
v -0.611086 0.989715 0.120000
v -0.616826 0.990757 0.120000
v -0.622600 0.991659 0.120000
v -0.628409 0.992423 0.120000
v -0.634253 0.993048 0.120000
v -0.640131 0.993534 0.120000
v -0.646044 0.993882 0.120000
v -0.651992 0.994090 0.120000
v -0.657975 0.994159 0.120000
v -0.668888 0.993927 0.120000
v -0.679628 0.993229 0.120000
v -0.690194 0.992066 0.120000
v -0.700586 0.990437 0.120000
v -0.710805 0.988343 0.120000
v -0.720850 0.985784 0.120000
v -0.730721 0.982760 0.120000
v -0.740419 0.979270 0.120000
v -0.749944 0.975316 0.120000
v -0.759294 0.970895 0.120000
v -0.768471 0.966010 0.120000
v -0.777475 0.960659 0.120000
v -0.786239 0.954857 0.120000
v -0.794697 0.948618 0.120000
v -0.802850 0.941941 0.120000
v -0.810697 0.934826 0.120000
v -0.818239 0.927274 0.120000
v -0.825475 0.919284 0.120000
v -0.832406 0.910857 0.120000
v -0.839031 0.901993 0.120000
v -0.845350 0.892691 0.120000
v -0.851364 0.882951 0.120000
v -0.857072 0.872774 0.120000
v -0.862475 0.862159 0.120000
v -0.867506 0.851125 0.120000
v -0.872100 0.839687 0.120000
v -0.876256 0.827847 0.120000
v -0.879975 0.815604 0.120000
v -0.883256 0.802958 0.120000
v -0.886100 0.789909 0.120000
v -0.888506 0.776458 0.120000
v -0.890475 0.762604 0.120000
v -0.892006 0.748347 0.120000
v -0.893100 0.733687 0.120000
v -0.893756 0.718624 0.120000
v -0.893975 0.703159 0.120000
v -0.893756 0.687534 0.120000
v -0.893100 0.672326 0.120000
v -0.892006 0.657534 0.120000
v -0.890475 0.643159 0.120000
v -0.888506 0.629201 0.120000
v -0.886100 0.615659 0.120000
v -0.883256 0.602534 0.120000
v -0.879975 0.589826 0.120000
v -0.876256 0.577534 0.120000
v -0.872100 0.565659 0.120000
v -0.867506 0.554201 0.120000
v -0.862475 0.543159 0.120000
v -0.857072 0.532545 0.120000
v -0.851364 0.522368 0.120000
v -0.845350 0.512628 0.120000
v -0.839031 0.503326 0.120000
v -0.832406 0.494461 0.120000
v -0.825475 0.486034 0.120000
v -0.818239 0.478045 0.120000
v -0.810697 0.470493 0.120000
v -0.802850 0.463378 0.120000
v -0.794697 0.456701 0.120000
v -0.786239 0.450461 0.120000
v -0.777475 0.444659 0.120000
v -0.768471 0.439309 0.120000
v -0.759294 0.434423 0.120000
v -0.749944 0.430003 0.120000
v -0.740419 0.426048 0.120000
v -0.730721 0.422559 0.120000
v -0.720850 0.419534 0.120000
v -0.710805 0.416975 0.120000
v -0.700586 0.414881 0.120000
v -0.690194 0.413253 0.120000
v -0.679628 0.412090 0.120000
v -0.668888 0.411392 0.120000
v -0.657975 0.411159 0.120000
v -0.651992 0.411229 0.120000
v -0.646044 0.411437 0.120000
v -0.640131 0.411784 0.120000
v -0.634253 0.412270 0.120000
v -0.628409 0.412895 0.120000
v -0.622600 0.413659 0.120000
v -0.616826 0.414562 0.120000
v -0.611086 0.415604 0.120000
v -0.605381 0.416784 0.120000
v -0.599711 0.418104 0.120000
v -0.594076 0.419562 0.120000
v -0.588475 0.421159 0.120000
v -0.582933 0.422895 0.120000
v -0.577475 0.424770 0.120000
v -0.572100 0.426784 0.120000
v -0.566808 0.428937 0.120000
v -0.561600 0.431229 0.120000
v -0.556475 0.433659 0.120000
v -0.551433 0.436229 0.120000
v -0.546475 0.438937 0.120000
v -0.541600 0.441784 0.120000
v -0.536808 0.444770 0.120000
v -0.532100 0.447895 0.120000
v -0.527475 0.451159 0.120000
v -0.522951 0.454555 0.120000
v -0.518544 0.458076 0.120000
v -0.514256 0.461722 0.120000
v -0.510086 0.465493 0.120000
v -0.506034 0.469388 0.120000
v -0.502100 0.473409 0.120000
v -0.498284 0.477555 0.120000
v -0.494586 0.481826 0.120000
v -0.491006 0.486222 0.120000
v -0.487544 0.490743 0.120000
v -0.484201 0.495388 0.120000
v -0.480975 0.500159 0.120000
v -0.477885 0.505048 0.120000
v -0.474947 0.510048 0.120000
v -0.472162 0.515159 0.120000
v -0.469530 0.520382 0.120000
v -0.467051 0.525715 0.120000
v -0.464725 0.531159 0.120000
v -0.462551 0.536715 0.120000
v -0.460531 0.542382 0.120000
v -0.458663 0.548159 0.120000
v -0.456947 0.554048 0.120000
v -0.455385 0.560048 0.120000
v -0.453975 0.566159 0.120000
v -0.365975 0.566159 0.120000
v -0.367753 0.557066 0.120000
v -0.369753 0.548118 0.120000
v -0.371975 0.539316 0.120000
v -0.374420 0.530659 0.120000
v -0.377086 0.522149 0.120000
v -0.379975 0.513784 0.120000
v -0.383086 0.505566 0.120000
v -0.386420 0.497493 0.120000
v -0.389975 0.489566 0.120000
v -0.393753 0.481784 0.120000
v -0.397753 0.474149 0.120000
v -0.401975 0.466659 0.120000
v -0.406399 0.459340 0.120000
v -0.411003 0.452215 0.120000
v -0.415787 0.445284 0.120000
v -0.420753 0.438548 0.120000
v -0.425899 0.432006 0.120000
v -0.431225 0.425659 0.120000
v -0.436732 0.419506 0.120000
v -0.442419 0.413548 0.120000
v -0.448287 0.407784 0.120000
v -0.454336 0.402215 0.120000
v -0.460565 0.396840 0.120000
v -0.466975 0.391659 0.120000
v -0.473541 0.386677 0.120000
v -0.480239 0.381895 0.120000
v -0.487069 0.377316 0.120000
v -0.494030 0.372937 0.120000
v -0.501124 0.368760 0.120000
v -0.508350 0.364784 0.120000
v -0.515708 0.361010 0.120000
v -0.523197 0.357437 0.120000
v -0.530819 0.354066 0.120000
v -0.538572 0.350895 0.120000
v -0.546458 0.347927 0.120000
v -0.554475 0.345159 0.120000
v -0.562603 0.342604 0.120000
v -0.570822 0.340270 0.120000
v -0.579131 0.338159 0.120000
v -0.587531 0.336270 0.120000
v -0.596020 0.334604 0.120000
v -0.604600 0.333159 0.120000
v -0.613270 0.331937 0.120000
v -0.622031 0.330937 0.120000
v -0.630881 0.330159 0.120000
v -0.639822 0.329604 0.120000
v -0.648854 0.329270 0.120000
v -0.657975 0.329159 0.120000
v -0.673333 0.329475 0.120000
v -0.688406 0.330423 0.120000
v -0.703194 0.332003 0.120000
v -0.717697 0.334215 0.120000
v -0.731916 0.337059 0.120000
v -0.745850 0.340534 0.120000
v -0.759499 0.344642 0.120000
v -0.772864 0.349382 0.120000
v -0.785944 0.354753 0.120000
v -0.798739 0.360756 0.120000
v -0.811249 0.367392 0.120000
v -0.823475 0.374659 0.120000
v -0.835343 0.382510 0.120000
v -0.846781 0.390895 0.120000
v -0.857787 0.399816 0.120000
v -0.868364 0.409270 0.120000
v -0.878510 0.419260 0.120000
v -0.888225 0.429784 0.120000
v -0.897510 0.440843 0.120000
v -0.906364 0.452437 0.120000
v -0.914787 0.464566 0.120000
v -0.922781 0.477229 0.120000
v -0.930343 0.490427 0.120000
v -0.937475 0.504159 0.120000
v -0.944103 0.518375 0.120000
v -0.950156 0.533020 0.120000
v -0.955631 0.548097 0.120000
v -0.960531 0.563604 0.120000
v -0.964854 0.579541 0.120000
v -0.968600 0.595909 0.120000
v -0.971770 0.612708 0.120000
v -0.974364 0.629937 0.120000
v -0.976381 0.647597 0.120000
v -0.977822 0.665687 0.120000
v -0.978687 0.684208 0.120000
v -0.978975 0.703159 0.120000
v -0.978687 0.722107 0.120000
v -0.977822 0.740618 0.120000
v -0.976381 0.758690 0.120000
v -0.974364 0.776326 0.120000
v -0.971770 0.793524 0.120000
v -0.968600 0.810284 0.120000
v -0.964853 0.826607 0.120000
v -0.960531 0.842493 0.120000
v -0.955631 0.857940 0.120000
v -0.950155 0.872951 0.120000
v -0.944103 0.887524 0.120000
v -0.937475 0.901659 0.120000
v -0.930343 0.915312 0.120000
v -0.922781 0.928437 0.120000
v -0.914787 0.941034 0.120000
v -0.906364 0.953104 0.120000
v -0.897510 0.964645 0.120000
v -0.888225 0.975659 0.120000
v -0.878510 0.986145 0.120000
v -0.868364 0.996104 0.120000
v -0.857787 1.005534 0.120000
v -0.846781 1.014437 0.120000
v -0.835343 1.022812 0.120000
v -0.823475 1.030659 0.120000
v -0.811249 1.037927 0.120000
v -0.798739 1.044562 0.120000
v -0.785944 1.050566 0.120000
v -0.772864 1.055937 0.120000
v -0.759499 1.060677 0.120000
v -0.745850 1.064784 0.120000
v -0.731916 1.068260 0.120000
v -0.717697 1.071104 0.120000
v -0.703194 1.073316 0.120000
v -0.688406 1.074895 0.120000
v -0.673333 1.075843 0.120000
v -0.657975 1.076159 0.120000
v -0.648853 1.076048 0.120000
v -0.639822 1.075715 0.120000
v -0.630881 1.075159 0.120000
v -0.622030 1.074382 0.120000
v -0.613270 1.073382 0.120000
v -0.604600 1.072159 0.120000
v -0.596020 1.070715 0.120000
v -0.587530 1.069048 0.120000
v -0.579131 1.067159 0.120000
v -0.570822 1.065048 0.120000
v -0.562603 1.062715 0.120000
v -0.554475 1.060159 0.120000
v -0.546458 1.057392 0.120000
v -0.538572 1.054423 0.120000
v -0.530819 1.051253 0.120000
v -0.523197 1.047881 0.120000
v -0.515708 1.044309 0.120000
v -0.508350 1.040534 0.120000
v -0.501124 1.036559 0.120000
v -0.494030 1.032382 0.120000
v -0.487069 1.028003 0.120000
v -0.480239 1.023423 0.120000
v -0.473541 1.018642 0.120000
v -0.466975 1.013659 0.120000
v -0.460565 1.008482 0.120000
v -0.454336 1.003118 0.120000
v -0.448287 0.997566 0.120000
v -0.442419 0.991826 0.120000
v -0.436732 0.985899 0.120000
v -0.431225 0.979784 0.120000
v -0.425899 0.973482 0.120000
v -0.420753 0.966993 0.120000
v -0.415787 0.960316 0.120000
v -0.411003 0.953451 0.120000
v -0.406399 0.946399 0.120000
v -1.063975 0.339159 0.120000
v -1.168975 0.339159 0.120000
v -1.418975 0.673159 0.120000
v -1.508975 0.673159 0.120000
v -1.508975 0.339159 0.120000
v -1.596975 0.339159 0.120000
v -1.596975 1.066159 0.120000
v -1.508975 1.066159 0.120000
v -1.508975 0.751159 0.120000
v -1.470975 0.751159 0.120000
v -1.178975 1.066159 0.120000
v -1.073975 1.066159 0.120000
v -1.367975 0.747159 0.120000
v -2.348975 0.339159 0.120000
v -2.348975 1.066159 0.120000
v -2.261975 1.066159 0.120000
v -2.261975 0.494159 0.120000
v -2.254975 0.494159 0.120000
v -1.856975 1.066159 0.120000
v -1.771975 1.066159 0.120000
v -1.771975 0.339159 0.120000
v -1.859975 0.339159 0.120000
v -1.859975 0.910159 0.120000
v -1.866975 0.910159 0.120000
v -2.263975 0.339159 0.120000
v 2.216025 0.339159 -0.120000
v 1.953025 0.339159 -0.120000
v 1.953025 1.066159 -0.120000
v 2.207025 1.066159 -0.120000
v 2.219508 1.065979 -0.120000
v 2.231622 1.065437 -0.120000
v 2.243369 1.064534 -0.120000
v 2.254747 1.063270 -0.120000
v 2.265758 1.061645 -0.120000
v 2.276400 1.059659 -0.120000
v 2.286674 1.057312 -0.120000
v 2.296581 1.054604 -0.120000
v 2.306119 1.051534 -0.120000
v 2.315289 1.048104 -0.120000
v 2.324091 1.044312 -0.120000
v 2.332525 1.040159 -0.120000
v 2.340598 1.035701 -0.120000
v 2.348317 1.030993 -0.120000
v 2.355681 1.026034 -0.120000
v 2.362692 1.020826 -0.120000
v 2.369348 1.015368 -0.120000
v 2.375650 1.009659 -0.120000
v 2.381598 1.003701 -0.120000
v 2.387192 0.997493 -0.120000
v 2.392431 0.991034 -0.120000
v 2.397316 0.984326 -0.120000
v 2.401848 0.977368 -0.120000
v 2.406025 0.970159 -0.120000
v 2.409858 0.962763 -0.120000
v 2.413358 0.955243 -0.120000
v 2.416525 0.947597 -0.120000
v 2.419358 0.939826 -0.120000
v 2.421858 0.931930 -0.120000
v 2.424025 0.923909 -0.120000
v 2.425858 0.915763 -0.120000
v 2.427359 0.907493 -0.120000
v 2.428525 0.899097 -0.120000
v 2.429359 0.890576 -0.120000
v 2.429859 0.881930 -0.120000
v 2.430025 0.873159 -0.120000
v 2.429911 0.865441 -0.120000
v 2.429567 0.857951 -0.120000
v 2.428994 0.850690 -0.120000
v 2.428192 0.843659 -0.120000
v 2.427160 0.836857 -0.120000
v 2.425900 0.830284 -0.120000
v 2.424410 0.823941 -0.120000
v 2.422692 0.817826 -0.120000
v 2.420744 0.811941 -0.120000
v 2.418567 0.806284 -0.120000
v 2.416161 0.800857 -0.120000
v 2.413525 0.795659 -0.120000
v 2.410706 0.790666 -0.120000
v 2.407747 0.785854 -0.120000
v 2.404650 0.781222 -0.120000
v 2.401414 0.776770 -0.120000
v 2.398039 0.772500 -0.120000
v 2.394525 0.768409 -0.120000
v 2.390872 0.764500 -0.120000
v 2.387081 0.760770 -0.120000
v 2.383150 0.757222 -0.120000
v 2.379081 0.753854 -0.120000
v 2.374872 0.750666 -0.120000
v 2.370525 0.747659 -0.120000
v 2.366070 0.744802 -0.120000
v 2.361539 0.742062 -0.120000
v 2.356931 0.739441 -0.120000
v 2.352247 0.736937 -0.120000
v 2.347487 0.734552 -0.120000
v 2.342650 0.732284 -0.120000
v 2.337737 0.730135 -0.120000
v 2.332747 0.728104 -0.120000
v 2.327681 0.726191 -0.120000
v 2.322539 0.724395 -0.120000
v 2.317320 0.722718 -0.120000
v 2.312025 0.721159 -0.120000
v 2.312025 0.714159 -0.120000
v 2.317688 0.713691 -0.120000
v 2.323344 0.712951 -0.120000
v 2.328993 0.711941 -0.120000
v 2.334636 0.710659 -0.120000
v 2.340271 0.709107 -0.120000
v 2.345900 0.707284 -0.120000
v 2.351521 0.705191 -0.120000
v 2.357136 0.702826 -0.120000
v 2.362743 0.700191 -0.120000
v 2.368344 0.697284 -0.120000
v 2.373938 0.694107 -0.120000
v 2.379525 0.690659 -0.120000
v 2.385036 0.686951 -0.120000
v 2.390400 0.682993 -0.120000
v 2.395618 0.678784 -0.120000
v 2.400692 0.674326 -0.120000
v 2.405619 0.669618 -0.120000
v 2.410400 0.664659 -0.120000
v 2.415035 0.659451 -0.120000
v 2.419525 0.653993 -0.120000
v 2.423869 0.648284 -0.120000
v 2.428067 0.642326 -0.120000
v 2.432119 0.636118 -0.120000
v 2.436025 0.629659 -0.120000
v 2.439699 0.622947 -0.120000
v 2.443053 0.615979 -0.120000
v 2.446087 0.608753 -0.120000
v 2.448802 0.601270 -0.120000
v 2.451198 0.593531 -0.120000
v 2.453274 0.585534 -0.120000
v 2.455031 0.577281 -0.120000
v 2.456469 0.568770 -0.120000
v 2.457587 0.560003 -0.120000
v 2.458386 0.550979 -0.120000
v 2.458865 0.541698 -0.120000
v 2.459025 0.532159 -0.120000
v 2.458851 0.523072 -0.120000
v 2.458331 0.514145 -0.120000
v 2.457463 0.505378 -0.120000
v 2.456247 0.496770 -0.120000
v 2.454685 0.488322 -0.120000
v 2.452775 0.480034 -0.120000
v 2.450518 0.471906 -0.120000
v 2.447914 0.463937 -0.120000
v 2.444963 0.456128 -0.120000
v 2.441664 0.448479 -0.120000
v 2.438018 0.440989 -0.120000
v 2.434025 0.433659 -0.120000
v 2.429661 0.426534 -0.120000
v 2.424901 0.419659 -0.120000
v 2.419744 0.413034 -0.120000
v 2.414192 0.406659 -0.120000
v 2.408244 0.400534 -0.120000
v 2.401900 0.394659 -0.120000
v 2.395161 0.389034 -0.120000
v 2.388025 0.383659 -0.120000
v 2.380494 0.378534 -0.120000
v 2.372567 0.373659 -0.120000
v 2.364244 0.369034 -0.120000
v 2.355525 0.364659 -0.120000
v 2.346383 0.360586 -0.120000
v 2.336789 0.356868 -0.120000
v 2.326744 0.353503 -0.120000
v 2.316247 0.350493 -0.120000
v 2.305300 0.347836 -0.120000
v 2.293900 0.345534 -0.120000
v 2.282050 0.343586 -0.120000
v 2.269748 0.341993 -0.120000
v 2.256994 0.340753 -0.120000
v 2.243789 0.339868 -0.120000
v 2.230133 0.339336 -0.120000
v 2.041025 0.670159 -0.120000
v 2.041025 0.417159 -0.120000
v 2.216025 0.417159 -0.120000
v 2.230014 0.417392 -0.120000
v 2.243317 0.418090 -0.120000
v 2.255931 0.419253 -0.120000
v 2.267859 0.420882 -0.120000
v 2.279098 0.422975 -0.120000
v 2.289650 0.425534 -0.120000
v 2.299515 0.428559 -0.120000
v 2.308692 0.432048 -0.120000
v 2.317182 0.436003 -0.120000
v 2.324984 0.440423 -0.120000
v 2.332098 0.445309 -0.120000
v 2.338525 0.450659 -0.120000
v 2.344355 0.456343 -0.120000
v 2.349678 0.462229 -0.120000
v 2.354494 0.468316 -0.120000
v 2.358803 0.474604 -0.120000
v 2.362606 0.481093 -0.120000
v 2.365901 0.487784 -0.120000
v 2.368689 0.494677 -0.120000
v 2.370970 0.501770 -0.120000
v 2.372744 0.509066 -0.120000
v 2.374012 0.516562 -0.120000
v 2.374772 0.524260 -0.120000
v 2.375025 0.532159 -0.120000
v 2.374893 0.538288 -0.120000
v 2.374497 0.544340 -0.120000
v 2.373837 0.550316 -0.120000
v 2.372914 0.556215 -0.120000
v 2.371727 0.562038 -0.120000
v 2.370275 0.567784 -0.120000
v 2.368560 0.573454 -0.120000
v 2.366580 0.579048 -0.120000
v 2.364337 0.584566 -0.120000
v 2.361831 0.590007 -0.120000
v 2.359060 0.595371 -0.120000
v 2.356025 0.600659 -0.120000
v 2.352751 0.605822 -0.120000
v 2.349261 0.610812 -0.120000
v 2.345556 0.615628 -0.120000
v 2.341636 0.620270 -0.120000
v 2.337501 0.624739 -0.120000
v 2.333150 0.629034 -0.120000
v 2.328584 0.633156 -0.120000
v 2.323802 0.637104 -0.120000
v 2.318806 0.640878 -0.120000
v 2.313594 0.644479 -0.120000
v 2.308167 0.647906 -0.120000
v 2.302525 0.651159 -0.120000
v 2.296681 0.654194 -0.120000
v 2.290650 0.656965 -0.120000
v 2.284431 0.659472 -0.120000
v 2.278025 0.661715 -0.120000
v 2.271431 0.663694 -0.120000
v 2.264650 0.665409 -0.120000
v 2.257681 0.666861 -0.120000
v 2.250525 0.668048 -0.120000
v 2.243181 0.668972 -0.120000
v 2.235650 0.669631 -0.120000
v 2.227931 0.670027 -0.120000
v 2.220025 0.670159 -0.120000
v 2.041025 0.988159 -0.120000
v 2.041025 0.747159 -0.120000
v 2.204025 0.747159 -0.120000
v 2.210640 0.747267 -0.120000
v 2.217150 0.747590 -0.120000
v 2.223557 0.748128 -0.120000
v 2.229858 0.748882 -0.120000
v 2.236056 0.749850 -0.120000
v 2.242150 0.751034 -0.120000
v 2.248139 0.752434 -0.120000
v 2.254025 0.754048 -0.120000
v 2.259806 0.755878 -0.120000
v 2.265483 0.757923 -0.120000
v 2.271056 0.760184 -0.120000
v 2.276525 0.762659 -0.120000
v 2.281848 0.765333 -0.120000
v 2.286983 0.768187 -0.120000
v 2.291932 0.771222 -0.120000
v 2.296692 0.774437 -0.120000
v 2.301265 0.777833 -0.120000
v 2.305650 0.781409 -0.120000
v 2.309848 0.785166 -0.120000
v 2.313859 0.789104 -0.120000
v 2.317681 0.793222 -0.120000
v 2.321317 0.797520 -0.120000
v 2.324765 0.802000 -0.120000
v 2.328025 0.806659 -0.120000
v 2.331059 0.811475 -0.120000
v 2.333830 0.816423 -0.120000
v 2.336337 0.821503 -0.120000
v 2.338580 0.826715 -0.120000
v 2.340559 0.832059 -0.120000
v 2.342275 0.837534 -0.120000
v 2.343726 0.843142 -0.120000
v 2.344913 0.848881 -0.120000
v 2.345837 0.854753 -0.120000
v 2.346497 0.860757 -0.120000
v 2.346893 0.866892 -0.120000
v 2.347025 0.873159 -0.120000
v 2.346792 0.881059 -0.120000
v 2.346094 0.888757 -0.120000
v 2.344931 0.896253 -0.120000
v 2.343303 0.903548 -0.120000
v 2.341209 0.910642 -0.120000
v 2.338650 0.917534 -0.120000
v 2.335626 0.924225 -0.120000
v 2.332136 0.930715 -0.120000
v 2.328181 0.937003 -0.120000
v 2.323761 0.943090 -0.120000
v 2.318876 0.948975 -0.120000
v 2.313525 0.954659 -0.120000
v 2.307667 0.960010 -0.120000
v 2.301261 0.964895 -0.120000
v 2.294306 0.969316 -0.120000
v 2.286803 0.973271 -0.120000
v 2.278751 0.976760 -0.120000
v 2.270150 0.979784 -0.120000
v 2.261001 0.982343 -0.120000
v 2.251303 0.984437 -0.120000
v 2.241057 0.986066 -0.120000
v 2.230262 0.987229 -0.120000
v 2.218918 0.987927 -0.120000
v 2.207025 0.988159 -0.120000
v 1.764525 0.901659 -0.120000
v 1.771153 0.887524 -0.120000
v 1.777205 0.872951 -0.120000
v 1.782681 0.857941 -0.120000
v 1.787580 0.842493 -0.120000
v 1.791903 0.826607 -0.120000
v 1.795650 0.810284 -0.120000
v 1.798820 0.793524 -0.120000
v 1.801414 0.776326 -0.120000
v 1.803431 0.758691 -0.120000
v 1.804872 0.740618 -0.120000
v 1.805737 0.722107 -0.120000
v 1.806025 0.703159 -0.120000
v 1.805737 0.684208 -0.120000
v 1.804873 0.665687 -0.120000
v 1.803432 0.647597 -0.120000
v 1.801414 0.629937 -0.120000
v 1.798820 0.612708 -0.120000
v 1.795650 0.595909 -0.120000
v 1.791904 0.579541 -0.120000
v 1.787581 0.563604 -0.120000
v 1.782681 0.548097 -0.120000
v 1.777206 0.533020 -0.120000
v 1.771154 0.518375 -0.120000
v 1.764525 0.504159 -0.120000
v 1.757393 0.490427 -0.120000
v 1.749830 0.477229 -0.120000
v 1.741837 0.464566 -0.120000
v 1.733413 0.452437 -0.120000
v 1.724559 0.440843 -0.120000
v 1.715275 0.429784 -0.120000
v 1.705560 0.419260 -0.120000
v 1.695414 0.409270 -0.120000
v 1.684838 0.399816 -0.120000
v 1.673831 0.390895 -0.120000
v 1.662394 0.382510 -0.120000
v 1.650525 0.374659 -0.120000
v 1.638299 0.367392 -0.120000
v 1.625789 0.360757 -0.120000
v 1.612994 0.354753 -0.120000
v 1.599915 0.349382 -0.120000
v 1.586550 0.344642 -0.120000
v 1.572900 0.340534 -0.120000
v 1.558966 0.337059 -0.120000
v 1.544747 0.334215 -0.120000
v 1.530244 0.332003 -0.120000
v 1.515456 0.330423 -0.120000
v 1.500383 0.329475 -0.120000
v 1.485025 0.329159 -0.120000
v 1.469667 0.329475 -0.120000
v 1.454595 0.330423 -0.120000
v 1.439806 0.332003 -0.120000
v 1.425303 0.334215 -0.120000
v 1.411084 0.337059 -0.120000
v 1.397150 0.340534 -0.120000
v 1.383501 0.344642 -0.120000
v 1.370136 0.349382 -0.120000
v 1.357056 0.354753 -0.120000
v 1.344261 0.360757 -0.120000
v 1.331751 0.367392 -0.120000
v 1.319525 0.374659 -0.120000
v 1.307657 0.382510 -0.120000
v 1.296220 0.390895 -0.120000
v 1.285213 0.399816 -0.120000
v 1.274636 0.409270 -0.120000
v 1.264490 0.419260 -0.120000
v 1.254775 0.429784 -0.120000
v 1.245490 0.440843 -0.120000
v 1.236636 0.452437 -0.120000
v 1.228213 0.464566 -0.120000
v 1.220220 0.477229 -0.120000
v 1.212657 0.490427 -0.120000
v 1.205525 0.504159 -0.120000
v 1.198897 0.518375 -0.120000
v 1.192845 0.533020 -0.120000
v 1.187369 0.548097 -0.120000
v 1.182470 0.563604 -0.120000
v 1.178147 0.579541 -0.120000
v 1.174400 0.595909 -0.120000
v 1.171230 0.612708 -0.120000
v 1.168636 0.629937 -0.120000
v 1.166619 0.647597 -0.120000
v 1.165178 0.665687 -0.120000
v 1.164313 0.684208 -0.120000
v 1.164025 0.703159 -0.120000
v 1.164313 0.722107 -0.120000
v 1.165178 0.740618 -0.120000
v 1.166619 0.758690 -0.120000
v 1.168636 0.776326 -0.120000
v 1.171230 0.793524 -0.120000
v 1.174400 0.810284 -0.120000
v 1.178147 0.826607 -0.120000
v 1.182470 0.842493 -0.120000
v 1.187369 0.857940 -0.120000
v 1.192845 0.872951 -0.120000
v 1.198897 0.887524 -0.120000
v 1.205525 0.901659 -0.120000
v 1.212657 0.915312 -0.120000
v 1.220219 0.928437 -0.120000
v 1.228212 0.941034 -0.120000
v 1.236636 0.953104 -0.120000
v 1.245490 0.964645 -0.120000
v 1.254775 0.975659 -0.120000
v 1.264490 0.986145 -0.120000
v 1.274636 0.996104 -0.120000
v 1.285213 1.005534 -0.120000
v 1.296220 1.014437 -0.120000
v 1.307657 1.022812 -0.120000
v 1.319525 1.030659 -0.120000
v 1.331751 1.037927 -0.120000
v 1.344261 1.044562 -0.120000
v 1.357056 1.050566 -0.120000
v 1.370136 1.055937 -0.120000
v 1.383501 1.060677 -0.120000
v 1.397150 1.064784 -0.120000
v 1.411084 1.068260 -0.120000
v 1.425303 1.071104 -0.120000
v 1.439806 1.073316 -0.120000
v 1.454595 1.074895 -0.120000
v 1.469667 1.075843 -0.120000
v 1.485025 1.076159 -0.120000
v 1.500383 1.075843 -0.120000
v 1.515456 1.074896 -0.120000
v 1.530244 1.073316 -0.120000
v 1.544747 1.071104 -0.120000
v 1.558966 1.068260 -0.120000
v 1.572900 1.064784 -0.120000
v 1.586550 1.060677 -0.120000
v 1.599914 1.055937 -0.120000
v 1.612994 1.050566 -0.120000
v 1.625789 1.044562 -0.120000
v 1.638299 1.037927 -0.120000
v 1.650525 1.030659 -0.120000
v 1.662393 1.022812 -0.120000
v 1.673831 1.014437 -0.120000
v 1.684837 1.005534 -0.120000
v 1.695414 0.996104 -0.120000
v 1.705559 0.986145 -0.120000
v 1.715274 0.975659 -0.120000
v 1.724559 0.964645 -0.120000
v 1.733413 0.953104 -0.120000
v 1.741837 0.941034 -0.120000
v 1.749830 0.928437 -0.120000
v 1.757392 0.915312 -0.120000
v 1.689025 0.543159 -0.120000
v 1.693977 0.554201 -0.120000
v 1.698498 0.565659 -0.120000
v 1.702588 0.577534 -0.120000
v 1.706248 0.589826 -0.120000
v 1.709477 0.602534 -0.120000
v 1.712276 0.615659 -0.120000
v 1.714643 0.629201 -0.120000
v 1.716581 0.643159 -0.120000
v 1.718088 0.657534 -0.120000
v 1.719164 0.672326 -0.120000
v 1.719810 0.687534 -0.120000
v 1.720025 0.703159 -0.120000
v 1.719810 0.718625 -0.120000
v 1.719164 0.733687 -0.120000
v 1.718088 0.748347 -0.120000
v 1.716581 0.762604 -0.120000
v 1.714644 0.776458 -0.120000
v 1.712276 0.789909 -0.120000
v 1.709477 0.802958 -0.120000
v 1.706248 0.815604 -0.120000
v 1.702589 0.827847 -0.120000
v 1.698498 0.839687 -0.120000
v 1.693977 0.851125 -0.120000
v 1.689025 0.862159 -0.120000
v 1.683702 0.872774 -0.120000
v 1.678067 0.882951 -0.120000
v 1.672119 0.892691 -0.120000
v 1.665858 0.901993 -0.120000
v 1.659286 0.910857 -0.120000
v 1.652400 0.919284 -0.120000
v 1.645202 0.927274 -0.120000
v 1.637692 0.934826 -0.120000
v 1.629869 0.941941 -0.120000
v 1.621734 0.948618 -0.120000
v 1.613286 0.954857 -0.120000
v 1.604525 0.960659 -0.120000
v 1.595521 0.966010 -0.120000
v 1.586344 0.970895 -0.120000
v 1.576993 0.975316 -0.120000
v 1.567469 0.979270 -0.120000
v 1.557771 0.982760 -0.120000
v 1.547900 0.985784 -0.120000
v 1.537855 0.988343 -0.120000
v 1.527636 0.990437 -0.120000
v 1.517243 0.992066 -0.120000
v 1.506677 0.993229 -0.120000
v 1.495938 0.993927 -0.120000
v 1.485025 0.994159 -0.120000
v 1.474112 0.993927 -0.120000
v 1.463372 0.993229 -0.120000
v 1.452806 0.992066 -0.120000
v 1.442414 0.990437 -0.120000
v 1.432195 0.988343 -0.120000
v 1.422150 0.985784 -0.120000
v 1.412279 0.982760 -0.120000
v 1.402581 0.979270 -0.120000
v 1.393056 0.975316 -0.120000
v 1.383706 0.970895 -0.120000
v 1.374529 0.966010 -0.120000
v 1.365525 0.960659 -0.120000
v 1.356761 0.954857 -0.120000
v 1.348303 0.948618 -0.120000
v 1.340150 0.941941 -0.120000
v 1.332303 0.934826 -0.120000
v 1.324761 0.927274 -0.120000
v 1.317525 0.919284 -0.120000
v 1.310595 0.910857 -0.120000
v 1.303970 0.901993 -0.120000
v 1.297650 0.892691 -0.120000
v 1.291636 0.882951 -0.120000
v 1.285928 0.872774 -0.120000
v 1.280525 0.862159 -0.120000
v 1.275494 0.851125 -0.120000
v 1.270900 0.839687 -0.120000
v 1.266744 0.827847 -0.120000
v 1.263025 0.815604 -0.120000
v 1.259743 0.802958 -0.120000
v 1.256900 0.789909 -0.120000
v 1.254493 0.776458 -0.120000
v 1.252524 0.762604 -0.120000
v 1.250993 0.748347 -0.120000
v 1.249899 0.733687 -0.120000
v 1.249243 0.718624 -0.120000
v 1.249025 0.703159 -0.120000
v 1.249244 0.687534 -0.120000
v 1.249900 0.672326 -0.120000
v 1.250994 0.657534 -0.120000
v 1.252526 0.643159 -0.120000
v 1.254494 0.629201 -0.120000
v 1.256901 0.615659 -0.120000
v 1.259745 0.602534 -0.120000
v 1.263026 0.589826 -0.120000
v 1.266745 0.577534 -0.120000
v 1.270901 0.565659 -0.120000
v 1.275495 0.554201 -0.120000
v 1.280525 0.543159 -0.120000
v 1.285928 0.532545 -0.120000
v 1.291636 0.522368 -0.120000
v 1.297650 0.512628 -0.120000
v 1.303970 0.503326 -0.120000
v 1.310595 0.494461 -0.120000
v 1.317525 0.486034 -0.120000
v 1.324761 0.478045 -0.120000
v 1.332303 0.470493 -0.120000
v 1.340150 0.463378 -0.120000
v 1.348303 0.456701 -0.120000
v 1.356761 0.450461 -0.120000
v 1.365525 0.444659 -0.120000
v 1.374529 0.439309 -0.120000
v 1.383706 0.434423 -0.120000
v 1.393056 0.430003 -0.120000
v 1.402581 0.426048 -0.120000
v 1.412279 0.422559 -0.120000
v 1.422150 0.419534 -0.120000
v 1.432195 0.416975 -0.120000
v 1.442414 0.414882 -0.120000
v 1.452806 0.413253 -0.120000
v 1.463372 0.412090 -0.120000
v 1.474112 0.411392 -0.120000
v 1.485025 0.411159 -0.120000
v 1.495938 0.411392 -0.120000
v 1.506678 0.412090 -0.120000
v 1.517244 0.413253 -0.120000
v 1.527636 0.414882 -0.120000
v 1.537855 0.416975 -0.120000
v 1.547900 0.419534 -0.120000
v 1.557771 0.422559 -0.120000
v 1.567469 0.426048 -0.120000
v 1.576993 0.430003 -0.120000
v 1.586344 0.434423 -0.120000
v 1.595521 0.439309 -0.120000
v 1.604525 0.444659 -0.120000
v 1.613286 0.450461 -0.120000
v 1.621733 0.456701 -0.120000
v 1.629869 0.463378 -0.120000
v 1.637691 0.470493 -0.120000
v 1.645202 0.478045 -0.120000
v 1.652400 0.486034 -0.120000
v 1.659285 0.494461 -0.120000
v 1.665858 0.503326 -0.120000
v 1.672118 0.512628 -0.120000
v 1.678066 0.522368 -0.120000
v 1.683702 0.532545 -0.120000
v 0.540025 0.339159 -0.120000
v 0.452025 0.339159 -0.120000
v 0.452025 1.066159 -0.120000
v 0.540025 1.066159 -0.120000
v 0.540025 0.742159 -0.120000
v 0.928025 0.742159 -0.120000
v 0.928025 1.066159 -0.120000
v 1.016025 1.066159 -0.120000
v 1.016025 0.339159 -0.120000
v 0.928025 0.339159 -0.120000
v 0.928025 0.664159 -0.120000
v 0.540025 0.664159 -0.120000
v 0.023025 0.951159 -0.120000
v -0.193975 0.339159 -0.120000
v -0.285975 0.339159 -0.120000
v -0.018975 1.066159 -0.120000
v 0.072025 1.066159 -0.120000
v 0.339025 0.339159 -0.120000
v 0.246025 0.339159 -0.120000
v 0.029025 0.951159 -0.120000
v 0.212025 0.545159 -0.120000
v 0.212025 0.623159 -0.120000
v -0.159975 0.623159 -0.120000
v -0.159975 0.545159 -0.120000
v -0.401975 0.939159 -0.120000
v -0.397753 0.931743 -0.120000
v -0.393753 0.924159 -0.120000
v -0.389975 0.916409 -0.120000
v -0.386420 0.908493 -0.120000
v -0.383086 0.900409 -0.120000
v -0.379975 0.892159 -0.120000
v -0.377086 0.883743 -0.120000
v -0.374419 0.875159 -0.120000
v -0.371975 0.866409 -0.120000
v -0.369753 0.857493 -0.120000
v -0.367753 0.848409 -0.120000
v -0.365975 0.839159 -0.120000
v -0.453975 0.839159 -0.120000
v -0.455385 0.845430 -0.120000
v -0.456947 0.851576 -0.120000
v -0.458663 0.857597 -0.120000
v -0.460531 0.863493 -0.120000
v -0.462551 0.869264 -0.120000
v -0.464725 0.874909 -0.120000
v -0.467051 0.880430 -0.120000
v -0.469530 0.885826 -0.120000
v -0.472162 0.891097 -0.120000
v -0.474947 0.896243 -0.120000
v -0.477885 0.901263 -0.120000
v -0.480975 0.906159 -0.120000
v -0.484201 0.910927 -0.120000
v -0.487544 0.915562 -0.120000
v -0.491006 0.920066 -0.120000
v -0.494586 0.924437 -0.120000
v -0.498284 0.928677 -0.120000
v -0.502100 0.932784 -0.120000
v -0.506034 0.936760 -0.120000
v -0.510086 0.940604 -0.120000
v -0.514256 0.944316 -0.120000
v -0.518544 0.947895 -0.120000
v -0.522951 0.951343 -0.120000
v -0.527475 0.954659 -0.120000
v -0.532100 0.957843 -0.120000
v -0.536808 0.960895 -0.120000
v -0.541600 0.963816 -0.120000
v -0.546475 0.966604 -0.120000
v -0.551433 0.969260 -0.120000
v -0.556475 0.971784 -0.120000
v -0.561600 0.974177 -0.120000
v -0.566808 0.976437 -0.120000
v -0.572100 0.978566 -0.120000
v -0.577475 0.980562 -0.120000
v -0.582933 0.982427 -0.120000
v -0.588475 0.984159 -0.120000
v -0.594076 0.985757 -0.120000
v -0.599711 0.987215 -0.120000
v -0.605381 0.988534 -0.120000
v -0.611086 0.989715 -0.120000
v -0.616826 0.990757 -0.120000
v -0.622600 0.991659 -0.120000
v -0.628409 0.992423 -0.120000
v -0.634253 0.993048 -0.120000
v -0.640131 0.993534 -0.120000
v -0.646044 0.993882 -0.120000
v -0.651992 0.994090 -0.120000
v -0.657975 0.994159 -0.120000
v -0.668888 0.993927 -0.120000
v -0.679628 0.993229 -0.120000
v -0.690194 0.992066 -0.120000
v -0.700586 0.990437 -0.120000
v -0.710805 0.988343 -0.120000
v -0.720850 0.985784 -0.120000
v -0.730721 0.982760 -0.120000
v -0.740419 0.979270 -0.120000
v -0.749944 0.975316 -0.120000
v -0.759294 0.970895 -0.120000
v -0.768471 0.966010 -0.120000
v -0.777475 0.960659 -0.120000
v -0.786239 0.954857 -0.120000
v -0.794697 0.948618 -0.120000
v -0.802850 0.941941 -0.120000
v -0.810697 0.934826 -0.120000
v -0.818239 0.927274 -0.120000
v -0.825475 0.919284 -0.120000
v -0.832406 0.910857 -0.120000
v -0.839031 0.901993 -0.120000
v -0.845350 0.892691 -0.120000
v -0.851364 0.882951 -0.120000
v -0.857072 0.872774 -0.120000
v -0.862475 0.862159 -0.120000
v -0.867506 0.851125 -0.120000
v -0.872100 0.839687 -0.120000
v -0.876256 0.827847 -0.120000
v -0.879975 0.815604 -0.120000
v -0.883256 0.802958 -0.120000
v -0.886100 0.789909 -0.120000
v -0.888506 0.776458 -0.120000
v -0.890475 0.762604 -0.120000
v -0.892006 0.748347 -0.120000
v -0.893100 0.733687 -0.120000
v -0.893756 0.718624 -0.120000
v -0.893975 0.703159 -0.120000
v -0.893756 0.687534 -0.120000
v -0.893100 0.672326 -0.120000
v -0.892006 0.657534 -0.120000
v -0.890475 0.643159 -0.120000
v -0.888506 0.629201 -0.120000
v -0.886100 0.615659 -0.120000
v -0.883256 0.602534 -0.120000
v -0.879975 0.589826 -0.120000
v -0.876256 0.577534 -0.120000
v -0.872100 0.565659 -0.120000
v -0.867506 0.554201 -0.120000
v -0.862475 0.543159 -0.120000
v -0.857072 0.532545 -0.120000
v -0.851364 0.522368 -0.120000
v -0.845350 0.512628 -0.120000
v -0.839031 0.503326 -0.120000
v -0.832406 0.494461 -0.120000
v -0.825475 0.486034 -0.120000
v -0.818239 0.478045 -0.120000
v -0.810697 0.470493 -0.120000
v -0.802850 0.463378 -0.120000
v -0.794697 0.456701 -0.120000
v -0.786239 0.450461 -0.120000
v -0.777475 0.444659 -0.120000
v -0.768471 0.439309 -0.120000
v -0.759294 0.434423 -0.120000
v -0.749944 0.430003 -0.120000
v -0.740419 0.426048 -0.120000
v -0.730721 0.422559 -0.120000
v -0.720850 0.419534 -0.120000
v -0.710805 0.416975 -0.120000
v -0.700586 0.414882 -0.120000
v -0.690194 0.413253 -0.120000
v -0.679628 0.412090 -0.120000
v -0.668888 0.411392 -0.120000
v -0.657975 0.411159 -0.120000
v -0.651992 0.411229 -0.120000
v -0.646044 0.411437 -0.120000
v -0.640131 0.411784 -0.120000
v -0.634253 0.412270 -0.120000
v -0.628409 0.412895 -0.120000
v -0.622600 0.413659 -0.120000
v -0.616826 0.414562 -0.120000
v -0.611086 0.415604 -0.120000
v -0.605381 0.416784 -0.120000
v -0.599711 0.418104 -0.120000
v -0.594076 0.419562 -0.120000
v -0.588475 0.421159 -0.120000
v -0.582933 0.422895 -0.120000
v -0.577475 0.424770 -0.120000
v -0.572100 0.426784 -0.120000
v -0.566808 0.428937 -0.120000
v -0.561600 0.431229 -0.120000
v -0.556475 0.433659 -0.120000
v -0.551433 0.436229 -0.120000
v -0.546475 0.438937 -0.120000
v -0.541600 0.441784 -0.120000
v -0.536808 0.444770 -0.120000
v -0.532100 0.447895 -0.120000
v -0.527475 0.451159 -0.120000
v -0.522951 0.454555 -0.120000
v -0.518544 0.458076 -0.120000
v -0.514256 0.461722 -0.120000
v -0.510086 0.465493 -0.120000
v -0.506034 0.469388 -0.120000
v -0.502100 0.473409 -0.120000
v -0.498284 0.477555 -0.120000
v -0.494586 0.481826 -0.120000
v -0.491006 0.486222 -0.120000
v -0.487544 0.490743 -0.120000
v -0.484201 0.495388 -0.120000
v -0.480975 0.500159 -0.120000
v -0.477885 0.505048 -0.120000
v -0.474947 0.510048 -0.120000
v -0.472162 0.515159 -0.120000
v -0.469530 0.520382 -0.120000
v -0.467051 0.525715 -0.120000
v -0.464725 0.531159 -0.120000
v -0.462551 0.536715 -0.120000
v -0.460531 0.542382 -0.120000
v -0.458663 0.548159 -0.120000
v -0.456947 0.554048 -0.120000
v -0.455385 0.560048 -0.120000
v -0.453975 0.566159 -0.120000
v -0.365975 0.566159 -0.120000
v -0.367753 0.557066 -0.120000
v -0.369753 0.548118 -0.120000
v -0.371975 0.539316 -0.120000
v -0.374420 0.530659 -0.120000
v -0.377086 0.522149 -0.120000
v -0.379975 0.513784 -0.120000
v -0.383086 0.505566 -0.120000
v -0.386420 0.497493 -0.120000
v -0.389975 0.489566 -0.120000
v -0.393753 0.481784 -0.120000
v -0.397753 0.474149 -0.120000
v -0.401975 0.466659 -0.120000
v -0.406399 0.459340 -0.120000
v -0.411003 0.452215 -0.120000
v -0.415787 0.445284 -0.120000
v -0.420753 0.438548 -0.120000
v -0.425899 0.432007 -0.120000
v -0.431225 0.425659 -0.120000
v -0.436732 0.419506 -0.120000
v -0.442419 0.413548 -0.120000
v -0.448287 0.407784 -0.120000
v -0.454336 0.402215 -0.120000
v -0.460565 0.396840 -0.120000
v -0.466975 0.391659 -0.120000
v -0.473541 0.386677 -0.120000
v -0.480239 0.381895 -0.120000
v -0.487069 0.377316 -0.120000
v -0.494030 0.372937 -0.120000
v -0.501124 0.368760 -0.120000
v -0.508350 0.364784 -0.120000
v -0.515708 0.361010 -0.120000
v -0.523197 0.357437 -0.120000
v -0.530819 0.354066 -0.120000
v -0.538572 0.350895 -0.120000
v -0.546458 0.347927 -0.120000
v -0.554475 0.345159 -0.120000
v -0.562603 0.342604 -0.120000
v -0.570822 0.340270 -0.120000
v -0.579131 0.338159 -0.120000
v -0.587531 0.336270 -0.120000
v -0.596020 0.334604 -0.120000
v -0.604600 0.333159 -0.120000
v -0.613270 0.331937 -0.120000
v -0.622031 0.330937 -0.120000
v -0.630881 0.330159 -0.120000
v -0.639822 0.329604 -0.120000
v -0.648854 0.329270 -0.120000
v -0.657975 0.329159 -0.120000
v -0.673333 0.329475 -0.120000
v -0.688406 0.330423 -0.120000
v -0.703194 0.332003 -0.120000
v -0.717697 0.334215 -0.120000
v -0.731916 0.337059 -0.120000
v -0.745850 0.340534 -0.120000
v -0.759499 0.344642 -0.120000
v -0.772864 0.349382 -0.120000
v -0.785944 0.354753 -0.120000
v -0.798739 0.360757 -0.120000
v -0.811249 0.367392 -0.120000
v -0.823475 0.374659 -0.120000
v -0.835343 0.382510 -0.120000
v -0.846781 0.390895 -0.120000
v -0.857787 0.399816 -0.120000
v -0.868364 0.409270 -0.120000
v -0.878510 0.419260 -0.120000
v -0.888225 0.429784 -0.120000
v -0.897510 0.440843 -0.120000
v -0.906364 0.452437 -0.120000
v -0.914787 0.464566 -0.120000
v -0.922781 0.477229 -0.120000
v -0.930343 0.490427 -0.120000
v -0.937475 0.504159 -0.120000
v -0.944103 0.518375 -0.120000
v -0.950156 0.533020 -0.120000
v -0.955631 0.548097 -0.120000
v -0.960531 0.563604 -0.120000
v -0.964854 0.579541 -0.120000
v -0.968600 0.595909 -0.120000
v -0.971770 0.612708 -0.120000
v -0.974364 0.629937 -0.120000
v -0.976381 0.647597 -0.120000
v -0.977822 0.665687 -0.120000
v -0.978687 0.684208 -0.120000
v -0.978975 0.703159 -0.120000
v -0.978687 0.722107 -0.120000
v -0.977822 0.740618 -0.120000
v -0.976381 0.758690 -0.120000
v -0.974364 0.776326 -0.120000
v -0.971770 0.793524 -0.120000
v -0.968600 0.810284 -0.120000
v -0.964853 0.826607 -0.120000
v -0.960531 0.842493 -0.120000
v -0.955631 0.857940 -0.120000
v -0.950155 0.872951 -0.120000
v -0.944103 0.887524 -0.120000
v -0.937475 0.901659 -0.120000
v -0.930343 0.915312 -0.120000
v -0.922781 0.928437 -0.120000
v -0.914787 0.941034 -0.120000
v -0.906364 0.953104 -0.120000
v -0.897510 0.964645 -0.120000
v -0.888225 0.975659 -0.120000
v -0.878510 0.986145 -0.120000
v -0.868364 0.996104 -0.120000
v -0.857787 1.005534 -0.120000
v -0.846781 1.014437 -0.120000
v -0.835343 1.022812 -0.120000
v -0.823475 1.030659 -0.120000
v -0.811249 1.037927 -0.120000
v -0.798739 1.044562 -0.120000
v -0.785944 1.050566 -0.120000
v -0.772864 1.055937 -0.120000
v -0.759499 1.060677 -0.120000
v -0.745850 1.064784 -0.120000
v -0.731916 1.068260 -0.120000
v -0.717697 1.071104 -0.120000
v -0.703194 1.073316 -0.120000
v -0.688406 1.074895 -0.120000
v -0.673333 1.075843 -0.120000
v -0.657975 1.076159 -0.120000
v -0.648853 1.076048 -0.120000
v -0.639822 1.075715 -0.120000
v -0.630881 1.075159 -0.120000
v -0.622030 1.074382 -0.120000
v -0.613270 1.073382 -0.120000
v -0.604600 1.072159 -0.120000
v -0.596020 1.070715 -0.120000
v -0.587530 1.069048 -0.120000
v -0.579131 1.067159 -0.120000
v -0.570822 1.065048 -0.120000
v -0.562603 1.062715 -0.120000
v -0.554475 1.060159 -0.120000
v -0.546458 1.057392 -0.120000
v -0.538572 1.054423 -0.120000
v -0.530819 1.051253 -0.120000
v -0.523197 1.047881 -0.120000
v -0.515708 1.044309 -0.120000
v -0.508350 1.040534 -0.120000
v -0.501124 1.036559 -0.120000
v -0.494030 1.032382 -0.120000
v -0.487069 1.028003 -0.120000
v -0.480239 1.023423 -0.120000
v -0.473541 1.018642 -0.120000
v -0.466975 1.013659 -0.120000
v -0.460565 1.008482 -0.120000
v -0.454336 1.003118 -0.120000
v -0.448287 0.997566 -0.120000
v -0.442419 0.991826 -0.120000
v -0.436732 0.985899 -0.120000
v -0.431225 0.979784 -0.120000
v -0.425899 0.973482 -0.120000
v -0.420753 0.966993 -0.120000
v -0.415787 0.960316 -0.120000
v -0.411003 0.953451 -0.120000
v -0.406399 0.946399 -0.120000
v -1.063975 0.339159 -0.120000
v -1.168975 0.339159 -0.120000
v -1.418975 0.673159 -0.120000
v -1.508975 0.673159 -0.120000
v -1.508975 0.339159 -0.120000
v -1.596975 0.339159 -0.120000
v -1.596975 1.066159 -0.120000
v -1.508975 1.066159 -0.120000
v -1.508975 0.751159 -0.120000
v -1.470975 0.751159 -0.120000
v -1.178975 1.066159 -0.120000
v -1.073975 1.066159 -0.120000
v -1.367975 0.747159 -0.120000
v -2.348975 0.339159 -0.120000
v -2.348975 1.066159 -0.120000
v -2.261975 1.066159 -0.120000
v -2.261975 0.494159 -0.120000
v -2.254975 0.494159 -0.120000
v -1.856975 1.066159 -0.120000
v -1.771975 1.066159 -0.120000
v -1.771975 0.339159 -0.120000
v -1.859975 0.339159 -0.120000
v -1.859975 0.910159 -0.120000
v -1.866975 0.910159 -0.120000
v -2.263975 0.339159 -0.120000
v -2.348975 0.339159 -0.120000
v -2.348975 0.339159 0.120000
v -2.348975 1.066159 -0.120000
v -2.348975 1.066159 0.120000
v -2.261975 1.066159 -0.120000
v -2.261975 1.066159 0.120000
v -2.261975 0.494159 -0.120000
v -2.261975 0.494159 0.120000
v -2.254975 0.494159 -0.120000
v -2.254975 0.494159 0.120000
v -1.856975 1.066159 -0.120000
v -1.856975 1.066159 0.120000
v -1.771975 1.066159 -0.120000
v -1.771975 1.066159 0.120000
v -1.771975 0.339159 -0.120000
v -1.771975 0.339159 0.120000
v -1.859975 0.339159 -0.120000
v -1.859975 0.339159 0.120000
v -1.859975 0.910159 -0.120000
v -1.859975 0.910159 0.120000
v -1.866975 0.910159 -0.120000
v -1.866975 0.910159 0.120000
v -2.263975 0.339159 -0.120000
v -2.263975 0.339159 0.120000
v -1.063975 0.339159 -0.120000
v -1.063975 0.339159 0.120000
v -1.168975 0.339159 -0.120000
v -1.168975 0.339159 0.120000
v -1.418975 0.673159 -0.120000
v -1.418975 0.673159 0.120000
v -1.508975 0.673159 -0.120000
v -1.508975 0.673159 0.120000
v -1.508975 0.339159 -0.120000
v -1.508975 0.339159 0.120000
v -1.596975 0.339159 -0.120000
v -1.596975 0.339159 0.120000
v -1.596975 1.066159 -0.120000
v -1.596975 1.066159 0.120000
v -1.508975 1.066159 -0.120000
v -1.508975 1.066159 0.120000
v -1.508975 0.751159 -0.120000
v -1.508975 0.751159 0.120000
v -1.470975 0.751159 -0.120000
v -1.470975 0.751159 0.120000
v -1.178975 1.066159 -0.120000
v -1.178975 1.066159 0.120000
v -1.073975 1.066159 -0.120000
v -1.073975 1.066159 0.120000
v -1.367975 0.747159 -0.120000
v -1.367975 0.747159 0.120000
v -0.401975 0.939159 -0.120000
v -0.401975 0.939159 0.120000
v -0.397753 0.931743 -0.120000
v -0.397753 0.931743 0.120000
v -0.393753 0.924159 -0.120000
v -0.393753 0.924159 0.120000
v -0.389975 0.916409 -0.120000
v -0.389975 0.916409 0.120000
v -0.386420 0.908493 -0.120000
v -0.386420 0.908493 0.120000
v -0.383086 0.900409 -0.120000
v -0.383086 0.900409 0.120000
v -0.379975 0.892159 -0.120000
v -0.379975 0.892159 0.120000
v -0.377086 0.883743 -0.120000
v -0.377086 0.883743 0.120000
v -0.374419 0.875159 -0.120000
v -0.374419 0.875159 0.120000
v -0.371975 0.866409 -0.120000
v -0.371975 0.866409 0.120000
v -0.369753 0.857493 -0.120000
v -0.369753 0.857493 0.120000
v -0.367753 0.848409 -0.120000
v -0.367753 0.848409 0.120000
v -0.365975 0.839159 -0.120000
v -0.365975 0.839159 0.120000
v -0.453975 0.839159 -0.120000
v -0.453975 0.839159 0.120000
v -0.455385 0.845430 -0.120000
v -0.455385 0.845430 0.120000
v -0.456947 0.851576 -0.120000
v -0.456947 0.851576 0.120000
v -0.458663 0.857597 -0.120000
v -0.458663 0.857597 0.120000
v -0.460531 0.863493 -0.120000
v -0.460531 0.863493 0.120000
v -0.462551 0.869264 -0.120000
v -0.462551 0.869264 0.120000
v -0.464725 0.874909 -0.120000
v -0.464725 0.874909 0.120000
v -0.467051 0.880430 -0.120000
v -0.467051 0.880430 0.120000
v -0.469530 0.885826 -0.120000
v -0.469530 0.885826 0.120000
v -0.472162 0.891097 -0.120000
v -0.472162 0.891097 0.120000
v -0.474947 0.896243 -0.120000
v -0.474947 0.896243 0.120000
v -0.477885 0.901263 -0.120000
v -0.477885 0.901263 0.120000
v -0.480975 0.906159 -0.120000
v -0.480975 0.906159 0.120000
v -0.484201 0.910927 -0.120000
v -0.484201 0.910927 0.120000
v -0.487544 0.915562 -0.120000
v -0.487544 0.915562 0.120000
v -0.491006 0.920066 -0.120000
v -0.491006 0.920066 0.120000
v -0.494586 0.924437 -0.120000
v -0.494586 0.924437 0.120000
v -0.498284 0.928677 -0.120000
v -0.498284 0.928677 0.120000
v -0.502100 0.932784 -0.120000
v -0.502100 0.932784 0.120000
v -0.506034 0.936760 -0.120000
v -0.506034 0.936760 0.120000
v -0.510086 0.940604 -0.120000
v -0.510086 0.940604 0.120000
v -0.514256 0.944316 -0.120000
v -0.514256 0.944316 0.120000
v -0.518544 0.947895 -0.120000
v -0.518544 0.947895 0.120000
v -0.522951 0.951343 -0.120000
v -0.522951 0.951343 0.120000
v -0.527475 0.954659 -0.120000
v -0.527475 0.954659 0.120000
v -0.532100 0.957843 -0.120000
v -0.532100 0.957843 0.120000
v -0.536808 0.960895 -0.120000
v -0.536808 0.960895 0.120000
v -0.541600 0.963816 -0.120000
v -0.541600 0.963816 0.120000
v -0.546475 0.966604 -0.120000
v -0.546475 0.966604 0.120000
v -0.551433 0.969260 -0.120000
v -0.551433 0.969260 0.120000
v -0.556475 0.971784 -0.120000
v -0.556475 0.971784 0.120000
v -0.561600 0.974177 -0.120000
v -0.561600 0.974177 0.120000
v -0.566808 0.976437 -0.120000
v -0.566808 0.976437 0.120000
v -0.572100 0.978566 -0.120000
v -0.572100 0.978566 0.120000
v -0.577475 0.980562 -0.120000
v -0.577475 0.980562 0.120000
v -0.582933 0.982427 -0.120000
v -0.582933 0.982427 0.120000
v -0.588475 0.984159 -0.120000
v -0.588475 0.984159 0.120000
v -0.594076 0.985757 -0.120000
v -0.594076 0.985757 0.120000
v -0.599711 0.987215 -0.120000
v -0.599711 0.987215 0.120000
v -0.605381 0.988534 -0.120000
v -0.605381 0.988534 0.120000
v -0.611086 0.989715 -0.120000
v -0.611086 0.989715 0.120000
v -0.616826 0.990757 -0.120000
v -0.616826 0.990757 0.120000
v -0.622600 0.991659 -0.120000
v -0.622600 0.991659 0.120000
v -0.628409 0.992423 -0.120000
v -0.628409 0.992423 0.120000
v -0.634253 0.993048 -0.120000
v -0.634253 0.993048 0.120000
v -0.640131 0.993534 -0.120000
v -0.640131 0.993534 0.120000
v -0.646044 0.993882 -0.120000
v -0.646044 0.993882 0.120000
v -0.651992 0.994090 -0.120000
v -0.651992 0.994090 0.120000
v -0.657975 0.994159 -0.120000
v -0.657975 0.994159 0.120000
v -0.668888 0.993927 -0.120000
v -0.668888 0.993927 0.120000
v -0.679628 0.993229 -0.120000
v -0.679628 0.993229 0.120000
v -0.690194 0.992066 -0.120000
v -0.690194 0.992066 0.120000
v -0.700586 0.990437 -0.120000
v -0.700586 0.990437 0.120000
v -0.710805 0.988343 -0.120000
v -0.710805 0.988343 0.120000
v -0.720850 0.985784 -0.120000
v -0.720850 0.985784 0.120000
v -0.730721 0.982760 -0.120000
v -0.730721 0.982760 0.120000
v -0.740419 0.979270 -0.120000
v -0.740419 0.979270 0.120000
v -0.749944 0.975316 -0.120000
v -0.749944 0.975316 0.120000
v -0.759294 0.970895 -0.120000
v -0.759294 0.970895 0.120000
v -0.768471 0.966010 -0.120000
v -0.768471 0.966010 0.120000
v -0.777475 0.960659 -0.120000
v -0.777475 0.960659 0.120000
v -0.786239 0.954857 -0.120000
v -0.786239 0.954857 0.120000
v -0.794697 0.948618 -0.120000
v -0.794697 0.948618 0.120000
v -0.802850 0.941941 -0.120000
v -0.802850 0.941941 0.120000
v -0.810697 0.934826 -0.120000
v -0.810697 0.934826 0.120000
v -0.818239 0.927274 -0.120000
v -0.818239 0.927274 0.120000
v -0.825475 0.919284 -0.120000
v -0.825475 0.919284 0.120000
v -0.832406 0.910857 -0.120000
v -0.832406 0.910857 0.120000
v -0.839031 0.901993 -0.120000
v -0.839031 0.901993 0.120000
v -0.845350 0.892691 -0.120000
v -0.845350 0.892691 0.120000
v -0.851364 0.882951 -0.120000
v -0.851364 0.882951 0.120000
v -0.857072 0.872774 -0.120000
v -0.857072 0.872774 0.120000
v -0.862475 0.862159 -0.120000
v -0.862475 0.862159 0.120000
v -0.867506 0.851125 -0.120000
v -0.867506 0.851125 0.120000
v -0.872100 0.839687 -0.120000
v -0.872100 0.839687 0.120000
v -0.876256 0.827847 -0.120000
v -0.876256 0.827847 0.120000
v -0.879975 0.815604 -0.120000
v -0.879975 0.815604 0.120000
v -0.883256 0.802958 -0.120000
v -0.883256 0.802958 0.120000
v -0.886100 0.789909 -0.120000
v -0.886100 0.789909 0.120000
v -0.888506 0.776458 -0.120000
v -0.888506 0.776458 0.120000
v -0.890475 0.762604 -0.120000
v -0.890475 0.762604 0.120000
v -0.892006 0.748347 -0.120000
v -0.892006 0.748347 0.120000
v -0.893100 0.733687 -0.120000
v -0.893100 0.733687 0.120000
v -0.893756 0.718624 -0.120000
v -0.893756 0.718624 0.120000
v -0.893975 0.703159 -0.120000
v -0.893975 0.703159 0.120000
v -0.893756 0.687534 -0.120000
v -0.893756 0.687534 0.120000
v -0.893100 0.672326 -0.120000
v -0.893100 0.672326 0.120000
v -0.892006 0.657534 -0.120000
v -0.892006 0.657534 0.120000
v -0.890475 0.643159 -0.120000
v -0.890475 0.643159 0.120000
v -0.888506 0.629201 -0.120000
v -0.888506 0.629201 0.120000
v -0.886100 0.615659 -0.120000
v -0.886100 0.615659 0.120000
v -0.883256 0.602534 -0.120000
v -0.883256 0.602534 0.120000
v -0.879975 0.589826 -0.120000
v -0.879975 0.589826 0.120000
v -0.876256 0.577534 -0.120000
v -0.876256 0.577534 0.120000
v -0.872100 0.565659 -0.120000
v -0.872100 0.565659 0.120000
v -0.867506 0.554201 -0.120000
v -0.867506 0.554201 0.120000
v -0.862475 0.543159 -0.120000
v -0.862475 0.543159 0.120000
v -0.857072 0.532545 -0.120000
v -0.857072 0.532545 0.120000
v -0.851364 0.522368 -0.120000
v -0.851364 0.522368 0.120000
v -0.845350 0.512628 -0.120000
v -0.845350 0.512628 0.120000
v -0.839031 0.503326 -0.120000
v -0.839031 0.503326 0.120000
v -0.832406 0.494461 -0.120000
v -0.832406 0.494461 0.120000
v -0.825475 0.486034 -0.120000
v -0.825475 0.486034 0.120000
v -0.818239 0.478045 -0.120000
v -0.818239 0.478045 0.120000
v -0.810697 0.470493 -0.120000
v -0.810697 0.470493 0.120000
v -0.802850 0.463378 -0.120000
v -0.802850 0.463378 0.120000
v -0.794697 0.456701 -0.120000
v -0.794697 0.456701 0.120000
v -0.786239 0.450461 -0.120000
v -0.786239 0.450461 0.120000
v -0.777475 0.444659 -0.120000
v -0.777475 0.444659 0.120000
v -0.768471 0.439309 -0.120000
v -0.768471 0.439309 0.120000
v -0.759294 0.434423 -0.120000
v -0.759294 0.434423 0.120000
v -0.749944 0.430003 -0.120000
v -0.749944 0.430003 0.120000
v -0.740419 0.426048 -0.120000
v -0.740419 0.426048 0.120000
v -0.730721 0.422559 -0.120000
v -0.730721 0.422559 0.120000
v -0.720850 0.419534 -0.120000
v -0.720850 0.419534 0.120000
v -0.710805 0.416975 -0.120000
v -0.710805 0.416975 0.120000
v -0.700586 0.414882 -0.120000
v -0.700586 0.414881 0.120000
v -0.690194 0.413253 -0.120000
v -0.690194 0.413253 0.120000
v -0.679628 0.412090 -0.120000
v -0.679628 0.412090 0.120000
v -0.668888 0.411392 -0.120000
v -0.668888 0.411392 0.120000
v -0.657975 0.411159 -0.120000
v -0.657975 0.411159 0.120000
v -0.651992 0.411229 -0.120000
v -0.651992 0.411229 0.120000
v -0.646044 0.411437 -0.120000
v -0.646044 0.411437 0.120000
v -0.640131 0.411784 -0.120000
v -0.640131 0.411784 0.120000
v -0.634253 0.412270 -0.120000
v -0.634253 0.412270 0.120000
v -0.628409 0.412895 -0.120000
v -0.628409 0.412895 0.120000
v -0.622600 0.413659 -0.120000
v -0.622600 0.413659 0.120000
v -0.616826 0.414562 -0.120000
v -0.616826 0.414562 0.120000
v -0.611086 0.415604 -0.120000
v -0.611086 0.415604 0.120000
v -0.605381 0.416784 -0.120000
v -0.605381 0.416784 0.120000
v -0.599711 0.418104 -0.120000
v -0.599711 0.418104 0.120000
v -0.594076 0.419562 -0.120000
v -0.594076 0.419562 0.120000
v -0.588475 0.421159 -0.120000
v -0.588475 0.421159 0.120000
v -0.582933 0.422895 -0.120000
v -0.582933 0.422895 0.120000
v -0.577475 0.424770 -0.120000
v -0.577475 0.424770 0.120000
v -0.572100 0.426784 -0.120000
v -0.572100 0.426784 0.120000
v -0.566808 0.428937 -0.120000
v -0.566808 0.428937 0.120000
v -0.561600 0.431229 -0.120000
v -0.561600 0.431229 0.120000
v -0.556475 0.433659 -0.120000
v -0.556475 0.433659 0.120000
v -0.551433 0.436229 -0.120000
v -0.551433 0.436229 0.120000
v -0.546475 0.438937 -0.120000
v -0.546475 0.438937 0.120000
v -0.541600 0.441784 -0.120000
v -0.541600 0.441784 0.120000
v -0.536808 0.444770 -0.120000
v -0.536808 0.444770 0.120000
v -0.532100 0.447895 -0.120000
v -0.532100 0.447895 0.120000
v -0.527475 0.451159 -0.120000
v -0.527475 0.451159 0.120000
v -0.522951 0.454555 -0.120000
v -0.522951 0.454555 0.120000
v -0.518544 0.458076 -0.120000
v -0.518544 0.458076 0.120000
v -0.514256 0.461722 -0.120000
v -0.514256 0.461722 0.120000
v -0.510086 0.465493 -0.120000
v -0.510086 0.465493 0.120000
v -0.506034 0.469388 -0.120000
v -0.506034 0.469388 0.120000
v -0.502100 0.473409 -0.120000
v -0.502100 0.473409 0.120000
v -0.498284 0.477555 -0.120000
v -0.498284 0.477555 0.120000
v -0.494586 0.481826 -0.120000
v -0.494586 0.481826 0.120000
v -0.491006 0.486222 -0.120000
v -0.491006 0.486222 0.120000
v -0.487544 0.490743 -0.120000
v -0.487544 0.490743 0.120000
v -0.484201 0.495388 -0.120000
v -0.484201 0.495388 0.120000
v -0.480975 0.500159 -0.120000
v -0.480975 0.500159 0.120000
v -0.477885 0.505048 -0.120000
v -0.477885 0.505048 0.120000
v -0.474947 0.510048 -0.120000
v -0.474947 0.510048 0.120000
v -0.472162 0.515159 -0.120000
v -0.472162 0.515159 0.120000
v -0.469530 0.520382 -0.120000
v -0.469530 0.520382 0.120000
v -0.467051 0.525715 -0.120000
v -0.467051 0.525715 0.120000
v -0.464725 0.531159 -0.120000
v -0.464725 0.531159 0.120000
v -0.462551 0.536715 -0.120000
v -0.462551 0.536715 0.120000
v -0.460531 0.542382 -0.120000
v -0.460531 0.542382 0.120000
v -0.458663 0.548159 -0.120000
v -0.458663 0.548159 0.120000
v -0.456947 0.554048 -0.120000
v -0.456947 0.554048 0.120000
v -0.455385 0.560048 -0.120000
v -0.455385 0.560048 0.120000
v -0.453975 0.566159 -0.120000
v -0.453975 0.566159 0.120000
v -0.365975 0.566159 -0.120000
v -0.365975 0.566159 0.120000
v -0.367753 0.557066 -0.120000
v -0.367753 0.557066 0.120000
v -0.369753 0.548118 -0.120000
v -0.369753 0.548118 0.120000
v -0.371975 0.539316 -0.120000
v -0.371975 0.539316 0.120000
v -0.374420 0.530659 -0.120000
v -0.374420 0.530659 0.120000
v -0.377086 0.522149 -0.120000
v -0.377086 0.522149 0.120000
v -0.379975 0.513784 -0.120000
v -0.379975 0.513784 0.120000
v -0.383086 0.505566 -0.120000
v -0.383086 0.505566 0.120000
v -0.386420 0.497493 -0.120000
v -0.386420 0.497493 0.120000
v -0.389975 0.489566 -0.120000
v -0.389975 0.489566 0.120000
v -0.393753 0.481784 -0.120000
v -0.393753 0.481784 0.120000
v -0.397753 0.474149 -0.120000
v -0.397753 0.474149 0.120000
v -0.401975 0.466659 -0.120000
v -0.401975 0.466659 0.120000
v -0.406399 0.459340 -0.120000
v -0.406399 0.459340 0.120000
v -0.411003 0.452215 -0.120000
v -0.411003 0.452215 0.120000
v -0.415787 0.445284 -0.120000
v -0.415787 0.445284 0.120000
v -0.420753 0.438548 -0.120000
v -0.420753 0.438548 0.120000
v -0.425899 0.432007 -0.120000
v -0.425899 0.432006 0.120000
v -0.431225 0.425659 -0.120000
v -0.431225 0.425659 0.120000
v -0.436732 0.419506 -0.120000
v -0.436732 0.419506 0.120000
v -0.442419 0.413548 -0.120000
v -0.442419 0.413548 0.120000
v -0.448287 0.407784 -0.120000
v -0.448287 0.407784 0.120000
v -0.454336 0.402215 -0.120000
v -0.454336 0.402215 0.120000
v -0.460565 0.396840 -0.120000
v -0.460565 0.396840 0.120000
v -0.466975 0.391659 -0.120000
v -0.466975 0.391659 0.120000
v -0.473541 0.386677 -0.120000
v -0.473541 0.386677 0.120000
v -0.480239 0.381895 -0.120000
v -0.480239 0.381895 0.120000
v -0.487069 0.377316 -0.120000
v -0.487069 0.377316 0.120000
v -0.494030 0.372937 -0.120000
v -0.494030 0.372937 0.120000
v -0.501124 0.368760 -0.120000
v -0.501124 0.368760 0.120000
v -0.508350 0.364784 -0.120000
v -0.508350 0.364784 0.120000
v -0.515708 0.361010 -0.120000
v -0.515708 0.361010 0.120000
v -0.523197 0.357437 -0.120000
v -0.523197 0.357437 0.120000
v -0.530819 0.354066 -0.120000
v -0.530819 0.354066 0.120000
v -0.538572 0.350895 -0.120000
v -0.538572 0.350895 0.120000
v -0.546458 0.347927 -0.120000
v -0.546458 0.347927 0.120000
v -0.554475 0.345159 -0.120000
v -0.554475 0.345159 0.120000
v -0.562603 0.342604 -0.120000
v -0.562603 0.342604 0.120000
v -0.570822 0.340270 -0.120000
v -0.570822 0.340270 0.120000
v -0.579131 0.338159 -0.120000
v -0.579131 0.338159 0.120000
v -0.587531 0.336270 -0.120000
v -0.587531 0.336270 0.120000
v -0.596020 0.334604 -0.120000
v -0.596020 0.334604 0.120000
v -0.604600 0.333159 -0.120000
v -0.604600 0.333159 0.120000
v -0.613270 0.331937 -0.120000
v -0.613270 0.331937 0.120000
v -0.622031 0.330937 -0.120000
v -0.622031 0.330937 0.120000
v -0.630881 0.330159 -0.120000
v -0.630881 0.330159 0.120000
v -0.639822 0.329604 -0.120000
v -0.639822 0.329604 0.120000
v -0.648854 0.329270 -0.120000
v -0.648854 0.329270 0.120000
v -0.657975 0.329159 -0.120000
v -0.657975 0.329159 0.120000
v -0.673333 0.329475 -0.120000
v -0.673333 0.329475 0.120000
v -0.688406 0.330423 -0.120000
v -0.688406 0.330423 0.120000
v -0.703194 0.332003 -0.120000
v -0.703194 0.332003 0.120000
v -0.717697 0.334215 -0.120000
v -0.717697 0.334215 0.120000
v -0.731916 0.337059 -0.120000
v -0.731916 0.337059 0.120000
v -0.745850 0.340534 -0.120000
v -0.745850 0.340534 0.120000
v -0.759499 0.344642 -0.120000
v -0.759499 0.344642 0.120000
v -0.772864 0.349382 -0.120000
v -0.772864 0.349382 0.120000
v -0.785944 0.354753 -0.120000
v -0.785944 0.354753 0.120000
v -0.798739 0.360757 -0.120000
v -0.798739 0.360756 0.120000
v -0.811249 0.367392 -0.120000
v -0.811249 0.367392 0.120000
v -0.823475 0.374659 -0.120000
v -0.823475 0.374659 0.120000
v -0.835343 0.382510 -0.120000
v -0.835343 0.382510 0.120000
v -0.846781 0.390895 -0.120000
v -0.846781 0.390895 0.120000
v -0.857787 0.399816 -0.120000
v -0.857787 0.399816 0.120000
v -0.868364 0.409270 -0.120000
v -0.868364 0.409270 0.120000
v -0.878510 0.419260 -0.120000
v -0.878510 0.419260 0.120000
v -0.888225 0.429784 -0.120000
v -0.888225 0.429784 0.120000
v -0.897510 0.440843 -0.120000
v -0.897510 0.440843 0.120000
v -0.906364 0.452437 -0.120000
v -0.906364 0.452437 0.120000
v -0.914787 0.464566 -0.120000
v -0.914787 0.464566 0.120000
v -0.922781 0.477229 -0.120000
v -0.922781 0.477229 0.120000
v -0.930343 0.490427 -0.120000
v -0.930343 0.490427 0.120000
v -0.937475 0.504159 -0.120000
v -0.937475 0.504159 0.120000
v -0.944103 0.518375 -0.120000
v -0.944103 0.518375 0.120000
v -0.950156 0.533020 -0.120000
v -0.950156 0.533020 0.120000
v -0.955631 0.548097 -0.120000
v -0.955631 0.548097 0.120000
v -0.960531 0.563604 -0.120000
v -0.960531 0.563604 0.120000
v -0.964854 0.579541 -0.120000
v -0.964854 0.579541 0.120000
v -0.968600 0.595909 -0.120000
v -0.968600 0.595909 0.120000
v -0.971770 0.612708 -0.120000
v -0.971770 0.612708 0.120000
v -0.974364 0.629937 -0.120000
v -0.974364 0.629937 0.120000
v -0.976381 0.647597 -0.120000
v -0.976381 0.647597 0.120000
v -0.977822 0.665687 -0.120000
v -0.977822 0.665687 0.120000
v -0.978687 0.684208 -0.120000
v -0.978687 0.684208 0.120000
v -0.978975 0.703159 -0.120000
v -0.978975 0.703159 0.120000
v -0.978687 0.722107 -0.120000
v -0.978687 0.722107 0.120000
v -0.977822 0.740618 -0.120000
v -0.977822 0.740618 0.120000
v -0.976381 0.758690 -0.120000
v -0.976381 0.758690 0.120000
v -0.974364 0.776326 -0.120000
v -0.974364 0.776326 0.120000
v -0.971770 0.793524 -0.120000
v -0.971770 0.793524 0.120000
v -0.968600 0.810284 -0.120000
v -0.968600 0.810284 0.120000
v -0.964853 0.826607 -0.120000
v -0.964853 0.826607 0.120000
v -0.960531 0.842493 -0.120000
v -0.960531 0.842493 0.120000
v -0.955631 0.857940 -0.120000
v -0.955631 0.857940 0.120000
v -0.950155 0.872951 -0.120000
v -0.950155 0.872951 0.120000
v -0.944103 0.887524 -0.120000
v -0.944103 0.887524 0.120000
v -0.937475 0.901659 -0.120000
v -0.937475 0.901659 0.120000
v -0.930343 0.915312 -0.120000
v -0.930343 0.915312 0.120000
v -0.922781 0.928437 -0.120000
v -0.922781 0.928437 0.120000
v -0.914787 0.941034 -0.120000
v -0.914787 0.941034 0.120000
v -0.906364 0.953104 -0.120000
v -0.906364 0.953104 0.120000
v -0.897510 0.964645 -0.120000
v -0.897510 0.964645 0.120000
v -0.888225 0.975659 -0.120000
v -0.888225 0.975659 0.120000
v -0.878510 0.986145 -0.120000
v -0.878510 0.986145 0.120000
v -0.868364 0.996104 -0.120000
v -0.868364 0.996104 0.120000
v -0.857787 1.005534 -0.120000
v -0.857787 1.005534 0.120000
v -0.846781 1.014437 -0.120000
v -0.846781 1.014437 0.120000
v -0.835343 1.022812 -0.120000
v -0.835343 1.022812 0.120000
v -0.823475 1.030659 -0.120000
v -0.823475 1.030659 0.120000
v -0.811249 1.037927 -0.120000
v -0.811249 1.037927 0.120000
v -0.798739 1.044562 -0.120000
v -0.798739 1.044562 0.120000
v -0.785944 1.050566 -0.120000
v -0.785944 1.050566 0.120000
v -0.772864 1.055937 -0.120000
v -0.772864 1.055937 0.120000
v -0.759499 1.060677 -0.120000
v -0.759499 1.060677 0.120000
v -0.745850 1.064784 -0.120000
v -0.745850 1.064784 0.120000
v -0.731916 1.068260 -0.120000
v -0.731916 1.068260 0.120000
v -0.717697 1.071104 -0.120000
v -0.717697 1.071104 0.120000
v -0.703194 1.073316 -0.120000
v -0.703194 1.073316 0.120000
v -0.688406 1.074895 -0.120000
v -0.688406 1.074895 0.120000
v -0.673333 1.075843 -0.120000
v -0.673333 1.075843 0.120000
v -0.657975 1.076159 -0.120000
v -0.657975 1.076159 0.120000
v -0.648853 1.076048 -0.120000
v -0.648853 1.076048 0.120000
v -0.639822 1.075715 -0.120000
v -0.639822 1.075715 0.120000
v -0.630881 1.075159 -0.120000
v -0.630881 1.075159 0.120000
v -0.622030 1.074382 -0.120000
v -0.622030 1.074382 0.120000
v -0.613270 1.073382 -0.120000
v -0.613270 1.073382 0.120000
v -0.604600 1.072159 -0.120000
v -0.604600 1.072159 0.120000
v -0.596020 1.070715 -0.120000
v -0.596020 1.070715 0.120000
v -0.587530 1.069048 -0.120000
v -0.587530 1.069048 0.120000
v -0.579131 1.067159 -0.120000
v -0.579131 1.067159 0.120000
v -0.570822 1.065048 -0.120000
v -0.570822 1.065048 0.120000
v -0.562603 1.062715 -0.120000
v -0.562603 1.062715 0.120000
v -0.554475 1.060159 -0.120000
v -0.554475 1.060159 0.120000
v -0.546458 1.057392 -0.120000
v -0.546458 1.057392 0.120000
v -0.538572 1.054423 -0.120000
v -0.538572 1.054423 0.120000
v -0.530819 1.051253 -0.120000
v -0.530819 1.051253 0.120000
v -0.523197 1.047881 -0.120000
v -0.523197 1.047881 0.120000
v -0.515708 1.044309 -0.120000
v -0.515708 1.044309 0.120000
v -0.508350 1.040534 -0.120000
v -0.508350 1.040534 0.120000
v -0.501124 1.036559 -0.120000
v -0.501124 1.036559 0.120000
v -0.494030 1.032382 -0.120000
v -0.494030 1.032382 0.120000
v -0.487069 1.028003 -0.120000
v -0.487069 1.028003 0.120000
v -0.480239 1.023423 -0.120000
v -0.480239 1.023423 0.120000
v -0.473541 1.018642 -0.120000
v -0.473541 1.018642 0.120000
v -0.466975 1.013659 -0.120000
v -0.466975 1.013659 0.120000
v -0.460565 1.008482 -0.120000
v -0.460565 1.008482 0.120000
v -0.454336 1.003118 -0.120000
v -0.454336 1.003118 0.120000
v -0.448287 0.997566 -0.120000
v -0.448287 0.997566 0.120000
v -0.442419 0.991826 -0.120000
v -0.442419 0.991826 0.120000
v -0.436732 0.985899 -0.120000
v -0.436732 0.985899 0.120000
v -0.431225 0.979784 -0.120000
v -0.431225 0.979784 0.120000
v -0.425899 0.973482 -0.120000
v -0.425899 0.973482 0.120000
v -0.420753 0.966993 -0.120000
v -0.420753 0.966993 0.120000
v -0.415787 0.960316 -0.120000
v -0.415787 0.960316 0.120000
v -0.411003 0.953451 -0.120000
v -0.411003 0.953451 0.120000
v -0.406399 0.946399 -0.120000
v -0.406399 0.946399 0.120000
v 0.023025 0.951159 -0.120000
v 0.023025 0.951159 0.120000
v -0.193975 0.339159 -0.120000
v -0.193975 0.339159 0.120000
v -0.285975 0.339159 -0.120000
v -0.285975 0.339159 0.120000
v -0.018975 1.066159 -0.120000
v -0.018975 1.066159 0.120000
v 0.072025 1.066159 -0.120000
v 0.072025 1.066159 0.120000
v 0.339025 0.339159 -0.120000
v 0.339025 0.339159 0.120000
v 0.246025 0.339159 -0.120000
v 0.246025 0.339159 0.120000
v 0.029025 0.951159 -0.120000
v 0.029025 0.951159 0.120000
v 0.212025 0.545159 -0.120000
v 0.212025 0.545159 0.120000
v 0.212025 0.623159 -0.120000
v 0.212025 0.623159 0.120000
v -0.159975 0.623159 -0.120000
v -0.159975 0.623159 0.120000
v -0.159975 0.545159 -0.120000
v -0.159975 0.545159 0.120000
v 0.540025 0.339159 -0.120000
v 0.540025 0.339159 0.120000
v 0.452025 0.339159 -0.120000
v 0.452025 0.339159 0.120000
v 0.452025 1.066159 -0.120000
v 0.452025 1.066159 0.120000
v 0.540025 1.066159 -0.120000
v 0.540025 1.066159 0.120000
v 0.540025 0.742159 -0.120000
v 0.540025 0.742159 0.120000
v 0.928025 0.742159 -0.120000
v 0.928025 0.742159 0.120000
v 0.928025 1.066159 -0.120000
v 0.928025 1.066159 0.120000
v 1.016025 1.066159 -0.120000
v 1.016025 1.066159 0.120000
v 1.016025 0.339159 -0.120000
v 1.016025 0.339159 0.120000
v 0.928025 0.339159 -0.120000
v 0.928025 0.339159 0.120000
v 0.928025 0.664159 -0.120000
v 0.928025 0.664159 0.120000
v 0.540025 0.664159 -0.120000
v 0.540025 0.664159 0.120000
v 1.764525 0.901659 -0.120000
v 1.764525 0.901659 0.120000
v 1.771153 0.887524 -0.120000
v 1.771153 0.887524 0.120000
v 1.777205 0.872951 -0.120000
v 1.777205 0.872951 0.120000
v 1.782681 0.857941 -0.120000
v 1.782681 0.857941 0.120000
v 1.787580 0.842493 -0.120000
v 1.787580 0.842493 0.120000
v 1.791903 0.826607 -0.120000
v 1.791903 0.826607 0.120000
v 1.795650 0.810284 -0.120000
v 1.795650 0.810284 0.120000
v 1.798820 0.793524 -0.120000
v 1.798820 0.793524 0.120000
v 1.801414 0.776326 -0.120000
v 1.801414 0.776326 0.120000
v 1.803431 0.758691 -0.120000
v 1.803431 0.758691 0.120000
v 1.804872 0.740618 -0.120000
v 1.804872 0.740618 0.120000
v 1.805737 0.722107 -0.120000
v 1.805737 0.722107 0.120000
v 1.806025 0.703159 -0.120000
v 1.806025 0.703159 0.120000
v 1.805737 0.684208 -0.120000
v 1.805737 0.684208 0.120000
v 1.804873 0.665687 -0.120000
v 1.804873 0.665687 0.120000
v 1.803432 0.647597 -0.120000
v 1.803432 0.647597 0.120000
v 1.801414 0.629937 -0.120000
v 1.801414 0.629937 0.120000
v 1.798820 0.612708 -0.120000
v 1.798820 0.612708 0.120000
v 1.795650 0.595909 -0.120000
v 1.795650 0.595909 0.120000
v 1.791904 0.579541 -0.120000
v 1.791904 0.579541 0.120000
v 1.787581 0.563604 -0.120000
v 1.787581 0.563604 0.120000
v 1.782681 0.548097 -0.120000
v 1.782681 0.548097 0.120000
v 1.777206 0.533020 -0.120000
v 1.777206 0.533020 0.120000
v 1.771154 0.518375 -0.120000
v 1.771154 0.518375 0.120000
v 1.764525 0.504159 -0.120000
v 1.764525 0.504159 0.120000
v 1.757393 0.490427 -0.120000
v 1.757393 0.490427 0.120000
v 1.749830 0.477229 -0.120000
v 1.749830 0.477229 0.120000
v 1.741837 0.464566 -0.120000
v 1.741837 0.464566 0.120000
v 1.733413 0.452437 -0.120000
v 1.733413 0.452437 0.120000
v 1.724559 0.440843 -0.120000
v 1.724559 0.440843 0.120000
v 1.715275 0.429784 -0.120000
v 1.715275 0.429784 0.120000
v 1.705560 0.419260 -0.120000
v 1.705560 0.419260 0.120000
v 1.695414 0.409270 -0.120000
v 1.695414 0.409270 0.120000
v 1.684838 0.399816 -0.120000
v 1.684838 0.399816 0.120000
v 1.673831 0.390895 -0.120000
v 1.673831 0.390895 0.120000
v 1.662394 0.382510 -0.120000
v 1.662394 0.382510 0.120000
v 1.650525 0.374659 -0.120000
v 1.650525 0.374659 0.120000
v 1.638299 0.367392 -0.120000
v 1.638299 0.367392 0.120000
v 1.625789 0.360757 -0.120000
v 1.625789 0.360756 0.120000
v 1.612994 0.354753 -0.120000
v 1.612994 0.354753 0.120000
v 1.599915 0.349382 -0.120000
v 1.599915 0.349382 0.120000
v 1.586550 0.344642 -0.120000
v 1.586550 0.344642 0.120000
v 1.572900 0.340534 -0.120000
v 1.572900 0.340534 0.120000
v 1.558966 0.337059 -0.120000
v 1.558966 0.337059 0.120000
v 1.544747 0.334215 -0.120000
v 1.544747 0.334215 0.120000
v 1.530244 0.332003 -0.120000
v 1.530244 0.332003 0.120000
v 1.515456 0.330423 -0.120000
v 1.515456 0.330423 0.120000
v 1.500383 0.329475 -0.120000
v 1.500383 0.329475 0.120000
v 1.485025 0.329159 -0.120000
v 1.485025 0.329159 0.120000
v 1.469667 0.329475 -0.120000
v 1.469667 0.329475 0.120000
v 1.454595 0.330423 -0.120000
v 1.454595 0.330423 0.120000
v 1.439806 0.332003 -0.120000
v 1.439806 0.332003 0.120000
v 1.425303 0.334215 -0.120000
v 1.425303 0.334215 0.120000
v 1.411084 0.337059 -0.120000
v 1.411084 0.337059 0.120000
v 1.397150 0.340534 -0.120000
v 1.397150 0.340534 0.120000
v 1.383501 0.344642 -0.120000
v 1.383501 0.344642 0.120000
v 1.370136 0.349382 -0.120000
v 1.370136 0.349382 0.120000
v 1.357056 0.354753 -0.120000
v 1.357056 0.354753 0.120000
v 1.344261 0.360757 -0.120000
v 1.344261 0.360756 0.120000
v 1.331751 0.367392 -0.120000
v 1.331751 0.367392 0.120000
v 1.319525 0.374659 -0.120000
v 1.319525 0.374659 0.120000
v 1.307657 0.382510 -0.120000
v 1.307657 0.382510 0.120000
v 1.296220 0.390895 -0.120000
v 1.296220 0.390895 0.120000
v 1.285213 0.399816 -0.120000
v 1.285213 0.399816 0.120000
v 1.274636 0.409270 -0.120000
v 1.274636 0.409270 0.120000
v 1.264490 0.419260 -0.120000
v 1.264490 0.419260 0.120000
v 1.254775 0.429784 -0.120000
v 1.254775 0.429784 0.120000
v 1.245490 0.440843 -0.120000
v 1.245490 0.440843 0.120000
v 1.236636 0.452437 -0.120000
v 1.236636 0.452437 0.120000
v 1.228213 0.464566 -0.120000
v 1.228213 0.464566 0.120000
v 1.220220 0.477229 -0.120000
v 1.220220 0.477229 0.120000
v 1.212657 0.490427 -0.120000
v 1.212657 0.490427 0.120000
v 1.205525 0.504159 -0.120000
v 1.205525 0.504159 0.120000
v 1.198897 0.518375 -0.120000
v 1.198897 0.518375 0.120000
v 1.192845 0.533020 -0.120000
v 1.192845 0.533020 0.120000
v 1.187369 0.548097 -0.120000
v 1.187369 0.548097 0.120000
v 1.182470 0.563604 -0.120000
v 1.182470 0.563604 0.120000
v 1.178147 0.579541 -0.120000
v 1.178147 0.579541 0.120000
v 1.174400 0.595909 -0.120000
v 1.174400 0.595909 0.120000
v 1.171230 0.612708 -0.120000
v 1.171230 0.612708 0.120000
v 1.168636 0.629937 -0.120000
v 1.168636 0.629937 0.120000
v 1.166619 0.647597 -0.120000
v 1.166619 0.647597 0.120000
v 1.165178 0.665687 -0.120000
v 1.165178 0.665687 0.120000
v 1.164313 0.684208 -0.120000
v 1.164313 0.684208 0.120000
v 1.164025 0.703159 -0.120000
v 1.164025 0.703159 0.120000
v 1.164313 0.722107 -0.120000
v 1.164313 0.722107 0.120000
v 1.165178 0.740618 -0.120000
v 1.165178 0.740618 0.120000
v 1.166619 0.758690 -0.120000
v 1.166619 0.758690 0.120000
v 1.168636 0.776326 -0.120000
v 1.168636 0.776326 0.120000
v 1.171230 0.793524 -0.120000
v 1.171230 0.793524 0.120000
v 1.174400 0.810284 -0.120000
v 1.174400 0.810284 0.120000
v 1.178147 0.826607 -0.120000
v 1.178147 0.826607 0.120000
v 1.182470 0.842493 -0.120000
v 1.182470 0.842493 0.120000
v 1.187369 0.857940 -0.120000
v 1.187369 0.857940 0.120000
v 1.192845 0.872951 -0.120000
v 1.192845 0.872951 0.120000
v 1.198897 0.887524 -0.120000
v 1.198897 0.887524 0.120000
v 1.205525 0.901659 -0.120000
v 1.205525 0.901659 0.120000
v 1.212657 0.915312 -0.120000
v 1.212657 0.915312 0.120000
v 1.220219 0.928437 -0.120000
v 1.220219 0.928437 0.120000
v 1.228212 0.941034 -0.120000
v 1.228212 0.941034 0.120000
v 1.236636 0.953104 -0.120000
v 1.236636 0.953104 0.120000
v 1.245490 0.964645 -0.120000
v 1.245490 0.964645 0.120000
v 1.254775 0.975659 -0.120000
v 1.254775 0.975659 0.120000
v 1.264490 0.986145 -0.120000
v 1.264490 0.986145 0.120000
v 1.274636 0.996104 -0.120000
v 1.274636 0.996104 0.120000
v 1.285213 1.005534 -0.120000
v 1.285213 1.005534 0.120000
v 1.296220 1.014437 -0.120000
v 1.296220 1.014437 0.120000
v 1.307657 1.022812 -0.120000
v 1.307657 1.022812 0.120000
v 1.319525 1.030659 -0.120000
v 1.319525 1.030659 0.120000
v 1.331751 1.037927 -0.120000
v 1.331751 1.037927 0.120000
v 1.344261 1.044562 -0.120000
v 1.344261 1.044562 0.120000
v 1.357056 1.050566 -0.120000
v 1.357056 1.050566 0.120000
v 1.370136 1.055937 -0.120000
v 1.370136 1.055937 0.120000
v 1.383501 1.060677 -0.120000
v 1.383501 1.060677 0.120000
v 1.397150 1.064784 -0.120000
v 1.397150 1.064784 0.120000
v 1.411084 1.068260 -0.120000
v 1.411084 1.068260 0.120000
v 1.425303 1.071104 -0.120000
v 1.425303 1.071104 0.120000
v 1.439806 1.073316 -0.120000
v 1.439806 1.073316 0.120000
v 1.454595 1.074895 -0.120000
v 1.454595 1.074895 0.120000
v 1.469667 1.075843 -0.120000
v 1.469667 1.075843 0.120000
v 1.485025 1.076159 -0.120000
v 1.485025 1.076159 0.120000
v 1.500383 1.075843 -0.120000
v 1.500383 1.075843 0.120000
v 1.515456 1.074896 -0.120000
v 1.515456 1.074896 0.120000
v 1.530244 1.073316 -0.120000
v 1.530244 1.073316 0.120000
v 1.544747 1.071104 -0.120000
v 1.544747 1.071104 0.120000
v 1.558966 1.068260 -0.120000
v 1.558966 1.068260 0.120000
v 1.572900 1.064784 -0.120000
v 1.572900 1.064784 0.120000
v 1.586550 1.060677 -0.120000
v 1.586550 1.060677 0.120000
v 1.599914 1.055937 -0.120000
v 1.599914 1.055937 0.120000
v 1.612994 1.050566 -0.120000
v 1.612994 1.050566 0.120000
v 1.625789 1.044562 -0.120000
v 1.625789 1.044562 0.120000
v 1.638299 1.037927 -0.120000
v 1.638299 1.037927 0.120000
v 1.650525 1.030659 -0.120000
v 1.650525 1.030659 0.120000
v 1.662393 1.022812 -0.120000
v 1.662393 1.022812 0.120000
v 1.673831 1.014437 -0.120000
v 1.673831 1.014437 0.120000
v 1.684837 1.005534 -0.120000
v 1.684837 1.005534 0.120000
v 1.695414 0.996104 -0.120000
v 1.695414 0.996104 0.120000
v 1.705559 0.986145 -0.120000
v 1.705559 0.986145 0.120000
v 1.715274 0.975659 -0.120000
v 1.715274 0.975659 0.120000
v 1.724559 0.964645 -0.120000
v 1.724559 0.964645 0.120000
v 1.733413 0.953104 -0.120000
v 1.733413 0.953104 0.120000
v 1.741837 0.941034 -0.120000
v 1.741837 0.941034 0.120000
v 1.749830 0.928437 -0.120000
v 1.749830 0.928437 0.120000
v 1.757392 0.915312 -0.120000
v 1.757392 0.915312 0.120000
v 1.689025 0.543159 -0.120000
v 1.689025 0.543159 0.120000
v 1.693977 0.554201 -0.120000
v 1.693977 0.554201 0.120000
v 1.698498 0.565659 -0.120000
v 1.698498 0.565659 0.120000
v 1.702588 0.577534 -0.120000
v 1.702588 0.577534 0.120000
v 1.706248 0.589826 -0.120000
v 1.706248 0.589826 0.120000
v 1.709477 0.602534 -0.120000
v 1.709477 0.602534 0.120000
v 1.712276 0.615659 -0.120000
v 1.712276 0.615659 0.120000
v 1.714643 0.629201 -0.120000
v 1.714643 0.629201 0.120000
v 1.716581 0.643159 -0.120000
v 1.716581 0.643159 0.120000
v 1.718088 0.657534 -0.120000
v 1.718088 0.657534 0.120000
v 1.719164 0.672326 -0.120000
v 1.719164 0.672326 0.120000
v 1.719810 0.687534 -0.120000
v 1.719810 0.687534 0.120000
v 1.720025 0.703159 -0.120000
v 1.720025 0.703159 0.120000
v 1.719810 0.718625 -0.120000
v 1.719810 0.718625 0.120000
v 1.719164 0.733687 -0.120000
v 1.719164 0.733687 0.120000
v 1.718088 0.748347 -0.120000
v 1.718088 0.748347 0.120000
v 1.716581 0.762604 -0.120000
v 1.716581 0.762604 0.120000
v 1.714644 0.776458 -0.120000
v 1.714644 0.776458 0.120000
v 1.712276 0.789909 -0.120000
v 1.712276 0.789909 0.120000
v 1.709477 0.802958 -0.120000
v 1.709477 0.802958 0.120000
v 1.706248 0.815604 -0.120000
v 1.706248 0.815604 0.120000
v 1.702589 0.827847 -0.120000
v 1.702589 0.827847 0.120000
v 1.698498 0.839687 -0.120000
v 1.698498 0.839687 0.120000
v 1.693977 0.851125 -0.120000
v 1.693977 0.851125 0.120000
v 1.689025 0.862159 -0.120000
v 1.689025 0.862159 0.120000
v 1.683702 0.872774 -0.120000
v 1.683702 0.872774 0.120000
v 1.678067 0.882951 -0.120000
v 1.678067 0.882951 0.120000
v 1.672119 0.892691 -0.120000
v 1.672119 0.892691 0.120000
v 1.665858 0.901993 -0.120000
v 1.665858 0.901993 0.120000
v 1.659286 0.910857 -0.120000
v 1.659286 0.910857 0.120000
v 1.652400 0.919284 -0.120000
v 1.652400 0.919284 0.120000
v 1.645202 0.927274 -0.120000
v 1.645202 0.927274 0.120000
v 1.637692 0.934826 -0.120000
v 1.637692 0.934826 0.120000
v 1.629869 0.941941 -0.120000
v 1.629869 0.941941 0.120000
v 1.621734 0.948618 -0.120000
v 1.621734 0.948618 0.120000
v 1.613286 0.954857 -0.120000
v 1.613286 0.954857 0.120000
v 1.604525 0.960659 -0.120000
v 1.604525 0.960659 0.120000
v 1.595521 0.966010 -0.120000
v 1.595521 0.966010 0.120000
v 1.586344 0.970895 -0.120000
v 1.586344 0.970895 0.120000
v 1.576993 0.975316 -0.120000
v 1.576993 0.975316 0.120000
v 1.567469 0.979270 -0.120000
v 1.567469 0.979270 0.120000
v 1.557771 0.982760 -0.120000
v 1.557771 0.982760 0.120000
v 1.547900 0.985784 -0.120000
v 1.547900 0.985784 0.120000
v 1.537855 0.988343 -0.120000
v 1.537855 0.988343 0.120000
v 1.527636 0.990437 -0.120000
v 1.527636 0.990437 0.120000
v 1.517243 0.992066 -0.120000
v 1.517243 0.992066 0.120000
v 1.506677 0.993229 -0.120000
v 1.506677 0.993229 0.120000
v 1.495938 0.993927 -0.120000
v 1.495938 0.993927 0.120000
v 1.485025 0.994159 -0.120000
v 1.485025 0.994159 0.120000
v 1.474112 0.993927 -0.120000
v 1.474112 0.993927 0.120000
v 1.463372 0.993229 -0.120000
v 1.463372 0.993229 0.120000
v 1.452806 0.992066 -0.120000
v 1.452806 0.992066 0.120000
v 1.442414 0.990437 -0.120000
v 1.442414 0.990437 0.120000
v 1.432195 0.988343 -0.120000
v 1.432195 0.988343 0.120000
v 1.422150 0.985784 -0.120000
v 1.422150 0.985784 0.120000
v 1.412279 0.982760 -0.120000
v 1.412279 0.982760 0.120000
v 1.402581 0.979270 -0.120000
v 1.402581 0.979270 0.120000
v 1.393056 0.975316 -0.120000
v 1.393056 0.975316 0.120000
v 1.383706 0.970895 -0.120000
v 1.383706 0.970895 0.120000
v 1.374529 0.966010 -0.120000
v 1.374529 0.966010 0.120000
v 1.365525 0.960659 -0.120000
v 1.365525 0.960659 0.120000
v 1.356761 0.954857 -0.120000
v 1.356761 0.954857 0.120000
v 1.348303 0.948618 -0.120000
v 1.348303 0.948618 0.120000
v 1.340150 0.941941 -0.120000
v 1.340150 0.941941 0.120000
v 1.332303 0.934826 -0.120000
v 1.332303 0.934826 0.120000
v 1.324761 0.927274 -0.120000
v 1.324761 0.927274 0.120000
v 1.317525 0.919284 -0.120000
v 1.317525 0.919284 0.120000
v 1.310595 0.910857 -0.120000
v 1.310595 0.910857 0.120000
v 1.303970 0.901993 -0.120000
v 1.303970 0.901993 0.120000
v 1.297650 0.892691 -0.120000
v 1.297650 0.892691 0.120000
v 1.291636 0.882951 -0.120000
v 1.291636 0.882951 0.120000
v 1.285928 0.872774 -0.120000
v 1.285928 0.872774 0.120000
v 1.280525 0.862159 -0.120000
v 1.280525 0.862159 0.120000
v 1.275494 0.851125 -0.120000
v 1.275494 0.851125 0.120000
v 1.270900 0.839687 -0.120000
v 1.270900 0.839687 0.120000
v 1.266744 0.827847 -0.120000
v 1.266744 0.827847 0.120000
v 1.263025 0.815604 -0.120000
v 1.263025 0.815604 0.120000
v 1.259743 0.802958 -0.120000
v 1.259743 0.802958 0.120000
v 1.256900 0.789909 -0.120000
v 1.256900 0.789909 0.120000
v 1.254493 0.776458 -0.120000
v 1.254493 0.776458 0.120000
v 1.252524 0.762604 -0.120000
v 1.252524 0.762604 0.120000
v 1.250993 0.748347 -0.120000
v 1.250993 0.748347 0.120000
v 1.249899 0.733687 -0.120000
v 1.249899 0.733687 0.120000
v 1.249243 0.718624 -0.120000
v 1.249243 0.718624 0.120000
v 1.249025 0.703159 -0.120000
v 1.249025 0.703159 0.120000
v 1.249244 0.687534 -0.120000
v 1.249244 0.687534 0.120000
v 1.249900 0.672326 -0.120000
v 1.249900 0.672326 0.120000
v 1.250994 0.657534 -0.120000
v 1.250994 0.657534 0.120000
v 1.252526 0.643159 -0.120000
v 1.252526 0.643159 0.120000
v 1.254494 0.629201 -0.120000
v 1.254494 0.629201 0.120000
v 1.256901 0.615659 -0.120000
v 1.256901 0.615659 0.120000
v 1.259745 0.602534 -0.120000
v 1.259745 0.602534 0.120000
v 1.263026 0.589826 -0.120000
v 1.263026 0.589826 0.120000
v 1.266745 0.577534 -0.120000
v 1.266745 0.577534 0.120000
v 1.270901 0.565659 -0.120000
v 1.270901 0.565659 0.120000
v 1.275495 0.554201 -0.120000
v 1.275495 0.554201 0.120000
v 1.280525 0.543159 -0.120000
v 1.280525 0.543159 0.120000
v 1.285928 0.532545 -0.120000
v 1.285928 0.532545 0.120000
v 1.291636 0.522368 -0.120000
v 1.291636 0.522368 0.120000
v 1.297650 0.512628 -0.120000
v 1.297650 0.512628 0.120000
v 1.303970 0.503326 -0.120000
v 1.303970 0.503326 0.120000
v 1.310595 0.494461 -0.120000
v 1.310595 0.494461 0.120000
v 1.317525 0.486034 -0.120000
v 1.317525 0.486034 0.120000
v 1.324761 0.478045 -0.120000
v 1.324761 0.478045 0.120000
v 1.332303 0.470493 -0.120000
v 1.332303 0.470493 0.120000
v 1.340150 0.463378 -0.120000
v 1.340150 0.463378 0.120000
v 1.348303 0.456701 -0.120000
v 1.348303 0.456701 0.120000
v 1.356761 0.450461 -0.120000
v 1.356761 0.450461 0.120000
v 1.365525 0.444659 -0.120000
v 1.365525 0.444659 0.120000
v 1.374529 0.439309 -0.120000
v 1.374529 0.439309 0.120000
v 1.383706 0.434423 -0.120000
v 1.383706 0.434423 0.120000
v 1.393056 0.430003 -0.120000
v 1.393056 0.430003 0.120000
v 1.402581 0.426048 -0.120000
v 1.402581 0.426048 0.120000
v 1.412279 0.422559 -0.120000
v 1.412279 0.422559 0.120000
v 1.422150 0.419534 -0.120000
v 1.422150 0.419534 0.120000
v 1.432195 0.416975 -0.120000
v 1.432195 0.416975 0.120000
v 1.442414 0.414882 -0.120000
v 1.442414 0.414881 0.120000
v 1.452806 0.413253 -0.120000
v 1.452806 0.413253 0.120000
v 1.463372 0.412090 -0.120000
v 1.463372 0.412090 0.120000
v 1.474112 0.411392 -0.120000
v 1.474112 0.411392 0.120000
v 1.485025 0.411159 -0.120000
v 1.485025 0.411159 0.120000
v 1.495938 0.411392 -0.120000
v 1.495938 0.411392 0.120000
v 1.506678 0.412090 -0.120000
v 1.506678 0.412090 0.120000
v 1.517244 0.413253 -0.120000
v 1.517244 0.413253 0.120000
v 1.527636 0.414882 -0.120000
v 1.527636 0.414881 0.120000
v 1.537855 0.416975 -0.120000
v 1.537855 0.416975 0.120000
v 1.547900 0.419534 -0.120000
v 1.547900 0.419534 0.120000
v 1.557771 0.422559 -0.120000
v 1.557771 0.422559 0.120000
v 1.567469 0.426048 -0.120000
v 1.567469 0.426048 0.120000
v 1.576993 0.430003 -0.120000
v 1.576993 0.430003 0.120000
v 1.586344 0.434423 -0.120000
v 1.586344 0.434423 0.120000
v 1.595521 0.439309 -0.120000
v 1.595521 0.439309 0.120000
v 1.604525 0.444659 -0.120000
v 1.604525 0.444659 0.120000
v 1.613286 0.450461 -0.120000
v 1.613286 0.450461 0.120000
v 1.621733 0.456701 -0.120000
v 1.621733 0.456701 0.120000
v 1.629869 0.463378 -0.120000
v 1.629869 0.463378 0.120000
v 1.637691 0.470493 -0.120000
v 1.637691 0.470493 0.120000
v 1.645202 0.478045 -0.120000
v 1.645202 0.478045 0.120000
v 1.652400 0.486034 -0.120000
v 1.652400 0.486034 0.120000
v 1.659285 0.494461 -0.120000
v 1.659285 0.494461 0.120000
v 1.665858 0.503326 -0.120000
v 1.665858 0.503326 0.120000
v 1.672118 0.512628 -0.120000
v 1.672118 0.512628 0.120000
v 1.678066 0.522368 -0.120000
v 1.678066 0.522368 0.120000
v 1.683702 0.532545 -0.120000
v 1.683702 0.532545 0.120000
v 2.216025 0.339159 -0.120000
v 2.216025 0.339159 0.120000
v 1.953025 0.339159 -0.120000
v 1.953025 0.339159 0.120000
v 1.953025 1.066159 -0.120000
v 1.953025 1.066159 0.120000
v 2.207025 1.066159 -0.120000
v 2.207025 1.066159 0.120000
v 2.219508 1.065979 -0.120000
v 2.219508 1.065979 0.120000
v 2.231622 1.065437 -0.120000
v 2.231622 1.065437 0.120000
v 2.243369 1.064534 -0.120000
v 2.243369 1.064534 0.120000
v 2.254747 1.063270 -0.120000
v 2.254747 1.063270 0.120000
v 2.265758 1.061645 -0.120000
v 2.265758 1.061645 0.120000
v 2.276400 1.059659 -0.120000
v 2.276400 1.059659 0.120000
v 2.286674 1.057312 -0.120000
v 2.286674 1.057312 0.120000
v 2.296581 1.054604 -0.120000
v 2.296581 1.054604 0.120000
v 2.306119 1.051534 -0.120000
v 2.306119 1.051534 0.120000
v 2.315289 1.048104 -0.120000
v 2.315289 1.048104 0.120000
v 2.324091 1.044312 -0.120000
v 2.324091 1.044312 0.120000
v 2.332525 1.040159 -0.120000
v 2.332525 1.040159 0.120000
v 2.340598 1.035701 -0.120000
v 2.340598 1.035701 0.120000
v 2.348317 1.030993 -0.120000
v 2.348317 1.030993 0.120000
v 2.355681 1.026034 -0.120000
v 2.355681 1.026034 0.120000
v 2.362692 1.020826 -0.120000
v 2.362692 1.020826 0.120000
v 2.369348 1.015368 -0.120000
v 2.369348 1.015368 0.120000
v 2.375650 1.009659 -0.120000
v 2.375650 1.009659 0.120000
v 2.381598 1.003701 -0.120000
v 2.381598 1.003701 0.120000
v 2.387192 0.997493 -0.120000
v 2.387192 0.997493 0.120000
v 2.392431 0.991034 -0.120000
v 2.392431 0.991034 0.120000
v 2.397316 0.984326 -0.120000
v 2.397316 0.984326 0.120000
v 2.401848 0.977368 -0.120000
v 2.401848 0.977368 0.120000
v 2.406025 0.970159 -0.120000
v 2.406025 0.970159 0.120000
v 2.409858 0.962763 -0.120000
v 2.409858 0.962763 0.120000
v 2.413358 0.955243 -0.120000
v 2.413358 0.955243 0.120000
v 2.416525 0.947597 -0.120000
v 2.416525 0.947597 0.120000
v 2.419358 0.939826 -0.120000
v 2.419358 0.939826 0.120000
v 2.421858 0.931930 -0.120000
v 2.421858 0.931930 0.120000
v 2.424025 0.923909 -0.120000
v 2.424025 0.923909 0.120000
v 2.425858 0.915763 -0.120000
v 2.425858 0.915763 0.120000
v 2.427359 0.907493 -0.120000
v 2.427359 0.907493 0.120000
v 2.428525 0.899097 -0.120000
v 2.428525 0.899097 0.120000
v 2.429359 0.890576 -0.120000
v 2.429359 0.890576 0.120000
v 2.429859 0.881930 -0.120000
v 2.429859 0.881930 0.120000
v 2.430025 0.873159 -0.120000
v 2.430025 0.873159 0.120000
v 2.429911 0.865441 -0.120000
v 2.429911 0.865441 0.120000
v 2.429567 0.857951 -0.120000
v 2.429567 0.857951 0.120000
v 2.428994 0.850690 -0.120000
v 2.428994 0.850690 0.120000
v 2.428192 0.843659 -0.120000
v 2.428192 0.843659 0.120000
v 2.427160 0.836857 -0.120000
v 2.427160 0.836857 0.120000
v 2.425900 0.830284 -0.120000
v 2.425900 0.830284 0.120000
v 2.424410 0.823941 -0.120000
v 2.424410 0.823941 0.120000
v 2.422692 0.817826 -0.120000
v 2.422692 0.817826 0.120000
v 2.420744 0.811941 -0.120000
v 2.420744 0.811941 0.120000
v 2.418567 0.806284 -0.120000
v 2.418567 0.806284 0.120000
v 2.416161 0.800857 -0.120000
v 2.416161 0.800857 0.120000
v 2.413525 0.795659 -0.120000
v 2.413525 0.795659 0.120000
v 2.410706 0.790666 -0.120000
v 2.410706 0.790666 0.120000
v 2.407747 0.785854 -0.120000
v 2.407747 0.785854 0.120000
v 2.404650 0.781222 -0.120000
v 2.404650 0.781222 0.120000
v 2.401414 0.776770 -0.120000
v 2.401414 0.776770 0.120000
v 2.398039 0.772500 -0.120000
v 2.398039 0.772500 0.120000
v 2.394525 0.768409 -0.120000
v 2.394525 0.768409 0.120000
v 2.390872 0.764500 -0.120000
v 2.390872 0.764500 0.120000
v 2.387081 0.760770 -0.120000
v 2.387081 0.760770 0.120000
v 2.383150 0.757222 -0.120000
v 2.383150 0.757222 0.120000
v 2.379081 0.753854 -0.120000
v 2.379081 0.753854 0.120000
v 2.374872 0.750666 -0.120000
v 2.374872 0.750666 0.120000
v 2.370525 0.747659 -0.120000
v 2.370525 0.747659 0.120000
v 2.366070 0.744802 -0.120000
v 2.366070 0.744802 0.120000
v 2.361539 0.742062 -0.120000
v 2.361539 0.742062 0.120000
v 2.356931 0.739441 -0.120000
v 2.356931 0.739441 0.120000
v 2.352247 0.736937 -0.120000
v 2.352247 0.736937 0.120000
v 2.347487 0.734552 -0.120000
v 2.347487 0.734552 0.120000
v 2.342650 0.732284 -0.120000
v 2.342650 0.732284 0.120000
v 2.337737 0.730135 -0.120000
v 2.337737 0.730135 0.120000
v 2.332747 0.728104 -0.120000
v 2.332747 0.728104 0.120000
v 2.327681 0.726191 -0.120000
v 2.327681 0.726191 0.120000
v 2.322539 0.724395 -0.120000
v 2.322539 0.724395 0.120000
v 2.317320 0.722718 -0.120000
v 2.317320 0.722718 0.120000
v 2.312025 0.721159 -0.120000
v 2.312025 0.721159 0.120000
v 2.312025 0.714159 -0.120000
v 2.312025 0.714159 0.120000
v 2.317688 0.713691 -0.120000
v 2.317688 0.713691 0.120000
v 2.323344 0.712951 -0.120000
v 2.323344 0.712951 0.120000
v 2.328993 0.711941 -0.120000
v 2.328993 0.711941 0.120000
v 2.334636 0.710659 -0.120000
v 2.334636 0.710659 0.120000
v 2.340271 0.709107 -0.120000
v 2.340271 0.709107 0.120000
v 2.345900 0.707284 -0.120000
v 2.345900 0.707284 0.120000
v 2.351521 0.705191 -0.120000
v 2.351521 0.705191 0.120000
v 2.357136 0.702826 -0.120000
v 2.357136 0.702826 0.120000
v 2.362743 0.700191 -0.120000
v 2.362743 0.700191 0.120000
v 2.368344 0.697284 -0.120000
v 2.368344 0.697284 0.120000
v 2.373938 0.694107 -0.120000
v 2.373938 0.694107 0.120000
v 2.379525 0.690659 -0.120000
v 2.379525 0.690659 0.120000
v 2.385036 0.686951 -0.120000
v 2.385036 0.686951 0.120000
v 2.390400 0.682993 -0.120000
v 2.390400 0.682993 0.120000
v 2.395618 0.678784 -0.120000
v 2.395618 0.678784 0.120000
v 2.400692 0.674326 -0.120000
v 2.400692 0.674326 0.120000
v 2.405619 0.669618 -0.120000
v 2.405619 0.669618 0.120000
v 2.410400 0.664659 -0.120000
v 2.410400 0.664659 0.120000
v 2.415035 0.659451 -0.120000
v 2.415035 0.659451 0.120000
v 2.419525 0.653993 -0.120000
v 2.419525 0.653993 0.120000
v 2.423869 0.648284 -0.120000
v 2.423869 0.648284 0.120000
v 2.428067 0.642326 -0.120000
v 2.428067 0.642326 0.120000
v 2.432119 0.636118 -0.120000
v 2.432119 0.636118 0.120000
v 2.436025 0.629659 -0.120000
v 2.436025 0.629659 0.120000
v 2.439699 0.622947 -0.120000
v 2.439699 0.622947 0.120000
v 2.443053 0.615979 -0.120000
v 2.443053 0.615979 0.120000
v 2.446087 0.608753 -0.120000
v 2.446087 0.608753 0.120000
v 2.448802 0.601270 -0.120000
v 2.448802 0.601270 0.120000
v 2.451198 0.593531 -0.120000
v 2.451198 0.593531 0.120000
v 2.453274 0.585534 -0.120000
v 2.453274 0.585534 0.120000
v 2.455031 0.577281 -0.120000
v 2.455031 0.577281 0.120000
v 2.456469 0.568770 -0.120000
v 2.456469 0.568770 0.120000
v 2.457587 0.560003 -0.120000
v 2.457587 0.560003 0.120000
v 2.458386 0.550979 -0.120000
v 2.458386 0.550979 0.120000
v 2.458865 0.541698 -0.120000
v 2.458865 0.541698 0.120000
v 2.459025 0.532159 -0.120000
v 2.459025 0.532159 0.120000
v 2.458851 0.523072 -0.120000
v 2.458851 0.523072 0.120000
v 2.458331 0.514145 -0.120000
v 2.458331 0.514145 0.120000
v 2.457463 0.505378 -0.120000
v 2.457463 0.505378 0.120000
v 2.456247 0.496770 -0.120000
v 2.456247 0.496770 0.120000
v 2.454685 0.488322 -0.120000
v 2.454685 0.488322 0.120000
v 2.452775 0.480034 -0.120000
v 2.452775 0.480034 0.120000
v 2.450518 0.471906 -0.120000
v 2.450518 0.471906 0.120000
v 2.447914 0.463937 -0.120000
v 2.447914 0.463937 0.120000
v 2.444963 0.456128 -0.120000
v 2.444963 0.456128 0.120000
v 2.441664 0.448479 -0.120000
v 2.441664 0.448479 0.120000
v 2.438018 0.440989 -0.120000
v 2.438018 0.440989 0.120000
v 2.434025 0.433659 -0.120000
v 2.434025 0.433659 0.120000
v 2.429661 0.426534 -0.120000
v 2.429661 0.426534 0.120000
v 2.424901 0.419659 -0.120000
v 2.424901 0.419659 0.120000
v 2.419744 0.413034 -0.120000
v 2.419744 0.413034 0.120000
v 2.414192 0.406659 -0.120000
v 2.414192 0.406659 0.120000
v 2.408244 0.400534 -0.120000
v 2.408244 0.400534 0.120000
v 2.401900 0.394659 -0.120000
v 2.401900 0.394659 0.120000
v 2.395161 0.389034 -0.120000
v 2.395161 0.389034 0.120000
v 2.388025 0.383659 -0.120000
v 2.388025 0.383659 0.120000
v 2.380494 0.378534 -0.120000
v 2.380494 0.378534 0.120000
v 2.372567 0.373659 -0.120000
v 2.372567 0.373659 0.120000
v 2.364244 0.369034 -0.120000
v 2.364244 0.369034 0.120000
v 2.355525 0.364659 -0.120000
v 2.355525 0.364659 0.120000
v 2.346383 0.360586 -0.120000
v 2.346383 0.360586 0.120000
v 2.336789 0.356868 -0.120000
v 2.336789 0.356868 0.120000
v 2.326744 0.353503 -0.120000
v 2.326744 0.353503 0.120000
v 2.316247 0.350493 -0.120000
v 2.316247 0.350493 0.120000
v 2.305300 0.347836 -0.120000
v 2.305300 0.347836 0.120000
v 2.293900 0.345534 -0.120000
v 2.293900 0.345534 0.120000
v 2.282050 0.343586 -0.120000
v 2.282050 0.343586 0.120000
v 2.269748 0.341993 -0.120000
v 2.269748 0.341993 0.120000
v 2.256994 0.340753 -0.120000
v 2.256994 0.340753 0.120000
v 2.243789 0.339868 -0.120000
v 2.243789 0.339868 0.120000
v 2.230133 0.339336 -0.120000
v 2.230133 0.339336 0.120000
v 2.041025 0.670159 -0.120000
v 2.041025 0.670159 0.120000
v 2.041025 0.417159 -0.120000
v 2.041025 0.417159 0.120000
v 2.216025 0.417159 -0.120000
v 2.216025 0.417159 0.120000
v 2.230014 0.417392 -0.120000
v 2.230014 0.417392 0.120000
v 2.243317 0.418090 -0.120000
v 2.243317 0.418090 0.120000
v 2.255931 0.419253 -0.120000
v 2.255931 0.419253 0.120000
v 2.267859 0.420882 -0.120000
v 2.267859 0.420882 0.120000
v 2.279098 0.422975 -0.120000
v 2.279098 0.422975 0.120000
v 2.289650 0.425534 -0.120000
v 2.289650 0.425534 0.120000
v 2.299515 0.428559 -0.120000
v 2.299515 0.428559 0.120000
v 2.308692 0.432048 -0.120000
v 2.308692 0.432048 0.120000
v 2.317182 0.436003 -0.120000
v 2.317182 0.436003 0.120000
v 2.324984 0.440423 -0.120000
v 2.324984 0.440423 0.120000
v 2.332098 0.445309 -0.120000
v 2.332098 0.445309 0.120000
v 2.338525 0.450659 -0.120000
v 2.338525 0.450659 0.120000
v 2.344355 0.456343 -0.120000
v 2.344355 0.456343 0.120000
v 2.349678 0.462229 -0.120000
v 2.349678 0.462229 0.120000
v 2.354494 0.468316 -0.120000
v 2.354494 0.468316 0.120000
v 2.358803 0.474604 -0.120000
v 2.358803 0.474604 0.120000
v 2.362606 0.481093 -0.120000
v 2.362606 0.481093 0.120000
v 2.365901 0.487784 -0.120000
v 2.365901 0.487784 0.120000
v 2.368689 0.494677 -0.120000
v 2.368689 0.494677 0.120000
v 2.370970 0.501770 -0.120000
v 2.370970 0.501770 0.120000
v 2.372744 0.509066 -0.120000
v 2.372744 0.509066 0.120000
v 2.374012 0.516562 -0.120000
v 2.374012 0.516562 0.120000
v 2.374772 0.524260 -0.120000
v 2.374772 0.524260 0.120000
v 2.375025 0.532159 -0.120000
v 2.375025 0.532159 0.120000
v 2.374893 0.538288 -0.120000
v 2.374893 0.538288 0.120000
v 2.374497 0.544340 -0.120000
v 2.374497 0.544340 0.120000
v 2.373837 0.550316 -0.120000
v 2.373837 0.550316 0.120000
v 2.372914 0.556215 -0.120000
v 2.372914 0.556215 0.120000
v 2.371727 0.562038 -0.120000
v 2.371727 0.562038 0.120000
v 2.370275 0.567784 -0.120000
v 2.370275 0.567784 0.120000
v 2.368560 0.573454 -0.120000
v 2.368560 0.573454 0.120000
v 2.366580 0.579048 -0.120000
v 2.366580 0.579048 0.120000
v 2.364337 0.584566 -0.120000
v 2.364337 0.584566 0.120000
v 2.361831 0.590007 -0.120000
v 2.361831 0.590007 0.120000
v 2.359060 0.595371 -0.120000
v 2.359060 0.595371 0.120000
v 2.356025 0.600659 -0.120000
v 2.356025 0.600659 0.120000
v 2.352751 0.605822 -0.120000
v 2.352751 0.605822 0.120000
v 2.349261 0.610812 -0.120000
v 2.349261 0.610812 0.120000
v 2.345556 0.615628 -0.120000
v 2.345556 0.615628 0.120000
v 2.341636 0.620270 -0.120000
v 2.341636 0.620270 0.120000
v 2.337501 0.624739 -0.120000
v 2.337501 0.624739 0.120000
v 2.333150 0.629034 -0.120000
v 2.333150 0.629034 0.120000
v 2.328584 0.633156 -0.120000
v 2.328584 0.633156 0.120000
v 2.323802 0.637104 -0.120000
v 2.323802 0.637104 0.120000
v 2.318806 0.640878 -0.120000
v 2.318806 0.640878 0.120000
v 2.313594 0.644479 -0.120000
v 2.313594 0.644479 0.120000
v 2.308167 0.647906 -0.120000
v 2.308167 0.647906 0.120000
v 2.302525 0.651159 -0.120000
v 2.302525 0.651159 0.120000
v 2.296681 0.654194 -0.120000
v 2.296681 0.654194 0.120000
v 2.290650 0.656965 -0.120000
v 2.290650 0.656965 0.120000
v 2.284431 0.659472 -0.120000
v 2.284431 0.659472 0.120000
v 2.278025 0.661715 -0.120000
v 2.278025 0.661715 0.120000
v 2.271431 0.663694 -0.120000
v 2.271431 0.663694 0.120000
v 2.264650 0.665409 -0.120000
v 2.264650 0.665409 0.120000
v 2.257681 0.666861 -0.120000
v 2.257681 0.666861 0.120000
v 2.250525 0.668048 -0.120000
v 2.250525 0.668048 0.120000
v 2.243181 0.668972 -0.120000
v 2.243181 0.668972 0.120000
v 2.235650 0.669631 -0.120000
v 2.235650 0.669631 0.120000
v 2.227931 0.670027 -0.120000
v 2.227931 0.670027 0.120000
v 2.220025 0.670159 -0.120000
v 2.220025 0.670159 0.120000
v 2.041025 0.988159 -0.120000
v 2.041025 0.988159 0.120000
v 2.041025 0.747159 -0.120000
v 2.041025 0.747159 0.120000
v 2.204025 0.747159 -0.120000
v 2.204025 0.747159 0.120000
v 2.210640 0.747267 -0.120000
v 2.210640 0.747267 0.120000
v 2.217150 0.747590 -0.120000
v 2.217150 0.747590 0.120000
v 2.223557 0.748128 -0.120000
v 2.223557 0.748128 0.120000
v 2.229858 0.748882 -0.120000
v 2.229858 0.748882 0.120000
v 2.236056 0.749850 -0.120000
v 2.236056 0.749850 0.120000
v 2.242150 0.751034 -0.120000
v 2.242150 0.751034 0.120000
v 2.248139 0.752434 -0.120000
v 2.248139 0.752434 0.120000
v 2.254025 0.754048 -0.120000
v 2.254025 0.754048 0.120000
v 2.259806 0.755878 -0.120000
v 2.259806 0.755878 0.120000
v 2.265483 0.757923 -0.120000
v 2.265483 0.757923 0.120000
v 2.271056 0.760184 -0.120000
v 2.271056 0.760184 0.120000
v 2.276525 0.762659 -0.120000
v 2.276525 0.762659 0.120000
v 2.281848 0.765333 -0.120000
v 2.281848 0.765333 0.120000
v 2.286983 0.768187 -0.120000
v 2.286983 0.768187 0.120000
v 2.291932 0.771222 -0.120000
v 2.291932 0.771222 0.120000
v 2.296692 0.774437 -0.120000
v 2.296692 0.774437 0.120000
v 2.301265 0.777833 -0.120000
v 2.301265 0.777833 0.120000
v 2.305650 0.781409 -0.120000
v 2.305650 0.781409 0.120000
v 2.309848 0.785166 -0.120000
v 2.309848 0.785166 0.120000
v 2.313859 0.789104 -0.120000
v 2.313859 0.789104 0.120000
v 2.317681 0.793222 -0.120000
v 2.317681 0.793222 0.120000
v 2.321317 0.797520 -0.120000
v 2.321317 0.797520 0.120000
v 2.324765 0.802000 -0.120000
v 2.324765 0.802000 0.120000
v 2.328025 0.806659 -0.120000
v 2.328025 0.806659 0.120000
v 2.331059 0.811475 -0.120000
v 2.331059 0.811475 0.120000
v 2.333830 0.816423 -0.120000
v 2.333830 0.816423 0.120000
v 2.336337 0.821503 -0.120000
v 2.336337 0.821503 0.120000
v 2.338580 0.826715 -0.120000
v 2.338580 0.826715 0.120000
v 2.340559 0.832059 -0.120000
v 2.340559 0.832059 0.120000
v 2.342275 0.837534 -0.120000
v 2.342275 0.837534 0.120000
v 2.343726 0.843142 -0.120000
v 2.343726 0.843142 0.120000
v 2.344913 0.848881 -0.120000
v 2.344913 0.848881 0.120000
v 2.345837 0.854753 -0.120000
v 2.345837 0.854753 0.120000
v 2.346497 0.860757 -0.120000
v 2.346497 0.860757 0.120000
v 2.346893 0.866892 -0.120000
v 2.346893 0.866892 0.120000
v 2.347025 0.873159 -0.120000
v 2.347025 0.873159 0.120000
v 2.346792 0.881059 -0.120000
v 2.346792 0.881059 0.120000
v 2.346094 0.888757 -0.120000
v 2.346094 0.888757 0.120000
v 2.344931 0.896253 -0.120000
v 2.344931 0.896253 0.120000
v 2.343303 0.903548 -0.120000
v 2.343303 0.903548 0.120000
v 2.341209 0.910642 -0.120000
v 2.341209 0.910642 0.120000
v 2.338650 0.917534 -0.120000
v 2.338650 0.917534 0.120000
v 2.335626 0.924225 -0.120000
v 2.335626 0.924225 0.120000
v 2.332136 0.930715 -0.120000
v 2.332136 0.930715 0.120000
v 2.328181 0.937003 -0.120000
v 2.328181 0.937003 0.120000
v 2.323761 0.943090 -0.120000
v 2.323761 0.943090 0.120000
v 2.318876 0.948975 -0.120000
v 2.318876 0.948975 0.120000
v 2.313525 0.954659 -0.120000
v 2.313525 0.954659 0.120000
v 2.307667 0.960010 -0.120000
v 2.307667 0.960010 0.120000
v 2.301261 0.964895 -0.120000
v 2.301261 0.964895 0.120000
v 2.294306 0.969316 -0.120000
v 2.294306 0.969316 0.120000
v 2.286803 0.973271 -0.120000
v 2.286803 0.973271 0.120000
v 2.278751 0.976760 -0.120000
v 2.278751 0.976760 0.120000
v 2.270150 0.979784 -0.120000
v 2.270150 0.979784 0.120000
v 2.261001 0.982343 -0.120000
v 2.261001 0.982343 0.120000
v 2.251303 0.984437 -0.120000
v 2.251303 0.984437 0.120000
v 2.241057 0.986066 -0.120000
v 2.241057 0.986066 0.120000
v 2.230262 0.987229 -0.120000
v 2.230262 0.987229 0.120000
v 2.218918 0.987927 -0.120000
v 2.218918 0.987927 0.120000
v 2.207025 0.988159 -0.120000
v 2.207025 0.988159 0.120000
vn -0.0000 -0.0000 1.0000
vn -0.0000 -0.0000 -1.0000
vn -0.7071 0.7071 -0.0000
vn -0.7071 -0.7071 -0.0000
vn 0.7071 0.7071 -0.0000
vn -0.4631 0.8863 -0.0000
vn -0.4630 0.8863 -0.0000
vn 0.7071 -0.7071 -0.0000
vn 0.4632 -0.8862 -0.0000
vn -0.4477 -0.8942 -0.0000
vn 0.8937 -0.4486 -0.0000
vn 0.8937 -0.4487 -0.0000
vn -0.4476 -0.8942 -0.0000
vn -0.4001 0.9165 -0.0000
vn 0.9159 0.4014 -0.0000
vn 0.9986 -0.0521 -0.0000
vn 0.8769 0.4807 -0.0000
vn 0.8613 0.5081 -0.0000
vn 0.8918 0.4524 -0.0000
vn 0.9057 0.4240 -0.0000
vn 0.9185 0.3955 -0.0000
vn 0.9302 0.3671 -0.0000
vn 0.9409 0.3388 -0.0000
vn 0.9505 0.3107 -0.0000
vn 0.9591 0.2829 -0.0000
vn 0.9668 0.2555 -0.0000
vn 0.9736 0.2285 -0.0000
vn 0.9794 0.2019 -0.0000
vn 0.7709 -0.6369 -0.0000
vn -0.6248 -0.7808 -0.0000
vn 0.7710 -0.6369 -0.0000
vn -0.9725 -0.2329 -0.0000
vn -0.9655 -0.2603 -0.0000
vn -0.9576 -0.2881 -0.0000
vn -0.9656 -0.2602 -0.0000
vn -0.9487 -0.3163 -0.0000
vn -0.9576 -0.2880 -0.0000
vn -0.9386 -0.3449 -0.0000
vn -0.9275 -0.3738 -0.0000
vn -0.9386 -0.3450 -0.0000
vn -0.9152 -0.4029 -0.0000
vn -0.9275 -0.3739 -0.0000
vn -0.9018 -0.4322 -0.0000
vn -0.9152 -0.4030 -0.0000
vn -0.8872 -0.4614 -0.0000
vn -0.8714 -0.4905 -0.0000
vn -0.8545 -0.5194 -0.0000
vn -0.8370 -0.5472 -0.0000
vn -0.8197 -0.5728 -0.0000
vn -0.8370 -0.5471 -0.0000
vn -0.8020 -0.5973 -0.0000
vn -0.7834 -0.6216 -0.0000
vn -0.7637 -0.6455 -0.0000
vn -0.7833 -0.6216 -0.0000
vn -0.7432 -0.6691 -0.0000
vn -0.7218 -0.6921 -0.0000
vn -0.6996 -0.7145 -0.0000
vn -0.6766 -0.7363 -0.0000
vn -0.6530 -0.7574 -0.0000
vn -0.6286 -0.7777 -0.0000
vn -0.6529 -0.7574 -0.0000
vn -0.6038 -0.7972 -0.0000
vn -0.5792 -0.8152 -0.0000
vn -0.6038 -0.7971 -0.0000
vn -0.5556 -0.8315 -0.0000
vn -0.5322 -0.8466 -0.0000
vn -0.5085 -0.8611 -0.0000
vn -0.4844 -0.8749 -0.0000
vn -0.4600 -0.8879 -0.0000
vn -0.4844 -0.8748 -0.0000
vn -0.4354 -0.9002 -0.0000
vn -0.4106 -0.9118 -0.0000
vn -0.3857 -0.9226 -0.0000
vn -0.3607 -0.9327 -0.0000
vn -0.3358 -0.9419 -0.0000
vn -0.3109 -0.9505 -0.0000
vn -0.2864 -0.9581 -0.0000
vn -0.2624 -0.9650 -0.0000
vn -0.2386 -0.9711 -0.0000
vn -0.2147 -0.9767 -0.0000
vn -0.1906 -0.9817 -0.0000
vn -0.1665 -0.9860 -0.0000
vn -0.1424 -0.9898 -0.0000
vn -0.1184 -0.9930 -0.0000
vn -0.0944 -0.9955 -0.0000
vn -0.0705 -0.9975 -0.0000
vn -0.0468 -0.9989 -0.0000
vn -0.0233 -0.9997 -0.0000
vn 0.0049 -1.0000 -0.0000
vn 0.0431 -0.9991 -0.0000
vn 0.0872 -0.9962 -0.0000
vn 0.1322 -0.9912 -0.0000
vn 0.1778 -0.9841 -0.0000
vn 0.2239 -0.9746 -0.0000
vn 0.2700 -0.9629 -0.0000
vn 0.3158 -0.9488 -0.0000
vn 0.3611 -0.9325 -0.0000
vn 0.4055 -0.9141 -0.0000
vn 0.4488 -0.8936 -0.0000
vn 0.4056 -0.9141 -0.0000
vn 0.4905 -0.8714 -0.0000
vn 0.5316 -0.8470 -0.0000
vn 0.5730 -0.8195 -0.0000
vn 0.6138 -0.7894 -0.0000
vn 0.6528 -0.7575 -0.0000
vn 0.6898 -0.7240 -0.0000
vn 0.6529 -0.7575 -0.0000
vn 0.7246 -0.6892 -0.0000
vn 0.6899 -0.7239 -0.0000
vn 0.7570 -0.6534 -0.0000
vn 0.7869 -0.6171 -0.0000
vn 0.8143 -0.5804 -0.0000
vn 0.8392 -0.5438 -0.0000
vn 0.8617 -0.5074 -0.0000
vn 0.8819 -0.4715 -0.0000
vn 0.9007 -0.4343 -0.0000
vn 0.9192 -0.3939 -0.0000
vn 0.9008 -0.4343 -0.0000
vn 0.9360 -0.3520 -0.0000
vn 0.9504 -0.3110 -0.0000
vn 0.9626 -0.2710 -0.0000
vn 0.9727 -0.2321 -0.0000
vn 0.9626 -0.2709 -0.0000
vn 0.9809 -0.1946 -0.0000
vn 0.9874 -0.1584 -0.0000
vn 0.9809 -0.1945 -0.0000
vn 0.9923 -0.1238 -0.0000
vn 0.9959 -0.0906 -0.0000
vn 0.9983 -0.0590 -0.0000
vn 0.9996 -0.0288 -0.0000
vn 1.0000 -0.0001 -0.0000
vn 0.9996 0.0286 -0.0000
vn 0.9983 0.0584 -0.0000
vn 0.9996 0.0285 -0.0000
vn 0.9960 0.0898 -0.0000
vn 0.9924 0.1228 -0.0000
vn 0.9875 0.1573 -0.0000
vn 0.9811 0.1934 -0.0000
vn 0.9730 0.2309 -0.0000
vn 0.9629 0.2698 -0.0000
vn 0.9507 0.3100 -0.0000
vn 0.9362 0.3513 -0.0000
vn 0.9193 0.3935 -0.0000
vn 0.9363 0.3513 -0.0000
vn 0.9008 0.4342 -0.0000
vn 0.8819 0.4715 -0.0000
vn 0.8617 0.5074 -0.0000
vn 0.8392 0.5438 -0.0000
vn 0.8143 0.5804 -0.0000
vn 0.7869 0.6171 -0.0000
vn 0.7570 0.6534 -0.0000
vn 0.7246 0.6892 -0.0000
vn 0.6899 0.7239 -0.0000
vn 0.6529 0.7575 -0.0000
vn 0.6898 0.7240 -0.0000
vn 0.6138 0.7894 -0.0000
vn 0.6528 0.7575 -0.0000
vn 0.5730 0.8195 -0.0000
vn 0.5316 0.8470 -0.0000
vn 0.4905 0.8714 -0.0000
vn 0.4488 0.8936 -0.0000
vn 0.4055 0.9141 -0.0000
vn 0.4488 0.8937 -0.0000
vn 0.3611 0.9325 -0.0000
vn 0.3158 0.9488 -0.0000
vn 0.2700 0.9629 -0.0000
vn 0.2239 0.9746 -0.0000
vn 0.1778 0.9841 -0.0000
vn 0.1322 0.9912 -0.0000
vn 0.0872 0.9962 -0.0000
vn 0.0431 0.9991 -0.0000
vn 0.0049 1.0000 -0.0000
vn -0.0233 0.9997 -0.0000
vn -0.0468 0.9989 -0.0000
vn -0.0705 0.9975 -0.0000
vn -0.0944 0.9955 -0.0000
vn -0.1184 0.9930 -0.0000
vn -0.1424 0.9898 -0.0000
vn -0.1665 0.9860 -0.0000
vn -0.1906 0.9817 -0.0000
vn -0.2147 0.9767 -0.0000
vn -0.2386 0.9711 -0.0000
vn -0.2624 0.9650 -0.0000
vn -0.2866 0.9580 -0.0000
vn -0.3119 0.9501 -0.0000
vn -0.3379 0.9412 -0.0000
vn -0.3639 0.9314 -0.0000
vn -0.3898 0.9209 -0.0000
vn -0.4157 0.9095 -0.0000
vn -0.4413 0.8973 -0.0000
vn -0.4668 0.8844 -0.0000
vn -0.4919 0.8706 -0.0000
vn -0.5167 0.8562 -0.0000
vn -0.4919 0.8707 -0.0000
vn -0.5410 0.8410 -0.0000
vn -0.5649 0.8252 -0.0000
vn -0.5885 0.8085 -0.0000
vn -0.5648 0.8252 -0.0000
vn -0.6123 0.7906 -0.0000
vn -0.6361 0.7716 -0.0000
vn -0.6593 0.7519 -0.0000
vn -0.6820 0.7314 -0.0000
vn -0.7040 0.7102 -0.0000
vn -0.7253 0.6884 -0.0000
vn -0.7460 0.6660 -0.0000
vn -0.7254 0.6884 -0.0000
vn -0.7658 0.6431 -0.0000
vn -0.7848 0.6198 -0.0000
vn -0.8029 0.5961 -0.0000
vn -0.8201 0.5722 -0.0000
vn -0.8369 0.5473 -0.0000
vn -0.8539 0.5205 -0.0000
vn -0.8703 0.4926 -0.0000
vn -0.8857 0.4643 -0.0000
vn -0.9000 0.4358 -0.0000
vn -0.9133 0.4073 -0.0000
vn -0.9255 0.3787 -0.0000
vn -0.9133 0.4072 -0.0000
vn -0.9367 0.3502 -0.0000
vn -0.9255 0.3786 -0.0000
vn -0.9468 0.3218 -0.0000
vn -0.9367 0.3501 -0.0000
vn -0.9559 0.2937 -0.0000
vn -0.9640 0.2658 -0.0000
vn -0.9712 0.2384 -0.0000
vn -0.9640 0.2659 -0.0000
vn -0.6226 0.7826 -0.0000
vn 0.7720 0.6356 -0.0000
vn -0.6226 0.7825 -0.0000
vn 0.9788 -0.2050 -0.0000
vn 0.9728 -0.2315 -0.0000
vn 0.9661 -0.2583 -0.0000
vn 0.9584 -0.2854 -0.0000
vn 0.9498 -0.3128 -0.0000
vn 0.9403 -0.3403 -0.0000
vn 0.9299 -0.3679 -0.0000
vn 0.9185 -0.3955 -0.0000
vn 0.9061 -0.4230 -0.0000
vn 0.8928 -0.4504 -0.0000
vn 0.8786 -0.4776 -0.0000
vn 0.8636 -0.5042 -0.0000
vn 0.8480 -0.5300 -0.0000
vn 0.8315 -0.5555 -0.0000
vn 0.8480 -0.5301 -0.0000
vn 0.8140 -0.5808 -0.0000
vn 0.7956 -0.6059 -0.0000
vn 0.7761 -0.6306 -0.0000
vn 0.7955 -0.6059 -0.0000
vn 0.7557 -0.6550 -0.0000
vn 0.7343 -0.6788 -0.0000
vn 0.7557 -0.6549 -0.0000
vn 0.7121 -0.7020 -0.0000
vn 0.6892 -0.7246 -0.0000
vn 0.6654 -0.7465 -0.0000
vn 0.6891 -0.7246 -0.0000
vn 0.6410 -0.7675 -0.0000
vn 0.6166 -0.7873 -0.0000
vn 0.5928 -0.8053 -0.0000
vn 0.5690 -0.8223 -0.0000
vn 0.5447 -0.8386 -0.0000
vn 0.5199 -0.8542 -0.0000
vn 0.4948 -0.8690 -0.0000
vn 0.5200 -0.8542 -0.0000
vn 0.4693 -0.8830 -0.0000
vn 0.4435 -0.8963 -0.0000
vn 0.4176 -0.9086 -0.0000
vn 0.3915 -0.9202 -0.0000
vn 0.3654 -0.9308 -0.0000
vn 0.3393 -0.9407 -0.0000
vn 0.3131 -0.9497 -0.0000
vn 0.2865 -0.9581 -0.0000
vn 0.2597 -0.9657 -0.0000
vn 0.2329 -0.9725 -0.0000
vn 0.2060 -0.9785 -0.0000
vn 0.2328 -0.9725 -0.0000
vn 0.1793 -0.9838 -0.0000
vn 0.1528 -0.9883 -0.0000
vn 0.1265 -0.9920 -0.0000
vn 0.1005 -0.9949 -0.0000
vn 0.0748 -0.9972 -0.0000
vn 0.0495 -0.9988 -0.0000
vn 0.0245 -0.9997 -0.0000
vn -0.0042 -1.0000 -0.0000
vn -0.0417 -0.9991 -0.0000
vn -0.0845 -0.9964 -0.0000
vn -0.1285 -0.9917 -0.0000
vn -0.1735 -0.9848 -0.0000
vn -0.2191 -0.9757 -0.0000
vn -0.2652 -0.9642 -0.0000
vn -0.3113 -0.9503 -0.0000
vn -0.3572 -0.9340 -0.0000
vn -0.4024 -0.9154 -0.0000
vn -0.4468 -0.8946 -0.0000
vn -0.4899 -0.8718 -0.0000
vn -0.5315 -0.8471 -0.0000
vn -0.5717 -0.8205 -0.0000
vn -0.6106 -0.7919 -0.0000
vn -0.6482 -0.7614 -0.0000
vn -0.6842 -0.7293 -0.0000
vn -0.7184 -0.6956 -0.0000
vn -0.7505 -0.6608 -0.0000
vn -0.7805 -0.6251 -0.0000
vn -0.8083 -0.5888 -0.0000
vn -0.8337 -0.5522 -0.0000
vn -0.8082 -0.5888 -0.0000
vn -0.8568 -0.5156 -0.0000
vn -0.8777 -0.4791 -0.0000
vn -0.8971 -0.4418 -0.0000
vn -0.9155 -0.4024 -0.0000
vn -0.8971 -0.4419 -0.0000
vn -0.9323 -0.3617 -0.0000
vn -0.9469 -0.3214 -0.0000
vn -0.9595 -0.2816 -0.0000
vn -0.9702 -0.2425 -0.0000
vn -0.9789 -0.2043 -0.0000
vn -0.9701 -0.2425 -0.0000
vn -0.9859 -0.1672 -0.0000
vn -0.9914 -0.1312 -0.0000
vn -0.9953 -0.0965 -0.0000
vn -0.9980 -0.0630 -0.0000
vn -0.9995 -0.0309 -0.0000
vn -1.0000 -0.0000 -0.0000
vn -0.9995 0.0309 -0.0000
vn -0.9980 0.0631 -0.0000
vn -0.9953 0.0966 -0.0000
vn -0.9913 0.1314 -0.0000
vn -0.9859 0.1675 -0.0000
vn -0.9788 0.2048 -0.0000
vn -0.9700 0.2432 -0.0000
vn -0.9593 0.2825 -0.0000
vn -0.9465 0.3226 -0.0000
vn -0.9317 0.3632 -0.0000
vn -0.9147 0.4041 -0.0000
vn -0.8961 0.4439 -0.0000
vn -0.9147 0.4042 -0.0000
vn -0.8766 0.4812 -0.0000
vn -0.8556 0.5176 -0.0000
vn -0.8324 0.5542 -0.0000
vn -0.8069 0.5906 -0.0000
vn -0.7792 0.6268 -0.0000
vn -0.7493 0.6623 -0.0000
vn -0.7172 0.6968 -0.0000
vn -0.6832 0.7302 -0.0000
vn -0.6474 0.7622 -0.0000
vn -0.6100 0.7924 -0.0000
vn -0.5713 0.8207 -0.0000
vn -0.5314 0.8471 -0.0000
vn -0.4899 0.8718 -0.0000
vn -0.4468 0.8946 -0.0000
vn -0.4024 0.9154 -0.0000
vn -0.3572 0.9340 -0.0000
vn -0.3113 0.9503 -0.0000
vn -0.2652 0.9642 -0.0000
vn -0.2191 0.9757 -0.0000
vn -0.1735 0.9848 -0.0000
vn -0.1285 0.9917 -0.0000
vn -0.0845 0.9964 -0.0000
vn -0.0417 0.9991 -0.0000
vn -0.0042 1.0000 -0.0000
vn 0.0245 0.9997 -0.0000
vn 0.0495 0.9988 -0.0000
vn 0.0748 0.9972 -0.0000
vn 0.1005 0.9949 -0.0000
vn 0.1265 0.9920 -0.0000
vn 0.1528 0.9883 -0.0000
vn 0.1793 0.9838 -0.0000
vn 0.2060 0.9785 -0.0000
vn 0.2329 0.9725 -0.0000
vn 0.2597 0.9657 -0.0000
vn 0.2328 0.9725 -0.0000
vn 0.2866 0.9581 -0.0000
vn 0.3131 0.9497 -0.0000
vn 0.2865 0.9581 -0.0000
vn 0.3393 0.9407 -0.0000
vn 0.3654 0.9308 -0.0000
vn 0.3915 0.9202 -0.0000
vn 0.4176 0.9086 -0.0000
vn 0.4435 0.8963 -0.0000
vn 0.4693 0.8830 -0.0000
vn 0.4948 0.8690 -0.0000
vn 0.5200 0.8542 -0.0000
vn 0.5447 0.8386 -0.0000
vn 0.5199 0.8542 -0.0000
vn 0.5690 0.8223 -0.0000
vn 0.5928 0.8053 -0.0000
vn 0.6165 0.7874 -0.0000
vn 0.6405 0.7679 -0.0000
vn 0.6645 0.7473 -0.0000
vn 0.6878 0.7259 -0.0000
vn 0.7105 0.7037 -0.0000
vn 0.7324 0.6809 -0.0000
vn 0.7535 0.6574 -0.0000
vn 0.7737 0.6335 -0.0000
vn 0.7931 0.6091 -0.0000
vn 0.7738 0.6335 -0.0000
vn 0.8115 0.5844 -0.0000
vn 0.8289 0.5593 -0.0000
vn 0.8115 0.5843 -0.0000
vn 0.8454 0.5341 -0.0000
vn 0.8290 0.5593 -0.0000
vn 0.5770 -0.8168 -0.0000
vn -0.8200 -0.5724 -0.0000
vn 0.5770 -0.8167 -0.0000
vn -0.5724 0.8200 -0.0000
vn 0.5724 0.8200 -0.0000
vn 0.8200 -0.5724 -0.0000
vn -0.5770 -0.8167 -0.0000
vn -0.5770 -0.8168 -0.0000
vn 0.9147 0.4042 -0.0000
vn 0.8961 0.4439 -0.0000
vn 0.9317 0.3632 -0.0000
vn 0.9465 0.3226 -0.0000
vn 0.9593 0.2825 -0.0000
vn 0.9700 0.2432 -0.0000
vn 0.9788 0.2048 -0.0000
vn 0.9859 0.1675 -0.0000
vn 0.9913 0.1314 -0.0000
vn 0.9953 0.0965 -0.0000
vn 0.9980 0.0631 -0.0000
vn 0.9953 0.0966 -0.0000
vn 0.9995 0.0310 -0.0000
vn 1.0000 -0.0000 -0.0000
vn 0.9995 0.0309 -0.0000
vn 0.9995 -0.0309 -0.0000
vn 0.9980 -0.0630 -0.0000
vn 0.9953 -0.0965 -0.0000
vn 0.9914 -0.1312 -0.0000
vn 0.9859 -0.1672 -0.0000
vn 0.9789 -0.2043 -0.0000
vn 0.9702 -0.2425 -0.0000
vn 0.9595 -0.2816 -0.0000
vn 0.9470 -0.3214 -0.0000
vn 0.9323 -0.3617 -0.0000
vn 0.9469 -0.3214 -0.0000
vn 0.9155 -0.4024 -0.0000
vn 0.8971 -0.4418 -0.0000
vn 0.8778 -0.4791 -0.0000
vn 0.8971 -0.4419 -0.0000
vn 0.8568 -0.5156 -0.0000
vn 0.8777 -0.4792 -0.0000
vn 0.8337 -0.5522 -0.0000
vn 0.8082 -0.5888 -0.0000
vn 0.7805 -0.6251 -0.0000
vn 0.7505 -0.6608 -0.0000
vn 0.7184 -0.6956 -0.0000
vn 0.7506 -0.6608 -0.0000
vn 0.6842 -0.7293 -0.0000
vn 0.6482 -0.7614 -0.0000
vn 0.6106 -0.7919 -0.0000
vn 0.5716 -0.8205 -0.0000
vn 0.5315 -0.8471 -0.0000
vn 0.5717 -0.8205 -0.0000
vn 0.4899 -0.8718 -0.0000
vn 0.4468 -0.8946 -0.0000
vn 0.4025 -0.9154 -0.0000
vn 0.3572 -0.9340 -0.0000
vn 0.4024 -0.9154 -0.0000
vn 0.3113 -0.9503 -0.0000
vn 0.2652 -0.9642 -0.0000
vn 0.2191 -0.9757 -0.0000
vn 0.1735 -0.9848 -0.0000
vn 0.1285 -0.9917 -0.0000
vn 0.0845 -0.9964 -0.0000
vn 0.0417 -0.9991 -0.0000
vn -0.0000 -1.0000 -0.0000
vn -0.4025 -0.9154 -0.0000
vn -0.7805 -0.6252 -0.0000
vn -0.8082 -0.5889 -0.0000
vn -0.9470 -0.3214 -0.0000
vn -0.8069 0.5907 -0.0000
vn -0.7172 0.6969 -0.0000
vn -0.4025 0.9154 -0.0000
vn -0.0000 1.0000 -0.0000
vn 0.0417 0.9991 -0.0000
vn 0.0845 0.9964 -0.0000
vn 0.1285 0.9917 -0.0000
vn 0.1735 0.9848 -0.0000
vn 0.2191 0.9757 -0.0000
vn 0.2652 0.9642 -0.0000
vn 0.3113 0.9503 -0.0000
vn 0.3572 0.9340 -0.0000
vn 0.4025 0.9154 -0.0000
vn 0.4468 0.8946 -0.0000
vn 0.4024 0.9154 -0.0000
vn 0.4899 0.8718 -0.0000
vn 0.5314 0.8471 -0.0000
vn 0.5713 0.8207 -0.0000
vn 0.6100 0.7924 -0.0000
vn 0.6474 0.7622 -0.0000
vn 0.6832 0.7302 -0.0000
vn 0.7172 0.6968 -0.0000
vn 0.7493 0.6623 -0.0000
vn 0.7792 0.6268 -0.0000
vn 0.7493 0.6622 -0.0000
vn 0.8069 0.5906 -0.0000
vn 0.7792 0.6267 -0.0000
vn 0.8324 0.5542 -0.0000
vn 0.8556 0.5176 -0.0000
vn 0.8766 0.4813 -0.0000
vn 0.8556 0.5177 -0.0000
vn 0.8766 0.4812 -0.0000
vn -0.9216 0.3882 -0.0000
vn -0.9034 0.4289 -0.0000
vn -0.9034 0.4288 -0.0000
vn -0.9381 0.3464 -0.0000
vn -0.9522 0.3056 -0.0000
vn -0.9738 0.2274 -0.0000
vn -0.9817 0.1904 -0.0000
vn -0.9738 0.2275 -0.0000
vn -0.9879 0.1549 -0.0000
vn -0.9817 0.1905 -0.0000
vn -0.9927 0.1208 -0.0000
vn -0.9961 0.0884 -0.0000
vn -0.9927 0.1209 -0.0000
vn -0.9983 0.0575 -0.0000
vn -0.9996 0.0281 -0.0000
vn -0.9996 -0.0284 -0.0000
vn -1.0000 -0.0001 -0.0000
vn -0.9983 -0.0580 -0.0000
vn -0.9960 -0.0892 -0.0000
vn -0.9926 -0.1218 -0.0000
vn -0.9878 -0.1559 -0.0000
vn -0.9925 -0.1218 -0.0000
vn -0.9815 -0.1916 -0.0000
vn -0.9878 -0.1560 -0.0000
vn -0.9735 -0.2286 -0.0000
vn -0.9637 -0.2669 -0.0000
vn -0.9519 -0.3065 -0.0000
vn -0.9637 -0.2670 -0.0000
vn -0.9378 -0.3471 -0.0000
vn -0.9214 -0.3886 -0.0000
vn -0.9033 -0.4290 -0.0000
vn -0.8845 -0.4665 -0.0000
vn -0.9034 -0.4289 -0.0000
vn -0.8643 -0.5029 -0.0000
vn -0.8846 -0.4664 -0.0000
vn -0.8417 -0.5399 -0.0000
vn -0.8167 -0.5771 -0.0000
vn -0.7891 -0.6143 -0.0000
vn -0.8166 -0.5771 -0.0000
vn -0.7589 -0.6512 -0.0000
vn -0.7890 -0.6143 -0.0000
vn -0.7262 -0.6874 -0.0000
vn -0.6912 -0.7227 -0.0000
vn -0.7262 -0.6875 -0.0000
vn -0.6538 -0.7566 -0.0000
vn -0.6145 -0.7889 -0.0000
vn -0.6538 -0.7567 -0.0000
vn -0.5733 -0.8193 -0.0000
vn -0.5317 -0.8469 -0.0000
vn -0.4905 -0.8714 -0.0000
vn -0.4488 -0.8937 -0.0000
vn -0.4055 -0.9141 -0.0000
vn -0.3611 -0.9325 -0.0000
vn -0.3159 -0.9488 -0.0000
vn -0.2700 -0.9629 -0.0000
vn -0.3158 -0.9488 -0.0000
vn -0.2239 -0.9746 -0.0000
vn -0.1778 -0.9841 -0.0000
vn -0.1322 -0.9912 -0.0000
vn -0.0872 -0.9962 -0.0000
vn -0.0431 -0.9991 -0.0000
vn 0.1321 -0.9912 -0.0000
vn 0.2238 -0.9746 -0.0000
vn 0.5730 -0.8196 -0.0000
vn 0.6138 -0.7895 -0.0000
vn 0.8143 -0.5805 -0.0000
vn 0.9360 -0.3521 -0.0000
vn 0.9960 0.0899 -0.0000
vn 0.9730 0.2310 -0.0000
vn 0.9629 0.2699 -0.0000
vn 0.6138 0.7895 -0.0000
vn 0.5730 0.8196 -0.0000
vn 0.1321 0.9912 -0.0000
vn -0.0431 0.9991 -0.0000
vn -0.0872 0.9962 -0.0000
vn -0.1322 0.9912 -0.0000
vn -0.1778 0.9841 -0.0000
vn -0.2239 0.9746 -0.0000
vn -0.2700 0.9629 -0.0000
vn -0.3159 0.9488 -0.0000
vn -0.3611 0.9325 -0.0000
vn -0.3158 0.9488 -0.0000
vn -0.4055 0.9141 -0.0000
vn -0.4488 0.8936 -0.0000
vn -0.4905 0.8714 -0.0000
vn -0.4488 0.8937 -0.0000
vn -0.5317 0.8469 -0.0000
vn -0.5733 0.8193 -0.0000
vn -0.6145 0.7889 -0.0000
vn -0.6538 0.7566 -0.0000
vn -0.6912 0.7227 -0.0000
vn -0.7263 0.6874 -0.0000
vn -0.7589 0.6512 -0.0000
vn -0.7262 0.6875 -0.0000
vn -0.7890 0.6143 -0.0000
vn -0.8167 0.5771 -0.0000
vn -0.7891 0.6143 -0.0000
vn -0.8417 0.5399 -0.0000
vn -0.8643 0.5029 -0.0000
vn -0.8846 0.4664 -0.0000
vn -0.8643 0.5030 -0.0000
vn -0.8845 0.4665 -0.0000
vn 0.0063 -1.0000 -0.0000
vn 0.0072 1.0000 -0.0000
vn 0.0296 0.9996 -0.0000
vn 0.0607 0.9982 -0.0000
vn 0.0935 0.9956 -0.0000
vn 0.1282 0.9917 -0.0000
vn 0.1648 0.9863 -0.0000
vn 0.2031 0.9792 -0.0000
vn 0.2433 0.9700 -0.0000
vn 0.2851 0.9585 -0.0000
vn 0.3285 0.9445 -0.0000
vn 0.3731 0.9278 -0.0000
vn 0.3284 0.9445 -0.0000
vn 0.4188 0.9081 -0.0000
vn 0.4627 0.8865 -0.0000
vn 0.5022 0.8647 -0.0000
vn 0.5398 0.8418 -0.0000
vn 0.5022 0.8648 -0.0000
vn 0.5776 0.8163 -0.0000
vn 0.5397 0.8418 -0.0000
vn 0.6154 0.7882 -0.0000
vn 0.6529 0.7574 -0.0000
vn 0.6897 0.7241 -0.0000
vn 0.7255 0.6882 -0.0000
vn 0.7600 0.6499 -0.0000
vn 0.7256 0.6881 -0.0000
vn 0.7927 0.6096 -0.0000
vn 0.8234 0.5674 -0.0000
vn 0.8519 0.5237 -0.0000
vn 0.8235 0.5673 -0.0000
vn 0.8768 0.4809 -0.0000
vn 0.8974 0.4411 -0.0000
vn 0.9155 0.4023 -0.0000
vn 0.9319 0.3627 -0.0000
vn 0.9155 0.4024 -0.0000
vn 0.9466 0.3223 -0.0000
vn 0.9596 0.2814 -0.0000
vn 0.9707 0.2402 -0.0000
vn 0.9800 0.1990 -0.0000
vn 0.9707 0.2403 -0.0000
vn 0.9874 0.1581 -0.0000
vn 0.9800 0.1991 -0.0000
vn 0.9931 0.1175 -0.0000
vn 0.9970 0.0775 -0.0000
vn 0.9931 0.1176 -0.0000
vn 0.9993 0.0383 -0.0000
vn 0.9970 0.0776 -0.0000
vn 1.0000 0.0021 -0.0000
vn 0.9993 0.0384 -0.0000
vn 0.9995 -0.0304 -0.0000
vn 0.9981 -0.0623 -0.0000
vn 0.9995 -0.0303 -0.0000
vn 0.9954 -0.0961 -0.0000
vn 0.9981 -0.0622 -0.0000
vn 0.9913 -0.1317 -0.0000
vn 0.9954 -0.0959 -0.0000
vn 0.9856 -0.1692 -0.0000
vn 0.9913 -0.1316 -0.0000
vn 0.9780 -0.2084 -0.0000
vn 0.9683 -0.2496 -0.0000
vn 0.9780 -0.2086 -0.0000
vn 0.9563 -0.2924 -0.0000
vn 0.9683 -0.2497 -0.0000
vn 0.9416 -0.3368 -0.0000
vn 0.9563 -0.2925 -0.0000
vn 0.9240 -0.3824 -0.0000
vn 0.9416 -0.3369 -0.0000
vn 0.9034 -0.4288 -0.0000
vn 0.8816 -0.4720 -0.0000
vn 0.9033 -0.4290 -0.0000
vn 0.8615 -0.5078 -0.0000
vn 0.8815 -0.4721 -0.0000
vn 0.8418 -0.5398 -0.0000
vn 0.8202 -0.5721 -0.0000
vn 0.8417 -0.5399 -0.0000
vn 0.7968 -0.6042 -0.0000
vn 0.8202 -0.5720 -0.0000
vn 0.7717 -0.6359 -0.0000
vn 0.7969 -0.6041 -0.0000
vn 0.7448 -0.6673 -0.0000
vn 0.7717 -0.6360 -0.0000
vn 0.7161 -0.6980 -0.0000
vn 0.6858 -0.7278 -0.0000
vn 0.6540 -0.7565 -0.0000
vn 0.6208 -0.7840 -0.0000
vn 0.6541 -0.7564 -0.0000
vn 0.5864 -0.8100 -0.0000
vn 0.6209 -0.7839 -0.0000
vn 0.5545 -0.8322 -0.0000
vn 0.5865 -0.8100 -0.0000
vn 0.5287 -0.8488 -0.0000
vn 0.5060 -0.8625 -0.0000
vn 0.4830 -0.8756 -0.0000
vn 0.4597 -0.8881 -0.0000
vn 0.4363 -0.8998 -0.0000
vn 0.4598 -0.8880 -0.0000
vn 0.4126 -0.9109 -0.0000
vn 0.3889 -0.9213 -0.0000
vn 0.3652 -0.9309 -0.0000
vn 0.3415 -0.9399 -0.0000
vn 0.3178 -0.9482 -0.0000
vn 0.2942 -0.9557 -0.0000
vn 0.8008 -0.5990 -0.0000
vn 0.7357 0.6773 -0.0000
vn 0.1061 0.9944 -0.0000
vn 0.1529 0.9882 -0.0000
vn 0.1988 0.9800 -0.0000
vn 0.2435 0.9699 -0.0000
vn 0.2869 0.9580 -0.0000
vn 0.2436 0.9699 -0.0000
vn 0.3286 0.9445 -0.0000
vn 0.3686 0.9296 -0.0000
vn 0.3287 0.9444 -0.0000
vn 0.4068 0.9135 -0.0000
vn 0.3687 0.9295 -0.0000
vn 0.4430 0.8965 -0.0000
vn 0.4773 0.8787 -0.0000
vn 0.5096 0.8604 -0.0000
vn 0.5419 0.8405 -0.0000
vn 0.5762 0.8173 -0.0000
vn 0.6109 0.7917 -0.0000
vn 0.6441 0.7649 -0.0000
vn 0.6757 0.7372 -0.0000
vn 0.6440 0.7650 -0.0000
vn 0.7055 0.7087 -0.0000
vn 0.6756 0.7373 -0.0000
vn 0.7336 0.6796 -0.0000
vn 0.7598 0.6501 -0.0000
vn 0.7842 0.6205 -0.0000
vn 0.7598 0.6502 -0.0000
vn 0.8068 0.5909 -0.0000
vn 0.8276 0.5614 -0.0000
vn 0.8068 0.5908 -0.0000
vn 0.8466 0.5322 -0.0000
vn 0.8666 0.4990 -0.0000
vn 0.8467 0.5321 -0.0000
vn 0.8894 0.4570 -0.0000
vn 0.8666 0.4989 -0.0000
vn 0.9118 0.4106 -0.0000
vn 0.9313 0.3643 -0.0000
vn 0.9479 0.3184 -0.0000
vn 0.9619 0.2735 -0.0000
vn 0.9479 0.3185 -0.0000
vn 0.9732 0.2298 -0.0000
vn 0.9618 0.2736 -0.0000
vn 0.9823 0.1874 -0.0000
vn 0.9892 0.1465 -0.0000
vn 0.9823 0.1875 -0.0000
vn 0.9942 0.1073 -0.0000
vn 0.9892 0.1466 -0.0000
vn 0.9976 0.0698 -0.0000
vn 0.9942 0.1074 -0.0000
vn 0.9994 0.0341 -0.0000
vn 0.9975 0.0700 -0.0000
vn 1.0000 -0.0012 -0.0000
vn 0.9994 0.0342 -0.0000
vn 0.9993 -0.0386 -0.0000
vn 0.9969 -0.0784 -0.0000
vn 0.9993 -0.0387 -0.0000
vn 0.9929 -0.1192 -0.0000
vn 0.9870 -0.1609 -0.0000
vn 0.9791 -0.2032 -0.0000
vn 0.9692 -0.2461 -0.0000
vn 0.9573 -0.2892 -0.0000
vn 0.9693 -0.2460 -0.0000
vn 0.9432 -0.3321 -0.0000
vn 0.9573 -0.2891 -0.0000
vn 0.9271 -0.3749 -0.0000
vn 0.9432 -0.3322 -0.0000
vn 0.9089 -0.4170 -0.0000
vn 0.9271 -0.3748 -0.0000
vn 0.8889 -0.4581 -0.0000
vn 0.8657 -0.5005 -0.0000
vn 0.8888 -0.4582 -0.0000
vn 0.8378 -0.5460 -0.0000
vn 0.8060 -0.5919 -0.0000
vn 0.7719 -0.6357 -0.0000
vn 0.8059 -0.5920 -0.0000
vn 0.7360 -0.6769 -0.0000
vn 0.6987 -0.7154 -0.0000
vn 0.7360 -0.6770 -0.0000
vn 0.6603 -0.7510 -0.0000
vn 0.6987 -0.7155 -0.0000
vn 0.6214 -0.7835 -0.0000
vn 0.5823 -0.8130 -0.0000
vn 0.5434 -0.8395 -0.0000
vn 0.5049 -0.8632 -0.0000
vn 0.4672 -0.8841 -0.0000
vn 0.4278 -0.9039 -0.0000
vn 0.4672 -0.8842 -0.0000
vn 0.3843 -0.9232 -0.0000
vn 0.3396 -0.9406 -0.0000
vn 0.2967 -0.9550 -0.0000
vn 0.2558 -0.9667 -0.0000
vn 0.2169 -0.9762 -0.0000
vn 0.1801 -0.9836 -0.0000
vn 0.1454 -0.9894 -0.0000
vn 0.1126 -0.9936 -0.0000
vn 0.0818 -0.9966 -0.0000
vn 0.0529 -0.9986 -0.0000
vn 0.0257 -0.9997 -0.0000
vn -0.0083 1.0000 -0.0000
vn -0.0345 0.9994 -0.0000
vn -0.0721 0.9974 -0.0000
vn -0.1136 0.9935 -0.0000
vn -0.1593 0.9872 -0.0000
vn -0.2095 0.9778 -0.0000
vn -0.1592 0.9872 -0.0000
vn -0.2645 0.9644 -0.0000
vn -0.3244 0.9459 -0.0000
vn -0.3891 0.9212 -0.0000
vn -0.4580 0.8890 -0.0000
vn -0.5300 0.8480 -0.0000
vn -0.6036 0.7973 -0.0000
vn -0.6695 0.7428 -0.0000
vn -0.6035 0.7973 -0.0000
vn -0.7203 0.6937 -0.0000
vn -0.6694 0.7429 -0.0000
vn -0.7634 0.6460 -0.0000
vn -0.7202 0.6937 -0.0000
vn -0.8050 0.5932 -0.0000
vn -0.8444 0.5357 -0.0000
vn -0.8806 0.4739 -0.0000
vn -0.8444 0.5358 -0.0000
vn -0.9127 0.4086 -0.0000
vn -0.8805 0.4740 -0.0000
vn -0.9401 0.3409 -0.0000
vn -0.9624 0.2715 -0.0000
vn -0.9402 0.3407 -0.0000
vn -0.9794 0.2017 -0.0000
vn -0.9625 0.2713 -0.0000
vn -0.9912 0.1326 -0.0000
vn -0.9795 0.2016 -0.0000
vn -0.9979 0.0652 -0.0000
vn -1.0000 0.0052 -0.0000
vn -0.9991 -0.0435 -0.0000
vn -1.0000 0.0053 -0.0000
vn -0.9962 -0.0876 -0.0000
vn -0.9991 -0.0434 -0.0000
vn -0.9912 -0.1323 -0.0000
vn -0.9842 -0.1773 -0.0000
vn -0.9750 -0.2224 -0.0000
vn -0.9636 -0.2672 -0.0000
vn -0.9749 -0.2225 -0.0000
vn -0.9502 -0.3116 -0.0000
vn -0.9636 -0.2673 -0.0000
vn -0.9348 -0.3552 -0.0000
vn -0.9502 -0.3117 -0.0000
vn -0.9176 -0.3976 -0.0000
vn -0.8986 -0.4387 -0.0000
vn -0.8781 -0.4784 -0.0000
vn -0.8986 -0.4388 -0.0000
vn -0.8561 -0.5168 -0.0000
vn -0.8322 -0.5545 -0.0000
vn -0.8562 -0.5167 -0.0000
vn -0.8063 -0.5916 -0.0000
vn -0.7785 -0.6277 -0.0000
vn -0.7491 -0.6624 -0.0000
vn -0.7786 -0.6275 -0.0000
vn -0.7492 -0.6623 -0.0000
vn -0.6864 -0.7272 -0.0000
vn -0.6535 -0.7569 -0.0000
vn -0.6865 -0.7271 -0.0000
vn -0.6198 -0.7847 -0.0000
vn -0.5856 -0.8106 -0.0000
vn -0.6199 -0.7847 -0.0000
vn -0.5513 -0.8343 -0.0000
vn -0.5857 -0.8105 -0.0000
vn -0.5169 -0.8561 -0.0000
vn -0.4804 -0.8771 -0.0000
vn -0.5168 -0.8561 -0.0000
vn -0.4393 -0.8983 -0.0000
vn -0.3958 -0.9183 -0.0000
vn -0.3523 -0.9359 -0.0000
vn -0.3091 -0.9510 -0.0000
vn -0.2664 -0.9639 -0.0000
vn -0.2246 -0.9744 -0.0000
vn -0.1838 -0.9830 -0.0000
vn -0.2246 -0.9745 -0.0000
vn -0.1443 -0.9895 -0.0000
vn -0.1060 -0.9944 -0.0000
vn -0.0693 -0.9976 -0.0000
vn -0.0340 -0.9994 -0.0000
vn -0.0692 -0.9976 -0.0000
vn -0.0083 -1.0000 -0.0000
vn -0.0081 1.0000 -0.0000
vn -0.0329 0.9995 -0.0000
vn -0.0666 0.9978 -0.0000
vn -0.1012 0.9949 -0.0000
vn -0.1366 0.9906 -0.0000
vn -0.1726 0.9850 -0.0000
vn -0.2092 0.9779 -0.0000
vn -0.2461 0.9692 -0.0000
vn -0.2091 0.9779 -0.0000
vn -0.2832 0.9591 -0.0000
vn -0.2461 0.9693 -0.0000
vn -0.3204 0.9473 -0.0000
vn -0.3575 0.9339 -0.0000
vn -0.3942 0.9190 -0.0000
vn -0.4307 0.9025 -0.0000
vn -0.4674 0.8840 -0.0000
vn -0.5044 0.8635 -0.0000
vn -0.5414 0.8408 -0.0000
vn -0.5045 0.8634 -0.0000
vn -0.5781 0.8160 -0.0000
vn -0.5414 0.8407 -0.0000
vn -0.6142 0.7891 -0.0000
vn -0.6496 0.7603 -0.0000
vn -0.6143 0.7891 -0.0000
vn -0.6839 0.7296 -0.0000
vn -0.7170 0.6971 -0.0000
vn -0.7484 0.6632 -0.0000
vn -0.7169 0.6972 -0.0000
vn -0.7782 0.6281 -0.0000
vn -0.8061 0.5917 -0.0000
vn -0.7782 0.6280 -0.0000
vn -0.8330 0.5533 -0.0000
vn -0.8061 0.5918 -0.0000
vn -0.8596 0.5110 -0.0000
vn -0.8329 0.5534 -0.0000
vn -0.8850 0.4657 -0.0000
vn -0.9080 0.4190 -0.0000
vn -0.8849 0.4657 -0.0000
vn -0.9285 0.3714 -0.0000
vn -0.9079 0.4191 -0.0000
vn -0.9463 0.3232 -0.0000
vn -0.9284 0.3715 -0.0000
vn -0.9615 0.2748 -0.0000
vn -0.9463 0.3233 -0.0000
vn -0.9740 0.2267 -0.0000
vn -0.9615 0.2749 -0.0000
vn -0.9838 0.1791 -0.0000
vn -0.9740 0.2266 -0.0000
vn -0.9912 0.1324 -0.0000
vn -0.9839 0.1790 -0.0000
vn -0.9962 0.0869 -0.0000
vn -0.9912 0.1323 -0.0000
vn -0.9991 0.0426 -0.0000
vn -1.0000 -0.0043 -0.0000
vn -0.9991 0.0429 -0.0000
vn -0.9982 -0.0600 -0.0000
vn -1.0000 -0.0041 -0.0000
vn -0.9925 -0.1219 -0.0000
vn -0.9982 -0.0598 -0.0000
vn -0.9826 -0.1857 -0.0000
vn -0.9681 -0.2506 -0.0000
vn -0.9489 -0.3157 -0.0000
vn -0.9681 -0.2507 -0.0000
vn -0.9249 -0.3802 -0.0000
vn -0.9488 -0.3158 -0.0000
vn -0.8965 -0.4430 -0.0000
vn -0.8641 -0.5033 -0.0000
vn -0.8966 -0.4429 -0.0000
vn -0.8283 -0.5603 -0.0000
vn -0.8641 -0.5032 -0.0000
vn -0.7897 -0.6135 -0.0000
vn -0.7492 -0.6624 -0.0000
vn -0.7017 -0.7124 -0.0000
vn -0.6410 -0.7675 -0.0000
vn -0.7018 -0.7124 -0.0000
vn -0.5719 -0.8203 -0.0000
vn -0.6411 -0.7675 -0.0000
vn -0.5017 -0.8650 -0.0000
vn -0.5720 -0.8203 -0.0000
vn -0.4323 -0.9017 -0.0000
vn -0.5018 -0.8650 -0.0000
vn -0.3649 -0.9310 -0.0000
vn -0.3007 -0.9537 -0.0000
vn -0.2403 -0.9707 -0.0000
vn -0.1841 -0.9829 -0.0000
vn -0.1321 -0.9912 -0.0000
vn -0.0843 -0.9964 -0.0000
vn -0.0405 -0.9992 -0.0000
vn -0.0098 -1.0000 -0.0000
vt 0.021372 0.975761
vt 0.120456 0.975761
vt 0.021844 0.975761
vt 0.022316 0.975761
vt 0.022788 0.975761
vt 0.023260 0.975761
vt 0.023731 0.975761
vt 0.024203 0.975761
vt 0.024675 0.975761
vt 0.025147 0.975761
vt 0.025619 0.975761
vt 0.026090 0.975761
vt 0.026562 0.975761
vt 0.027034 0.975761
vt 0.027506 0.975761
vt 0.027978 0.975761
vt 0.028450 0.975761
vt 0.028921 0.975761
vt 0.029393 0.975761
vt 0.029865 0.975761
vt 0.030337 0.975761
vt 0.030809 0.975761
vt 0.031281 0.975761
vt 0.031752 0.975761
vt 0.032224 0.975761
vt 0.286877 0.728175
vt 0.343328 0.728175
vt 0.116612 0.728175
vt 0.342418 0.728175
vt 0.117523 0.728175
vt 0.120928 0.975761
vt 0.319360 0.704797
vt 0.095375 0.704797
vt 0.320271 0.704797
vt 0.318450 0.704797
vt 0.317539 0.704797
vt 0.174767 0.672266
vt 0.060113 0.672266
vt 0.175239 0.672266
vt 0.147350 0.975761
vt 0.033168 0.975761
vt 0.032696 0.975761
vt 0.337865 0.728175
vt 0.118433 0.728175
vt 0.338776 0.728175
vt 0.314808 0.704797
vt 0.096286 0.704797
vt 0.315718 0.704797
vt 0.146407 0.975761
vt 0.033640 0.975761
vt 0.145935 0.975761
vt 0.312987 0.704797
vt 0.097196 0.704797
vt 0.313897 0.704797
vt 0.145463 0.975761
vt 0.034112 0.975761
vt 0.144991 0.975761
vt 0.311166 0.704797
vt 0.098107 0.704797
vt 0.312076 0.704797
vt 0.144519 0.975761
vt 0.034583 0.975761
vt 0.144047 0.975761
vt 0.332402 0.728175
vt 0.122075 0.728175
vt 0.121165 0.728175
vt 0.331492 0.728175
vt 0.170520 0.672266
vt 0.062472 0.672266
vt 0.170992 0.672266
vt 0.330581 0.728175
vt 0.122986 0.728175
vt 0.142632 0.975761
vt 0.035527 0.975761
vt 0.143104 0.975761
vt 0.035999 0.975761
vt 0.328760 0.728175
vt 0.123896 0.728175
vt 0.329671 0.728175
vt 0.142160 0.975761
vt 0.036471 0.975761
vt 0.141688 0.975761
vt 0.141217 0.975761
vt 0.036942 0.975761
vt 0.326029 0.728175
vt 0.125717 0.728175
vt 0.326939 0.728175
vt 0.140745 0.975761
vt 0.037414 0.975761
vt 0.325118 0.728175
vt 0.126628 0.728175
vt 0.140273 0.975761
vt 0.037886 0.975761
vt 0.139801 0.975761
vt 0.038358 0.975761
vt 0.139329 0.975761
vt 0.038830 0.975761
vt 0.138857 0.975761
vt 0.039302 0.975761
vt 0.138386 0.975761
vt 0.298419 0.704797
vt 0.108123 0.704797
vt 0.299329 0.704797
vt 0.320566 0.728175
vt 0.131180 0.728175
vt 0.130270 0.728175
vt 0.137442 0.975761
vt 0.039773 0.975761
vt 0.137914 0.975761
vt 0.040245 0.975761
vt 0.136970 0.975761
vt 0.164387 0.672266
vt 0.068134 0.672266
vt 0.067662 0.672266
vt 0.317834 0.728175
vt 0.133001 0.728175
vt 0.318745 0.728175
vt 0.163915 0.672266
vt 0.068605 0.672266
vt 0.136026 0.975761
vt 0.041189 0.975761
vt 0.136498 0.975761
vt 0.316924 0.728175
vt 0.134822 0.728175
vt 0.133912 0.728175
vt 0.162971 0.672266
vt 0.069077 0.672266
vt 0.163443 0.672266
vt 0.135083 0.975761
vt 0.041661 0.975761
vt 0.135555 0.975761
vt 0.315103 0.728175
vt 0.135733 0.728175
vt 0.134611 0.975761
vt 0.042133 0.975761
vt 0.042604 0.975761
vt 0.291135 0.704797
vt 0.114496 0.704797
vt 0.292045 0.704797
vt 0.134139 0.975761
vt 0.043076 0.975761
vt 0.133667 0.975761
vt 0.312371 0.728175
vt 0.138464 0.728175
vt 0.137554 0.728175
vt 0.311461 0.728175
vt 0.160612 0.672266
vt 0.071436 0.672266
vt 0.070965 0.672266
vt 0.160140 0.672266
vt 0.309639 0.728175
vt 0.139375 0.728175
vt 0.310550 0.728175
vt 0.140285 0.728175
vt 0.159196 0.672266
vt 0.071908 0.672266
vt 0.159668 0.672266
vt 0.131780 0.975761
vt 0.044964 0.975761
vt 0.044492 0.975761
vt 0.307819 0.728175
vt 0.141196 0.728175
vt 0.308729 0.728175
vt 0.158725 0.672266
vt 0.072852 0.672266
vt 0.072380 0.672266
vt 0.130836 0.975761
vt 0.045435 0.975761
vt 0.131308 0.975761
vt 0.306908 0.728175
vt 0.143017 0.728175
vt 0.142106 0.728175
vt 0.283851 0.704797
vt 0.120870 0.704797
vt 0.284761 0.704797
vt 0.130364 0.975761
vt 0.046379 0.975761
vt 0.045907 0.975761
vt 0.129893 0.975761
vt 0.282029 0.704797
vt 0.121780 0.704797
vt 0.282940 0.704797
vt 0.122691 0.704797
vt 0.281119 0.704797
vt 0.128949 0.975761
vt 0.047323 0.975761
vt 0.046851 0.975761
vt 0.128477 0.975761
vt 0.280208 0.704797
vt 0.124512 0.704797
vt 0.123601 0.704797
vt 0.279298 0.704797
vt 0.301445 0.728175
vt 0.147569 0.728175
vt 0.146659 0.728175
vt 0.300534 0.728175
vt 0.154478 0.672266
vt 0.075683 0.672266
vt 0.154950 0.672266
vt 0.076155 0.672266
vt 0.276566 0.704797
vt 0.126333 0.704797
vt 0.277477 0.704797
vt 0.298713 0.728175
vt 0.149390 0.728175
vt 0.148480 0.728175
vt 0.297803 0.728175
vt 0.274745 0.704797
vt 0.127243 0.704797
vt 0.275656 0.704797
vt 0.153063 0.672266
vt 0.077098 0.672266
vt 0.076627 0.672266
vt 0.152591 0.672266
vt 0.272924 0.704797
vt 0.128154 0.704797
vt 0.273835 0.704797
vt 0.295071 0.728175
vt 0.151211 0.728175
vt 0.150301 0.728175
vt 0.294161 0.728175
vt 0.271103 0.704797
vt 0.129064 0.704797
vt 0.272014 0.704797
vt 0.129975 0.704797
vt 0.270193 0.704797
vt 0.269282 0.704797
vt 0.382488 0.788993
vt 0.244091 0.788993
vt 0.383399 0.788993
vt 0.149760 0.672266
vt 0.078514 0.672266
vt 0.078042 0.672266
vt 0.267461 0.704797
vt 0.130885 0.704797
vt 0.268372 0.704797
vt 0.266551 0.704797
vt 0.090731 0.975761
vt 0.121400 0.975761
vt 0.051097 0.975761
vt 0.051569 0.975761
vt 0.052041 0.975761
vt 0.052513 0.975761
vt 0.052985 0.975761
vt 0.053457 0.975761
vt 0.053928 0.975761
vt 0.229515 0.728175
vt 0.159406 0.728175
vt 0.158495 0.728175
vt 0.118147 0.672266
vt 0.082288 0.672266
vt 0.081817 0.672266
vt 0.055344 0.975761
vt 0.054872 0.975761
vt 0.162137 0.728175
vt 0.161227 0.728175
vt 0.056287 0.975761
vt 0.055816 0.975761
vt 0.056759 0.975761
vt 0.057231 0.975761
vt 0.057703 0.975761
vt 0.058175 0.975761
vt 0.058647 0.975761
vt 0.059118 0.975761
vt 0.059590 0.975761
vt 0.060062 0.975761
vt 0.060534 0.975761
vt 0.061006 0.975761
vt 0.061478 0.975761
vt 0.061949 0.975761
vt 0.062421 0.975761
vt 0.062893 0.975761
vt 0.063365 0.975761
vt 0.063837 0.975761
vt 0.064309 0.975761
vt 0.147401 0.672266
vt 0.091725 0.672266
vt 0.092197 0.672266
vt 0.091203 0.975761
vt 0.262909 0.704797
vt 0.157290 0.704797
vt 0.263819 0.704797
vt 0.261998 0.704797
vt 0.300985 0.673758
vt 0.197188 0.673758
vt 0.301896 0.673758
vt 0.283235 0.728175
vt 0.180348 0.728175
vt 0.179437 0.728175
vt 0.282324 0.728175
vt 0.281414 0.728175
vt 0.258356 0.704797
vt 0.158200 0.704797
vt 0.259267 0.704797
vt 0.257446 0.704797
vt 0.144098 0.672266
vt 0.093141 0.672266
vt 0.092669 0.672266
vt 0.143626 0.672266
vt 0.255625 0.704797
vt 0.159111 0.704797
vt 0.256535 0.704797
vt 0.276861 0.728175
vt 0.181258 0.728175
vt 0.277772 0.728175
vt 0.182168 0.728175
vt 0.253804 0.704797
vt 0.160021 0.704797
vt 0.254714 0.704797
vt 0.114322 0.975761
vt 0.066196 0.975761
vt 0.114794 0.975761
vt 0.066668 0.975761
vt 0.251983 0.704797
vt 0.160932 0.704797
vt 0.252893 0.704797
vt 0.113850 0.975761
vt 0.067140 0.975761
vt 0.113379 0.975761
vt 0.112907 0.975761
vt 0.250162 0.704797
vt 0.162753 0.704797
vt 0.161842 0.704797
vt 0.271398 0.728175
vt 0.184900 0.728175
vt 0.272309 0.728175
vt 0.111963 0.975761
vt 0.067611 0.975761
vt 0.112435 0.975761
vt 0.139380 0.672266
vt 0.095500 0.672266
vt 0.095028 0.672266
vt 0.247430 0.704797
vt 0.163663 0.704797
vt 0.248341 0.704797
vt 0.111491 0.975761
vt 0.068555 0.975761
vt 0.068083 0.975761
vt 0.111019 0.975761
vt 0.267756 0.728175
vt 0.186721 0.728175
vt 0.268667 0.728175
vt 0.110548 0.975761
vt 0.069027 0.975761
vt 0.137492 0.672266
vt 0.096443 0.672266
vt 0.137964 0.672266
vt 0.266846 0.728175
vt 0.188542 0.728175
vt 0.187632 0.728175
vt 0.265935 0.728175
vt 0.136549 0.672266
vt 0.096915 0.672266
vt 0.137021 0.672266
vt 0.109132 0.975761
vt 0.069970 0.975761
vt 0.069499 0.975761
vt 0.264114 0.728175
vt 0.189453 0.728175
vt 0.265025 0.728175
vt 0.108660 0.975761
vt 0.070442 0.975761
vt 0.108189 0.975761
vt 0.240146 0.704797
vt 0.168216 0.704797
vt 0.241057 0.704797
vt 0.107717 0.975761
vt 0.070914 0.975761
vt 0.134661 0.672266
vt 0.098331 0.672266
vt 0.135133 0.672266
vt 0.107245 0.975761
vt 0.071386 0.975761
vt 0.106773 0.975761
vt 0.259562 0.728175
vt 0.192184 0.728175
vt 0.260472 0.728175
vt 0.106301 0.975761
vt 0.071858 0.975761
vt 0.133246 0.672266
vt 0.099274 0.672266
vt 0.133718 0.672266
vt 0.105829 0.975761
vt 0.072330 0.975761
vt 0.105358 0.975761
vt 0.104886 0.975761
vt 0.072801 0.975761
vt 0.104414 0.975761
vt 0.073273 0.975761
vt 0.103942 0.975761
vt 0.103470 0.975761
vt 0.073745 0.975761
vt 0.102998 0.975761
vt 0.252278 0.728175
vt 0.196737 0.728175
vt 0.253188 0.728175
vt 0.102527 0.975761
vt 0.074217 0.975761
vt 0.251367 0.728175
vt 0.197647 0.728175
vt 0.102055 0.975761
vt 0.074689 0.975761
vt 0.101583 0.975761
vt 0.075161 0.975761
vt 0.101111 0.975761
vt 0.249546 0.728175
vt 0.200379 0.728175
vt 0.199468 0.728175
vt 0.100639 0.975761
vt 0.075632 0.975761
vt 0.076104 0.975761
vt 0.247725 0.728175
vt 0.201289 0.728175
vt 0.248636 0.728175
vt 0.100168 0.975761
vt 0.076576 0.975761
vt 0.246815 0.728175
vt 0.202200 0.728175
vt 0.099224 0.975761
vt 0.099696 0.975761
vt 0.077048 0.975761
vt 0.126168 0.672266
vt 0.104464 0.672266
vt 0.126640 0.672266
vt 0.098752 0.975761
vt 0.077520 0.975761
vt 0.244083 0.728175
vt 0.204021 0.728175
vt 0.244993 0.728175
vt 0.098280 0.975761
vt 0.077992 0.975761
vt 0.097808 0.975761
vt 0.242262 0.728175
vt 0.204931 0.728175
vt 0.243173 0.728175
vt 0.097337 0.975761
vt 0.078463 0.975761
vt 0.219204 0.704797
vt 0.183695 0.704797
vt 0.220115 0.704797
vt 0.096865 0.975761
vt 0.078935 0.975761
vt 0.096393 0.975761
vt 0.240441 0.728175
vt 0.207663 0.728175
vt 0.206752 0.728175
vt 0.239531 0.728175
vt 0.122866 0.672266
vt 0.106824 0.672266
vt 0.123338 0.672266
vt 0.095449 0.975761
vt 0.079879 0.975761
vt 0.079407 0.975761
vt 0.237710 0.728175
vt 0.208573 0.728175
vt 0.238620 0.728175
vt 0.214652 0.704797
vt 0.186426 0.704797
vt 0.215562 0.704797
vt 0.094506 0.975761
vt 0.080351 0.975761
vt 0.094034 0.975761
vt 0.234978 0.728175
vt 0.209484 0.728175
vt 0.235888 0.728175
vt 0.211920 0.704797
vt 0.187337 0.704797
vt 0.212831 0.704797
vt 0.093090 0.975761
vt 0.080823 0.975761
vt 0.092618 0.975761
vt 0.092146 0.975761
vt 0.231336 0.728175
vt 0.210394 0.728175
vt 0.232246 0.728175
vt 0.091675 0.975761
vt 0.081294 0.975761
vt 0.081766 0.975761
vt 0.082238 0.975761
vt 0.082710 0.975761
vt 0.083182 0.975761
vt 0.083653 0.975761
vt 0.084125 0.975761
vt 0.084597 0.975761
vt 0.085069 0.975761
vt 0.085541 0.975761
vt 0.086013 0.975761
vt 0.086484 0.975761
vt 0.086956 0.975761
vt 0.087428 0.975761
vt 0.087900 0.975761
vt 0.088372 0.975761
vt 0.048789 0.672266
vt 0.116260 0.672266
vt 0.115788 0.672266
vt 0.116732 0.672266
vt 0.117204 0.672266
vt 0.068292 0.878811
vt 0.201226 0.878811
vt 0.200315 0.878811
vt 0.565597 0.667932
vt 0.564687 0.667932
vt 0.698531 0.667932
vt 0.324950 0.675711
vt 0.326683 0.675711
vt 0.325816 0.675711
vt 0.215575 0.673758
vt 0.218174 0.673758
vt 0.217308 0.673758
vt 0.214709 0.673758
vt 0.237562 0.621131
vt 0.241892 0.621131
vt 0.241026 0.621131
vt 0.236696 0.621131
vt 0.196093 0.728175
vt 0.202155 0.728175
vt 0.195226 0.728175
vt 0.235829 0.621131
vt 0.243624 0.621131
vt 0.242758 0.621131
vt 0.234963 0.621131
vt 0.072514 0.975761
vt 0.077451 0.975761
vt 0.077002 0.975761
vt 0.072065 0.975761
vt 0.234097 0.621131
vt 0.245356 0.621131
vt 0.244490 0.621131
vt 0.233231 0.621131
vt 0.071616 0.975761
vt 0.078348 0.975761
vt 0.077899 0.975761
vt 0.071167 0.975761
vt 0.232365 0.621131
vt 0.247089 0.621131
vt 0.246223 0.621131
vt 0.231499 0.621131
vt 0.070718 0.975761
vt 0.079246 0.975761
vt 0.078797 0.975761
vt 0.070270 0.975761
vt 0.079695 0.975761
vt 0.069821 0.975761
vt 0.189164 0.728175
vt 0.209084 0.728175
vt 0.208218 0.728175
vt 0.188298 0.728175
vt 0.068923 0.975761
vt 0.080144 0.975761
vt 0.069372 0.975761
vt 0.080592 0.975761
vt 0.068474 0.975761
vt 0.081041 0.975761
vt 0.068026 0.975761
vt 0.081490 0.975761
vt 0.067577 0.975761
vt 0.081939 0.975761
vt 0.067128 0.975761
vt 0.107521 0.975761
vt 0.302519 0.621131
vt 0.301652 0.621131
vt 0.225436 0.621131
vt 0.253151 0.621131
vt 0.300786 0.621131
vt 0.106623 0.975761
vt 0.082388 0.975761
vt 0.094545 0.672266
vt 0.135386 0.672266
vt 0.134938 0.672266
vt 0.106175 0.975761
vt 0.183967 0.728175
vt 0.263648 0.728175
vt 0.262782 0.728175
vt 0.258451 0.728175
vt 0.213415 0.728175
vt 0.259317 0.728175
vt 0.264514 0.728175
vt 0.257585 0.728175
vt 0.265380 0.728175
vt 0.256719 0.728175
vt 0.224570 0.621131
vt 0.306849 0.621131
vt 0.305983 0.621131
vt 0.296456 0.621131
vt 0.254017 0.621131
vt 0.297322 0.621131
vt 0.066679 0.975761
vt 0.109765 0.975761
vt 0.104379 0.975761
vt 0.082836 0.975761
vt 0.110214 0.975761
vt 0.103931 0.975761
vt 0.183101 0.728175
vt 0.267978 0.728175
vt 0.267112 0.728175
vt 0.254121 0.728175
vt 0.214281 0.728175
vt 0.254987 0.728175
vt 0.223704 0.621131
vt 0.309447 0.621131
vt 0.308581 0.621131
vt 0.293858 0.621131
vt 0.254883 0.621131
vt 0.294724 0.621131
vt 0.066230 0.975761
vt 0.111112 0.975761
vt 0.103033 0.975761
vt 0.083285 0.975761
vt 0.111560 0.975761
vt 0.102584 0.975761
vt 0.112009 0.975761
vt 0.102135 0.975761
vt 0.112458 0.975761
vt 0.101687 0.975761
vt 0.065782 0.975761
vt 0.083734 0.975761
vt 0.101238 0.975761
vt 0.181369 0.728175
vt 0.273175 0.728175
vt 0.248924 0.728175
vt 0.216013 0.728175
vt 0.249790 0.728175
vt 0.065333 0.975761
vt 0.113356 0.975761
vt 0.100789 0.975761
vt 0.084183 0.975761
vt 0.113805 0.975761
vt 0.100340 0.975761
vt 0.092749 0.672266
vt 0.141670 0.672266
vt 0.141221 0.672266
vt 0.099891 0.975761
vt 0.064884 0.975761
vt 0.114253 0.975761
vt 0.084632 0.975761
vt 0.114702 0.975761
vt 0.099442 0.975761
vt 0.064435 0.975761
vt 0.085080 0.975761
vt 0.115151 0.975761
vt 0.098994 0.975761
vt 0.178771 0.728175
vt 0.277505 0.728175
vt 0.276639 0.728175
vt 0.244594 0.728175
vt 0.218611 0.728175
vt 0.245460 0.728175
vt 0.063986 0.975761
vt 0.115600 0.975761
vt 0.098545 0.975761
vt 0.020900 0.975761
vt 0.177905 0.728175
vt 0.278371 0.728175
vt 0.243728 0.728175
vt 0.094760 0.728175
vt 0.116497 0.975761
vt 0.116049 0.975761
vt 0.097647 0.975761
vt 0.098096 0.975761
vt 0.063538 0.975761
vt 0.021349 0.975761
vt 0.116946 0.975761
vt 0.097198 0.975761
vt 0.021798 0.975761
vt 0.063089 0.975761
vt 0.117395 0.975761
vt 0.096750 0.975761
vt 0.022247 0.975761
vt 0.062640 0.975761
vt 0.117844 0.975761
vt 0.096301 0.975761
vt 0.118293 0.975761
vt 0.095852 0.975761
vt 0.022696 0.975761
vt 0.062191 0.975761
vt 0.095403 0.975761
vt 0.118741 0.975761
vt 0.023144 0.975761
vt 0.061742 0.975761
vt 0.094954 0.975761
vt 0.119190 0.975761
vt 0.119639 0.975761
vt 0.023593 0.975761
vt 0.061293 0.975761
vt 0.094057 0.975761
vt 0.120088 0.975761
vt 0.024042 0.975761
vt 0.060845 0.975761
vt 0.093608 0.975761
vt 0.120537 0.975761
vt 0.024491 0.975761
vt 0.060396 0.975761
vt 0.093159 0.975761
vt 0.120985 0.975761
vt 0.092710 0.975761
vt 0.121434 0.975761
vt 0.024940 0.975761
vt 0.059947 0.975761
vt 0.092261 0.975761
vt 0.121883 0.975761
vt 0.025388 0.975761
vt 0.059498 0.975761
vt 0.091813 0.975761
vt 0.122332 0.975761
vt 0.025837 0.975761
vt 0.059049 0.975761
vt 0.091364 0.975761
vt 0.122781 0.975761
vt 0.026286 0.975761
vt 0.058601 0.975761
vt 0.090915 0.975761
vt 0.123229 0.975761
vt 0.058152 0.975761
vt 0.123678 0.975761
vt 0.090466 0.975761
vt 0.026735 0.975761
vt 0.124127 0.975761
vt 0.090017 0.975761
vt 0.027184 0.975761
vt 0.124576 0.975761
vt 0.089569 0.975761
vt 0.057254 0.975761
vt 0.027633 0.975761
vt 0.125025 0.975761
vt 0.089120 0.975761
vt 0.056805 0.975761
vt 0.028081 0.975761
vt 0.125474 0.975761
vt 0.088671 0.975761
vt 0.056357 0.975761
vt 0.028530 0.975761
vt 0.125922 0.975761
vt 0.088222 0.975761
vt 0.126371 0.975761
vt 0.087773 0.975761
vt 0.055908 0.975761
vt 0.028979 0.975761
vt 0.126820 0.975761
vt 0.087325 0.975761
vt 0.055459 0.975761
vt 0.029428 0.975761
vt 0.127269 0.975761
vt 0.086876 0.975761
vt 0.055010 0.975761
vt 0.029877 0.975761
vt 0.086427 0.975761
vt 0.127718 0.975761
vt 0.085978 0.975761
vt 0.128166 0.975761
vt 0.054561 0.975761
vt 0.030325 0.975761
vt 0.085529 0.975761
vt 0.128615 0.975761
vt 0.030774 0.975761
vt 0.054112 0.975761
vt 0.129064 0.975761
vt 0.149709 0.975761
vt 0.031223 0.975761
vt 0.053664 0.975761
vt 0.149261 0.975761
vt 0.129513 0.975761
vt 0.129962 0.975761
vt 0.148812 0.975761
vt 0.031672 0.975761
vt 0.053215 0.975761
vt 0.130410 0.975761
vt 0.148363 0.975761
vt 0.052766 0.975761
vt 0.032121 0.975761
vt 0.130859 0.975761
vt 0.147914 0.975761
vt 0.147465 0.975761
vt 0.052317 0.975761
vt 0.032569 0.975761
vt 0.131757 0.975761
vt 0.147017 0.975761
vt 0.155386 0.728175
vt 0.309551 0.728175
vt 0.308685 0.728175
vt 0.337266 0.728175
vt 0.117278 0.728175
vt 0.338132 0.728175
vt 0.051868 0.975761
vt 0.132206 0.975761
vt 0.146568 0.975761
vt 0.033018 0.975761
vt 0.132655 0.975761
vt 0.146119 0.975761
vt 0.051420 0.975761
vt 0.033467 0.975761
vt 0.133103 0.975761
vt 0.145670 0.975761
vt 0.133552 0.975761
vt 0.145221 0.975761
vt 0.050971 0.975761
vt 0.033916 0.975761
vt 0.134001 0.975761
vt 0.144772 0.975761
vt 0.134450 0.975761
vt 0.171740 0.672266
vt 0.061332 0.672266
vt 0.172189 0.672266
vt 0.050522 0.975761
vt 0.144324 0.975761
vt 0.034365 0.975761
vt 0.134899 0.975761
vt 0.143875 0.975761
vt 0.077938 0.672266
vt 0.162764 0.672266
vt 0.162315 0.672266
vt 0.170843 0.672266
vt 0.061781 0.672266
vt 0.171291 0.672266
vt 0.151922 0.728175
vt 0.316480 0.728175
vt 0.315613 0.728175
vt 0.330337 0.728175
vt 0.120743 0.728175
vt 0.331203 0.728175
vt 0.050073 0.975761
vt 0.135796 0.975761
vt 0.142977 0.975761
vt 0.034814 0.975761
vt 0.136245 0.975761
vt 0.142528 0.975761
vt 0.151056 0.728175
vt 0.318212 0.728175
vt 0.317345 0.728175
vt 0.328605 0.728175
vt 0.121609 0.728175
vt 0.329471 0.728175
vt 0.191659 0.621131
vt 0.359681 0.621131
vt 0.358815 0.621131
vt 0.368342 0.621131
vt 0.162212 0.621131
vt 0.369208 0.621131
vt 0.049624 0.975761
vt 0.137143 0.975761
vt 0.141631 0.975761
vt 0.035262 0.975761
vt 0.137591 0.975761
vt 0.141182 0.975761
vt 0.138040 0.975761
vt 0.140733 0.975761
vt 0.190793 0.621131
vt 0.362279 0.621131
vt 0.361413 0.621131
vt 0.365743 0.621131
vt 0.163078 0.621131
vt 0.366609 0.621131
vt 0.363145 0.621131
vt 0.364877 0.621131
vt 0.364011 0.621131
vt 0.049176 0.975761
vt 0.035711 0.975761
vt 0.036160 0.975761
vt 0.048727 0.975761
vt 0.036609 0.975761
vt 0.048278 0.975761
vt 0.037058 0.975761
vt 0.047829 0.975761
vt 0.047380 0.975761
vt 0.037506 0.975761
vt 0.185596 0.621131
vt 0.167408 0.621131
vt 0.186462 0.621131
vt 0.168274 0.621131
vt 0.046483 0.975761
vt 0.037955 0.975761
vt 0.046931 0.975761
vt 0.038404 0.975761
vt 0.046034 0.975761
vt 0.038853 0.975761
vt 0.142395 0.728175
vt 0.129404 0.728175
vt 0.143261 0.728175
vt 0.182132 0.621131
vt 0.170873 0.621131
vt 0.182998 0.621131
vt 0.171739 0.621131
vt 0.044687 0.975761
vt 0.039750 0.975761
vt 0.045136 0.975761
vt 0.140663 0.728175
vt 0.132002 0.728175
vt 0.131136 0.728175
vt 0.180400 0.621131
vt 0.172605 0.621131
vt 0.181266 0.621131
vt 0.173471 0.621131
vt 0.179533 0.621131
vt 0.174337 0.621131
vt 0.070757 0.672266
vt 0.068513 0.672266
vt 0.071206 0.672266
vt 0.068962 0.672266
vt 0.137198 0.728175
vt 0.134600 0.728175
vt 0.138064 0.728175
vt 0.135466 0.728175
vt 0.057587 0.710949
vt 0.056721 0.710949
vt 0.058453 0.710949
vt 0.032610 0.975761
vt 0.056030 0.975761
vt 0.044320 0.975761
vt 0.067740 0.975761
vt 0.079450 0.975761
vt 0.102870 0.975761
vt 0.091160 0.975761
vt 0.114580 0.975761
vt 0.137999 0.975761
vt 0.126290 0.975761
vt 0.357963 0.609305
vt 0.359438 0.609305
vt 0.358701 0.609305
vt 0.369682 0.142508
vt 0.371895 0.142508
vt 0.371157 0.142508
vt 0.281586 0.706028
vt 0.284537 0.706028
vt 0.282324 0.706028
vt 0.285274 0.706028
vt 0.286012 0.706028
vt 0.280849 0.706028
vt 0.286750 0.706028
vt 0.315300 0.728175
vt 0.321938 0.728175
vt 0.321201 0.728175
vt 0.314562 0.728175
vt 0.280111 0.706028
vt 0.288225 0.706028
vt 0.287487 0.706028
vt 0.279374 0.706028
vt 0.288962 0.706028
vt 0.289700 0.706028
vt 0.134038 0.975761
vt 0.139772 0.975761
vt 0.134421 0.975761
vt 0.140154 0.975761
vt 0.278636 0.706028
vt 0.291175 0.706028
vt 0.290438 0.706028
vt 0.277898 0.706028
vt 0.291913 0.706028
vt 0.133274 0.975761
vt 0.140918 0.975761
vt 0.133656 0.975761
vt 0.141300 0.975761
vt 0.277161 0.706028
vt 0.293388 0.706028
vt 0.292650 0.706028
vt 0.276423 0.706028
vt 0.294126 0.706028
vt 0.132892 0.975761
vt 0.142447 0.975761
vt 0.142065 0.975761
vt 0.132509 0.975761
vt 0.275686 0.706028
vt 0.295601 0.706028
vt 0.294863 0.706028
vt 0.132127 0.975761
vt 0.142829 0.975761
vt 0.143212 0.975761
vt 0.159544 0.672266
vt 0.171010 0.672266
vt 0.170628 0.672266
vt 0.308662 0.728175
vt 0.331527 0.728175
vt 0.309399 0.728175
vt 0.332264 0.728175
vt 0.159161 0.672266
vt 0.171775 0.672266
vt 0.171393 0.672266
vt 0.131363 0.975761
vt 0.144358 0.975761
vt 0.131745 0.975761
vt 0.307924 0.728175
vt 0.333740 0.728175
vt 0.333002 0.728175
vt 0.145123 0.975761
vt 0.144741 0.975761
vt 0.130981 0.975761
vt 0.272735 0.706028
vt 0.300764 0.706028
vt 0.300026 0.706028
vt 0.130598 0.975761
vt 0.145505 0.975761
vt 0.145887 0.975761
vt 0.306449 0.728175
vt 0.336690 0.728175
vt 0.335952 0.728175
vt 0.130216 0.975761
vt 0.146269 0.975761
vt 0.146652 0.975761
vt 0.305711 0.728175
vt 0.139753 0.728175
vt 0.337428 0.728175
vt 0.044216 0.975761
vt 0.147034 0.975761
vt 0.129834 0.975761
vt 0.044598 0.975761
vt 0.106040 0.706028
vt 0.105302 0.706028
vt 0.271260 0.706028
vt 0.191922 0.142508
vt 0.391072 0.142508
vt 0.192660 0.142508
vt 0.070868 0.672266
vt 0.174450 0.672266
vt 0.071250 0.672266
vt 0.044980 0.975761
vt 0.070486 0.672266
vt 0.070104 0.672266
vt 0.304974 0.728175
vt 0.141966 0.728175
vt 0.141228 0.728175
vt 0.101614 0.706028
vt 0.303714 0.706028
vt 0.102352 0.706028
vt 0.100876 0.706028
vt 0.142703 0.728175
vt 0.135327 0.728175
vt 0.338903 0.728175
vt 0.338165 0.728175
vt 0.134590 0.728175
vt 0.133852 0.728175
vt 0.143441 0.728175
vt 0.133115 0.728175
vt 0.097926 0.706028
vt 0.304452 0.706028
vt 0.098664 0.706028
vt 0.270523 0.706028
vt 0.109727 0.706028
vt 0.108990 0.706028
vt 0.097188 0.706028
vt 0.129452 0.975761
vt 0.046509 0.975761
vt 0.040011 0.975761
vt 0.147798 0.975761
vt 0.147416 0.975761
vt 0.046891 0.975761
vt 0.039629 0.975761
vt 0.130164 0.728175
vt 0.339640 0.728175
vt 0.130902 0.728175
vt 0.304236 0.728175
vt 0.145654 0.728175
vt 0.144916 0.728175
vt 0.129427 0.728175
vt 0.094238 0.706028
vt 0.305189 0.706028
vt 0.094976 0.706028
vt 0.065899 0.672266
vt 0.175597 0.672266
vt 0.175215 0.672266
vt 0.269785 0.706028
vt 0.111940 0.706028
vt 0.111203 0.706028
vt 0.065517 0.672266
vt 0.065135 0.672266
vt 0.129069 0.975761
vt 0.047656 0.975761
vt 0.048038 0.975761
vt 0.126476 0.728175
vt 0.340378 0.728175
vt 0.127214 0.728175
vt 0.092025 0.706028
vt 0.306665 0.706028
vt 0.305927 0.706028
vt 0.091288 0.706028
vt 0.048420 0.975761
vt 0.090550 0.706028
vt 0.036571 0.975761
vt 0.148945 0.975761
vt 0.148563 0.975761
vt 0.036189 0.975761
vt 0.048803 0.975761
vt 0.128687 0.975761
vt 0.089075 0.706028
vt 0.307402 0.706028
vt 0.089813 0.706028
vt 0.122788 0.728175
vt 0.341853 0.728175
vt 0.123526 0.728175
vt 0.049185 0.975761
vt 0.035425 0.975761
vt 0.149327 0.975761
vt 0.062459 0.672266
vt 0.176744 0.672266
vt 0.062841 0.672266
vt 0.302761 0.728175
vt 0.150079 0.728175
vt 0.149342 0.728175
vt 0.086862 0.706028
vt 0.308140 0.706028
vt 0.087600 0.706028
vt 0.034660 0.975761
vt 0.128305 0.975761
vt 0.049567 0.975761
vt 0.034278 0.975761
vt 0.049949 0.975761
vt 0.061312 0.672266
vt 0.177126 0.672266
vt 0.061695 0.672266
vt 0.119838 0.728175
vt 0.119100 0.728175
vt 0.050332 0.975761
vt 0.127923 0.975761
vt 0.060548 0.672266
vt 0.048317 0.672266
vt 0.060930 0.672266
vt 0.033131 0.975761
vt 0.021283 0.975761
vt 0.117625 0.728175
vt 0.095497 0.728175
vt 0.118363 0.728175
vt 0.050714 0.975761
vt 0.059784 0.672266
vt 0.048699 0.672266
vt 0.060166 0.672266
vt 0.032367 0.975761
vt 0.021665 0.975761
vt 0.116150 0.728175
vt 0.096235 0.728175
vt 0.116888 0.728175
vt 0.127540 0.975761
vt 0.051096 0.975761
vt 0.080961 0.706028
vt 0.061784 0.706028
vt 0.081699 0.706028
vt 0.031603 0.975761
vt 0.022047 0.975761
vt 0.031220 0.975761
vt 0.300548 0.728175
vt 0.153767 0.728175
vt 0.153030 0.728175
vt 0.022429 0.975761
vt 0.030838 0.975761
vt 0.127158 0.975761
vt 0.051478 0.975761
vt 0.057872 0.672266
vt 0.049846 0.672266
vt 0.058255 0.672266
vt 0.299810 0.728175
vt 0.154505 0.728175
vt 0.030456 0.975761
vt 0.022811 0.975761
vt 0.030074 0.975761
vt 0.052243 0.975761
vt 0.051860 0.975761
vt 0.126776 0.975761
vt 0.111724 0.728175
vt 0.098448 0.728175
vt 0.112462 0.728175
vt 0.099185 0.728175
vt 0.056726 0.672266
vt 0.050610 0.672266
vt 0.057108 0.672266
vt 0.052625 0.975761
vt 0.110987 0.728175
vt 0.099923 0.728175
vt 0.110249 0.728175
vt 0.126394 0.975761
vt 0.028545 0.975761
vt 0.023576 0.975761
vt 0.028927 0.975761
vt 0.023958 0.975761
vt 0.053007 0.975761
vt 0.074323 0.706028
vt 0.066210 0.706028
vt 0.075061 0.706028
vt 0.028163 0.975761
vt 0.024340 0.975761
vt 0.027780 0.975761
vt 0.126012 0.975761
vt 0.053389 0.975761
vt 0.027398 0.975761
vt 0.024723 0.975761
vt 0.106561 0.728175
vt 0.102136 0.728175
vt 0.107299 0.728175
vt 0.053772 0.975761
vt 0.125629 0.975761
vt 0.054050 0.672266
vt 0.052139 0.672266
vt 0.054432 0.672266
vt 0.026634 0.975761
vt 0.025105 0.975761
vt 0.026251 0.975761
vt 0.054154 0.975761
vt 0.025487 0.975761
vt 0.104349 0.728175
vt 0.103611 0.728175
vt 0.105086 0.728175
vt 0.125247 0.975761
vt 0.054536 0.975761
vt 0.054918 0.975761
vt 0.124865 0.975761
vt 0.055300 0.975761
vt 0.124483 0.975761
vt 0.055683 0.975761
vt 0.124100 0.975761
vt 0.056065 0.975761
vt 0.056447 0.975761
vt 0.123718 0.975761
vt 0.056829 0.975761
vt 0.123336 0.975761
vt 0.057212 0.975761
vt 0.122954 0.975761
vt 0.057594 0.975761
vt 0.122572 0.975761
vt 0.057976 0.975761
vt 0.122189 0.975761
vt 0.058358 0.975761
vt 0.058740 0.975761
vt 0.121807 0.975761
vt 0.059123 0.975761
vt 0.121425 0.975761
vt 0.059505 0.975761
vt 0.121043 0.975761
vt 0.059887 0.975761
vt 0.120660 0.975761
vt 0.060269 0.975761
vt 0.060651 0.975761
vt 0.120278 0.975761
vt 0.061034 0.975761
vt 0.119896 0.975761
vt 0.061416 0.975761
vt 0.119514 0.975761
vt 0.061798 0.975761
vt 0.117117 0.672266
vt 0.117881 0.672266
vt 0.117499 0.672266
vt 0.089700 0.975761
vt 0.090847 0.975761
vt 0.090465 0.975761
vt 0.062180 0.975761
vt 0.119132 0.975761
vt 0.226789 0.728175
vt 0.229739 0.728175
vt 0.227526 0.728175
vt 0.089318 0.975761
vt 0.091229 0.975761
vt 0.062563 0.975761
vt 0.088936 0.975761
vt 0.088554 0.975761
vt 0.091612 0.975761
vt 0.118749 0.975761
vt 0.062945 0.975761
vt 0.190125 0.706028
vt 0.196763 0.706028
vt 0.190863 0.706028
vt 0.088172 0.975761
vt 0.091994 0.975761
vt 0.115206 0.672266
vt 0.119410 0.672266
vt 0.115588 0.672266
vt 0.118367 0.975761
vt 0.063327 0.975761
vt 0.223101 0.728175
vt 0.231952 0.728175
vt 0.223838 0.728175
vt 0.087407 0.975761
vt 0.092376 0.975761
vt 0.087025 0.975761
vt 0.063709 0.975761
vt 0.092758 0.975761
vt 0.114059 0.672266
vt 0.120175 0.672266
vt 0.114441 0.672266
vt 0.117985 0.975761
vt 0.220888 0.728175
vt 0.233427 0.728175
vt 0.221626 0.728175
vt 0.086260 0.975761
vt 0.093140 0.975761
vt 0.064092 0.975761
vt 0.085878 0.975761
vt 0.220150 0.728175
vt 0.234902 0.728175
vt 0.234165 0.728175
vt 0.219413 0.728175
vt 0.117603 0.975761
vt 0.064474 0.975761
vt 0.085114 0.975761
vt 0.093523 0.975761
vt 0.085496 0.975761
vt 0.093905 0.975761
vt 0.217938 0.728175
vt 0.235640 0.728175
vt 0.218675 0.728175
vt 0.064856 0.975761
vt 0.084349 0.975761
vt 0.084732 0.975761
vt 0.117220 0.975761
vt 0.094287 0.975761
vt 0.216462 0.728175
vt 0.236377 0.728175
vt 0.217200 0.728175
vt 0.065238 0.975761
vt 0.111001 0.672266
vt 0.121704 0.672266
vt 0.111384 0.672266
vt 0.083585 0.975761
vt 0.094669 0.975761
vt 0.280633 0.728175
vt 0.181058 0.728175
vt 0.180321 0.728175
vt 0.214987 0.728175
vt 0.237115 0.728175
vt 0.215725 0.728175
vt 0.116838 0.975761
vt 0.065620 0.975761
vt 0.083203 0.975761
vt 0.095052 0.975761
vt 0.082820 0.975761
vt 0.066003 0.975761
vt 0.082438 0.975761
vt 0.095434 0.975761
vt 0.082056 0.975761
vt 0.116456 0.975761
vt 0.066385 0.975761
vt 0.081674 0.975761
vt 0.177586 0.706028
vt 0.204877 0.706028
vt 0.204139 0.706028
vt 0.176848 0.706028
vt 0.066767 0.975761
vt 0.210562 0.728175
vt 0.239328 0.728175
vt 0.211299 0.728175
vt 0.116074 0.975761
vt 0.108326 0.672266
vt 0.123615 0.672266
vt 0.123233 0.672266
vt 0.107944 0.672266
vt 0.067149 0.975761
vt 0.174636 0.706028
vt 0.205615 0.706028
vt 0.175373 0.706028
vt 0.080145 0.975761
vt 0.096580 0.975761
vt 0.096198 0.975761
vt 0.079763 0.975761
vt 0.143490 0.672266
vt 0.094948 0.672266
vt 0.094566 0.672266
vt 0.106797 0.672266
vt 0.123997 0.672266
vt 0.107179 0.672266
vt 0.115692 0.975761
vt 0.067532 0.975761
vt 0.067914 0.975761
vt 0.206874 0.728175
vt 0.240803 0.728175
vt 0.207611 0.728175
vt 0.078998 0.975761
vt 0.096963 0.975761
vt 0.106032 0.672266
vt 0.124379 0.672266
vt 0.106415 0.672266
vt 0.143108 0.672266
vt 0.095712 0.672266
vt 0.095330 0.672266
vt 0.105650 0.672266
vt 0.205399 0.728175
vt 0.242278 0.728175
vt 0.241541 0.728175
vt 0.204661 0.728175
vt 0.277683 0.728175
vt 0.186959 0.728175
vt 0.186221 0.728175
vt 0.115309 0.975761
vt 0.068678 0.975761
vt 0.169472 0.706028
vt 0.207827 0.706028
vt 0.170210 0.706028
vt 0.168735 0.706028
vt 0.069060 0.975761
vt 0.077087 0.975761
vt 0.097727 0.975761
vt 0.097345 0.975761
vt 0.076705 0.975761
vt 0.201711 0.728175
vt 0.243016 0.728175
vt 0.202448 0.728175
vt 0.276945 0.728175
vt 0.188434 0.728175
vt 0.187696 0.728175
vt 0.166522 0.706028
vt 0.208565 0.706028
vt 0.167260 0.706028
vt 0.165784 0.706028
vt 0.242494 0.706028
vt 0.154721 0.706028
vt 0.153983 0.706028
vt 0.075558 0.975761
vt 0.098109 0.975761
vt 0.114927 0.975761
vt 0.069825 0.975761
vt 0.075176 0.975761
vt 0.070207 0.975761
vt 0.074794 0.975761
vt 0.074412 0.975761
vt 0.070589 0.975761
vt 0.074029 0.975761
vt 0.112736 0.648368
vt 0.159942 0.648368
vt 0.113473 0.648368
vt 0.162097 0.706028
vt 0.210040 0.706028
vt 0.209302 0.706028
vt 0.241756 0.706028
vt 0.156933 0.706028
vt 0.156196 0.706028
vt 0.161359 0.706028
vt 0.160621 0.706028
vt 0.157671 0.706028
vt 0.159884 0.706028
vt 0.159146 0.706028
vt 0.158409 0.706028
vt 0.114545 0.975761
vt 0.098492 0.975761
vt 0.098874 0.975761
vt 0.275470 0.728175
vt 0.245966 0.728175
vt 0.245229 0.728175
vt 0.114163 0.975761
vt 0.099256 0.975761
vt 0.099638 0.975761
vt 0.274732 0.728175
vt 0.247441 0.728175
vt 0.246704 0.728175
vt 0.113780 0.975761
vt 0.100020 0.975761
vt 0.100403 0.975761
vt 0.113398 0.975761
vt 0.100785 0.975761
vt 0.101167 0.975761
vt 0.113016 0.975761
vt 0.101549 0.975761
vt 0.101932 0.975761
vt 0.237331 0.706028
vt 0.216678 0.706028
vt 0.238069 0.706028
vt 0.217416 0.706028
vt 0.112634 0.975761
vt 0.102696 0.975761
vt 0.102314 0.975761
vt 0.112252 0.975761
vt 0.236593 0.706028
vt 0.218891 0.706028
vt 0.218154 0.706028
vt 0.111869 0.975761
vt 0.103078 0.975761
vt 0.103461 0.975761
vt 0.139286 0.672266
vt 0.131259 0.672266
vt 0.130877 0.672266
vt 0.269569 0.728175
vt 0.254817 0.728175
vt 0.270307 0.728175
vt 0.255555 0.728175
vt 0.256292 0.728175
vt 0.234381 0.706028
vt 0.221841 0.706028
vt 0.235118 0.706028
vt 0.138521 0.672266
vt 0.132406 0.672266
vt 0.132024 0.672266
vt 0.110723 0.975761
vt 0.104989 0.975761
vt 0.111105 0.975761
vt 0.268094 0.728175
vt 0.257768 0.728175
vt 0.257030 0.728175
vt 0.258505 0.728175
vt 0.232905 0.706028
vt 0.224054 0.706028
vt 0.233643 0.706028
vt 0.224792 0.706028
vt 0.225529 0.706028
vt 0.232168 0.706028
vt 0.226267 0.706028
vt 0.136993 0.672266
vt 0.134317 0.672266
vt 0.137375 0.672266
vt 0.134699 0.672266
vt 0.231430 0.706028
vt 0.227742 0.706028
vt 0.227005 0.706028
vt 0.265144 0.728175
vt 0.262193 0.728175
vt 0.265881 0.728175
vt 0.262931 0.728175
vt 0.318050 0.142508
vt 0.316575 0.142508
vt 0.315838 0.142508
vt 0.229955 0.706028
vt 0.229217 0.706028
vt 0.230693 0.706028
vt 0.074571 0.975761
vt 0.096039 0.975761
vt 0.085305 0.975761
vt 0.117507 0.975761
vt 0.138975 0.975761
vt 0.128241 0.975761
vt 0.053103 0.975761
vt 0.042369 0.975761
vt 0.031634 0.975761
vt 0.525530 0.480399
vt 0.526441 0.480399
vt 0.716737 0.480399
vt 0.527351 0.480399
vt 0.528262 0.480399
vt 0.529172 0.480399
vt 0.530083 0.480399
vt 0.530993 0.480399
vt 0.531904 0.480399
vt 0.532814 0.480399
vt 0.533725 0.480399
vt 0.534635 0.480399
vt 0.535546 0.480399
vt 0.536456 0.480399
vt 0.537367 0.480399
vt 0.538277 0.480399
vt 0.539188 0.480399
vt 0.540098 0.480399
vt 0.541009 0.480399
vt 0.541919 0.480399
vt 0.542830 0.480399
vt 0.543740 0.480399
vt 0.544651 0.480399
vt 0.545561 0.480399
vt 0.546472 0.480399
vt 0.714576 0.449124
vt 0.544311 0.449124
vt 0.771028 0.449124
vt 0.770117 0.449124
vt 0.545222 0.449124
vt 0.717647 0.480399
vt 0.769207 0.449124
vt 0.768296 0.449124
vt 0.767386 0.449124
vt 0.768636 0.480399
vt 0.769546 0.480399
vt 0.547382 0.480399
vt 0.548293 0.480399
vt 0.765565 0.449124
vt 0.766475 0.449124
vt 0.546132 0.449124
vt 0.764654 0.449124
vt 0.766815 0.480399
vt 0.549203 0.480399
vt 0.765904 0.480399
vt 0.762833 0.449124
vt 0.763744 0.449124
vt 0.547043 0.449124
vt 0.764994 0.480399
vt 0.550114 0.480399
vt 0.764083 0.480399
vt 0.761012 0.449124
vt 0.761923 0.449124
vt 0.547953 0.449124
vt 0.763173 0.480399
vt 0.551024 0.480399
vt 0.762262 0.480399
vt 0.760102 0.449124
vt 0.548864 0.449124
vt 0.549775 0.449124
vt 0.759191 0.449124
vt 0.760441 0.480399
vt 0.761352 0.480399
vt 0.551935 0.480399
vt 0.758281 0.449124
vt 0.550685 0.449124
vt 0.759531 0.480399
vt 0.552845 0.480399
vt 0.553756 0.480399
vt 0.756460 0.449124
vt 0.757370 0.449124
vt 0.551595 0.449124
vt 0.758620 0.480399
vt 0.554666 0.480399
vt 0.757710 0.480399
vt 0.756799 0.480399
vt 0.555577 0.480399
vt 0.753728 0.449124
vt 0.754639 0.449124
vt 0.553416 0.449124
vt 0.755889 0.480399
vt 0.556487 0.480399
vt 0.752818 0.449124
vt 0.554327 0.449124
vt 0.754978 0.480399
vt 0.557398 0.480399
vt 0.754068 0.480399
vt 0.558309 0.480399
vt 0.753157 0.480399
vt 0.559219 0.480399
vt 0.752246 0.480399
vt 0.560130 0.480399
vt 0.751336 0.480399
vt 0.748265 0.449124
vt 0.749176 0.449124
vt 0.557969 0.449124
vt 0.558879 0.449124
vt 0.749515 0.480399
vt 0.750426 0.480399
vt 0.561040 0.480399
vt 0.561950 0.480399
vt 0.748605 0.480399
vt 0.562861 0.480399
vt 0.745534 0.449124
vt 0.746444 0.449124
vt 0.560701 0.449124
vt 0.747694 0.480399
vt 0.563772 0.480399
vt 0.746783 0.480399
vt 0.744623 0.449124
vt 0.561611 0.449124
vt 0.562522 0.449124
vt 0.745873 0.480399
vt 0.564682 0.480399
vt 0.744962 0.480399
vt 0.742802 0.449124
vt 0.563432 0.449124
vt 0.744052 0.480399
vt 0.565593 0.480399
vt 0.566503 0.480399
vt 0.740981 0.449124
vt 0.741892 0.449124
vt 0.564343 0.449124
vt 0.743141 0.480399
vt 0.567414 0.480399
vt 0.742231 0.480399
vt 0.740071 0.449124
vt 0.565253 0.449124
vt 0.566164 0.449124
vt 0.739160 0.449124
vt 0.741320 0.480399
vt 0.568324 0.480399
vt 0.569235 0.480399
vt 0.740410 0.480399
vt 0.737339 0.449124
vt 0.738249 0.449124
vt 0.567074 0.449124
vt 0.567985 0.449124
vt 0.738589 0.480399
vt 0.739499 0.480399
vt 0.570145 0.480399
vt 0.571056 0.480399
vt 0.735518 0.449124
vt 0.736428 0.449124
vt 0.568895 0.449124
vt 0.737678 0.480399
vt 0.571966 0.480399
vt 0.736768 0.480399
vt 0.734607 0.449124
vt 0.569806 0.449124
vt 0.570716 0.449124
vt 0.733697 0.449124
vt 0.735857 0.480399
vt 0.572877 0.480399
vt 0.573787 0.480399
vt 0.734947 0.480399
vt 0.731876 0.449124
vt 0.732786 0.449124
vt 0.571627 0.449124
vt 0.572537 0.449124
vt 0.730965 0.449124
vt 0.733126 0.480399
vt 0.574698 0.480399
vt 0.575608 0.480399
vt 0.732215 0.480399
vt 0.730055 0.449124
vt 0.573448 0.449124
vt 0.574358 0.449124
vt 0.729144 0.449124
vt 0.575269 0.449124
vt 0.728234 0.449124
vt 0.729484 0.480399
vt 0.730394 0.480399
vt 0.577429 0.480399
vt 0.578340 0.480399
vt 0.726413 0.449124
vt 0.727323 0.449124
vt 0.576179 0.449124
vt 0.577090 0.449124
vt 0.725502 0.449124
vt 0.724592 0.449124
vt 0.726752 0.480399
vt 0.579250 0.480399
vt 0.580161 0.480399
vt 0.725842 0.480399
vt 0.755974 0.410061
vt 0.756884 0.410061
vt 0.611203 0.410061
vt 0.722771 0.449124
vt 0.578000 0.449124
vt 0.578911 0.449124
vt 0.721860 0.449124
vt 0.763177 0.667932
vt 0.764088 0.667932
vt 0.621138 0.667932
vt 0.720950 0.449124
vt 0.579821 0.449124
vt 0.720039 0.449124
vt 0.752332 0.410061
vt 0.753242 0.410061
vt 0.613024 0.410061
vt 0.760446 0.667932
vt 0.761356 0.667932
vt 0.622048 0.667932
vt 0.720379 0.480399
vt 0.581982 0.480399
vt 0.582892 0.480399
vt 0.717308 0.449124
vt 0.718218 0.449124
vt 0.580732 0.449124
vt 0.716397 0.449124
vt 0.659375 0.480399
vt 0.718558 0.480399
vt 0.583803 0.480399
vt 0.584713 0.480399
vt 0.585624 0.480399
vt 0.586534 0.480399
vt 0.587445 0.480399
vt 0.588355 0.480399
vt 0.657214 0.449124
vt 0.586195 0.449124
vt 0.587105 0.449124
vt 0.589266 0.480399
vt 0.590176 0.480399
vt 0.591087 0.480399
vt 0.588926 0.449124
vt 0.589837 0.449124
vt 0.591997 0.480399
vt 0.592908 0.480399
vt 0.593818 0.480399
vt 0.594729 0.480399
vt 0.595639 0.480399
vt 0.596550 0.480399
vt 0.597460 0.480399
vt 0.598371 0.480399
vt 0.599281 0.480399
vt 0.600192 0.480399
vt 0.601102 0.480399
vt 0.602013 0.480399
vt 0.602923 0.480399
vt 0.603834 0.480399
vt 0.604744 0.480399
vt 0.605655 0.480399
vt 0.606565 0.480399
vt 0.607476 0.480399
vt 0.608386 0.480399
vt 0.715826 0.480399
vt 0.609297 0.480399
vt 0.660285 0.480399
vt 0.754982 0.667932
vt 0.755893 0.667932
vt 0.649364 0.667932
vt 0.754072 0.667932
vt 0.744137 0.410061
vt 0.745048 0.410061
vt 0.640340 0.410061
vt 0.710934 0.449124
vt 0.607136 0.449124
vt 0.608047 0.449124
vt 0.710024 0.449124
vt 0.709113 0.449124
vt 0.708203 0.449124
vt 0.707292 0.449124
vt 0.709453 0.480399
vt 0.610207 0.480399
vt 0.611118 0.480399
vt 0.708542 0.480399
vt 0.705471 0.449124
vt 0.706382 0.449124
vt 0.608957 0.449124
vt 0.704561 0.449124
vt 0.609868 0.449124
vt 0.703650 0.449124
vt 0.704900 0.480399
vt 0.705811 0.480399
vt 0.612028 0.480399
vt 0.612939 0.480399
vt 0.701829 0.449124
vt 0.702740 0.449124
vt 0.610778 0.449124
vt 0.703990 0.480399
vt 0.613849 0.480399
vt 0.703079 0.480399
vt 0.702169 0.480399
vt 0.700008 0.449124
vt 0.611689 0.449124
vt 0.612599 0.449124
vt 0.699098 0.449124
vt 0.700348 0.480399
vt 0.701258 0.480399
vt 0.614760 0.480399
vt 0.615670 0.480399
vt 0.697277 0.449124
vt 0.698187 0.449124
vt 0.613510 0.449124
vt 0.699437 0.480399
vt 0.616581 0.480399
vt 0.698527 0.480399
vt 0.695456 0.449124
vt 0.696366 0.449124
vt 0.614420 0.449124
vt 0.697616 0.480399
vt 0.617491 0.480399
vt 0.696706 0.480399
vt 0.694545 0.449124
vt 0.615331 0.449124
vt 0.616241 0.449124
vt 0.693635 0.449124
vt 0.694885 0.480399
vt 0.695795 0.480399
vt 0.618402 0.480399
vt 0.619312 0.480399
vt 0.691814 0.449124
vt 0.692724 0.449124
vt 0.617152 0.449124
vt 0.693974 0.480399
vt 0.620223 0.480399
vt 0.693064 0.480399
vt 0.689993 0.449124
vt 0.690903 0.449124
vt 0.618062 0.449124
vt 0.692153 0.480399
vt 0.621133 0.480399
vt 0.691243 0.480399
vt 0.622044 0.480399
vt 0.690332 0.480399
vt 0.687261 0.449124
vt 0.688172 0.449124
vt 0.619884 0.449124
vt 0.689422 0.480399
vt 0.622954 0.480399
vt 0.688511 0.480399
vt 0.623865 0.480399
vt 0.687601 0.480399
vt 0.686690 0.480399
vt 0.624776 0.480399
vt 0.685780 0.480399
vt 0.625686 0.480399
vt 0.684869 0.480399
vt 0.683958 0.480399
vt 0.626597 0.480399
vt 0.683048 0.480399
vt 0.679977 0.449124
vt 0.680888 0.449124
vt 0.624436 0.449124
vt 0.682137 0.480399
vt 0.627507 0.480399
vt 0.679066 0.449124
vt 0.625347 0.449124
vt 0.681227 0.480399
vt 0.628417 0.480399
vt 0.680317 0.480399
vt 0.629328 0.480399
vt 0.679406 0.480399
vt 0.677246 0.449124
vt 0.627168 0.449124
vt 0.628078 0.449124
vt 0.678495 0.480399
vt 0.630239 0.480399
vt 0.631149 0.480399
vt 0.675425 0.449124
vt 0.676335 0.449124
vt 0.628989 0.449124
vt 0.677585 0.480399
vt 0.632060 0.480399
vt 0.674514 0.449124
vt 0.629899 0.449124
vt 0.675764 0.480399
vt 0.676674 0.480399
vt 0.632970 0.480399
vt 0.674853 0.480399
vt 0.633881 0.480399
vt 0.671782 0.449124
vt 0.672693 0.449124
vt 0.631720 0.449124
vt 0.673943 0.480399
vt 0.634791 0.480399
vt 0.673033 0.480399
vt 0.669961 0.449124
vt 0.670872 0.449124
vt 0.632631 0.449124
vt 0.672122 0.480399
vt 0.635702 0.480399
vt 0.669051 0.449124
vt 0.633541 0.449124
vt 0.671211 0.480399
vt 0.636612 0.480399
vt 0.670301 0.480399
vt 0.668140 0.449124
vt 0.634452 0.449124
vt 0.635362 0.449124
vt 0.667230 0.449124
vt 0.668480 0.480399
vt 0.669390 0.480399
vt 0.637523 0.480399
vt 0.638433 0.480399
vt 0.665409 0.449124
vt 0.666319 0.449124
vt 0.636273 0.449124
vt 0.664498 0.449124
vt 0.666659 0.480399
vt 0.639344 0.480399
vt 0.665748 0.480399
vt 0.662677 0.449124
vt 0.663588 0.449124
vt 0.637183 0.449124
vt 0.694970 0.410061
vt 0.695881 0.410061
vt 0.670386 0.410061
vt 0.663927 0.480399
vt 0.640254 0.480399
vt 0.663017 0.480399
vt 0.662106 0.480399
vt 0.659035 0.449124
vt 0.659946 0.449124
vt 0.638094 0.449124
vt 0.661196 0.480399
vt 0.641165 0.480399
vt 0.642075 0.480399
vt 0.642986 0.480399
vt 0.643896 0.480399
vt 0.644807 0.480399
vt 0.645717 0.480399
vt 0.646628 0.480399
vt 0.647538 0.480399
vt 0.648449 0.480399
vt 0.649359 0.480399
vt 0.650270 0.480399
vt 0.651180 0.480399
vt 0.652091 0.480399
vt 0.653001 0.480399
vt 0.653912 0.480399
vt 0.654822 0.480399
vt 0.655733 0.480399
vt 0.656643 0.480399
vt 0.541155 0.369071
vt 0.672268 0.369071
vt 0.673179 0.369071
vt 0.556573 0.410061
vt 0.688596 0.410061
vt 0.689507 0.410061
vt 0.667751 0.667932
vt 0.668618 0.667932
vt 0.669484 0.667932
vt 0.625524 0.449124
vt 0.627256 0.449124
vt 0.628122 0.449124
vt 0.624658 0.449124
vt 0.597314 0.410061
vt 0.600779 0.410061
vt 0.601645 0.410061
vt 0.596448 0.410061
vt 0.623792 0.449124
vt 0.629855 0.449124
vt 0.622926 0.449124
vt 0.630721 0.449124
vt 0.622060 0.449124
vt 0.624220 0.480399
vt 0.632881 0.480399
vt 0.633747 0.480399
vt 0.623354 0.480399
vt 0.621194 0.449124
vt 0.631587 0.449124
vt 0.632453 0.449124
vt 0.620328 0.449124
vt 0.622488 0.480399
vt 0.634613 0.480399
vt 0.635480 0.480399
vt 0.621622 0.480399
vt 0.619462 0.449124
vt 0.633319 0.449124
vt 0.634185 0.449124
vt 0.618595 0.449124
vt 0.620756 0.480399
vt 0.636346 0.480399
vt 0.637212 0.480399
vt 0.619890 0.480399
vt 0.638078 0.480399
vt 0.619024 0.480399
vt 0.616863 0.449124
vt 0.635917 0.449124
vt 0.636783 0.449124
vt 0.615997 0.449124
vt 0.617292 0.480399
vt 0.618158 0.480399
vt 0.638944 0.480399
vt 0.639810 0.480399
vt 0.616426 0.480399
vt 0.640676 0.480399
vt 0.615559 0.480399
vt 0.641542 0.480399
vt 0.614693 0.480399
vt 0.642408 0.480399
vt 0.613827 0.480399
vt 0.691776 0.480399
vt 0.662271 0.410061
vt 0.585189 0.410061
vt 0.661405 0.410061
vt 0.612904 0.410061
vt 0.660539 0.410061
vt 0.690043 0.480399
vt 0.643274 0.480399
vt 0.692642 0.480399
vt 0.689177 0.480399
vt 0.611667 0.449124
vt 0.690481 0.449124
vt 0.691347 0.449124
vt 0.686151 0.449124
vt 0.687017 0.449124
vt 0.641114 0.449124
vt 0.692213 0.449124
vt 0.685285 0.449124
vt 0.693079 0.449124
vt 0.684418 0.449124
vt 0.693946 0.449124
vt 0.683552 0.449124
vt 0.612961 0.480399
vt 0.696106 0.480399
vt 0.685713 0.480399
vt 0.644140 0.480399
vt 0.696972 0.480399
vt 0.684847 0.480399
vt 0.610801 0.449124
vt 0.694812 0.449124
vt 0.695678 0.449124
vt 0.681820 0.449124
vt 0.682686 0.449124
vt 0.641980 0.449124
vt 0.696544 0.449124
vt 0.680954 0.449124
vt 0.612095 0.480399
vt 0.698704 0.480399
vt 0.683115 0.480399
vt 0.645006 0.480399
vt 0.699570 0.480399
vt 0.682248 0.480399
vt 0.700436 0.480399
vt 0.681383 0.480399
vt 0.701303 0.480399
vt 0.680516 0.480399
vt 0.611229 0.480399
vt 0.645873 0.480399
vt 0.679650 0.480399
vt 0.609068 0.449124
vt 0.700874 0.449124
vt 0.676624 0.449124
vt 0.677490 0.449124
vt 0.643712 0.449124
vt 0.610363 0.480399
vt 0.703035 0.480399
vt 0.678784 0.480399
vt 0.646739 0.480399
vt 0.703901 0.480399
vt 0.677918 0.480399
vt 0.704767 0.480399
vt 0.677052 0.480399
vt 0.609497 0.480399
vt 0.647605 0.480399
vt 0.705633 0.480399
vt 0.676186 0.480399
vt 0.608631 0.480399
vt 0.648471 0.480399
vt 0.706499 0.480399
vt 0.675320 0.480399
vt 0.606470 0.449124
vt 0.704339 0.449124
vt 0.705205 0.449124
vt 0.672293 0.449124
vt 0.673159 0.449124
vt 0.646310 0.449124
vt 0.607765 0.480399
vt 0.707365 0.480399
vt 0.674454 0.480399
vt 0.524620 0.480399
vt 0.605604 0.449124
vt 0.706071 0.449124
vt 0.671427 0.449124
vt 0.522459 0.449124
vt 0.708231 0.480399
vt 0.709097 0.480399
vt 0.672722 0.480399
vt 0.673588 0.480399
vt 0.606899 0.480399
vt 0.525486 0.480399
vt 0.709963 0.480399
vt 0.671855 0.480399
vt 0.526352 0.480399
vt 0.606032 0.480399
vt 0.710830 0.480399
vt 0.670989 0.480399
vt 0.527218 0.480399
vt 0.605166 0.480399
vt 0.711696 0.480399
vt 0.670123 0.480399
vt 0.712562 0.480399
vt 0.669257 0.480399
vt 0.528084 0.480399
vt 0.604300 0.480399
vt 0.668391 0.480399
vt 0.713428 0.480399
vt 0.528950 0.480399
vt 0.603434 0.480399
vt 0.667525 0.480399
vt 0.714294 0.480399
vt 0.715160 0.480399
vt 0.529816 0.480399
vt 0.602568 0.480399
vt 0.665793 0.480399
vt 0.716026 0.480399
vt 0.530682 0.480399
vt 0.601702 0.480399
vt 0.664927 0.480399
vt 0.716892 0.480399
vt 0.531549 0.480399
vt 0.600836 0.480399
vt 0.664061 0.480399
vt 0.717758 0.480399
vt 0.663195 0.480399
vt 0.718624 0.480399
vt 0.532415 0.480399
vt 0.599970 0.480399
vt 0.662328 0.480399
vt 0.719491 0.480399
vt 0.533281 0.480399
vt 0.599104 0.480399
vt 0.661462 0.480399
vt 0.720357 0.480399
vt 0.534147 0.480399
vt 0.598238 0.480399
vt 0.660596 0.480399
vt 0.721223 0.480399
vt 0.535013 0.480399
vt 0.597372 0.480399
vt 0.659730 0.480399
vt 0.722089 0.480399
vt 0.596505 0.480399
vt 0.722955 0.480399
vt 0.658864 0.480399
vt 0.535879 0.480399
vt 0.723821 0.480399
vt 0.657998 0.480399
vt 0.536745 0.480399
vt 0.724687 0.480399
vt 0.657132 0.480399
vt 0.594773 0.480399
vt 0.537611 0.480399
vt 0.725553 0.480399
vt 0.656266 0.480399
vt 0.593907 0.480399
vt 0.538477 0.480399
vt 0.726419 0.480399
vt 0.655400 0.480399
vt 0.593041 0.480399
vt 0.539343 0.480399
vt 0.727285 0.480399
vt 0.654534 0.480399
vt 0.728151 0.480399
vt 0.653668 0.480399
vt 0.592175 0.480399
vt 0.540209 0.480399
vt 0.729017 0.480399
vt 0.652801 0.480399
vt 0.591309 0.480399
vt 0.541075 0.480399
vt 0.729884 0.480399
vt 0.651935 0.480399
vt 0.590443 0.480399
vt 0.541942 0.480399
vt 0.651069 0.480399
vt 0.730750 0.480399
vt 0.650203 0.480399
vt 0.731616 0.480399
vt 0.589577 0.480399
vt 0.542808 0.480399
vt 0.649337 0.480399
vt 0.732482 0.480399
vt 0.543674 0.480399
vt 0.588711 0.480399
vt 0.733348 0.480399
vt 0.773188 0.480399
vt 0.544540 0.480399
vt 0.587844 0.480399
vt 0.772322 0.480399
vt 0.734214 0.480399
vt 0.735080 0.480399
vt 0.771456 0.480399
vt 0.545406 0.480399
vt 0.586978 0.480399
vt 0.735946 0.480399
vt 0.770590 0.480399
vt 0.586112 0.480399
vt 0.546272 0.480399
vt 0.736812 0.480399
vt 0.769724 0.480399
vt 0.768858 0.480399
vt 0.585246 0.480399
vt 0.547138 0.480399
vt 0.738544 0.480399
vt 0.767992 0.480399
vt 0.583086 0.449124
vt 0.736384 0.449124
vt 0.737250 0.449124
vt 0.764965 0.449124
vt 0.765831 0.449124
vt 0.544978 0.449124
vt 0.584380 0.480399
vt 0.739411 0.480399
vt 0.767125 0.480399
vt 0.548004 0.480399
vt 0.740277 0.480399
vt 0.766259 0.480399
vt 0.583514 0.480399
vt 0.548870 0.480399
vt 0.741143 0.480399
vt 0.765393 0.480399
vt 0.742009 0.480399
vt 0.764527 0.480399
vt 0.582648 0.480399
vt 0.549736 0.480399
vt 0.742875 0.480399
vt 0.763661 0.480399
vt 0.743741 0.480399
vt 0.762795 0.480399
vt 0.581782 0.480399
vt 0.550602 0.480399
vt 0.744607 0.480399
vt 0.761929 0.480399
vt 0.745473 0.480399
vt 0.761063 0.480399
vt 0.579621 0.449124
vt 0.743313 0.449124
vt 0.744179 0.449124
vt 0.758036 0.449124
vt 0.758902 0.449124
vt 0.548442 0.449124
vt 0.580916 0.480399
vt 0.746339 0.480399
vt 0.760197 0.480399
vt 0.551469 0.480399
vt 0.747205 0.480399
vt 0.759331 0.480399
vt 0.578755 0.449124
vt 0.745045 0.449124
vt 0.745911 0.449124
vt 0.756304 0.449124
vt 0.757170 0.449124
vt 0.549308 0.449124
vt 0.746777 0.449124
vt 0.755438 0.449124
vt 0.580050 0.480399
vt 0.748938 0.480399
vt 0.757599 0.480399
vt 0.552335 0.480399
vt 0.749804 0.480399
vt 0.756732 0.480399
vt 0.750670 0.480399
vt 0.755866 0.480399
vt 0.577889 0.449124
vt 0.748509 0.449124
vt 0.749375 0.449124
vt 0.752840 0.449124
vt 0.753706 0.449124
vt 0.550174 0.449124
vt 0.750242 0.449124
vt 0.751974 0.449124
vt 0.751108 0.449124
vt 0.579183 0.480399
vt 0.553201 0.480399
vt 0.554067 0.480399
vt 0.578317 0.480399
vt 0.554933 0.480399
vt 0.577451 0.480399
vt 0.555799 0.480399
vt 0.576585 0.480399
vt 0.575719 0.480399
vt 0.556665 0.480399
vt 0.572693 0.449124
vt 0.573559 0.449124
vt 0.554505 0.449124
vt 0.555371 0.449124
vt 0.573987 0.480399
vt 0.574853 0.480399
vt 0.557531 0.480399
vt 0.558397 0.480399
vt 0.573121 0.480399
vt 0.559263 0.480399
vt 0.570094 0.449124
vt 0.570960 0.449124
vt 0.557103 0.449124
vt 0.569228 0.449124
vt 0.558835 0.449124
vt 0.570523 0.480399
vt 0.571389 0.480399
vt 0.560996 0.480399
vt 0.568362 0.449124
vt 0.559701 0.449124
vt 0.567496 0.449124
vt 0.560567 0.449124
vt 0.566630 0.449124
vt 0.561433 0.449124
vt 0.567924 0.480399
vt 0.568790 0.480399
vt 0.563594 0.480399
vt 0.564460 0.480399
vt 0.521929 0.101468
vt 0.522795 0.101468
vt 0.519331 0.101468
vt 0.607125 0.667932
vt 0.604527 0.667932
vt 0.605393 0.667932
vt 0.536688 0.410061
vt 0.537554 0.410061
vt 0.535822 0.410061
vt 0.670264 0.499930
vt 0.692861 0.499930
vt 0.715458 0.499930
vt 0.738055 0.499930
vt 0.760652 0.499930
vt 0.783249 0.499930
vt 0.805847 0.499930
vt 0.828444 0.499930
vt 0.896235 0.499930
vt 0.873638 0.499930
vt 0.647667 0.499930
vt 0.851041 0.499930
vt 0.786702 0.667932
vt 0.787439 0.667932
vt 0.788177 0.667932
vt 0.728849 0.033108
vt 0.730325 0.033108
vt 0.731062 0.033108
vt 0.728112 0.033108
vt 0.794518 0.251858
vt 0.797468 0.251858
vt 0.798206 0.251858
vt 0.798944 0.251858
vt 0.698077 0.173733
vt 0.698815 0.173733
vt 0.703241 0.173733
vt 0.703978 0.173733
vt 0.727374 0.033108
vt 0.733275 0.033108
vt 0.734013 0.033108
vt 0.726637 0.033108
vt 0.697340 0.173733
vt 0.704716 0.173733
vt 0.705453 0.173733
vt 0.725899 0.033108
vt 0.734750 0.033108
vt 0.735488 0.033108
vt 0.736225 0.033108
vt 0.713650 0.068290
vt 0.714388 0.068290
vt 0.724714 0.068290
vt 0.725452 0.068290
vt 0.725161 0.033108
vt 0.736963 0.033108
vt 0.737701 0.033108
vt 0.724424 0.033108
vt 0.738438 0.033108
vt 0.712175 0.068290
vt 0.712912 0.068290
vt 0.726927 0.068290
vt 0.727664 0.068290
vt 0.723686 0.033108
vt 0.739176 0.033108
vt 0.739913 0.033108
vt 0.722949 0.033108
vt 0.740651 0.033108
vt 0.711437 0.068290
vt 0.729140 0.068290
vt 0.729877 0.068290
vt 0.710700 0.068290
vt 0.722211 0.033108
vt 0.741389 0.033108
vt 0.742126 0.033108
vt 0.709962 0.068290
vt 0.730615 0.068290
vt 0.731352 0.068290
vt 0.732090 0.068290
vt 0.720736 0.033108
vt 0.721474 0.033108
vt 0.743601 0.033108
vt 0.744339 0.033108
vt 0.709225 0.068290
vt 0.732828 0.068290
vt 0.733565 0.068290
vt 0.708487 0.068290
vt 0.719998 0.033108
vt 0.745076 0.033108
vt 0.745814 0.033108
vt 0.734303 0.068290
vt 0.735040 0.068290
vt 0.707749 0.068290
vt 0.719261 0.033108
vt 0.746552 0.033108
vt 0.747289 0.033108
vt 0.707012 0.068290
vt 0.735778 0.068290
vt 0.736515 0.068290
vt 0.718523 0.033108
vt 0.748027 0.033108
vt 0.748764 0.033108
vt 0.706274 0.068290
vt 0.737253 0.068290
vt 0.737991 0.068290
vt 0.717786 0.033108
vt 0.749502 0.033108
vt 0.551827 0.033108
vt 0.540316 0.068290
vt 0.738728 0.068290
vt 0.705537 0.068290
vt 0.541054 0.068290
vt 0.523268 0.173733
vt 0.688489 0.173733
vt 0.522530 0.173733
vt 0.608942 0.667932
vt 0.609680 0.667932
vt 0.808092 0.667932
vt 0.538841 0.068290
vt 0.539578 0.068290
vt 0.541791 0.068290
vt 0.538103 0.068290
vt 0.513928 0.136649
vt 0.514666 0.136649
vt 0.715291 0.136649
vt 0.717048 0.033108
vt 0.553303 0.033108
vt 0.554040 0.033108
vt 0.520796 0.101468
vt 0.521533 0.101468
vt 0.722896 0.101468
vt 0.613808 0.251858
vt 0.614546 0.251858
vt 0.816646 0.251858
vt 0.554778 0.033108
vt 0.547402 0.033108
vt 0.750240 0.033108
vt 0.750977 0.033108
vt 0.546664 0.033108
vt 0.545927 0.033108
vt 0.555515 0.033108
vt 0.545189 0.033108
vt 0.544451 0.033108
vt 0.556253 0.033108
vt 0.543714 0.033108
vt 0.704799 0.068290
vt 0.544741 0.068290
vt 0.532202 0.068290
vt 0.739466 0.068290
vt 0.740203 0.068290
vt 0.545479 0.068290
vt 0.531465 0.068290
vt 0.542239 0.033108
vt 0.542976 0.033108
vt 0.751715 0.033108
vt 0.716310 0.033108
vt 0.556991 0.033108
vt 0.557728 0.033108
vt 0.541501 0.033108
vt 0.511467 0.173733
vt 0.512204 0.173733
vt 0.722418 0.173733
vt 0.529252 0.068290
vt 0.740941 0.068290
vt 0.558466 0.033108
vt 0.528515 0.068290
vt 0.527777 0.068290
vt 0.704061 0.068290
vt 0.546954 0.068290
vt 0.547692 0.068290
vt 0.538551 0.033108
vt 0.539288 0.033108
vt 0.752452 0.033108
vt 0.753190 0.033108
vt 0.537813 0.033108
vt 0.548429 0.068290
vt 0.537076 0.033108
vt 0.525564 0.068290
vt 0.741678 0.068290
vt 0.742416 0.068290
vt 0.524827 0.068290
vt 0.549167 0.068290
vt 0.703324 0.068290
vt 0.535600 0.033108
vt 0.536338 0.033108
vt 0.753927 0.033108
vt 0.534863 0.033108
vt 0.549905 0.068290
vt 0.523351 0.068290
vt 0.743154 0.068290
vt 0.522614 0.068290
vt 0.714835 0.033108
vt 0.561416 0.033108
vt 0.562154 0.033108
vt 0.533388 0.033108
vt 0.534125 0.033108
vt 0.754665 0.033108
vt 0.521876 0.068290
vt 0.743891 0.068290
vt 0.702586 0.068290
vt 0.550642 0.068290
vt 0.521139 0.068290
vt 0.551380 0.068290
vt 0.520401 0.068290
vt 0.531912 0.033108
vt 0.755403 0.033108
vt 0.506834 0.033108
vt 0.531175 0.033108
vt 0.552117 0.068290
vt 0.701849 0.068290
vt 0.518926 0.068290
vt 0.519663 0.068290
vt 0.495323 0.068290
vt 0.496060 0.068290
vt 0.529700 0.033108
vt 0.530437 0.033108
vt 0.507572 0.033108
vt 0.552855 0.068290
vt 0.517451 0.068290
vt 0.518188 0.068290
vt 0.496798 0.068290
vt 0.528224 0.033108
vt 0.528962 0.033108
vt 0.508309 0.033108
vt 0.701111 0.068290
vt 0.553593 0.068290
vt 0.527487 0.033108
vt 0.515975 0.068290
vt 0.497536 0.068290
vt 0.515238 0.068290
vt 0.712622 0.033108
vt 0.565104 0.033108
vt 0.565842 0.033108
vt 0.498273 0.068290
vt 0.514500 0.068290
vt 0.700373 0.068290
vt 0.554330 0.068290
vt 0.513763 0.068290
vt 0.711885 0.033108
vt 0.566579 0.033108
vt 0.499011 0.068290
vt 0.513025 0.068290
vt 0.555068 0.068290
vt 0.555805 0.068290
vt 0.699636 0.068290
vt 0.523799 0.033108
vt 0.524536 0.033108
vt 0.510522 0.033108
vt 0.511260 0.033108
vt 0.511550 0.068290
vt 0.512287 0.068290
vt 0.499748 0.068290
vt 0.556543 0.068290
vt 0.523061 0.033108
vt 0.511997 0.033108
vt 0.522324 0.033108
vt 0.698898 0.068290
vt 0.510075 0.068290
vt 0.510812 0.068290
vt 0.500486 0.068290
vt 0.501224 0.068290
vt 0.557281 0.068290
vt 0.520849 0.033108
vt 0.521586 0.033108
vt 0.512735 0.033108
vt 0.509337 0.068290
vt 0.501961 0.068290
vt 0.508600 0.068290
vt 0.698161 0.068290
vt 0.558018 0.068290
vt 0.507862 0.068290
vt 0.502699 0.068290
vt 0.518636 0.033108
vt 0.519373 0.033108
vt 0.514210 0.033108
vt 0.558756 0.068290
vt 0.697423 0.068290
vt 0.506387 0.068290
vt 0.507124 0.068290
vt 0.503436 0.068290
vt 0.505649 0.068290
vt 0.559493 0.068290
vt 0.504174 0.068290
vt 0.516423 0.033108
vt 0.517161 0.033108
vt 0.515685 0.033108
vt 0.696685 0.068290
vt 0.560231 0.068290
vt 0.560969 0.068290
vt 0.695948 0.068290
vt 0.561706 0.068290
vt 0.695210 0.068290
vt 0.562444 0.068290
vt 0.694473 0.068290
vt 0.563181 0.068290
vt 0.563919 0.068290
vt 0.693735 0.068290
vt 0.564656 0.068290
vt 0.692997 0.068290
vt 0.565394 0.068290
vt 0.692260 0.068290
vt 0.566132 0.068290
vt 0.691522 0.068290
vt 0.566869 0.068290
vt 0.690785 0.068290
vt 0.567607 0.068290
vt 0.568344 0.068290
vt 0.690047 0.068290
vt 0.569082 0.068290
vt 0.689309 0.068290
vt 0.569820 0.068290
vt 0.688572 0.068290
vt 0.570557 0.068290
vt 0.687834 0.068290
vt 0.571295 0.068290
vt 0.572032 0.068290
vt 0.687097 0.068290
vt 0.572770 0.068290
vt 0.686359 0.068290
vt 0.573508 0.068290
vt 0.685622 0.068290
vt 0.574245 0.068290
vt 0.628089 0.068290
vt 0.628827 0.068290
vt 0.629565 0.068290
vt 0.630302 0.068290
vt 0.574983 0.068290
vt 0.684884 0.068290
vt 0.638863 0.033108
vt 0.639601 0.033108
vt 0.641814 0.033108
vt 0.627352 0.068290
vt 0.631040 0.068290
vt 0.575720 0.068290
vt 0.626614 0.068290
vt 0.625877 0.068290
vt 0.631777 0.068290
vt 0.684146 0.068290
vt 0.576458 0.068290
vt 0.636651 0.033108
vt 0.637388 0.033108
vt 0.643289 0.033108
vt 0.625139 0.068290
vt 0.632515 0.068290
vt 0.624401 0.068290
vt 0.683409 0.068290
vt 0.577196 0.068290
vt 0.635175 0.033108
vt 0.635913 0.033108
vt 0.644026 0.033108
vt 0.623664 0.068290
vt 0.633252 0.068290
vt 0.622926 0.068290
vt 0.577933 0.068290
vt 0.633990 0.068290
vt 0.622189 0.068290
vt 0.682671 0.068290
vt 0.632962 0.033108
vt 0.633700 0.033108
vt 0.645502 0.033108
vt 0.621451 0.068290
vt 0.634728 0.068290
vt 0.578671 0.068290
vt 0.620713 0.068290
vt 0.632225 0.033108
vt 0.646239 0.033108
vt 0.646977 0.033108
vt 0.631487 0.033108
vt 0.681934 0.068290
vt 0.579408 0.068290
vt 0.619238 0.068290
vt 0.619976 0.068290
vt 0.635465 0.068290
vt 0.636203 0.068290
vt 0.630012 0.033108
vt 0.630750 0.033108
vt 0.647714 0.033108
vt 0.580146 0.068290
vt 0.617763 0.068290
vt 0.618501 0.068290
vt 0.681196 0.068290
vt 0.636940 0.068290
vt 0.628537 0.033108
vt 0.629274 0.033108
vt 0.648452 0.033108
vt 0.580884 0.068290
vt 0.616288 0.068290
vt 0.617025 0.068290
vt 0.637678 0.068290
vt 0.692707 0.033108
vt 0.592395 0.033108
vt 0.593133 0.033108
vt 0.627062 0.033108
vt 0.627799 0.033108
vt 0.649189 0.033108
vt 0.680458 0.068290
vt 0.581621 0.068290
vt 0.615550 0.068290
vt 0.638416 0.068290
vt 0.614813 0.068290
vt 0.582359 0.068290
vt 0.614075 0.068290
vt 0.639153 0.068290
vt 0.613338 0.068290
vt 0.679721 0.068290
vt 0.583096 0.068290
vt 0.612600 0.068290
vt 0.624111 0.033108
vt 0.650665 0.033108
vt 0.651402 0.033108
vt 0.623374 0.033108
vt 0.583834 0.068290
vt 0.622636 0.033108
vt 0.678983 0.068290
vt 0.611125 0.068290
vt 0.639891 0.068290
vt 0.640628 0.068290
vt 0.610387 0.068290
vt 0.584571 0.068290
vt 0.621161 0.033108
vt 0.621899 0.033108
vt 0.652140 0.033108
vt 0.609650 0.068290
vt 0.641366 0.068290
vt 0.608912 0.068290
vt 0.585309 0.068290
vt 0.608174 0.068290
vt 0.678246 0.068290
vt 0.586047 0.068290
vt 0.618948 0.033108
vt 0.619686 0.033108
vt 0.652877 0.033108
vt 0.607437 0.068290
vt 0.642104 0.068290
vt 0.606699 0.068290
vt 0.586784 0.068290
vt 0.605962 0.068290
vt 0.617473 0.033108
vt 0.653615 0.033108
vt 0.654353 0.033108
vt 0.616735 0.033108
vt 0.689757 0.033108
vt 0.598296 0.033108
vt 0.599033 0.033108
vt 0.677508 0.068290
vt 0.587522 0.068290
vt 0.615998 0.033108
vt 0.615260 0.033108
vt 0.588259 0.068290
vt 0.603749 0.068290
vt 0.642841 0.068290
vt 0.643579 0.068290
vt 0.603011 0.068290
vt 0.613785 0.033108
vt 0.614523 0.033108
vt 0.655090 0.033108
vt 0.689019 0.033108
vt 0.599771 0.033108
vt 0.600508 0.033108
vt 0.679454 0.251858
vt 0.680191 0.251858
vt 0.721496 0.251858
vt 0.612310 0.033108
vt 0.613047 0.033108
vt 0.601246 0.033108
vt 0.600798 0.068290
vt 0.644316 0.068290
vt 0.676770 0.068290
vt 0.589735 0.068290
vt 0.600061 0.068290
vt 0.590472 0.068290
vt 0.599323 0.068290
vt 0.547804 0.205008
vt 0.548542 0.205008
vt 0.593535 0.205008
vt 0.591210 0.068290
vt 0.564645 0.287040
vt 0.565383 0.287040
vt 0.611113 0.287040
vt 0.608622 0.033108
vt 0.609360 0.033108
vt 0.655828 0.033108
vt 0.656565 0.033108
vt 0.688282 0.033108
vt 0.602721 0.033108
vt 0.603459 0.033108
vt 0.607884 0.033108
vt 0.607147 0.033108
vt 0.604196 0.033108
vt 0.606409 0.033108
vt 0.605672 0.033108
vt 0.604934 0.033108
vt 0.676033 0.068290
vt 0.645054 0.068290
vt 0.645792 0.068290
vt 0.687544 0.033108
vt 0.657303 0.033108
vt 0.658041 0.033108
vt 0.675295 0.068290
vt 0.646529 0.068290
vt 0.647267 0.068290
vt 0.686807 0.033108
vt 0.658778 0.033108
vt 0.659516 0.033108
vt 0.674558 0.068290
vt 0.648004 0.068290
vt 0.648742 0.068290
vt 0.673820 0.068290
vt 0.649480 0.068290
vt 0.650217 0.068290
vt 0.673083 0.068290
vt 0.650955 0.068290
vt 0.651692 0.068290
vt 0.683856 0.033108
vt 0.684594 0.033108
vt 0.663204 0.033108
vt 0.663941 0.033108
vt 0.672345 0.068290
vt 0.652430 0.068290
vt 0.653167 0.068290
vt 0.671607 0.068290
vt 0.683119 0.033108
vt 0.664679 0.033108
vt 0.665417 0.033108
vt 0.670870 0.068290
vt 0.653905 0.068290
vt 0.654643 0.068290
vt 0.655380 0.068290
vt 0.681644 0.033108
vt 0.682381 0.033108
vt 0.666892 0.033108
vt 0.667629 0.033108
vt 0.668367 0.033108
vt 0.680906 0.033108
vt 0.669395 0.068290
vt 0.656855 0.068290
vt 0.657593 0.068290
vt 0.668657 0.068290
vt 0.680168 0.033108
vt 0.669104 0.033108
vt 0.669842 0.033108
vt 0.670580 0.033108
vt 0.679431 0.033108
vt 0.650134 0.173733
vt 0.641283 0.173733
vt 0.642020 0.173733
vt 0.671317 0.033108
vt 0.672055 0.033108
vt 0.678693 0.033108
vt 0.745099 0.251858
vt 0.738461 0.251858
vt 0.739199 0.251858
vt 0.666444 0.068290
vt 0.667182 0.068290
vt 0.661281 0.068290
vt 0.662019 0.068290
vt 0.650612 0.101468
vt 0.646186 0.101468
vt 0.646924 0.101468
vt 0.649874 0.101468
vt 0.647921 0.173733
vt 0.644971 0.173733
vt 0.645708 0.173733
vt 0.735070 0.667932
vt 0.732858 0.667932
vt 0.733595 0.667932
vt 0.734333 0.667932
vt 0.643815 0.464774
vt 0.664529 0.464774
vt 0.685243 0.464774
vt 0.705957 0.464774
vt 0.726671 0.464774
vt 0.747385 0.464774
vt 0.768099 0.464774
vt 0.788813 0.464774
vt 0.602387 0.464774
vt 0.581673 0.464774
vt 0.540245 0.464774
vt 0.623101 0.464774
vt 0.560959 0.464774
vt 0.562842 0.464774
vt 0.585439 0.464774
vt 0.608036 0.464774
vt 0.630633 0.464774
vt 0.653230 0.464774
vt 0.675828 0.464774
vt 0.766216 0.464774
vt 0.743619 0.464774
vt 0.698425 0.464774
vt 0.721022 0.464774
vt 0.585401 0.916500
vt 0.564687 0.916500
vt 0.606115 0.916500
vt 0.585401 0.667932
vt 0.626829 0.916500
vt 0.606115 0.667932
vt 0.647543 0.916500
vt 0.626829 0.667932
vt 0.668257 0.916500
vt 0.647543 0.667932
vt 0.688971 0.916500
vt 0.668257 0.667932
vt 0.709685 0.916500
vt 0.688971 0.667932
vt 0.730399 0.916500
vt 0.709685 0.667932
vt 0.751113 0.916500
vt 0.730399 0.667932
vt 0.771827 0.916500
vt 0.751113 0.667932
vt 0.792541 0.916500
vt 0.771827 0.667932
vt 0.813255 0.916500
vt 0.792541 0.667932
vt 0.583807 0.916500
vt 0.602928 0.916500
vt 0.583807 0.667932
vt 0.622048 0.916500
vt 0.602928 0.667932
vt 0.641169 0.916500
vt 0.660290 0.916500
vt 0.641169 0.667932
vt 0.679410 0.916500
vt 0.660290 0.667932
vt 0.698531 0.916500
vt 0.679410 0.667932
vt 0.717652 0.916500
vt 0.736772 0.916500
vt 0.717652 0.667932
vt 0.755893 0.916500
vt 0.736772 0.667932
vt 0.775014 0.916500
vt 0.794134 0.916500
vt 0.775014 0.667932
vt 0.794134 0.667932
vt 0.565422 0.916500
vt 0.566157 0.916500
vt 0.565422 0.667932
vt 0.566893 0.916500
vt 0.566157 0.667932
vt 0.567628 0.916500
vt 0.566893 0.667932
vt 0.568364 0.916500
vt 0.567628 0.667932
vt 0.569099 0.916500
vt 0.568364 0.667932
vt 0.569834 0.916500
vt 0.569099 0.667932
vt 0.570570 0.916500
vt 0.569834 0.667932
vt 0.571305 0.916500
vt 0.570570 0.667932
vt 0.572041 0.916500
vt 0.571305 0.667932
vt 0.572776 0.916500
vt 0.572041 0.667932
vt 0.573511 0.916500
vt 0.572776 0.667932
vt 0.574247 0.916500
vt 0.573511 0.667932
vt 0.574982 0.916500
vt 0.574247 0.667932
vt 0.575718 0.916500
vt 0.574982 0.667932
vt 0.576453 0.916500
vt 0.575718 0.667932
vt 0.577188 0.916500
vt 0.576453 0.667932
vt 0.577924 0.916500
vt 0.577188 0.667932
vt 0.578659 0.916500
vt 0.577924 0.667932
vt 0.579395 0.916500
vt 0.578659 0.667932
vt 0.580130 0.916500
vt 0.579395 0.667932
vt 0.580866 0.916500
vt 0.580130 0.667932
vt 0.581601 0.916500
vt 0.580866 0.667932
vt 0.582336 0.916500
vt 0.581601 0.667932
vt 0.583072 0.916500
vt 0.582336 0.667932
vt 0.583072 0.667932
vt 0.584543 0.916500
vt 0.585278 0.916500
vt 0.584543 0.667932
vt 0.586013 0.916500
vt 0.585278 0.667932
vt 0.586749 0.916500
vt 0.586013 0.667932
vt 0.587484 0.916500
vt 0.586749 0.667932
vt 0.588220 0.916500
vt 0.587484 0.667932
vt 0.588955 0.916500
vt 0.588220 0.667932
vt 0.589690 0.916500
vt 0.588955 0.667932
vt 0.590426 0.916500
vt 0.589690 0.667932
vt 0.591161 0.916500
vt 0.590426 0.667932
vt 0.591897 0.916500
vt 0.591161 0.667932
vt 0.592632 0.916500
vt 0.591897 0.667932
vt 0.593368 0.916500
vt 0.592632 0.667932
vt 0.594103 0.916500
vt 0.593368 0.667932
vt 0.594838 0.916500
vt 0.594103 0.667932
vt 0.595574 0.916500
vt 0.594838 0.667932
vt 0.596309 0.916500
vt 0.595574 0.667932
vt 0.597045 0.916500
vt 0.596309 0.667932
vt 0.597780 0.916500
vt 0.597045 0.667932
vt 0.598515 0.916500
vt 0.597780 0.667932
vt 0.599251 0.916500
vt 0.598515 0.667932
vt 0.599986 0.916500
vt 0.599251 0.667932
vt 0.600722 0.916500
vt 0.599986 0.667932
vt 0.601457 0.916500
vt 0.600722 0.667932
vt 0.602192 0.916500
vt 0.601457 0.667932
vt 0.602192 0.667932
vt 0.603663 0.916500
vt 0.604399 0.916500
vt 0.603663 0.667932
vt 0.605134 0.916500
vt 0.604399 0.667932
vt 0.605869 0.916500
vt 0.605134 0.667932
vt 0.606605 0.916500
vt 0.605869 0.667932
vt 0.607340 0.916500
vt 0.606605 0.667932
vt 0.608076 0.916500
vt 0.607340 0.667932
vt 0.608811 0.916500
vt 0.608076 0.667932
vt 0.609546 0.916500
vt 0.608811 0.667932
vt 0.610282 0.916500
vt 0.609546 0.667932
vt 0.611017 0.916500
vt 0.610282 0.667932
vt 0.611753 0.916500
vt 0.611017 0.667932
vt 0.612488 0.916500
vt 0.611753 0.667932
vt 0.613224 0.916500
vt 0.612488 0.667932
vt 0.613959 0.916500
vt 0.613224 0.667932
vt 0.614694 0.916500
vt 0.613959 0.667932
vt 0.615430 0.916500
vt 0.614694 0.667932
vt 0.616165 0.916500
vt 0.615430 0.667932
vt 0.616901 0.916500
vt 0.616165 0.667932
vt 0.617636 0.916500
vt 0.616901 0.667932
vt 0.618371 0.916500
vt 0.617636 0.667932
vt 0.619107 0.916500
vt 0.618371 0.667932
vt 0.619842 0.916500
vt 0.619107 0.667932
vt 0.620578 0.916500
vt 0.619842 0.667932
vt 0.621313 0.916500
vt 0.620578 0.667932
vt 0.621313 0.667932
vt 0.622784 0.916500
vt 0.623519 0.916500
vt 0.622784 0.667932
vt 0.624255 0.916500
vt 0.623519 0.667932
vt 0.624990 0.916500
vt 0.624255 0.667932
vt 0.625726 0.916500
vt 0.624990 0.667932
vt 0.626461 0.916500
vt 0.625726 0.667932
vt 0.627196 0.916500
vt 0.626461 0.667932
vt 0.627932 0.916500
vt 0.627196 0.667932
vt 0.628667 0.916500
vt 0.627932 0.667932
vt 0.629403 0.916500
vt 0.628667 0.667932
vt 0.630138 0.916500
vt 0.629403 0.667932
vt 0.630873 0.916500
vt 0.630138 0.667932
vt 0.631609 0.916500
vt 0.630873 0.667932
vt 0.632344 0.916500
vt 0.631609 0.667932
vt 0.633080 0.916500
vt 0.632344 0.667932
vt 0.633815 0.916500
vt 0.633080 0.667932
vt 0.634550 0.916500
vt 0.633815 0.667932
vt 0.635286 0.916500
vt 0.634550 0.667932
vt 0.636021 0.916500
vt 0.635286 0.667932
vt 0.636757 0.916500
vt 0.636021 0.667932
vt 0.637492 0.916500
vt 0.636757 0.667932
vt 0.638228 0.916500
vt 0.637492 0.667932
vt 0.638963 0.916500
vt 0.638228 0.667932
vt 0.639698 0.916500
vt 0.638963 0.667932
vt 0.640434 0.916500
vt 0.639698 0.667932
vt 0.640434 0.667932
vt 0.641904 0.916500
vt 0.642640 0.916500
vt 0.641904 0.667932
vt 0.643375 0.916500
vt 0.642640 0.667932
vt 0.644111 0.916500
vt 0.643375 0.667932
vt 0.644846 0.916500
vt 0.644111 0.667932
vt 0.645582 0.916500
vt 0.644846 0.667932
vt 0.646317 0.916500
vt 0.645582 0.667932
vt 0.647052 0.916500
vt 0.646317 0.667932
vt 0.647788 0.916500
vt 0.647052 0.667932
vt 0.648523 0.916500
vt 0.647788 0.667932
vt 0.649259 0.916500
vt 0.648523 0.667932
vt 0.649994 0.916500
vt 0.649259 0.667932
vt 0.650729 0.916500
vt 0.649994 0.667932
vt 0.651465 0.916500
vt 0.650729 0.667932
vt 0.652200 0.916500
vt 0.651465 0.667932
vt 0.652936 0.916500
vt 0.652200 0.667932
vt 0.653671 0.916500
vt 0.652936 0.667932
vt 0.654406 0.916500
vt 0.653671 0.667932
vt 0.655142 0.916500
vt 0.654406 0.667932
vt 0.655877 0.916500
vt 0.655142 0.667932
vt 0.656613 0.916500
vt 0.655877 0.667932
vt 0.657348 0.916500
vt 0.656613 0.667932
vt 0.658083 0.916500
vt 0.657348 0.667932
vt 0.658819 0.916500
vt 0.658083 0.667932
vt 0.659554 0.916500
vt 0.658819 0.667932
vt 0.659554 0.667932
vt 0.661025 0.916500
vt 0.661761 0.916500
vt 0.661025 0.667932
vt 0.662496 0.916500
vt 0.661761 0.667932
vt 0.663231 0.916500
vt 0.662496 0.667932
vt 0.663967 0.916500
vt 0.663231 0.667932
vt 0.664702 0.916500
vt 0.663967 0.667932
vt 0.665438 0.916500
vt 0.664702 0.667932
vt 0.666173 0.916500
vt 0.665438 0.667932
vt 0.666908 0.916500
vt 0.666173 0.667932
vt 0.667644 0.916500
vt 0.666908 0.667932
vt 0.668379 0.916500
vt 0.667644 0.667932
vt 0.669115 0.916500
vt 0.668379 0.667932
vt 0.669850 0.916500
vt 0.669115 0.667932
vt 0.670586 0.916500
vt 0.669850 0.667932
vt 0.671321 0.916500
vt 0.670586 0.667932
vt 0.672056 0.916500
vt 0.671321 0.667932
vt 0.672792 0.916500
vt 0.672056 0.667932
vt 0.673527 0.916500
vt 0.672792 0.667932
vt 0.674263 0.916500
vt 0.673527 0.667932
vt 0.674998 0.916500
vt 0.674263 0.667932
vt 0.675733 0.916500
vt 0.674998 0.667932
vt 0.676469 0.916500
vt 0.675733 0.667932
vt 0.677204 0.916500
vt 0.676469 0.667932
vt 0.677940 0.916500
vt 0.677204 0.667932
vt 0.678675 0.916500
vt 0.677940 0.667932
vt 0.678675 0.667932
vt 0.680146 0.916500
vt 0.680881 0.916500
vt 0.680146 0.667932
vt 0.681617 0.916500
vt 0.680881 0.667932
vt 0.682352 0.916500
vt 0.681617 0.667932
vt 0.683087 0.916500
vt 0.682352 0.667932
vt 0.683823 0.916500
vt 0.683087 0.667932
vt 0.684558 0.916500
vt 0.683823 0.667932
vt 0.685294 0.916500
vt 0.684558 0.667932
vt 0.686029 0.916500
vt 0.685294 0.667932
vt 0.686765 0.916500
vt 0.686029 0.667932
vt 0.687500 0.916500
vt 0.686765 0.667932
vt 0.688235 0.916500
vt 0.687500 0.667932
vt 0.688235 0.667932
vt 0.689706 0.916500
vt 0.690442 0.916500
vt 0.689706 0.667932
vt 0.691177 0.916500
vt 0.690442 0.667932
vt 0.691912 0.916500
vt 0.691177 0.667932
vt 0.692648 0.916500
vt 0.691912 0.667932
vt 0.693383 0.916500
vt 0.692648 0.667932
vt 0.694119 0.916500
vt 0.693383 0.667932
vt 0.694854 0.916500
vt 0.694119 0.667932
vt 0.695589 0.916500
vt 0.694854 0.667932
vt 0.696325 0.916500
vt 0.695589 0.667932
vt 0.697060 0.916500
vt 0.696325 0.667932
vt 0.697796 0.916500
vt 0.697060 0.667932
vt 0.697796 0.667932
vt 0.699267 0.916500
vt 0.700002 0.916500
vt 0.699267 0.667932
vt 0.700737 0.916500
vt 0.700002 0.667932
vt 0.701473 0.916500
vt 0.700737 0.667932
vt 0.702208 0.916500
vt 0.701473 0.667932
vt 0.702944 0.916500
vt 0.702208 0.667932
vt 0.703679 0.916500
vt 0.702944 0.667932
vt 0.704414 0.916500
vt 0.703679 0.667932
vt 0.705150 0.916500
vt 0.704414 0.667932
vt 0.705885 0.916500
vt 0.705150 0.667932
vt 0.706621 0.916500
vt 0.705885 0.667932
vt 0.707356 0.916500
vt 0.706621 0.667932
vt 0.708091 0.916500
vt 0.707356 0.667932
vt 0.708827 0.916500
vt 0.708091 0.667932
vt 0.709562 0.916500
vt 0.708827 0.667932
vt 0.710298 0.916500
vt 0.709562 0.667932
vt 0.711033 0.916500
vt 0.710298 0.667932
vt 0.711769 0.916500
vt 0.711033 0.667932
vt 0.712504 0.916500
vt 0.711769 0.667932
vt 0.713239 0.916500
vt 0.712504 0.667932
vt 0.713975 0.916500
vt 0.713239 0.667932
vt 0.714710 0.916500
vt 0.713975 0.667932
vt 0.715446 0.916500
vt 0.714710 0.667932
vt 0.716181 0.916500
vt 0.715446 0.667932
vt 0.716916 0.916500
vt 0.716181 0.667932
vt 0.716916 0.667932
vt 0.718387 0.916500
vt 0.719123 0.916500
vt 0.718387 0.667932
vt 0.719858 0.916500
vt 0.719123 0.667932
vt 0.720593 0.916500
vt 0.719858 0.667932
vt 0.721329 0.916500
vt 0.720593 0.667932
vt 0.722064 0.916500
vt 0.721329 0.667932
vt 0.722800 0.916500
vt 0.722064 0.667932
vt 0.723535 0.916500
vt 0.722800 0.667932
vt 0.724270 0.916500
vt 0.723535 0.667932
vt 0.725006 0.916500
vt 0.724270 0.667932
vt 0.725741 0.916500
vt 0.725006 0.667932
vt 0.726477 0.916500
vt 0.725741 0.667932
vt 0.727212 0.916500
vt 0.726477 0.667932
vt 0.727948 0.916500
vt 0.727212 0.667932
vt 0.728683 0.916500
vt 0.727948 0.667932
vt 0.729418 0.916500
vt 0.728683 0.667932
vt 0.730154 0.916500
vt 0.729418 0.667932
vt 0.730889 0.916500
vt 0.730154 0.667932
vt 0.731624 0.916500
vt 0.730889 0.667932
vt 0.732360 0.916500
vt 0.731624 0.667932
vt 0.733095 0.916500
vt 0.732360 0.667932
vt 0.733831 0.916500
vt 0.733095 0.667932
vt 0.734566 0.916500
vt 0.733831 0.667932
vt 0.735302 0.916500
vt 0.734566 0.667932
vt 0.736037 0.916500
vt 0.735302 0.667932
vt 0.736037 0.667932
vt 0.737508 0.916500
vt 0.738243 0.916500
vt 0.737508 0.667932
vt 0.738979 0.916500
vt 0.738243 0.667932
vt 0.739714 0.916500
vt 0.738979 0.667932
vt 0.740449 0.916500
vt 0.739714 0.667932
vt 0.741185 0.916500
vt 0.740449 0.667932
vt 0.741920 0.916500
vt 0.741185 0.667932
vt 0.742656 0.916500
vt 0.741920 0.667932
vt 0.743391 0.916500
vt 0.742656 0.667932
vt 0.744127 0.916500
vt 0.743391 0.667932
vt 0.744862 0.916500
vt 0.744127 0.667932
vt 0.745597 0.916500
vt 0.744862 0.667932
vt 0.746333 0.916500
vt 0.745597 0.667932
vt 0.747068 0.916500
vt 0.746333 0.667932
vt 0.747803 0.916500
vt 0.747068 0.667932
vt 0.748539 0.916500
vt 0.747803 0.667932
vt 0.749274 0.916500
vt 0.748539 0.667932
vt 0.750010 0.916500
vt 0.749274 0.667932
vt 0.750745 0.916500
vt 0.750010 0.667932
vt 0.751481 0.916500
vt 0.750745 0.667932
vt 0.752216 0.916500
vt 0.751481 0.667932
vt 0.752951 0.916500
vt 0.752216 0.667932
vt 0.753687 0.916500
vt 0.752951 0.667932
vt 0.754422 0.916500
vt 0.753687 0.667932
vt 0.755158 0.916500
vt 0.754422 0.667932
vt 0.755158 0.667932
vt 0.756629 0.916500
vt 0.757364 0.916500
vt 0.756629 0.667932
vt 0.758099 0.916500
vt 0.757364 0.667932
vt 0.758835 0.916500
vt 0.758099 0.667932
vt 0.759570 0.916500
vt 0.758835 0.667932
vt 0.760306 0.916500
vt 0.759570 0.667932
vt 0.761041 0.916500
vt 0.760306 0.667932
vt 0.761776 0.916500
vt 0.761041 0.667932
vt 0.762512 0.916500
vt 0.761776 0.667932
vt 0.763247 0.916500
vt 0.762512 0.667932
vt 0.763983 0.916500
vt 0.763247 0.667932
vt 0.764718 0.916500
vt 0.763983 0.667932
vt 0.765453 0.916500
vt 0.764718 0.667932
vt 0.766189 0.916500
vt 0.765453 0.667932
vt 0.766924 0.916500
vt 0.766189 0.667932
vt 0.767660 0.916500
vt 0.766924 0.667932
vt 0.768395 0.916500
vt 0.767660 0.667932
vt 0.769130 0.916500
vt 0.768395 0.667932
vt 0.769866 0.916500
vt 0.769130 0.667932
vt 0.770601 0.916500
vt 0.769866 0.667932
vt 0.771337 0.916500
vt 0.770601 0.667932
vt 0.772072 0.916500
vt 0.771337 0.667932
vt 0.772807 0.916500
vt 0.772072 0.667932
vt 0.773543 0.916500
vt 0.772807 0.667932
vt 0.774278 0.916500
vt 0.773543 0.667932
vt 0.774278 0.667932
vt 0.775749 0.916500
vt 0.776484 0.916500
vt 0.775749 0.667932
vt 0.777220 0.916500
vt 0.776484 0.667932
vt 0.777955 0.916500
vt 0.777220 0.667932
vt 0.778691 0.916500
vt 0.777955 0.667932
vt 0.779426 0.916500
vt 0.778691 0.667932
vt 0.780162 0.916500
vt 0.779426 0.667932
vt 0.780897 0.916500
vt 0.780162 0.667932
vt 0.781632 0.916500
vt 0.780897 0.667932
vt 0.782368 0.916500
vt 0.781632 0.667932
vt 0.783103 0.916500
vt 0.782368 0.667932
vt 0.783839 0.916500
vt 0.783103 0.667932
vt 0.784574 0.916500
vt 0.783839 0.667932
vt 0.785309 0.916500
vt 0.784574 0.667932
vt 0.786045 0.916500
vt 0.785309 0.667932
vt 0.786780 0.916500
vt 0.786045 0.667932
vt 0.787516 0.916500
vt 0.786780 0.667932
vt 0.788251 0.916500
vt 0.787516 0.667932
vt 0.788987 0.916500
vt 0.788251 0.667932
vt 0.789722 0.916500
vt 0.788987 0.667932
vt 0.790457 0.916500
vt 0.789722 0.667932
vt 0.791193 0.916500
vt 0.790457 0.667932
vt 0.791928 0.916500
vt 0.791193 0.667932
vt 0.792664 0.916500
vt 0.791928 0.667932
vt 0.793399 0.916500
vt 0.792664 0.667932
vt 0.793399 0.667932
vt 0.794870 0.916500
vt 0.795605 0.916500
vt 0.794870 0.667932
vt 0.796341 0.916500
vt 0.795605 0.667932
vt 0.797076 0.916500
vt 0.796341 0.667932
vt 0.797811 0.916500
vt 0.797076 0.667932
vt 0.798547 0.916500
vt 0.797811 0.667932
vt 0.799282 0.916500
vt 0.798547 0.667932
vt 0.800018 0.916500
vt 0.799282 0.667932
vt 0.800753 0.916500
vt 0.800018 0.667932
vt 0.801489 0.916500
vt 0.800753 0.667932
vt 0.802224 0.916500
vt 0.801489 0.667932
vt 0.802959 0.916500
vt 0.802224 0.667932
vt 0.803695 0.916500
vt 0.802959 0.667932
vt 0.804430 0.916500
vt 0.803695 0.667932
vt 0.805166 0.916500
vt 0.804430 0.667932
vt 0.805901 0.916500
vt 0.805166 0.667932
vt 0.806636 0.916500
vt 0.805901 0.667932
vt 0.807372 0.916500
vt 0.806636 0.667932
vt 0.808107 0.916500
vt 0.807372 0.667932
vt 0.808843 0.916500
vt 0.808107 0.667932
vt 0.809578 0.916500
vt 0.808843 0.667932
vt 0.810313 0.916500
vt 0.809578 0.667932
vt 0.811049 0.916500
vt 0.810313 0.667932
vt 0.811784 0.916500
vt 0.811049 0.667932
vt 0.812520 0.916500
vt 0.811784 0.667932
vt 0.812520 0.667932
vt 0.595758 0.916500
vt 0.595758 0.667932
vt 0.657900 0.916500
vt 0.657900 0.667932
vt 0.720042 0.916500
vt 0.720042 0.667932
vt 0.782184 0.916500
vt 0.782184 0.667932
vt 0.566413 0.916500
vt 0.568139 0.916500
vt 0.566413 0.667932
vt 0.569865 0.916500
vt 0.568139 0.667932
vt 0.571591 0.916500
vt 0.569865 0.667932
vt 0.573317 0.916500
vt 0.571591 0.667932
vt 0.575044 0.916500
vt 0.573317 0.667932
vt 0.576770 0.916500
vt 0.575044 0.667932
vt 0.578496 0.916500
vt 0.576770 0.667932
vt 0.580222 0.916500
vt 0.578496 0.667932
vt 0.581948 0.916500
vt 0.580222 0.667932
vt 0.583674 0.916500
vt 0.581948 0.667932
vt 0.583674 0.667932
vt 0.587127 0.916500
vt 0.588853 0.916500
vt 0.587127 0.667932
vt 0.590579 0.916500
vt 0.588853 0.667932
vt 0.592305 0.916500
vt 0.590579 0.667932
vt 0.594031 0.916500
vt 0.592305 0.667932
vt 0.594031 0.667932
vt 0.597484 0.916500
vt 0.599210 0.916500
vt 0.597484 0.667932
vt 0.600936 0.916500
vt 0.599210 0.667932
vt 0.602662 0.916500
vt 0.600936 0.667932
vt 0.604388 0.916500
vt 0.602662 0.667932
vt 0.604388 0.667932
vt 0.607841 0.916500
vt 0.609567 0.916500
vt 0.607841 0.667932
vt 0.611293 0.916500
vt 0.609567 0.667932
vt 0.613019 0.916500
vt 0.611293 0.667932
vt 0.614745 0.916500
vt 0.613019 0.667932
vt 0.616472 0.916500
vt 0.614745 0.667932
vt 0.618198 0.916500
vt 0.616472 0.667932
vt 0.619924 0.916500
vt 0.618198 0.667932
vt 0.621650 0.916500
vt 0.619924 0.667932
vt 0.623376 0.916500
vt 0.621650 0.667932
vt 0.625103 0.916500
vt 0.623376 0.667932
vt 0.625103 0.667932
vt 0.628555 0.916500
vt 0.630281 0.916500
vt 0.628555 0.667932
vt 0.632007 0.916500
vt 0.630281 0.667932
vt 0.633733 0.916500
vt 0.632007 0.667932
vt 0.635459 0.916500
vt 0.633733 0.667932
vt 0.637186 0.916500
vt 0.635459 0.667932
vt 0.638912 0.916500
vt 0.637186 0.667932
vt 0.640638 0.916500
vt 0.638912 0.667932
vt 0.642364 0.916500
vt 0.640638 0.667932
vt 0.644090 0.916500
vt 0.642364 0.667932
vt 0.645817 0.916500
vt 0.644090 0.667932
vt 0.645817 0.667932
vt 0.649269 0.916500
vt 0.650995 0.916500
vt 0.649269 0.667932
vt 0.652721 0.916500
vt 0.650995 0.667932
vt 0.654447 0.916500
vt 0.652721 0.667932
vt 0.656174 0.916500
vt 0.654447 0.667932
vt 0.656174 0.667932
vt 0.659626 0.916500
vt 0.661352 0.916500
vt 0.659626 0.667932
vt 0.663078 0.916500
vt 0.661352 0.667932
vt 0.664804 0.916500
vt 0.663078 0.667932
vt 0.666531 0.916500
vt 0.664804 0.667932
vt 0.666531 0.667932
vt 0.669983 0.916500
vt 0.671709 0.916500
vt 0.669983 0.667932
vt 0.673435 0.916500
vt 0.671709 0.667932
vt 0.675161 0.916500
vt 0.673435 0.667932
vt 0.676888 0.916500
vt 0.675161 0.667932
vt 0.678614 0.916500
vt 0.676888 0.667932
vt 0.680340 0.916500
vt 0.678614 0.667932
vt 0.682066 0.916500
vt 0.680340 0.667932
vt 0.683792 0.916500
vt 0.682066 0.667932
vt 0.685518 0.916500
vt 0.683792 0.667932
vt 0.687245 0.916500
vt 0.685518 0.667932
vt 0.687245 0.667932
vt 0.690697 0.916500
vt 0.692423 0.916500
vt 0.690697 0.667932
vt 0.694149 0.916500
vt 0.692423 0.667932
vt 0.695875 0.916500
vt 0.694149 0.667932
vt 0.697602 0.916500
vt 0.695875 0.667932
vt 0.699328 0.916500
vt 0.697602 0.667932
vt 0.701054 0.916500
vt 0.699328 0.667932
vt 0.702780 0.916500
vt 0.701054 0.667932
vt 0.704506 0.916500
vt 0.702780 0.667932
vt 0.706232 0.916500
vt 0.704506 0.667932
vt 0.707959 0.916500
vt 0.706232 0.667932
vt 0.707959 0.667932
vt 0.711411 0.916500
vt 0.713137 0.916500
vt 0.711411 0.667932
vt 0.714863 0.916500
vt 0.713137 0.667932
vt 0.716590 0.916500
vt 0.714863 0.667932
vt 0.718316 0.916500
vt 0.716590 0.667932
vt 0.718316 0.667932
vt 0.721768 0.916500
vt 0.723494 0.916500
vt 0.721768 0.667932
vt 0.725220 0.916500
vt 0.723494 0.667932
vt 0.726946 0.916500
vt 0.725220 0.667932
vt 0.728673 0.916500
vt 0.726946 0.667932
vt 0.728673 0.667932
vt 0.732125 0.916500
vt 0.733851 0.916500
vt 0.732125 0.667932
vt 0.735577 0.916500
vt 0.733851 0.667932
vt 0.737303 0.916500
vt 0.735577 0.667932
vt 0.739030 0.916500
vt 0.737303 0.667932
vt 0.740756 0.916500
vt 0.739030 0.667932
vt 0.742482 0.916500
vt 0.740756 0.667932
vt 0.744208 0.916500
vt 0.742482 0.667932
vt 0.745934 0.916500
vt 0.744208 0.667932
vt 0.747661 0.916500
vt 0.745934 0.667932
vt 0.749387 0.916500
vt 0.747661 0.667932
vt 0.749387 0.667932
vt 0.752839 0.916500
vt 0.754565 0.916500
vt 0.752839 0.667932
vt 0.756291 0.916500
vt 0.754565 0.667932
vt 0.758018 0.916500
vt 0.756291 0.667932
vt 0.759744 0.916500
vt 0.758018 0.667932
vt 0.761470 0.916500
vt 0.759744 0.667932
vt 0.763196 0.916500
vt 0.761470 0.667932
vt 0.764922 0.916500
vt 0.763196 0.667932
vt 0.766648 0.916500
vt 0.764922 0.667932
vt 0.768375 0.916500
vt 0.766648 0.667932
vt 0.770101 0.916500
vt 0.768375 0.667932
vt 0.770101 0.667932
vt 0.773553 0.916500
vt 0.775279 0.916500
vt 0.773553 0.667932
vt 0.777005 0.916500
vt 0.775279 0.667932
vt 0.778732 0.916500
vt 0.777005 0.667932
vt 0.780458 0.916500
vt 0.778732 0.667932
vt 0.780458 0.667932
vt 0.783910 0.916500
vt 0.785636 0.916500
vt 0.783910 0.667932
vt 0.787362 0.916500
vt 0.785636 0.667932
vt 0.789089 0.916500
vt 0.787362 0.667932
vt 0.790815 0.916500
vt 0.789089 0.667932
vt 0.790815 0.667932
vt 0.794267 0.916500
vt 0.795993 0.916500
vt 0.794267 0.667932
vt 0.797719 0.916500
vt 0.795993 0.667932
vt 0.799446 0.916500
vt 0.797719 0.667932
vt 0.801172 0.916500
vt 0.799446 0.667932
vt 0.802898 0.916500
vt 0.801172 0.667932
vt 0.804624 0.916500
vt 0.802898 0.667932
vt 0.806350 0.916500
vt 0.804624 0.667932
vt 0.808077 0.916500
vt 0.806350 0.667932
vt 0.809803 0.916500
vt 0.808077 0.667932
vt 0.811529 0.916500
vt 0.809803 0.667932
vt 0.811529 0.667932
vt 0.566366 0.916500
vt 0.568046 0.916500
vt 0.566366 0.667932
vt 0.569725 0.916500
vt 0.568046 0.667932
vt 0.571405 0.916500
vt 0.569725 0.667932
vt 0.573084 0.916500
vt 0.571405 0.667932
vt 0.574764 0.916500
vt 0.573084 0.667932
vt 0.576443 0.916500
vt 0.574764 0.667932
vt 0.578123 0.916500
vt 0.576443 0.667932
vt 0.579802 0.916500
vt 0.578123 0.667932
vt 0.581482 0.916500
vt 0.579802 0.667932
vt 0.583161 0.916500
vt 0.581482 0.667932
vt 0.584841 0.916500
vt 0.583161 0.667932
vt 0.586520 0.916500
vt 0.584841 0.667932
vt 0.588200 0.916500
vt 0.586520 0.667932
vt 0.589879 0.916500
vt 0.588200 0.667932
vt 0.591559 0.916500
vt 0.589879 0.667932
vt 0.593238 0.916500
vt 0.591559 0.667932
vt 0.594918 0.916500
vt 0.593238 0.667932
vt 0.596597 0.916500
vt 0.594918 0.667932
vt 0.598277 0.916500
vt 0.596597 0.667932
vt 0.599956 0.916500
vt 0.598277 0.667932
vt 0.601636 0.916500
vt 0.599956 0.667932
vt 0.603315 0.916500
vt 0.601636 0.667932
vt 0.604995 0.916500
vt 0.603315 0.667932
vt 0.606674 0.916500
vt 0.604995 0.667932
vt 0.608354 0.916500
vt 0.606674 0.667932
vt 0.610034 0.916500
vt 0.608354 0.667932
vt 0.611713 0.916500
vt 0.610034 0.667932
vt 0.613393 0.916500
vt 0.611713 0.667932
vt 0.615072 0.916500
vt 0.613393 0.667932
vt 0.616752 0.916500
vt 0.615072 0.667932
vt 0.618431 0.916500
vt 0.616752 0.667932
vt 0.620111 0.916500
vt 0.618431 0.667932
vt 0.621790 0.916500
vt 0.620111 0.667932
vt 0.623470 0.916500
vt 0.621790 0.667932
vt 0.625149 0.916500
vt 0.623470 0.667932
vt 0.625149 0.667932
vt 0.628508 0.916500
vt 0.630188 0.916500
vt 0.628508 0.667932
vt 0.631867 0.916500
vt 0.630188 0.667932
vt 0.633547 0.916500
vt 0.631867 0.667932
vt 0.635226 0.916500
vt 0.633547 0.667932
vt 0.636906 0.916500
vt 0.635226 0.667932
vt 0.638585 0.916500
vt 0.636906 0.667932
vt 0.640265 0.916500
vt 0.638585 0.667932
vt 0.641944 0.916500
vt 0.640265 0.667932
vt 0.643624 0.916500
vt 0.641944 0.667932
vt 0.645303 0.916500
vt 0.643624 0.667932
vt 0.646983 0.916500
vt 0.645303 0.667932
vt 0.648662 0.916500
vt 0.646983 0.667932
vt 0.650342 0.916500
vt 0.648662 0.667932
vt 0.652021 0.916500
vt 0.650342 0.667932
vt 0.653701 0.916500
vt 0.652021 0.667932
vt 0.655380 0.916500
vt 0.653701 0.667932
vt 0.657060 0.916500
vt 0.655380 0.667932
vt 0.658739 0.916500
vt 0.657060 0.667932
vt 0.660419 0.916500
vt 0.658739 0.667932
vt 0.662099 0.916500
vt 0.660419 0.667932
vt 0.663778 0.916500
vt 0.662099 0.667932
vt 0.665457 0.916500
vt 0.663778 0.667932
vt 0.667137 0.916500
vt 0.665457 0.667932
vt 0.668817 0.916500
vt 0.667137 0.667932
vt 0.670496 0.916500
vt 0.668817 0.667932
vt 0.672176 0.916500
vt 0.670496 0.667932
vt 0.673855 0.916500
vt 0.672176 0.667932
vt 0.675535 0.916500
vt 0.673855 0.667932
vt 0.677214 0.916500
vt 0.675535 0.667932
vt 0.678894 0.916500
vt 0.677214 0.667932
vt 0.680573 0.916500
vt 0.678894 0.667932
vt 0.682253 0.916500
vt 0.680573 0.667932
vt 0.683932 0.916500
vt 0.682253 0.667932
vt 0.685612 0.916500
vt 0.683932 0.667932
vt 0.687291 0.916500
vt 0.685612 0.667932
vt 0.687291 0.667932
vt 0.690650 0.916500
vt 0.692330 0.916500
vt 0.690650 0.667932
vt 0.694009 0.916500
vt 0.692330 0.667932
vt 0.695689 0.916500
vt 0.694009 0.667932
vt 0.697368 0.916500
vt 0.695689 0.667932
vt 0.699048 0.916500
vt 0.697368 0.667932
vt 0.700727 0.916500
vt 0.699048 0.667932
vt 0.702407 0.916500
vt 0.700727 0.667932
vt 0.704086 0.916500
vt 0.702407 0.667932
vt 0.705766 0.916500
vt 0.704086 0.667932
vt 0.707446 0.916500
vt 0.705766 0.667932
vt 0.709125 0.916500
vt 0.707446 0.667932
vt 0.710804 0.916500
vt 0.709125 0.667932
vt 0.712484 0.916500
vt 0.710804 0.667932
vt 0.714164 0.916500
vt 0.712484 0.667932
vt 0.715843 0.916500
vt 0.714164 0.667932
vt 0.717523 0.916500
vt 0.715843 0.667932
vt 0.719202 0.916500
vt 0.717523 0.667932
vt 0.720882 0.916500
vt 0.719202 0.667932
vt 0.722561 0.916500
vt 0.720882 0.667932
vt 0.724241 0.916500
vt 0.722561 0.667932
vt 0.725920 0.916500
vt 0.724241 0.667932
vt 0.727600 0.916500
vt 0.725920 0.667932
vt 0.729279 0.916500
vt 0.727600 0.667932
vt 0.730959 0.916500
vt 0.729279 0.667932
vt 0.732638 0.916500
vt 0.730959 0.667932
vt 0.734318 0.916500
vt 0.732638 0.667932
vt 0.735997 0.916500
vt 0.734318 0.667932
vt 0.737677 0.916500
vt 0.735997 0.667932
vt 0.739356 0.916500
vt 0.737677 0.667932
vt 0.741036 0.916500
vt 0.739356 0.667932
vt 0.742715 0.916500
vt 0.741036 0.667932
vt 0.744395 0.916500
vt 0.742715 0.667932
vt 0.746074 0.916500
vt 0.744395 0.667932
vt 0.747754 0.916500
vt 0.746074 0.667932
vt 0.749433 0.916500
vt 0.747754 0.667932
vt 0.749433 0.667932
vt 0.752792 0.916500
vt 0.754472 0.916500
vt 0.752792 0.667932
vt 0.756151 0.916500
vt 0.754472 0.667932
vt 0.757831 0.916500
vt 0.756151 0.667932
vt 0.759510 0.916500
vt 0.757831 0.667932
vt 0.761190 0.916500
vt 0.759510 0.667932
vt 0.762870 0.916500
vt 0.761190 0.667932
vt 0.764549 0.916500
vt 0.762870 0.667932
vt 0.766229 0.916500
vt 0.764549 0.667932
vt 0.767908 0.916500
vt 0.766229 0.667932
vt 0.769588 0.916500
vt 0.767908 0.667932
vt 0.771267 0.916500
vt 0.769588 0.667932
vt 0.772947 0.916500
vt 0.771267 0.667932
vt 0.774626 0.916500
vt 0.772947 0.667932
vt 0.776306 0.916500
vt 0.774626 0.667932
vt 0.777985 0.916500
vt 0.776306 0.667932
vt 0.779665 0.916500
vt 0.777985 0.667932
vt 0.781344 0.916500
vt 0.779665 0.667932
vt 0.783024 0.916500
vt 0.781344 0.667932
vt 0.784703 0.916500
vt 0.783024 0.667932
vt 0.786383 0.916500
vt 0.784703 0.667932
vt 0.788062 0.916500
vt 0.786383 0.667932
vt 0.789742 0.916500
vt 0.788062 0.667932
vt 0.791421 0.916500
vt 0.789742 0.667932
vt 0.793101 0.916500
vt 0.791421 0.667932
vt 0.794780 0.916500
vt 0.793101 0.667932
vt 0.796460 0.916500
vt 0.794780 0.667932
vt 0.798139 0.916500
vt 0.796460 0.667932
vt 0.799819 0.916500
vt 0.798139 0.667932
vt 0.801498 0.916500
vt 0.799819 0.667932
vt 0.803178 0.916500
vt 0.801498 0.667932
vt 0.804857 0.916500
vt 0.803178 0.667932
vt 0.806537 0.916500
vt 0.804857 0.667932
vt 0.808216 0.916500
vt 0.806537 0.667932
vt 0.809896 0.916500
vt 0.808216 0.667932
vt 0.811576 0.916500
vt 0.809896 0.667932
vt 0.811576 0.667932
vt 0.568632 0.916500
vt 0.572578 0.916500
vt 0.568632 0.667932
vt 0.576523 0.916500
vt 0.572578 0.667932
vt 0.580469 0.916500
vt 0.576523 0.667932
vt 0.584414 0.916500
vt 0.580469 0.667932
vt 0.588360 0.916500
vt 0.584414 0.667932
vt 0.588360 0.667932
vt 0.596251 0.916500
vt 0.600196 0.916500
vt 0.596251 0.667932
vt 0.604142 0.916500
vt 0.600196 0.667932
vt 0.608087 0.916500
vt 0.604142 0.667932
vt 0.612033 0.916500
vt 0.608087 0.667932
vt 0.615978 0.916500
vt 0.612033 0.667932
vt 0.615978 0.667932
vt 0.623870 0.916500
vt 0.627815 0.916500
vt 0.623870 0.667932
vt 0.631761 0.916500
vt 0.627815 0.667932
vt 0.635706 0.916500
vt 0.631761 0.667932
vt 0.639652 0.916500
vt 0.635706 0.667932
vt 0.643597 0.916500
vt 0.639652 0.667932
vt 0.643597 0.667932
vt 0.651488 0.916500
vt 0.655434 0.916500
vt 0.651488 0.667932
vt 0.659379 0.916500
vt 0.655434 0.667932
vt 0.663325 0.916500
vt 0.659379 0.667932
vt 0.667270 0.916500
vt 0.663325 0.667932
vt 0.671216 0.916500
vt 0.667270 0.667932
vt 0.671216 0.667932
vt 0.679107 0.916500
vt 0.683052 0.916500
vt 0.679107 0.667932
vt 0.686998 0.916500
vt 0.683052 0.667932
vt 0.690944 0.916500
vt 0.686998 0.667932
vt 0.694889 0.916500
vt 0.690944 0.667932
vt 0.698835 0.916500
vt 0.694889 0.667932
vt 0.698835 0.667932
vt 0.706726 0.916500
vt 0.710671 0.916500
vt 0.706726 0.667932
vt 0.714617 0.916500
vt 0.710671 0.667932
vt 0.718562 0.916500
vt 0.714617 0.667932
vt 0.722508 0.916500
vt 0.718562 0.667932
vt 0.726453 0.916500
vt 0.722508 0.667932
vt 0.726453 0.667932
vt 0.734344 0.916500
vt 0.738290 0.916500
vt 0.734344 0.667932
vt 0.742235 0.916500
vt 0.738290 0.667932
vt 0.746181 0.916500
vt 0.742235 0.667932
vt 0.750126 0.916500
vt 0.746181 0.667932
vt 0.754072 0.916500
vt 0.750126 0.667932
vt 0.761963 0.916500
vt 0.765909 0.916500
vt 0.761963 0.667932
vt 0.769854 0.916500
vt 0.765909 0.667932
vt 0.773800 0.916500
vt 0.769854 0.667932
vt 0.777745 0.916500
vt 0.773800 0.667932
vt 0.781691 0.916500
vt 0.777745 0.667932
vt 0.781691 0.667932
vt 0.789582 0.916500
vt 0.793527 0.916500
vt 0.789582 0.667932
vt 0.797473 0.916500
vt 0.793527 0.667932
vt 0.801418 0.916500
vt 0.797473 0.667932
vt 0.805364 0.916500
vt 0.801418 0.667932
vt 0.809309 0.916500
vt 0.805364 0.667932
vt 0.809309 0.667932
vt 0.813255 0.667932
s 0
usemtl Material.001
f 2/1/1 212/2/1 3/3/1
f 212/2/1 4/4/1 3/3/1
f 212/2/1 5/5/1 4/4/1
f 212/2/1 6/6/1 5/5/1
f 212/2/1 7/7/1 6/6/1
f 212/2/1 8/8/1 7/7/1
f 212/2/1 9/9/1 8/8/1
f 212/2/1 10/10/1 9/9/1
f 212/2/1 11/11/1 10/10/1
f 212/2/1 12/12/1 11/11/1
f 212/2/1 13/13/1 12/12/1
f 212/2/1 14/14/1 13/13/1
f 212/2/1 15/15/1 14/14/1
f 212/2/1 16/16/1 15/15/1
f 212/2/1 17/17/1 16/16/1
f 212/2/1 18/18/1 17/17/1
f 212/2/1 19/19/1 18/18/1
f 212/2/1 20/20/1 19/19/1
f 212/2/1 21/21/1 20/20/1
f 212/2/1 22/22/1 21/21/1
f 212/2/1 23/23/1 22/22/1
f 212/2/1 24/24/1 23/23/1
f 212/2/1 25/25/1 24/24/1
f 212/26/1 274/27/1 25/28/1
f 274/27/1 273/29/1 25/28/1
f 273/29/1 26/30/1 25/28/1
f 2/1/1 213/31/1 212/2/1
f 272/32/1 26/33/1 273/34/1
f 271/35/1 26/33/1 272/32/1
f 270/36/1 26/33/1 271/35/1
f 269/37/1 26/38/1 270/39/1
f 269/40/1 27/41/1 26/42/1
f 268/43/1 27/44/1 269/45/1
f 267/46/1 27/47/1 268/48/1
f 267/49/1 28/50/1 27/41/1
f 266/51/1 28/50/1 267/49/1
f 265/52/1 28/53/1 266/54/1
f 265/55/1 29/56/1 28/50/1
f 264/57/1 29/56/1 265/55/1
f 263/58/1 29/59/1 264/60/1
f 263/61/1 30/62/1 29/56/1
f 262/63/1 30/62/1 263/61/1
f 262/64/1 31/65/1 30/66/1
f 261/67/1 31/65/1 262/64/1
f 260/68/1 31/69/1 261/70/1
f 260/71/1 32/72/1 31/65/1
f 259/73/1 32/74/1 260/75/1
f 259/73/1 33/76/1 32/74/1
f 258/77/1 33/78/1 259/79/1
f 258/80/1 34/81/1 33/76/1
f 257/82/1 34/81/1 258/80/1
f 256/83/1 34/81/1 257/82/1
f 256/83/1 35/84/1 34/81/1
f 255/85/1 35/86/1 256/87/1
f 255/88/1 36/89/1 35/84/1
f 254/90/1 36/91/1 255/85/1
f 254/92/1 37/93/1 36/89/1
f 253/94/1 37/93/1 254/92/1
f 253/94/1 38/95/1 37/93/1
f 252/96/1 38/95/1 253/94/1
f 252/96/1 39/97/1 38/95/1
f 251/98/1 39/97/1 252/96/1
f 251/98/1 40/99/1 39/97/1
f 250/100/1 40/99/1 251/98/1
f 249/101/1 40/102/1 250/103/1
f 249/104/1 41/105/1 40/106/1
f 248/107/1 41/108/1 249/109/1
f 248/107/1 42/110/1 41/108/1
f 247/111/1 42/110/1 248/107/1
f 247/112/1 43/113/1 42/114/1
f 246/115/1 43/116/1 247/117/1
f 246/118/1 44/119/1 43/113/1
f 245/120/1 44/121/1 246/122/1
f 245/123/1 45/124/1 44/125/1
f 244/126/1 45/127/1 245/128/1
f 243/129/1 45/130/1 244/131/1
f 243/132/1 46/133/1 45/124/1
f 242/134/1 46/135/1 243/129/1
f 242/134/1 47/136/1 46/135/1
f 241/137/1 47/138/1 242/139/1
f 241/140/1 48/141/1 47/136/1
f 240/142/1 48/141/1 241/140/1
f 240/143/1 49/144/1 48/145/1
f 239/146/1 49/144/1 240/143/1
f 239/147/1 50/148/1 49/149/1
f 238/150/1 50/148/1 239/147/1
f 237/151/1 50/152/1 238/153/1
f 237/151/1 51/154/1 50/152/1
f 236/155/1 51/156/1 237/157/1
f 236/158/1 52/159/1 51/160/1
f 235/161/1 52/162/1 236/163/1
f 235/164/1 53/165/1 52/166/1
f 234/167/1 53/168/1 235/169/1
f 234/170/1 54/171/1 53/172/1
f 233/173/1 54/174/1 234/175/1
f 233/176/1 55/177/1 54/178/1
f 232/179/1 55/177/1 233/176/1
f 231/180/1 55/181/1 232/182/1
f 231/180/1 56/183/1 55/181/1
f 230/184/1 56/183/1 231/180/1
f 230/185/1 57/186/1 56/187/1
f 229/188/1 57/186/1 230/185/1
f 229/189/1 58/190/1 57/191/1
f 228/192/1 58/190/1 229/189/1
f 228/193/1 59/194/1 58/195/1
f 227/196/1 59/194/1 228/193/1
f 226/197/1 59/198/1 227/199/1
f 226/197/1 60/200/1 59/198/1
f 225/201/1 60/202/1 226/203/1
f 225/204/1 61/205/1 60/206/1
f 224/207/1 61/205/1 225/204/1
f 223/208/1 61/209/1 224/210/1
f 223/211/1 62/212/1 61/213/1
f 222/214/1 62/212/1 223/211/1
f 221/215/1 62/216/1 222/217/1
f 221/218/1 63/219/1 62/220/1
f 220/221/1 63/219/1 221/218/1
f 219/222/1 63/223/1 220/224/1
f 219/222/1 64/225/1 63/223/1
f 218/226/1 64/225/1 219/222/1
f 217/227/1 64/225/1 218/226/1
f 216/228/1 64/229/1 217/230/1
f 216/231/1 65/232/1 64/233/1
f 215/234/1 65/235/1 216/236/1
f 214/237/1 65/235/1 215/234/1
f 2/1/1 149/238/1 213/31/1
f 149/238/1 214/239/1 213/31/1
f 149/238/1 65/240/1 214/239/1
f 149/238/1 66/241/1 65/240/1
f 149/238/1 67/242/1 66/241/1
f 149/238/1 68/243/1 67/242/1
f 149/238/1 69/244/1 68/243/1
f 149/238/1 70/245/1 69/244/1
f 149/238/1 71/246/1 70/245/1
f 149/247/1 72/248/1 71/249/1
f 149/250/1 73/251/1 72/252/1
f 149/238/1 74/253/1 73/254/1
f 149/247/1 75/255/1 74/256/1
f 149/238/1 76/257/1 75/258/1
f 149/238/1 77/259/1 76/257/1
f 149/238/1 78/260/1 77/259/1
f 149/238/1 79/261/1 78/260/1
f 149/238/1 80/262/1 79/261/1
f 149/238/1 81/263/1 80/262/1
f 149/238/1 82/264/1 81/263/1
f 149/238/1 83/265/1 82/264/1
f 149/238/1 84/266/1 83/265/1
f 149/238/1 85/267/1 84/266/1
f 149/238/1 86/268/1 85/267/1
f 149/238/1 87/269/1 86/268/1
f 149/238/1 88/270/1 87/269/1
f 149/238/1 89/271/1 88/270/1
f 149/238/1 90/272/1 89/271/1
f 149/238/1 91/273/1 90/272/1
f 149/238/1 92/274/1 91/273/1
f 149/238/1 93/275/1 92/274/1
f 149/250/1 211/276/1 93/277/1
f 211/276/1 94/278/1 93/277/1
f 2/1/1 150/279/1 149/238/1
f 210/280/1 94/281/1 211/282/1
f 209/283/1 94/281/1 210/280/1
f 208/284/1 94/285/1 209/286/1
f 208/287/1 95/288/1 94/289/1
f 207/290/1 95/288/1 208/287/1
f 206/291/1 95/288/1 207/290/1
f 205/292/1 95/293/1 206/294/1
f 204/295/1 95/293/1 205/292/1
f 204/296/1 96/297/1 95/298/1
f 203/299/1 96/297/1 204/296/1
f 202/300/1 96/301/1 203/302/1
f 201/303/1 96/304/1 202/305/1
f 201/303/1 97/306/1 96/304/1
f 200/307/1 97/308/1 201/309/1
f 199/310/1 97/311/1 200/312/1
f 199/310/1 98/313/1 97/311/1
f 198/314/1 98/315/1 199/316/1
f 198/317/1 99/318/1 98/313/1
f 197/319/1 99/318/1 198/317/1
f 196/320/1 99/318/1 197/319/1
f 196/321/1 100/322/1 99/323/1
f 195/324/1 100/325/1 196/326/1
f 194/327/1 100/328/1 195/329/1
f 194/330/1 101/331/1 100/332/1
f 193/333/1 101/334/1 194/335/1
f 193/336/1 102/337/1 101/338/1
f 192/339/1 102/337/1 193/336/1
f 191/340/1 102/341/1 192/342/1
f 191/343/1 103/344/1 102/337/1
f 190/345/1 103/346/1 191/347/1
f 190/348/1 104/349/1 103/350/1
f 189/351/1 104/349/1 190/348/1
f 188/352/1 104/353/1 189/354/1
f 188/355/1 105/356/1 104/357/1
f 187/358/1 105/359/1 188/360/1
f 187/361/1 106/362/1 105/356/1
f 186/363/1 106/362/1 187/361/1
f 185/364/1 106/365/1 186/366/1
f 185/367/1 107/368/1 106/362/1
f 184/369/1 107/370/1 185/371/1
f 184/372/1 108/373/1 107/368/1
f 183/374/1 108/373/1 184/372/1
f 182/375/1 108/376/1 183/377/1
f 182/378/1 109/379/1 108/373/1
f 181/380/1 109/381/1 182/382/1
f 181/383/1 110/384/1 109/379/1
f 180/385/1 110/384/1 181/383/1
f 179/386/1 110/384/1 180/385/1
f 179/386/1 111/387/1 110/384/1
f 178/388/1 111/387/1 179/386/1
f 178/388/1 112/389/1 111/387/1
f 177/390/1 112/389/1 178/388/1
f 176/391/1 112/389/1 177/390/1
f 176/391/1 113/392/1 112/389/1
f 175/393/1 113/392/1 176/391/1
f 174/394/1 113/395/1 175/396/1
f 174/397/1 114/398/1 113/392/1
f 173/399/1 114/400/1 174/394/1
f 173/401/1 115/402/1 114/398/1
f 172/403/1 115/402/1 173/401/1
f 172/403/1 116/404/1 115/402/1
f 171/405/1 116/404/1 172/403/1
f 171/406/1 117/407/1 116/408/1
f 170/409/1 117/410/1 171/405/1
f 170/409/1 118/411/1 117/410/1
f 169/412/1 118/413/1 170/414/1
f 169/415/1 119/416/1 118/411/1
f 168/417/1 119/418/1 169/412/1
f 167/419/1 119/416/1 168/420/1
f 167/419/1 120/421/1 119/416/1
f 166/422/1 120/423/1 167/424/1
f 166/425/1 121/426/1 120/421/1
f 165/427/1 121/428/1 166/429/1
f 165/430/1 122/431/1 121/426/1
f 164/432/1 122/431/1 165/430/1
f 163/433/1 122/434/1 164/435/1
f 163/436/1 123/437/1 122/431/1
f 162/438/1 123/439/1 163/440/1
f 162/441/1 124/442/1 123/437/1
f 161/443/1 124/442/1 162/441/1
f 161/444/1 125/445/1 124/446/1
f 160/447/1 125/445/1 161/444/1
f 159/448/1 125/449/1 160/450/1
f 159/451/1 126/452/1 125/453/1
f 158/454/1 126/455/1 159/456/1
f 157/457/1 126/458/1 158/459/1
f 157/460/1 127/461/1 126/452/1
f 156/462/1 127/461/1 157/460/1
f 155/463/1 127/464/1 156/465/1
f 154/466/1 127/467/1 155/468/1
f 154/469/1 128/470/1 127/461/1
f 153/471/1 128/470/1 154/469/1
f 152/472/1 128/470/1 153/471/1
f 151/473/1 128/474/1 152/475/1
f 2/1/1 151/476/1 150/279/1
f 2/1/1 128/470/1 151/476/1
f 2/1/1 129/477/1 128/470/1
f 2/1/1 130/478/1 129/477/1
f 2/1/1 131/479/1 130/478/1
f 2/1/1 132/480/1 131/479/1
f 2/1/1 133/481/1 132/480/1
f 2/1/1 134/482/1 133/481/1
f 2/1/1 135/483/1 134/482/1
f 2/1/1 136/484/1 135/483/1
f 2/1/1 137/485/1 136/484/1
f 2/1/1 138/486/1 137/485/1
f 2/1/1 139/487/1 138/486/1
f 2/1/1 140/488/1 139/487/1
f 2/1/1 141/489/1 140/488/1
f 2/1/1 142/490/1 141/489/1
f 2/1/1 143/491/1 142/490/1
f 2/1/1 144/492/1 143/491/1
f 2/493/1 145/494/1 144/495/1
f 2/493/1 146/496/1 145/494/1
f 2/493/1 147/497/1 146/496/1
f 2/498/1 148/499/1 147/500/1
f 2/501/1 1/502/1 148/503/1
f 394/504/1 396/505/1 395/506/1
f 394/507/1 397/508/1 396/509/1
f 393/510/1 397/508/1 394/507/1
f 393/511/1 398/512/1 397/513/1
f 392/514/1 398/512/1 393/511/1
f 392/515/1 399/516/1 398/413/1
f 391/517/1 399/516/1 392/515/1
f 391/518/1 400/519/1 399/520/1
f 390/521/1 400/519/1 391/518/1
f 390/522/1 401/523/1 400/524/1
f 389/525/1 401/523/1 390/522/1
f 389/526/1 402/527/1 401/528/1
f 388/529/1 402/527/1 389/526/1
f 388/530/1 403/531/1 402/532/1
f 387/533/1 403/531/1 388/530/1
f 387/534/1 404/535/1 403/536/1
f 386/537/1 404/535/1 387/534/1
f 386/538/1 405/539/1 404/540/1
f 385/541/1 405/539/1 386/538/1
f 385/541/1 406/542/1 405/539/1
f 384/543/1 406/542/1 385/541/1
f 384/544/1 407/545/1 406/546/1
f 383/547/1 407/545/1 384/544/1
f 382/548/1 407/549/1 383/550/1
f 382/548/1 408/551/1 407/549/1
f 381/552/1 408/551/1 382/548/1
f 381/552/1 409/553/1 408/551/1
f 380/554/1 409/553/1 381/552/1
f 380/554/1 410/555/1 409/553/1
f 379/556/1 410/555/1 380/554/1
f 379/556/1 411/557/1 410/555/1
f 378/558/1 468/559/1 379/556/1
f 468/560/1 467/561/1 379/562/1
f 467/561/1 411/563/1 379/562/1
f 467/561/1 466/564/1 411/563/1
f 466/565/1 412/566/1 411/557/1
f 378/567/1 469/568/1 468/569/1
f 465/570/1 412/566/1 466/565/1
f 378/571/1 470/572/1 469/573/1
f 464/574/1 412/575/1 465/576/1
f 378/571/1 471/577/1 470/572/1
f 463/578/1 412/575/1 464/574/1
f 378/571/1 472/579/1 471/577/1
f 462/580/1 412/575/1 463/578/1
f 378/581/1 473/582/1 472/583/1
f 461/584/1 412/585/1 462/586/1
f 377/587/1 473/588/1 378/558/1
f 461/589/1 413/590/1 412/566/1
f 377/587/1 474/591/1 473/588/1
f 460/592/1 413/590/1 461/589/1
f 377/593/1 475/594/1 474/595/1
f 459/596/1 413/597/1 460/598/1
f 377/599/1 476/600/1 475/601/1
f 458/602/1 413/603/1 459/604/1
f 376/605/1 476/606/1 377/587/1
f 458/607/1 414/608/1 413/590/1
f 376/605/1 477/609/1 476/606/1
f 457/610/1 414/608/1 458/607/1
f 376/605/1 478/611/1 477/609/1
f 456/612/1 414/608/1 457/610/1
f 376/605/1 479/613/1 478/611/1
f 455/614/1 414/608/1 456/612/1
f 375/615/1 479/613/1 376/605/1
f 455/614/1 415/616/1 414/608/1
f 375/615/1 480/320/1 479/613/1
f 454/617/1 415/616/1 455/614/1
f 375/618/1 481/619/1 480/326/1
f 453/620/1 415/621/1 454/622/1
f 374/623/1 481/624/1 375/615/1
f 453/625/1 416/626/1 415/616/1
f 374/623/1 482/627/1 481/624/1
f 452/628/1 416/626/1 453/625/1
f 374/629/1 483/630/1 482/631/1
f 451/632/1 416/626/1 452/628/1
f 373/633/1 483/634/1 374/623/1
f 451/632/1 417/635/1 416/626/1
f 373/633/1 484/636/1 483/634/1
f 450/637/1 417/635/1 451/632/1
f 372/638/1 484/636/1 373/633/1
f 450/637/1 418/639/1 417/635/1
f 372/638/1 485/640/1 484/636/1
f 449/641/1 418/639/1 450/637/1
f 372/642/1 486/643/1 485/644/1
f 448/645/1 418/646/1 449/647/1
f 371/648/1 486/649/1 372/638/1
f 448/650/1 275/651/1 418/639/1
f 371/652/1 487/653/1 486/643/1
f 447/654/1 275/655/1 448/645/1
f 371/648/1 488/656/1 487/657/1
f 446/658/1 275/651/1 447/659/1
f 370/660/1 488/656/1 371/648/1
f 446/658/1 276/661/1 275/651/1
f 370/660/1 489/662/1 488/656/1
f 445/663/1 276/661/1 446/658/1
f 445/663/1 277/664/1 276/661/1
f 369/665/1 489/662/1 370/660/1
f 369/665/1 490/666/1 489/662/1
f 444/667/1 277/664/1 445/663/1
f 444/667/1 278/668/1 277/664/1
f 368/669/1 490/666/1 369/665/1
f 368/669/1 491/670/1 490/666/1
f 443/671/1 278/668/1 444/667/1
f 368/669/1 492/672/1 491/670/1
f 442/673/1 278/668/1 443/671/1
f 442/673/1 279/674/1 278/668/1
f 367/675/1 492/672/1 368/669/1
f 441/676/1 279/674/1 442/673/1
f 367/675/1 493/677/1 492/672/1
f 441/676/1 280/678/1 279/674/1
f 366/679/1 493/677/1 367/675/1
f 440/680/1 280/678/1 441/676/1
f 366/679/1 494/681/1 493/677/1
f 439/460/1 280/678/1 440/680/1
f 366/679/1 495/682/1 494/681/1
f 439/460/1 281/683/1 280/678/1
f 365/684/1 495/682/1 366/679/1
f 438/685/1 281/683/1 439/460/1
f 365/684/1 496/686/1 495/682/1
f 438/685/1 282/687/1 281/683/1
f 364/688/1 496/686/1 365/684/1
f 437/689/1 282/687/1 438/685/1
f 364/688/1 497/690/1 496/686/1
f 437/689/1 283/691/1 282/687/1
f 363/692/1 497/690/1 364/688/1
f 436/693/1 283/691/1 437/689/1
f 363/692/1 498/694/1 497/690/1
f 435/695/1 283/691/1 436/693/1
f 363/692/1 499/696/1 498/694/1
f 435/695/1 284/697/1 283/691/1
f 362/698/1 499/696/1 363/692/1
f 434/699/1 284/697/1 435/695/1
f 362/698/1 500/700/1 499/696/1
f 434/699/1 285/701/1 284/697/1
f 361/702/1 500/700/1 362/698/1
f 433/703/1 285/701/1 434/699/1
f 361/702/1 501/704/1 500/700/1
f 433/703/1 286/705/1 285/701/1
f 360/706/1 501/704/1 361/702/1
f 432/707/1 286/705/1 433/703/1
f 360/706/1 502/708/1 501/704/1
f 432/707/1 287/709/1 286/705/1
f 359/710/1 502/708/1 360/706/1
f 431/711/1 287/709/1 432/707/1
f 359/710/1 503/712/1 502/708/1
f 358/713/1 503/712/1 359/710/1
f 358/713/1 504/714/1 503/712/1
f 430/715/1 287/709/1 431/711/1
f 430/715/1 288/716/1 287/709/1
f 358/713/1 505/717/1 504/714/1
f 429/718/1 288/716/1 430/715/1
f 357/261/1 505/717/1 358/713/1
f 429/718/1 289/719/1 288/716/1
f 357/261/1 506/720/1 505/717/1
f 428/721/1 289/719/1 429/718/1
f 356/722/1 506/720/1 357/261/1
f 428/721/1 290/723/1 289/719/1
f 356/722/1 507/724/1 506/720/1
f 427/725/1 290/723/1 428/721/1
f 355/726/1 507/724/1 356/722/1
f 427/725/1 291/727/1 290/723/1
f 355/726/1 508/728/1 507/724/1
f 426/729/1 291/727/1 427/725/1
f 354/730/1 508/728/1 355/726/1
f 426/729/1 292/731/1 291/727/1
f 354/730/1 509/732/1 508/728/1
f 425/733/1 292/731/1 426/729/1
f 354/730/1 510/734/1 509/732/1
f 424/735/1 292/731/1 425/733/1
f 353/736/1 510/734/1 354/730/1
f 424/735/1 293/737/1 292/731/1
f 353/736/1 511/738/1 510/734/1
f 423/739/1 293/737/1 424/735/1
f 352/740/1 511/738/1 353/736/1
f 423/739/1 294/741/1 293/737/1
f 352/740/1 512/742/1 511/738/1
f 422/743/1 294/741/1 423/739/1
f 351/744/1 512/742/1 352/740/1
f 422/743/1 295/745/1 294/741/1
f 421/746/1 295/745/1 422/743/1
f 351/744/1 513/747/1 512/742/1
f 420/748/1 295/745/1 421/746/1
f 351/744/1 514/749/1 513/747/1
f 350/750/1 514/749/1 351/744/1
f 420/748/1 296/751/1 295/745/1
f 419/752/1 296/751/1 420/748/1
f 350/750/1 515/753/1 514/749/1
f 419/752/1 297/754/1 296/751/1
f 349/755/1 515/753/1 350/750/1
f 349/755/1 516/756/1 515/753/1
f 562/757/1 297/754/1 419/752/1
f 562/757/1 298/758/1 297/754/1
f 348/759/1 516/756/1 349/755/1
f 561/760/1 298/758/1 562/757/1
f 348/759/1 517/761/1 516/756/1
f 348/759/1 518/762/1 517/761/1
f 560/763/1 298/758/1 561/760/1
f 560/763/1 299/764/1 298/758/1
f 347/765/1 518/762/1 348/759/1
f 347/765/1 519/766/1 518/762/1
f 559/767/1 299/764/1 560/763/1
f 346/768/1 519/766/1 347/765/1
f 559/767/1 300/769/1 299/764/1
f 346/768/1 520/770/1 519/766/1
f 558/771/1 300/769/1 559/767/1
f 346/768/1 521/169/1 520/770/1
f 557/772/1 300/769/1 558/771/1
f 345/773/1 521/169/1 346/768/1
f 557/772/1 301/774/1 300/769/1
f 345/773/1 522/775/1 521/169/1
f 556/776/1 301/774/1 557/772/1
f 345/777/1 523/778/1 522/779/1
f 555/780/1 301/781/1 556/782/1
f 344/783/1 523/784/1 345/773/1
f 555/785/1 302/786/1 301/774/1
f 344/783/1 524/787/1 523/784/1
f 554/788/1 302/786/1 555/785/1
f 343/789/1 524/787/1 344/783/1
f 554/788/1 303/790/1 302/786/1
f 343/789/1 525/791/1 524/787/1
f 553/792/1 303/790/1 554/788/1
f 343/789/1 526/793/1 525/791/1
f 552/794/1 303/790/1 553/792/1
f 342/795/1 526/793/1 343/789/1
f 552/794/1 304/796/1 303/790/1
f 342/795/1 527/797/1 526/793/1
f 551/798/1 304/796/1 552/794/1
f 342/795/1 528/799/1 527/797/1
f 550/800/1 304/801/1 551/802/1
f 341/803/1 528/799/1 342/795/1
f 550/804/1 305/805/1 304/796/1
f 341/803/1 529/806/1 528/799/1
f 549/807/1 305/805/1 550/804/1
f 341/808/1 530/809/1 529/810/1
f 548/811/1 305/812/1 549/813/1
f 341/814/1 531/815/1 530/816/1
f 547/817/1 305/818/1 548/819/1
f 340/820/1 531/821/1 341/803/1
f 547/822/1 306/823/1 305/805/1
f 340/820/1 532/824/1 531/821/1
f 546/825/1 306/823/1 547/822/1
f 340/826/1 533/827/1 532/828/1
f 545/829/1 306/830/1 546/831/1
f 340/832/1 534/833/1 533/834/1
f 544/835/1 306/836/1 545/837/1
f 339/838/1 534/839/1 340/820/1
f 544/840/1 307/841/1 306/823/1
f 339/838/1 535/842/1 534/839/1
f 543/843/1 307/841/1 544/840/1
f 339/838/1 536/844/1 535/842/1
f 542/845/1 307/841/1 543/843/1
f 339/846/1 537/847/1 536/848/1
f 541/849/1 307/850/1 542/851/1
f 339/846/1 538/852/1 537/847/1
f 540/853/1 307/850/1 541/849/1
f 339/846/1 539/854/1 538/852/1
f 539/854/1 307/850/1 540/853/1
f 339/846/1 307/850/1 539/854/1
f 338/855/1 307/841/1 339/838/1
f 338/855/1 308/856/1 307/841/1
f 338/855/1 309/857/1 308/856/1
f 337/858/1 309/857/1 338/855/1
f 337/858/1 310/859/1 309/857/1
f 336/860/1 310/859/1 337/858/1
f 336/860/1 311/861/1 310/859/1
f 335/862/1 311/861/1 336/860/1
f 334/863/1 311/861/1 335/862/1
f 334/863/1 312/864/1 311/861/1
f 333/865/1 312/866/1 334/867/1
f 333/865/1 313/868/1 312/866/1
f 332/869/1 313/870/1 333/871/1
f 332/869/1 314/872/1 313/870/1
f 331/873/1 314/872/1 332/869/1
f 331/873/1 315/874/1 314/872/1
f 330/875/1 315/876/1 331/877/1
f 330/875/1 316/106/1 315/876/1
f 329/878/1 316/879/1 330/880/1
f 329/878/1 317/881/1 316/879/1
f 328/882/1 317/883/1 329/884/1
f 328/885/1 318/886/1 317/887/1
f 327/888/1 318/889/1 328/890/1
f 327/888/1 319/891/1 318/889/1
f 326/892/1 319/891/1 327/888/1
f 326/892/1 320/893/1 319/891/1
f 325/894/1 320/895/1 326/896/1
f 325/894/1 321/897/1 320/895/1
f 324/898/1 321/899/1 325/900/1
f 324/898/1 322/901/1 321/899/1
f 323/902/1 322/903/1 324/904/1
f 564/905/1 566/906/1 565/907/1
f 564/905/1 567/908/1 566/906/1
f 568/909/1 570/910/1 569/911/1
f 568/909/1 571/912/1 570/910/1
f 564/905/1 574/757/1 567/908/1
f 574/757/1 568/909/1 567/908/1
f 574/757/1 573/913/1 568/909/1
f 573/913/1 571/912/1 568/909/1
f 564/905/1 563/651/1 574/757/1
f 572/914/1 571/912/1 573/913/1
f 577/907/1 585/913/1 578/906/1
f 585/913/1 579/908/1 578/906/1
f 585/913/1 575/651/1 579/908/1
f 575/651/1 582/910/1 579/908/1
f 582/910/1 584/914/1 579/908/1
f 584/914/1 580/909/1 579/908/1
f 585/913/1 586/757/1 575/651/1
f 586/757/1 576/905/1 575/651/1
f 581/911/1 583/912/1 582/910/1
f 583/912/1 584/914/1 582/910/1
f 577/907/1 586/757/1 585/913/1
f 586/757/1 584/914/1 585/913/1
f 586/757/1 583/912/1 584/914/1
f 583/912/1 580/909/1 584/914/1
f 577/907/1 576/905/1 586/757/1
f 581/911/1 580/909/1 583/912/1
f 888/915/1 890/916/1 889/917/1
f 888/918/1 891/919/1 890/920/1
f 887/921/1 891/922/1 888/923/1
f 887/921/1 892/924/1 891/922/1
f 887/921/1 893/925/1 892/924/1
f 886/926/1 893/925/1 887/921/1
f 886/926/1 894/927/1 893/925/1
f 886/928/1 895/929/1 894/930/1
f 885/931/1 895/929/1 886/928/1
f 885/932/1 896/933/1 895/934/1
f 884/935/1 896/933/1 885/932/1
f 884/935/1 897/936/1 896/933/1
f 884/935/1 898/937/1 897/936/1
f 883/938/1 898/939/1 884/940/1
f 883/938/1 899/941/1 898/939/1
f 883/942/1 900/943/1 899/944/1
f 882/945/1 900/943/1 883/942/1
f 882/945/1 901/946/1 900/943/1
f 881/947/1 901/948/1 882/949/1
f 881/947/1 902/950/1 901/948/1
f 881/951/1 903/952/1 902/953/1
f 880/954/1 903/952/1 881/951/1
f 880/954/1 904/955/1 903/952/1
f 880/956/1 905/957/1 904/958/1
f 879/959/1 905/957/1 880/956/1
f 879/960/1 906/961/1 905/962/1
f 878/963/1 906/964/1 879/959/1
f 878/963/1 907/965/1 906/964/1
f 878/966/1 908/967/1 907/968/1
f 877/969/1 908/970/1 878/971/1
f 877/969/1 909/972/1 908/970/1
f 877/973/1 910/974/1 909/975/1
f 876/976/1 910/977/1 877/978/1
f 876/979/1 911/980/1 910/981/1
f 876/976/1 912/982/1 911/983/1
f 875/984/1 912/982/1 876/976/1
f 875/985/1 913/986/1 912/987/1
f 874/988/1 913/989/1 875/984/1
f 874/988/1 914/990/1 913/989/1
f 874/991/1 915/992/1 914/993/1
f 873/994/1 915/995/1 874/988/1
f 873/994/1 916/996/1 915/995/1
f 873/997/1 648/998/1 916/999/1
f 648/1000/1 917/1001/1 916/996/1
f 872/1002/1 649/1003/1 873/994/1
f 649/1004/1 648/1005/1 873/1006/1
f 647/1007/1 917/1008/1 648/1009/1
f 646/1010/1 917/1011/1 647/1012/1
f 872/1002/1 650/1013/1 649/1003/1
f 645/1014/1 917/1011/1 646/1010/1
f 644/1015/1 917/1011/1 645/1014/1
f 872/1016/1 651/1017/1 650/1018/1
f 643/1019/1 917/1020/1 644/1021/1
f 642/1022/1 917/1020/1 643/1019/1
f 872/1016/1 652/1023/1 651/1017/1
f 642/1024/1 918/1025/1 917/1026/1
f 641/1027/1 918/1025/1 642/1024/1
f 640/1028/1 918/1025/1 641/1027/1
f 872/1016/1 653/1029/1 652/1023/1
f 639/1030/1 918/1025/1 640/1028/1
f 638/1031/1 918/1032/1 639/1033/1
f 872/1034/1 654/1035/1 653/1036/1
f 637/1037/1 918/1032/1 638/1031/1
f 871/1038/1 654/1039/1 872/1002/1
f 637/1040/1 919/1041/1 918/1042/1
f 871/1038/1 655/1043/1 654/1039/1
f 636/1044/1 919/1041/1 637/1040/1
f 635/1045/1 919/1046/1 636/1047/1
f 871/1048/1 656/1049/1 655/1050/1
f 634/1051/1 919/1046/1 635/1045/1
f 633/1052/1 919/1053/1 634/1054/1
f 633/1055/1 920/1056/1 919/1057/1
f 871/1058/1 657/1059/1 656/1060/1
f 632/1061/1 920/1056/1 633/1055/1
f 631/1062/1 920/1056/1 632/1061/1
f 870/1063/1 657/1064/1 871/1038/1
f 870/1063/1 658/1065/1 657/1064/1
f 630/1066/1 920/1067/1 631/1068/1
f 630/1069/1 921/1070/1 920/1071/1
f 629/1072/1 921/1070/1 630/1069/1
f 870/1063/1 659/1073/1 658/1065/1
f 628/1074/1 921/1070/1 629/1072/1
f 628/1075/1 922/1076/1 921/1077/1
f 627/1078/1 922/1076/1 628/1075/1
f 870/1063/1 660/1079/1 659/1073/1
f 869/1080/1 660/1079/1 870/1063/1
f 626/1081/1 922/1082/1 627/1083/1
f 625/1084/1 922/1085/1 626/1086/1
f 869/1080/1 661/1087/1 660/1079/1
f 625/1088/1 923/1089/1 922/1076/1
f 624/1090/1 923/1091/1 625/1092/1
f 869/1093/1 662/1094/1 661/1095/1
f 623/1096/1 923/1097/1 624/1098/1
f 623/1099/1 924/757/1 923/1089/1
f 868/1100/1 662/1101/1 869/1080/1
f 622/1102/1 924/757/1 623/1099/1
f 868/1100/1 663/1103/1 662/1101/1
f 621/1104/1 924/1105/1 622/1106/1
f 621/1107/1 587/655/1 924/27/1
f 620/1108/1 587/655/1 621/1107/1
f 868/1100/1 664/1109/1 663/1103/1
f 867/1110/1 664/1109/1 868/1100/1
f 619/1111/1 587/1112/1 620/1113/1
f 619/1114/1 588/1115/1 587/651/1
f 618/1116/1 588/1117/1 619/1118/1
f 867/1110/1 665/1119/1 664/1109/1
f 617/1120/1 588/1121/1 618/1122/1
f 617/1123/1 589/1124/1 588/1115/1
f 616/1125/1 589/1126/1 617/1127/1
f 866/1128/1 665/1119/1 867/1110/1
f 866/1128/1 666/1129/1 665/1119/1
f 615/1130/1 589/1131/1 616/1132/1
f 615/1133/1 590/1134/1 589/1124/1
f 614/1135/1 590/1134/1 615/1133/1
f 866/1136/1 667/1137/1 666/1138/1
f 614/1135/1 591/1139/1 590/1134/1
f 613/1140/1 591/1139/1 614/1135/1
f 865/1141/1 667/1142/1 866/1128/1
f 612/1143/1 591/1144/1 613/1145/1
f 865/1146/1 668/1147/1 667/1137/1
f 612/1148/1 592/1149/1 591/1139/1
f 611/1150/1 592/1149/1 612/1148/1
f 865/1141/1 669/1151/1 668/1152/1
f 864/1153/1 669/1151/1 865/1141/1
f 610/1154/1 592/1155/1 611/1156/1
f 610/1154/1 593/1157/1 592/1155/1
f 609/1158/1 593/1159/1 610/1160/1
f 864/1153/1 670/1161/1 669/1151/1
f 609/1162/1 594/1163/1 593/1157/1
f 608/1164/1 594/1163/1 609/1162/1
f 863/1165/1 670/1161/1 864/1153/1
f 607/1166/1 594/1167/1 608/1168/1
f 607/1166/1 595/1169/1 594/1167/1
f 863/1165/1 671/1170/1 670/1161/1
f 606/1171/1 595/1172/1 607/1173/1
f 606/1174/1 596/1175/1 595/1169/1
f 605/1176/1 596/1175/1 606/1174/1
f 862/1177/1 671/1170/1 863/1165/1
f 862/1177/1 672/1178/1 671/1170/1
f 604/1179/1 596/1175/1 605/1176/1
f 604/1179/1 597/1180/1 596/1175/1
f 603/1181/1 597/1182/1 604/1183/1
f 862/1177/1 673/1184/1 672/1178/1
f 861/1185/1 673/1184/1 862/1177/1
f 602/1186/1 597/1187/1 603/1188/1
f 602/1189/1 598/1190/1 597/1180/1
f 601/1191/1 598/1190/1 602/1189/1
f 861/1185/1 674/1192/1 673/1184/1
f 601/1191/1 599/1193/1 598/1190/1
f 600/1194/1 599/1195/1 601/1196/1
f 860/1197/1 674/1192/1 861/1185/1
f 860/1197/1 675/1198/1 674/1192/1
f 860/1197/1 676/1199/1 675/1198/1
f 859/1200/1 676/1199/1 860/1197/1
f 859/1200/1 677/1201/1 676/1199/1
f 858/1202/1 677/1201/1 859/1200/1
f 858/1202/1 678/1203/1 677/1201/1
f 857/1204/1 678/1203/1 858/1202/1
f 857/1204/1 679/1205/1 678/1203/1
f 857/1204/1 680/1206/1 679/1205/1
f 856/1207/1 680/1206/1 857/1204/1
f 856/1207/1 681/1208/1 680/1206/1
f 855/1209/1 681/1208/1 856/1207/1
f 855/1209/1 682/1210/1 681/1208/1
f 854/1211/1 682/1210/1 855/1209/1
f 854/1211/1 683/1212/1 682/1210/1
f 853/1213/1 683/1212/1 854/1211/1
f 853/1213/1 684/1214/1 683/1212/1
f 852/1215/1 684/1214/1 853/1213/1
f 852/1215/1 685/1216/1 684/1214/1
f 852/1215/1 686/1217/1 685/1216/1
f 851/1218/1 686/1217/1 852/1215/1
f 851/1218/1 687/1219/1 686/1217/1
f 850/1220/1 687/1219/1 851/1218/1
f 850/1220/1 688/1221/1 687/1219/1
f 849/1222/1 688/1221/1 850/1220/1
f 849/1222/1 689/1223/1 688/1221/1
f 848/1224/1 689/1223/1 849/1222/1
f 848/1224/1 690/1225/1 689/1223/1
f 848/1224/1 691/1226/1 690/1225/1
f 847/1227/1 691/1226/1 848/1224/1
f 847/1227/1 692/1228/1 691/1226/1
f 846/1229/1 692/1228/1 847/1227/1
f 846/1229/1 693/1230/1 692/1228/1
f 845/1231/1 693/1230/1 846/1229/1
f 845/1231/1 694/1232/1 693/1230/1
f 767/1233/1 769/1234/1 768/1235/1
f 767/1236/1 770/1237/1 769/1238/1
f 845/1231/1 695/1239/1 694/1232/1
f 844/1240/1 695/1239/1 845/1231/1
f 766/1241/1 770/1242/1 767/1243/1
f 766/1244/1 771/1245/1 770/1237/1
f 844/1240/1 696/1246/1 695/1239/1
f 765/1247/1 771/1245/1 766/1244/1
f 764/1248/1 771/1245/1 765/1247/1
f 764/1248/1 772/1249/1 771/1245/1
f 843/1250/1 696/1246/1 844/1240/1
f 843/1250/1 697/1251/1 696/1246/1
f 763/1252/1 772/1253/1 764/1254/1
f 763/1255/1 773/1256/1 772/1249/1
f 762/1257/1 773/1258/1 763/1259/1
f 842/1260/1 697/1251/1 843/1250/1
f 842/1260/1 698/1261/1 697/1251/1
f 761/1262/1 773/1263/1 762/1264/1
f 761/1265/1 774/1266/1 773/1256/1
f 760/1267/1 774/1266/1 761/1265/1
f 842/1260/1 699/1268/1 698/1261/1
f 760/1267/1 775/1269/1 774/1266/1
f 759/1270/1 775/1271/1 760/1272/1
f 841/1273/1 699/1268/1 842/1260/1
f 758/1274/1 775/1275/1 759/1276/1
f 758/1277/1 776/1278/1 775/1269/1
f 841/1273/1 700/1279/1 699/1268/1
f 757/1280/1 776/1278/1 758/1277/1
f 757/1281/1 777/1282/1 776/1283/1
f 756/1284/1 777/1282/1 757/1281/1
f 840/1285/1 700/1279/1 841/1273/1
f 840/1285/1 701/1286/1 700/1279/1
f 755/1287/1 777/1288/1 756/1289/1
f 755/1287/1 778/1290/1 777/1288/1
f 754/1291/1 778/1292/1 755/1293/1
f 840/1285/1 702/1294/1 701/1286/1
f 753/1295/1 778/1290/1 754/1296/1
f 839/1297/1 702/1294/1 840/1285/1
f 753/1295/1 779/1298/1 778/1290/1
f 752/1299/1 779/1300/1 753/1301/1
f 839/1297/1 703/1302/1 702/1294/1
f 751/1303/1 779/1304/1 752/1305/1
f 751/1306/1 780/1307/1 779/1298/1
f 839/1308/1 704/1309/1 703/1310/1
f 750/1311/1 780/1312/1 751/1313/1
f 838/1314/1 704/1315/1 839/1297/1
f 750/1316/1 781/1317/1 780/1307/1
f 749/1318/1 781/1317/1 750/1316/1
f 838/1314/1 705/1319/1 704/1315/1
f 748/1320/1 781/1317/1 749/1318/1
f 748/1320/1 782/1321/1 781/1317/1
f 747/1322/1 782/1321/1 748/1320/1
f 837/1323/1 705/1319/1 838/1314/1
f 837/1323/1 706/1324/1 705/1319/1
f 746/1325/1 782/1321/1 747/1322/1
f 746/1326/1 783/1327/1 782/1328/1
f 745/1329/1 783/1327/1 746/1326/1
f 837/1323/1 707/1330/1 706/1324/1
f 744/1331/1 783/1332/1 745/1333/1
f 836/1334/1 707/1330/1 837/1323/1
f 744/1335/1 784/1336/1 783/1337/1
f 743/1338/1 784/1336/1 744/1335/1
f 836/1334/1 708/1339/1 707/1330/1
f 742/1340/1 784/1341/1 743/1342/1
f 742/1343/1 785/1344/1 784/1345/1
f 741/1346/1 785/1344/1 742/1343/1
f 836/1347/1 709/1348/1 708/1349/1
f 740/1350/1 785/1351/1 741/1352/1
f 835/1353/1 709/1354/1 836/1334/1
f 835/1353/1 710/1355/1 709/1354/1
f 739/1356/1 785/1357/1 740/1358/1
f 739/1359/1 786/1360/1 785/1344/1
f 738/1361/1 786/1362/1 739/1363/1
f 835/1364/1 711/1365/1 710/1366/1
f 737/1367/1 786/1362/1 738/1361/1
f 737/1368/1 787/1369/1 786/1370/1
f 736/1371/1 787/1369/1 737/1368/1
f 835/1372/1 712/1373/1 711/1374/1
f 834/1375/1 712/1376/1 835/1353/1
f 735/1377/1 787/1378/1 736/1379/1
f 734/1380/1 787/1378/1 735/1377/1
f 834/1375/1 713/1381/1 712/1376/1
f 734/1382/1 788/1383/1 787/1384/1
f 733/1385/1 788/1383/1 734/1382/1
f 732/1386/1 788/1387/1 733/1388/1
f 834/1389/1 714/1390/1 713/1391/1
f 731/1392/1 788/1393/1 732/1394/1
f 730/1395/1 788/1393/1 731/1392/1
f 834/1396/1 715/1397/1 714/1398/1
f 730/1399/1 789/1400/1 788/1383/1
f 833/1401/1 715/1402/1 834/1375/1
f 729/1403/1 789/1400/1 730/1399/1
f 833/1401/1 716/1404/1 715/1402/1
f 728/1405/1 789/1400/1 729/1403/1
f 727/1406/1 789/1400/1 728/1405/1
f 833/1401/1 717/1407/1 716/1404/1
f 726/1408/1 789/1400/1 727/1406/1
f 725/1409/1 789/1410/1 726/1411/1
f 725/1412/1 790/1413/1 789/1414/1
f 833/1415/1 718/1416/1 717/1417/1
f 724/1418/1 790/1413/1 725/1412/1
f 723/1419/1 790/1413/1 724/1418/1
f 833/1415/1 719/1420/1 718/1416/1
f 722/1421/1 790/1413/1 723/1419/1
f 721/1422/1 790/1413/1 722/1421/1
f 833/1415/1 720/1423/1 719/1420/1
f 720/1423/1 790/1413/1 721/1422/1
f 833/1415/1 790/1413/1 720/1423/1
f 832/1424/1 790/1425/1 833/1401/1
f 832/1424/1 791/1426/1 790/1425/1
f 832/1427/1 792/1428/1 791/1429/1
f 831/1430/1 792/1431/1 832/1424/1
f 831/1430/1 793/1432/1 792/1431/1
f 831/1433/1 794/1434/1 793/1435/1
f 830/1436/1 794/1437/1 831/1430/1
f 830/1436/1 795/1438/1 794/1437/1
f 829/1439/1 795/1438/1 830/1436/1
f 829/1439/1 796/1440/1 795/1438/1
f 829/1439/1 797/1441/1 796/1440/1
f 828/1442/1 797/1441/1 829/1439/1
f 828/1442/1 798/1443/1 797/1441/1
f 828/1442/1 799/1444/1 798/1443/1
f 827/1445/1 799/1446/1 828/1447/1
f 827/1445/1 800/1448/1 799/1446/1
f 827/1449/1 801/1450/1 800/1451/1
f 826/1452/1 801/1450/1 827/1449/1
f 826/1453/1 802/1454/1 801/1455/1
f 825/1456/1 802/1457/1 826/1452/1
f 825/1456/1 803/1458/1 802/1457/1
f 825/1459/1 804/1460/1 803/1461/1
f 824/1462/1 804/1463/1 825/1464/1
f 824/1462/1 805/1465/1 804/1463/1
f 824/1462/1 806/1466/1 805/1465/1
f 823/1467/1 806/1468/1 824/1469/1
f 823/1470/1 807/1471/1 806/1472/1
f 822/1473/1 807/1474/1 823/1475/1
f 822/1476/1 808/1477/1 807/1478/1
f 822/1476/1 809/1479/1 808/1477/1
f 821/1480/1 809/1481/1 822/1482/1
f 821/1480/1 810/1483/1 809/1481/1
f 821/1480/1 811/1484/1 810/1483/1
f 820/1485/1 811/1484/1 821/1480/1
f 820/1485/1 812/1486/1 811/1484/1
f 819/1487/1 812/1488/1 820/1489/1
f 819/1487/1 813/1490/1 812/1488/1
f 819/1491/1 814/1492/1 813/1493/1
f 818/1494/1 814/1495/1 819/1496/1
f 818/1494/1 815/1497/1 814/1495/1
f 818/1498/1 816/1499/1 815/1500/1
f 817/1501/1 816/1502/1 818/1503/1
f 930/1504/1 932/1505/1 931/1506/1
f 930/1504/1 933/374/1 932/1505/1
f 934/1507/1 936/1508/1 935/1509/1
f 934/1507/1 937/757/1 936/1508/1
f 930/1504/1 928/1510/1 933/374/1
f 928/1510/1 934/1507/1 933/374/1
f 928/1510/1 937/757/1 934/1507/1
f 928/1510/1 927/1511/1 937/757/1
f 927/1511/1 925/651/1 937/757/1
f 930/1504/1 929/274/1 928/1510/1
f 926/1512/1 925/651/1 927/1511/1
f 938/651/1 940/907/1 939/905/1
f 938/651/1 941/906/1 940/907/1
f 942/908/1 944/911/1 943/909/1
f 942/908/1 948/913/1 944/911/1
f 948/913/1 947/914/1 944/911/1
f 947/914/1 945/910/1 944/911/1
f 942/908/1 949/757/1 948/913/1
f 946/912/1 945/910/1 947/914/1
f 938/651/1 942/908/1 941/906/1
f 938/651/1 949/757/1 942/908/1
f 951/1513/2 952/1514/2 1161/1515/2
f 1161/1515/2 952/1514/2 953/1516/2
f 1161/1515/2 953/1516/2 954/1517/2
f 1161/1515/2 954/1517/2 955/1518/2
f 1161/1515/2 955/1518/2 956/1519/2
f 1161/1515/2 956/1519/2 957/1520/2
f 1161/1515/2 957/1520/2 958/1521/2
f 1161/1515/2 958/1521/2 959/1522/2
f 1161/1515/2 959/1522/2 960/1523/2
f 1161/1515/2 960/1523/2 961/1524/2
f 1161/1515/2 961/1524/2 962/1525/2
f 1161/1515/2 962/1525/2 963/1526/2
f 1161/1515/2 963/1526/2 964/1527/2
f 1161/1515/2 964/1527/2 965/1528/2
f 1161/1515/2 965/1528/2 966/1529/2
f 1161/1515/2 966/1529/2 967/1530/2
f 1161/1515/2 967/1530/2 968/1531/2
f 1161/1515/2 968/1531/2 969/1532/2
f 1161/1515/2 969/1532/2 970/1533/2
f 1161/1515/2 970/1533/2 971/1534/2
f 1161/1515/2 971/1534/2 972/1535/2
f 1161/1515/2 972/1535/2 973/1536/2
f 1161/1515/2 973/1536/2 974/1537/2
f 1161/1538/2 974/1539/2 1223/1540/2
f 1223/1540/2 974/1539/2 1222/1541/2
f 1222/1541/2 974/1539/2 975/1542/2
f 951/1513/2 1161/1515/2 1162/1543/2
f 1221/1544/2 1222/1541/2 975/1542/2
f 1220/1545/2 1221/1544/2 975/1542/2
f 1219/1546/2 1220/1545/2 975/1542/2
f 1218/1547/2 1219/1548/2 975/1549/2
f 1218/1547/2 975/1549/2 976/1550/2
f 1217/1551/2 1218/1552/2 976/1553/2
f 1216/1554/2 1217/1551/2 976/1553/2
f 1216/1555/2 976/1550/2 977/1556/2
f 1215/1557/2 1216/1555/2 977/1556/2
f 1214/1558/2 1215/1559/2 977/1560/2
f 1214/1561/2 977/1556/2 978/1562/2
f 1213/1563/2 1214/1561/2 978/1562/2
f 1212/1564/2 1213/1565/2 978/1566/2
f 1212/1567/2 978/1562/2 979/1568/2
f 1211/1569/2 1212/1567/2 979/1568/2
f 1211/1570/2 979/1571/2 980/1572/2
f 1210/1573/2 1211/1570/2 980/1572/2
f 1209/1574/2 1210/1575/2 980/1576/2
f 1209/1577/2 980/1572/2 981/1578/2
f 1208/1579/2 1209/1574/2 981/1580/2
f 1208/1579/2 981/1580/2 982/1581/2
f 1207/1582/2 1208/1583/2 982/1584/2
f 1207/1585/2 982/1581/2 983/1586/2
f 1206/1587/2 1207/1585/2 983/1586/2
f 1205/1588/2 1206/1587/2 983/1586/2
f 1205/1588/2 983/1586/2 984/1589/2
f 1204/1590/2 1205/1591/2 984/1592/2
f 1204/1593/2 984/1589/2 985/1594/2
f 1203/1595/2 1204/1590/2 985/1596/2
f 1203/1597/2 985/1594/2 986/1598/2
f 1202/1599/2 1203/1597/2 986/1598/2
f 1202/1599/2 986/1598/2 987/1600/2
f 1201/1601/2 1202/1599/2 987/1600/2
f 1201/1601/2 987/1600/2 988/1602/2
f 1200/1603/2 1201/1601/2 988/1602/2
f 1200/1603/2 988/1602/2 989/1604/2
f 1199/1605/2 1200/1603/2 989/1604/2
f 1198/1606/2 1199/1607/2 989/1608/2
f 1198/1606/2 989/1608/2 990/1609/2
f 1197/1610/2 1198/1611/2 990/1612/2
f 1197/1610/2 990/1612/2 991/1613/2
f 1196/1614/2 1197/1610/2 991/1613/2
f 1196/1614/2 991/1613/2 992/1615/2
f 1195/1616/2 1196/1617/2 992/1618/2
f 1195/1619/2 992/1615/2 993/1620/2
f 1194/1621/2 1195/1619/2 993/1620/2
f 1194/1622/2 993/1623/2 994/1624/2
f 1193/1625/2 1194/1621/2 994/1626/2
f 1192/1627/2 1193/1625/2 994/1626/2
f 1192/1628/2 994/1624/2 995/1629/2
f 1191/1630/2 1192/1627/2 995/1631/2
f 1191/1630/2 995/1631/2 996/1632/2
f 1190/1633/2 1191/1634/2 996/1635/2
f 1190/1636/2 996/1632/2 997/1637/2
f 1189/1638/2 1190/1636/2 997/1637/2
f 1189/1639/2 997/1640/2 998/1641/2
f 1188/1642/2 1189/1639/2 998/1641/2
f 1188/1643/2 998/1644/2 999/1645/2
f 1187/1646/2 1188/1643/2 999/1645/2
f 1186/1647/2 1187/1648/2 999/1649/2
f 1186/1647/2 999/1649/2 1000/1650/2
f 1185/1651/2 1186/1652/2 1000/1653/2
f 1185/1651/2 1000/1653/2 1001/1654/2
f 1184/1655/2 1185/1656/2 1001/1657/2
f 1184/1658/2 1001/1654/2 1002/1659/2
f 1183/1660/2 1184/1658/2 1002/1659/2
f 1183/1661/2 1002/1662/2 1003/1663/2
f 1182/1664/2 1183/1661/2 1003/1663/2
f 1182/1665/2 1003/1666/2 1004/1667/2
f 1181/1668/2 1182/1665/2 1004/1667/2
f 1180/1669/2 1181/1670/2 1004/1671/2
f 1180/1669/2 1004/1671/2 1005/1672/2
f 1179/1673/2 1180/1669/2 1005/1672/2
f 1179/1674/2 1005/1675/2 1006/1676/2
f 1178/1677/2 1179/1674/2 1006/1676/2
f 1178/1678/2 1006/1679/2 1007/1680/2
f 1177/1681/2 1178/1678/2 1007/1680/2
f 1177/1681/2 1007/1680/2 1008/1682/2
f 1176/1683/2 1177/1681/2 1008/1682/2
f 1175/1684/2 1176/1685/2 1008/1686/2
f 1175/1684/2 1008/1686/2 1009/1687/2
f 1174/1688/2 1175/1689/2 1009/1690/2
f 1174/1688/2 1009/1690/2 1010/1691/2
f 1173/1692/2 1174/1688/2 1010/1691/2
f 1172/1693/2 1173/1692/2 1010/1691/2
f 1172/1694/2 1010/1695/2 1011/1696/2
f 1171/1697/2 1172/1694/2 1011/1696/2
f 1170/1698/2 1171/1699/2 1011/1700/2
f 1170/1701/2 1011/1702/2 1012/1703/2
f 1169/1704/2 1170/1701/2 1012/1703/2
f 1168/1705/2 1169/1706/2 1012/1707/2
f 1168/1708/2 1012/1703/2 1013/1709/2
f 1167/1710/2 1168/1708/2 1013/1709/2
f 1166/1711/2 1167/1712/2 1013/1713/2
f 1165/1714/2 1166/1715/2 1013/1716/2
f 1165/1717/2 1013/1718/2 1014/1719/2
f 1164/1720/2 1165/1721/2 1014/1722/2
f 1163/1723/2 1164/1720/2 1014/1722/2
f 951/1513/2 1162/1543/2 1098/1724/2
f 1098/1724/2 1162/1543/2 1163/1725/2
f 1098/1724/2 1163/1725/2 1014/1719/2
f 1098/1724/2 1014/1719/2 1015/1726/2
f 1098/1724/2 1015/1726/2 1016/1727/2
f 1098/1724/2 1016/1727/2 1017/1728/2
f 1098/1724/2 1017/1728/2 1018/1729/2
f 1098/1724/2 1018/1729/2 1019/1730/2
f 1098/1724/2 1019/1730/2 1020/1731/2
f 1098/1732/2 1020/1733/2 1021/1734/2
f 1098/1724/2 1021/1735/2 1022/1736/2
f 1098/1724/2 1022/1736/2 1023/1737/2
f 1098/1732/2 1023/1738/2 1024/1739/2
f 1098/1724/2 1024/1740/2 1025/1741/2
f 1098/1724/2 1025/1741/2 1026/1742/2
f 1098/1724/2 1026/1742/2 1027/1743/2
f 1098/1724/2 1027/1743/2 1028/1744/2
f 1098/1724/2 1028/1744/2 1029/1745/2
f 1098/1724/2 1029/1745/2 1030/1746/2
f 1098/1724/2 1030/1746/2 1031/1747/2
f 1098/1724/2 1031/1747/2 1032/1748/2
f 1098/1724/2 1032/1748/2 1033/1749/2
f 1098/1724/2 1033/1749/2 1034/1750/2
f 1098/1724/2 1034/1750/2 1035/1751/2
f 1098/1724/2 1035/1751/2 1036/1752/2
f 1098/1724/2 1036/1752/2 1037/1753/2
f 1098/1724/2 1037/1753/2 1038/1754/2
f 1098/1724/2 1038/1754/2 1039/1755/2
f 1098/1724/2 1039/1755/2 1040/1756/2
f 1098/1724/2 1040/1756/2 1041/1757/2
f 1098/1724/2 1041/1757/2 1042/1758/2
f 1098/1724/2 1042/1758/2 1160/1759/2
f 1160/1759/2 1042/1758/2 1043/1760/2
f 951/1513/2 1098/1724/2 1099/1761/2
f 1159/1762/2 1160/1763/2 1043/1764/2
f 1158/1765/2 1159/1762/2 1043/1764/2
f 1157/1766/2 1158/1767/2 1043/1768/2
f 1157/1769/2 1043/1770/2 1044/1771/2
f 1156/1772/2 1157/1769/2 1044/1771/2
f 1155/1773/2 1156/1772/2 1044/1771/2
f 1154/1774/2 1155/1773/2 1044/1771/2
f 1153/1775/2 1154/1774/2 1044/1771/2
f 1153/1776/2 1044/1777/2 1045/1778/2
f 1152/1779/2 1153/1776/2 1045/1778/2
f 1151/1780/2 1152/1781/2 1045/1782/2
f 1150/1783/2 1151/1780/2 1045/1782/2
f 1150/1783/2 1045/1782/2 1046/1784/2
f 1149/1785/2 1150/1783/2 1046/1784/2
f 1148/1786/2 1149/1787/2 1046/1788/2
f 1148/1786/2 1046/1788/2 1047/1789/2
f 1147/1790/2 1148/1791/2 1047/1792/2
f 1147/1793/2 1047/1789/2 1048/1794/2
f 1146/1795/2 1147/1793/2 1048/1794/2
f 1145/1796/2 1146/1795/2 1048/1794/2
f 1145/1797/2 1048/1798/2 1049/1799/2
f 1144/1800/2 1145/1797/2 1049/1799/2
f 1143/1801/2 1144/1802/2 1049/1803/2
f 1143/1801/2 1049/1803/2 1050/1804/2
f 1142/1805/2 1143/1806/2 1050/1807/2
f 1142/1808/2 1050/1804/2 1051/1809/2
f 1141/1810/2 1142/1808/2 1051/1809/2
f 1140/1811/2 1141/1812/2 1051/1813/2
f 1140/1814/2 1051/1809/2 1052/1815/2
f 1139/1816/2 1140/1814/2 1052/1815/2
f 1139/1817/2 1052/1818/2 1053/1819/2
f 1138/1820/2 1139/1817/2 1053/1819/2
f 1137/1821/2 1138/1822/2 1053/1823/2
f 1137/1821/2 1053/1823/2 1054/1824/2
f 1136/1825/2 1137/1826/2 1054/1827/2
f 1136/1828/2 1054/1824/2 1055/1829/2
f 1135/1830/2 1136/1828/2 1055/1829/2
f 1134/1831/2 1135/1832/2 1055/1833/2
f 1134/1834/2 1055/1829/2 1056/1835/2
f 1133/1836/2 1134/1834/2 1056/1835/2
f 1133/1836/2 1056/1835/2 1057/1837/2
f 1132/1838/2 1133/1836/2 1057/1837/2
f 1131/1839/2 1132/1840/2 1057/1841/2
f 1131/1842/2 1057/1837/2 1058/1843/2
f 1130/1844/2 1131/1842/2 1058/1843/2
f 1130/1844/2 1058/1843/2 1059/1845/2
f 1129/1846/2 1130/1844/2 1059/1845/2
f 1128/1847/2 1129/1846/2 1059/1845/2
f 1128/1847/2 1059/1845/2 1060/1848/2
f 1127/1849/2 1128/1847/2 1060/1848/2
f 1127/1849/2 1060/1848/2 1061/1850/2
f 1126/1851/2 1127/1849/2 1061/1850/2
f 1125/1852/2 1126/1851/2 1061/1850/2
f 1125/1852/2 1061/1850/2 1062/1853/2
f 1124/1854/2 1125/1852/2 1062/1853/2
f 1123/1855/2 1124/1856/2 1062/1857/2
f 1123/1858/2 1062/1853/2 1063/1859/2
f 1122/1860/2 1123/1855/2 1063/1861/2
f 1122/1862/2 1063/1859/2 1064/1863/2
f 1121/1864/2 1122/1862/2 1064/1863/2
f 1121/1864/2 1064/1863/2 1065/1865/2
f 1120/1866/2 1121/1864/2 1065/1865/2
f 1120/1867/2 1065/1868/2 1066/1869/2
f 1119/1870/2 1120/1866/2 1066/1871/2
f 1119/1870/2 1066/1871/2 1067/1872/2
f 1118/1873/2 1119/1874/2 1067/1875/2
f 1118/1876/2 1067/1872/2 1068/1877/2
f 1117/1878/2 1118/1873/2 1068/1879/2
f 1116/1880/2 1117/1881/2 1068/1877/2
f 1116/1880/2 1068/1877/2 1069/1882/2
f 1115/1883/2 1116/1880/2 1069/1882/2
f 1115/1883/2 1069/1882/2 1070/1884/2
f 1114/1885/2 1115/1886/2 1070/1887/2
f 1114/1888/2 1070/1884/2 1071/1889/2
f 1113/1890/2 1114/1888/2 1071/1889/2
f 1112/1891/2 1113/1892/2 1071/1893/2
f 1112/1894/2 1071/1889/2 1072/1895/2
f 1111/1896/2 1112/1891/2 1072/1897/2
f 1111/1898/2 1072/1895/2 1073/1899/2
f 1110/1900/2 1111/1898/2 1073/1899/2
f 1110/1901/2 1073/1902/2 1074/1903/2
f 1109/1904/2 1110/1901/2 1074/1903/2
f 1108/1905/2 1109/1906/2 1074/1907/2
f 1108/1905/2 1074/1907/2 1075/1908/2
f 1107/1909/2 1108/1910/2 1075/1911/2
f 1106/1912/2 1107/1909/2 1075/1911/2
f 1106/1913/2 1075/1908/2 1076/1914/2
f 1105/1915/2 1106/1913/2 1076/1914/2
f 1104/1916/2 1105/1917/2 1076/1918/2
f 1103/1919/2 1104/1920/2 1076/1921/2
f 1103/1922/2 1076/1914/2 1077/1923/2
f 1102/1924/2 1103/1922/2 1077/1923/2
f 1101/1925/2 1102/1924/2 1077/1923/2
f 1100/1926/2 1101/1927/2 1077/1928/2
f 951/1513/2 1099/1761/2 1100/1929/2
f 951/1513/2 1100/1929/2 1077/1923/2
f 951/1513/2 1077/1923/2 1078/1930/2
f 951/1513/2 1078/1930/2 1079/1931/2
f 951/1513/2 1079/1931/2 1080/1932/2
f 951/1513/2 1080/1932/2 1081/1933/2
f 951/1513/2 1081/1933/2 1082/1934/2
f 951/1513/2 1082/1934/2 1083/1935/2
f 951/1513/2 1083/1935/2 1084/1936/2
f 951/1513/2 1084/1936/2 1085/1937/2
f 951/1513/2 1085/1937/2 1086/1938/2
f 951/1513/2 1086/1938/2 1087/1939/2
f 951/1513/2 1087/1939/2 1088/1940/2
f 951/1513/2 1088/1940/2 1089/1941/2
f 951/1513/2 1089/1941/2 1090/1942/2
f 951/1513/2 1090/1942/2 1091/1943/2
f 951/1513/2 1091/1943/2 1092/1944/2
f 951/1513/2 1092/1944/2 1093/1945/2
f 951/1513/2 1093/1945/2 1094/1946/2
f 951/1513/2 1094/1946/2 1095/1947/2
f 951/1948/2 1095/1949/2 1096/1950/2
f 951/1951/2 1096/1952/2 1097/1953/2
f 951/501/2 1097/503/2 950/502/2
f 1343/1954/2 1344/1955/2 1345/1956/2
f 1343/1957/2 1345/1958/2 1346/1959/2
f 1342/1960/2 1343/1957/2 1346/1959/2
f 1342/1961/2 1346/1962/2 1347/1963/2
f 1341/1964/2 1342/1961/2 1347/1963/2
f 1341/1965/2 1347/1875/2 1348/1966/2
f 1340/1967/2 1341/1965/2 1348/1966/2
f 1340/1967/2 1348/1966/2 1349/1968/2
f 1339/1969/2 1340/1967/2 1349/1968/2
f 1339/1970/2 1349/1971/2 1350/1972/2
f 1338/1973/2 1339/1970/2 1350/1972/2
f 1338/1974/2 1350/1975/2 1351/1976/2
f 1337/1977/2 1338/1974/2 1351/1976/2
f 1337/1978/2 1351/1979/2 1352/1980/2
f 1336/1981/2 1337/1978/2 1352/1980/2
f 1336/1982/2 1352/1983/2 1353/1984/2
f 1335/1985/2 1336/1982/2 1353/1984/2
f 1335/1986/2 1353/1987/2 1354/1988/2
f 1334/1989/2 1335/1986/2 1354/1988/2
f 1334/1989/2 1354/1988/2 1355/1990/2
f 1333/1991/2 1334/1989/2 1355/1990/2
f 1333/1992/2 1355/1993/2 1356/1994/2
f 1332/1995/2 1333/1992/2 1356/1994/2
f 1331/1996/2 1332/1997/2 1356/1998/2
f 1331/1996/2 1356/1998/2 1357/1999/2
f 1330/2000/2 1331/1996/2 1357/1999/2
f 1330/2000/2 1357/1999/2 1358/2001/2
f 1329/2002/2 1330/2000/2 1358/2001/2
f 1329/2002/2 1358/2001/2 1359/2003/2
f 1328/2004/2 1329/2002/2 1359/2003/2
f 1328/2004/2 1359/2003/2 1360/2005/2
f 1327/2006/2 1328/2004/2 1417/2007/2
f 1417/2008/2 1328/2009/2 1416/2010/2
f 1416/2010/2 1328/2009/2 1360/2011/2
f 1416/2010/2 1360/2011/2 1415/2012/2
f 1415/2013/2 1360/2005/2 1361/2014/2
f 1327/2006/2 1417/2007/2 1418/2015/2
f 1414/2016/2 1415/2013/2 1361/2014/2
f 1327/2017/2 1418/2018/2 1419/2019/2
f 1413/2020/2 1414/2021/2 1361/2022/2
f 1327/2017/2 1419/2019/2 1420/2023/2
f 1412/2024/2 1413/2020/2 1361/2022/2
f 1327/2017/2 1420/2023/2 1421/2025/2
f 1411/2026/2 1412/2024/2 1361/2022/2
f 1327/2017/2 1421/2025/2 1422/2027/2
f 1410/2028/2 1411/2026/2 1361/2022/2
f 1326/2029/2 1327/2006/2 1422/2030/2
f 1410/2031/2 1361/2014/2 1362/2032/2
f 1326/2029/2 1422/2030/2 1423/2033/2
f 1409/2034/2 1410/2031/2 1362/2032/2
f 1326/2035/2 1423/2036/2 1424/2037/2
f 1408/2038/2 1409/2039/2 1362/2040/2
f 1326/2035/2 1424/2037/2 1425/2041/2
f 1407/2042/2 1408/2038/2 1362/2040/2
f 1325/2043/2 1326/2029/2 1425/2044/2
f 1407/2045/2 1362/2032/2 1363/2046/2
f 1325/2043/2 1425/2044/2 1426/2047/2
f 1406/2048/2 1407/2045/2 1363/2046/2
f 1325/2043/2 1426/2047/2 1427/2049/2
f 1405/2050/2 1406/2048/2 1363/2046/2
f 1325/2043/2 1427/2049/2 1428/2051/2
f 1404/2052/2 1405/2050/2 1363/2046/2
f 1324/2053/2 1325/2043/2 1428/2051/2
f 1404/2052/2 1363/2046/2 1364/2054/2
f 1324/2053/2 1428/2051/2 1429/1796/2
f 1403/2055/2 1404/2052/2 1364/2054/2
f 1324/2056/2 1429/1797/2 1430/2057/2
f 1402/2058/2 1403/2059/2 1364/2060/2
f 1323/2061/2 1324/2053/2 1430/2062/2
f 1402/2063/2 1364/2054/2 1365/2064/2
f 1323/2061/2 1430/2062/2 1431/2065/2
f 1401/2066/2 1402/2063/2 1365/2064/2
f 1323/2061/2 1431/2065/2 1432/2067/2
f 1400/2068/2 1401/2066/2 1365/2064/2
f 1322/2069/2 1323/2061/2 1432/2067/2
f 1400/2068/2 1365/2064/2 1366/2070/2
f 1322/2069/2 1432/2067/2 1433/2071/2
f 1399/2072/2 1400/2068/2 1366/2070/2
f 1321/2073/2 1322/2069/2 1433/2071/2
f 1399/2072/2 1366/2070/2 1367/2074/2
f 1321/2073/2 1433/2071/2 1434/2075/2
f 1398/2076/2 1399/2072/2 1367/2074/2
f 1321/2077/2 1434/2078/2 1435/2079/2
f 1397/2080/2 1398/2081/2 1367/2082/2
f 1320/2083/2 1321/2073/2 1435/2084/2
f 1397/2085/2 1367/2074/2 1224/2086/2
f 1320/2087/2 1435/2079/2 1436/2088/2
f 1396/2089/2 1397/2080/2 1224/2090/2
f 1320/2083/2 1436/2091/2 1437/2092/2
f 1395/2093/2 1396/2094/2 1224/2086/2
f 1319/2095/2 1320/2083/2 1437/2092/2
f 1395/2093/2 1224/2086/2 1225/2096/2
f 1319/2095/2 1437/2092/2 1438/2097/2
f 1394/2098/2 1395/2093/2 1225/2096/2
f 1394/2098/2 1225/2096/2 1226/2099/2
f 1318/2100/2 1319/2095/2 1438/2097/2
f 1318/2100/2 1438/2097/2 1439/2101/2
f 1393/2102/2 1394/2098/2 1226/2099/2
f 1393/2102/2 1226/2099/2 1227/2103/2
f 1317/2104/2 1318/2100/2 1439/2101/2
f 1317/2104/2 1439/2101/2 1440/2105/2
f 1392/2106/2 1393/2102/2 1227/2103/2
f 1317/2104/2 1440/2105/2 1441/2107/2
f 1391/2108/2 1392/2106/2 1227/2103/2
f 1391/2108/2 1227/2103/2 1228/2109/2
f 1316/2110/2 1317/2104/2 1441/2107/2
f 1390/2111/2 1391/2108/2 1228/2109/2
f 1316/2110/2 1441/2107/2 1442/2112/2
f 1390/2111/2 1228/2109/2 1229/2113/2
f 1315/2114/2 1316/2110/2 1442/2112/2
f 1389/2115/2 1390/2111/2 1229/2113/2
f 1315/2114/2 1442/2112/2 1443/2116/2
f 1388/1913/2 1389/2115/2 1229/2113/2
f 1315/2114/2 1443/2116/2 1444/2117/2
f 1388/1913/2 1229/2113/2 1230/2118/2
f 1314/2119/2 1315/2114/2 1444/2117/2
f 1387/2120/2 1388/1913/2 1230/2118/2
f 1314/2119/2 1444/2117/2 1445/2121/2
f 1387/2120/2 1230/2118/2 1231/2122/2
f 1313/2123/2 1314/2119/2 1445/2121/2
f 1386/2124/2 1387/2120/2 1231/2122/2
f 1313/2123/2 1445/2121/2 1446/2125/2
f 1386/2124/2 1231/2122/2 1232/2126/2
f 1312/2127/2 1313/2123/2 1446/2125/2
f 1385/2128/2 1386/2124/2 1232/2126/2
f 1312/2127/2 1446/2125/2 1447/2129/2
f 1384/2130/2 1385/2128/2 1232/2126/2
f 1312/2127/2 1447/2129/2 1448/2131/2
f 1384/2130/2 1232/2126/2 1233/2132/2
f 1311/2133/2 1312/2127/2 1448/2131/2
f 1383/2134/2 1384/2130/2 1233/2132/2
f 1311/2133/2 1448/2131/2 1449/2135/2
f 1383/2134/2 1233/2132/2 1234/2136/2
f 1310/2137/2 1311/2133/2 1449/2135/2
f 1382/2138/2 1383/2134/2 1234/2136/2
f 1310/2137/2 1449/2135/2 1450/2139/2
f 1382/2138/2 1234/2136/2 1235/2140/2
f 1309/2141/2 1310/2137/2 1450/2139/2
f 1381/2142/2 1382/2138/2 1235/2140/2
f 1309/2141/2 1450/2139/2 1451/2143/2
f 1381/2142/2 1235/2140/2 1236/2144/2
f 1308/2145/2 1309/2141/2 1451/2143/2
f 1380/2146/2 1381/2142/2 1236/2144/2
f 1308/2145/2 1451/2143/2 1452/2147/2
f 1307/2148/2 1308/2145/2 1452/2147/2
f 1307/2148/2 1452/2147/2 1453/2149/2
f 1379/2150/2 1380/2146/2 1236/2144/2
f 1379/2150/2 1236/2144/2 1237/2151/2
f 1307/2148/2 1453/2149/2 1454/2152/2
f 1378/2153/2 1379/2150/2 1237/2151/2
f 1306/1744/2 1307/2148/2 1454/2152/2
f 1378/2153/2 1237/2151/2 1238/2154/2
f 1306/1744/2 1454/2152/2 1455/2155/2
f 1377/2156/2 1378/2153/2 1238/2154/2
f 1305/2157/2 1306/1744/2 1455/2155/2
f 1377/2156/2 1238/2154/2 1239/2158/2
f 1305/2157/2 1455/2155/2 1456/2159/2
f 1376/2160/2 1377/2156/2 1239/2158/2
f 1304/2161/2 1305/2157/2 1456/2159/2
f 1376/2160/2 1239/2158/2 1240/2162/2
f 1304/2161/2 1456/2159/2 1457/2163/2
f 1375/2164/2 1376/2160/2 1240/2162/2
f 1303/2165/2 1304/2161/2 1457/2163/2
f 1375/2164/2 1240/2162/2 1241/2166/2
f 1303/2165/2 1457/2163/2 1458/2167/2
f 1374/2168/2 1375/2164/2 1241/2166/2
f 1303/2165/2 1458/2167/2 1459/2169/2
f 1373/2170/2 1374/2168/2 1241/2166/2
f 1302/2171/2 1303/2165/2 1459/2169/2
f 1373/2170/2 1241/2166/2 1242/2172/2
f 1302/2171/2 1459/2169/2 1460/2173/2
f 1372/2174/2 1373/2170/2 1242/2172/2
f 1301/2175/2 1302/2171/2 1460/2173/2
f 1372/2174/2 1242/2172/2 1243/2176/2
f 1301/2175/2 1460/2173/2 1461/2177/2
f 1371/2178/2 1372/2174/2 1243/2176/2
f 1300/2179/2 1301/2175/2 1461/2177/2
f 1371/2178/2 1243/2176/2 1244/2180/2
f 1370/2181/2 1371/2178/2 1244/2180/2
f 1300/2179/2 1461/2177/2 1462/2182/2
f 1369/2183/2 1370/2181/2 1244/2180/2
f 1300/2179/2 1462/2182/2 1463/2184/2
f 1299/2185/2 1300/2179/2 1463/2184/2
f 1369/2183/2 1244/2180/2 1245/2186/2
f 1368/2187/2 1369/2183/2 1245/2186/2
f 1299/2185/2 1463/2184/2 1464/2188/2
f 1368/2187/2 1245/2186/2 1246/2189/2
f 1298/2190/2 1299/2185/2 1464/2188/2
f 1298/2190/2 1464/2188/2 1465/2191/2
f 1511/2192/2 1368/2187/2 1246/2189/2
f 1511/2192/2 1246/2189/2 1247/2193/2
f 1297/2194/2 1298/2190/2 1465/2191/2
f 1510/2195/2 1511/2192/2 1247/2193/2
f 1297/2194/2 1465/2191/2 1466/2196/2
f 1297/2194/2 1466/2196/2 1467/2197/2
f 1509/2198/2 1510/2195/2 1247/2193/2
f 1509/2198/2 1247/2193/2 1248/2199/2
f 1296/2200/2 1297/2194/2 1467/2197/2
f 1296/2200/2 1467/2197/2 1468/2201/2
f 1508/2202/2 1509/2198/2 1248/2199/2
f 1295/2203/2 1296/2200/2 1468/2201/2
f 1508/2202/2 1248/2199/2 1249/2204/2
f 1295/2203/2 1468/2201/2 1469/2205/2
f 1507/2206/2 1508/2202/2 1249/2204/2
f 1295/2203/2 1469/2205/2 1470/1658/2
f 1506/2207/2 1507/2206/2 1249/2204/2
f 1294/2208/2 1295/2203/2 1470/1658/2
f 1506/2207/2 1249/2204/2 1250/2209/2
f 1294/2208/2 1470/1658/2 1471/2210/2
f 1505/2211/2 1506/2207/2 1250/2209/2
f 1294/2212/2 1471/2213/2 1472/2214/2
f 1504/2215/2 1505/2216/2 1250/2217/2
f 1293/2218/2 1294/2208/2 1472/2219/2
f 1504/2220/2 1250/2209/2 1251/2221/2
f 1293/2218/2 1472/2219/2 1473/2222/2
f 1503/2223/2 1504/2220/2 1251/2221/2
f 1292/2224/2 1293/2218/2 1473/2222/2
f 1503/2223/2 1251/2221/2 1252/2225/2
f 1292/2224/2 1473/2222/2 1474/2226/2
f 1502/2227/2 1503/2223/2 1252/2225/2
f 1292/2224/2 1474/2226/2 1475/2228/2
f 1501/2229/2 1502/2227/2 1252/2225/2
f 1291/2230/2 1292/2224/2 1475/2228/2
f 1501/2229/2 1252/2225/2 1253/2231/2
f 1291/2230/2 1475/2228/2 1476/2232/2
f 1500/2233/2 1501/2229/2 1253/2231/2
f 1291/2230/2 1476/2232/2 1477/2234/2
f 1499/2235/2 1500/2233/2 1253/2231/2
f 1290/2236/2 1291/2230/2 1477/2234/2
f 1499/2235/2 1253/2231/2 1254/2237/2
f 1290/2236/2 1477/2234/2 1478/2238/2
f 1498/2239/2 1499/2235/2 1254/2237/2
f 1290/2236/2 1478/2238/2 1479/2240/2
f 1497/2241/2 1498/2239/2 1254/2237/2
f 1290/2242/2 1479/2243/2 1480/2244/2
f 1496/2245/2 1497/2246/2 1254/2247/2
f 1289/2248/2 1290/2236/2 1480/2249/2
f 1496/2250/2 1254/2237/2 1255/2251/2
f 1289/2248/2 1480/2249/2 1481/2252/2
f 1495/2253/2 1496/2250/2 1255/2251/2
f 1289/2254/2 1481/2255/2 1482/2256/2
f 1494/2257/2 1495/2258/2 1255/2259/2
f 1289/2254/2 1482/2256/2 1483/2260/2
f 1493/2261/2 1494/2257/2 1255/2259/2
f 1288/2262/2 1289/2248/2 1483/2263/2
f 1493/2264/2 1255/2251/2 1256/2265/2
f 1288/2262/2 1483/2263/2 1484/2266/2
f 1492/2267/2 1493/2264/2 1256/2265/2
f 1288/2262/2 1484/2266/2 1485/2268/2
f 1491/2269/2 1492/2267/2 1256/2265/2
f 1288/2270/2 1485/2271/2 1486/2272/2
f 1490/2273/2 1491/2274/2 1256/2275/2
f 1288/2270/2 1486/2272/2 1487/2276/2
f 1489/2277/2 1490/2273/2 1256/2275/2
f 1288/2270/2 1487/2276/2 1488/2278/2
f 1488/2278/2 1489/2277/2 1256/2275/2
f 1288/2270/2 1488/2278/2 1256/2275/2
f 1287/2279/2 1288/2262/2 1256/2265/2
f 1287/2279/2 1256/2265/2 1257/2280/2
f 1287/2279/2 1257/2280/2 1258/2281/2
f 1286/2282/2 1287/2279/2 1258/2281/2
f 1286/2282/2 1258/2281/2 1259/2283/2
f 1285/2284/2 1286/2282/2 1259/2283/2
f 1285/2284/2 1259/2283/2 1260/2285/2
f 1284/2286/2 1285/2284/2 1260/2285/2
f 1283/2287/2 1284/2286/2 1260/2285/2
f 1283/2287/2 1260/2285/2 1261/2288/2
f 1282/2289/2 1283/2290/2 1261/2291/2
f 1282/2289/2 1261/2291/2 1262/2292/2
f 1281/2293/2 1282/2294/2 1262/2295/2
f 1281/2293/2 1262/2295/2 1263/2296/2
f 1280/2297/2 1281/2293/2 1263/2296/2
f 1280/2297/2 1263/2296/2 1264/2298/2
f 1279/2299/2 1280/2300/2 1264/2301/2
f 1279/2299/2 1264/2301/2 1265/1608/2
f 1278/2302/2 1279/2299/2 1265/1608/2
f 1278/2302/2 1265/1608/2 1266/2303/2
f 1277/2304/2 1278/2305/2 1266/2306/2
f 1277/2307/2 1266/2303/2 1267/2308/2
f 1276/2309/2 1277/2307/2 1267/2308/2
f 1276/2309/2 1267/2308/2 1268/2310/2
f 1275/2311/2 1276/2309/2 1268/2310/2
f 1275/2311/2 1268/2310/2 1269/2312/2
f 1274/2313/2 1275/2314/2 1269/2315/2
f 1274/2313/2 1269/2315/2 1270/2316/2
f 1273/2317/2 1274/2318/2 1270/2319/2
f 1273/2320/2 1270/2321/2 1271/2322/2
f 1272/2323/2 1273/2324/2 1271/2325/2
f 1513/2326/2 1514/2327/2 1515/2328/2
f 1513/2326/2 1515/2328/2 1516/2329/2
f 1517/2330/2 1518/2331/2 1519/2332/2
f 1517/2330/2 1519/2332/2 1520/2333/2
f 1513/2326/2 1516/2329/2 1523/2334/2
f 1523/2334/2 1516/2329/2 1517/2330/2
f 1523/2334/2 1517/2330/2 1522/2335/2
f 1522/2335/2 1517/2330/2 1520/2333/2
f 1513/2326/2 1523/2334/2 1512/2336/2
f 1521/2337/2 1522/2335/2 1520/2333/2
f 1526/2327/2 1527/2328/2 1534/2335/2
f 1534/2335/2 1527/2328/2 1528/2329/2
f 1534/2335/2 1528/2329/2 1524/2336/2
f 1524/2336/2 1528/2329/2 1531/2332/2
f 1531/2332/2 1528/2329/2 1533/2337/2
f 1533/2337/2 1528/2329/2 1529/2330/2
f 1534/2335/2 1524/2336/2 1535/2334/2
f 1535/2334/2 1524/2336/2 1525/2326/2
f 1530/2331/2 1531/2332/2 1532/2333/2
f 1532/2333/2 1531/2332/2 1533/2337/2
f 1526/2327/2 1534/2335/2 1535/2334/2
f 1535/2334/2 1534/2335/2 1533/2337/2
f 1535/2334/2 1533/2337/2 1532/2333/2
f 1532/2333/2 1533/2337/2 1529/2330/2
f 1526/2327/2 1535/2334/2 1525/2326/2
f 1530/2331/2 1532/2333/2 1529/2330/2
f 1837/2338/2 1838/2339/2 1839/2340/2
f 1837/2341/2 1839/2342/2 1840/2343/2
f 1836/2344/2 1837/2341/2 1840/2343/2
f 1836/2345/2 1840/2346/2 1841/2347/2
f 1836/2345/2 1841/2347/2 1842/2348/2
f 1835/2349/2 1836/2350/2 1842/2351/2
f 1835/2349/2 1842/2351/2 1843/2352/2
f 1835/2353/2 1843/2354/2 1844/2355/2
f 1834/2356/2 1835/2353/2 1844/2355/2
f 1834/2357/2 1844/2358/2 1845/2359/2
f 1833/2360/2 1834/2356/2 1845/2361/2
f 1833/2360/2 1845/2361/2 1846/2362/2
f 1833/2360/2 1846/2362/2 1847/2363/2
f 1832/2364/2 1833/2365/2 1847/2366/2
f 1832/2364/2 1847/2366/2 1848/2367/2
f 1832/2368/2 1848/2369/2 1849/2370/2
f 1831/2371/2 1832/2368/2 1849/2370/2
f 1831/2371/2 1849/2370/2 1850/2372/2
f 1830/2373/2 1831/2374/2 1850/2375/2
f 1830/2373/2 1850/2375/2 1851/2376/2
f 1830/2377/2 1851/2378/2 1852/2379/2
f 1829/2380/2 1830/2377/2 1852/2379/2
f 1829/2380/2 1852/2379/2 1853/2381/2
f 1829/2382/2 1853/2383/2 1854/2384/2
f 1828/2385/2 1829/2382/2 1854/2384/2
f 1828/2386/2 1854/2387/2 1855/2388/2
f 1827/2389/2 1828/2385/2 1855/2390/2
f 1827/2389/2 1855/2390/2 1856/2391/2
f 1827/2389/2 1856/2391/2 1857/2392/2
f 1826/2393/2 1827/2394/2 1857/2395/2
f 1826/2393/2 1857/2395/2 1858/2396/2
f 1826/2397/2 1858/2398/2 1859/2399/2
f 1825/2400/2 1826/2397/2 1859/2399/2
f 1825/2401/2 1859/2402/2 1860/2403/2
f 1825/2400/2 1860/2404/2 1861/2405/2
f 1824/2406/2 1825/2400/2 1861/2405/2
f 1824/2407/2 1861/2408/2 1862/2409/2
f 1823/2410/2 1824/2406/2 1862/2411/2
f 1823/2410/2 1862/2411/2 1863/2412/2
f 1823/2413/2 1863/2414/2 1864/2415/2
f 1822/2416/2 1823/2410/2 1864/2417/2
f 1822/2416/2 1864/2417/2 1865/2418/2
f 1822/2419/2 1865/2420/2 1597/2421/2
f 1597/2422/2 1865/2418/2 1866/2423/2
f 1821/2424/2 1822/2416/2 1598/2425/2
f 1598/2426/2 1822/2427/2 1597/2428/2
f 1596/2429/2 1597/2430/2 1866/2431/2
f 1595/2432/2 1596/2433/2 1866/2423/2
f 1821/2424/2 1598/2425/2 1599/2434/2
f 1594/2435/2 1595/2432/2 1866/2423/2
f 1593/2436/2 1594/2437/2 1866/2438/2
f 1821/2439/2 1599/2440/2 1600/2441/2
f 1592/2442/2 1593/2443/2 1866/2444/2
f 1591/2445/2 1592/2446/2 1866/2447/2
f 1821/2439/2 1600/2441/2 1601/2448/2
f 1591/2449/2 1866/2450/2 1867/2451/2
f 1590/2452/2 1591/2449/2 1867/2451/2
f 1589/2453/2 1590/2452/2 1867/2451/2
f 1821/2439/2 1601/2448/2 1602/2454/2
f 1588/2455/2 1589/2453/2 1867/2451/2
f 1587/2456/2 1588/2455/2 1867/2451/2
f 1821/2439/2 1602/2454/2 1603/2457/2
f 1586/2458/2 1587/2456/2 1867/2451/2
f 1820/2459/2 1821/2424/2 1603/2460/2
f 1586/2461/2 1867/2462/2 1868/2463/2
f 1820/2459/2 1603/2460/2 1604/2464/2
f 1585/2465/2 1586/2461/2 1868/2463/2
f 1584/2466/2 1585/2467/2 1868/2468/2
f 1820/2469/2 1604/2470/2 1605/2471/2
f 1583/2472/2 1584/2466/2 1868/2468/2
f 1582/2473/2 1583/2474/2 1868/2475/2
f 1582/2476/2 1868/2463/2 1869/2477/2
f 1820/2469/2 1605/2471/2 1606/2478/2
f 1581/2479/2 1582/2476/2 1869/2477/2
f 1580/2480/2 1581/2479/2 1869/2477/2
f 1819/2481/2 1820/2459/2 1606/2482/2
f 1819/2481/2 1606/2482/2 1607/2483/2
f 1579/2484/2 1580/2485/2 1869/2486/2
f 1579/2484/2 1869/2486/2 1870/2487/2
f 1578/2488/2 1579/2484/2 1870/2487/2
f 1819/2481/2 1607/2483/2 1608/2489/2
f 1577/2490/2 1578/2488/2 1870/2487/2
f 1577/2491/2 1870/2492/2 1871/2493/2
f 1576/2494/2 1577/2491/2 1871/2493/2
f 1819/2481/2 1608/2489/2 1609/2495/2
f 1818/2496/2 1819/2481/2 1609/2495/2
f 1575/2497/2 1576/2498/2 1871/2499/2
f 1574/2500/2 1575/2497/2 1871/2499/2
f 1818/2496/2 1609/2495/2 1610/2501/2
f 1574/2502/2 1871/2493/2 1872/2503/2
f 1573/2504/2 1574/2502/2 1872/2503/2
f 1818/2505/2 1610/2506/2 1611/2507/2
f 1572/2508/2 1573/2509/2 1872/2510/2
f 1572/2511/2 1872/2503/2 1873/2512/2
f 1817/2513/2 1818/2496/2 1611/2514/2
f 1571/2515/2 1572/2511/2 1873/2512/2
f 1817/2513/2 1611/2514/2 1612/2516/2
f 1570/2517/2 1571/2515/2 1873/2512/2
f 1570/2518/2 1873/2519/2 1536/2520/2
f 1569/2521/2 1570/2518/2 1536/2520/2
f 1817/2513/2 1612/2516/2 1613/2522/2
f 1816/2523/2 1817/2513/2 1613/2522/2
f 1568/2524/2 1569/2525/2 1536/2526/2
f 1568/2524/2 1536/2526/2 1537/2527/2
f 1567/2528/2 1568/2529/2 1537/2530/2
f 1816/2523/2 1613/2522/2 1614/2531/2
f 1566/2532/2 1567/2533/2 1537/2527/2
f 1566/2532/2 1537/2527/2 1538/2534/2
f 1565/2535/2 1566/2536/2 1538/2537/2
f 1815/2538/2 1816/2523/2 1614/2531/2
f 1815/2538/2 1614/2531/2 1615/2539/2
f 1564/2540/2 1565/2535/2 1538/2537/2
f 1564/2541/2 1538/2534/2 1539/2542/2
f 1563/2543/2 1564/2541/2 1539/2542/2
f 1815/2544/2 1615/2545/2 1616/2546/2
f 1563/2543/2 1539/2542/2 1540/2547/2
f 1562/2548/2 1563/2543/2 1540/2547/2
f 1814/2549/2 1815/2538/2 1616/2550/2
f 1561/2551/2 1562/2548/2 1540/2547/2
f 1814/2552/2 1616/2546/2 1617/2553/2
f 1561/2551/2 1540/2547/2 1541/2554/2
f 1560/2555/2 1561/2551/2 1541/2554/2
f 1814/2549/2 1617/2556/2 1618/2557/2
f 1813/2558/2 1814/2549/2 1618/2557/2
f 1559/2559/2 1560/2560/2 1541/2561/2
f 1559/2559/2 1541/2561/2 1542/2562/2
f 1558/2563/2 1559/2564/2 1542/2565/2
f 1813/2558/2 1618/2557/2 1619/2566/2
f 1558/2567/2 1542/2562/2 1543/2568/2
f 1557/2569/2 1558/2567/2 1543/2568/2
f 1812/2570/2 1813/2558/2 1619/2566/2
f 1556/2571/2 1557/2572/2 1543/2573/2
f 1556/2571/2 1543/2573/2 1544/2574/2
f 1812/2570/2 1619/2566/2 1620/2575/2
f 1555/2576/2 1556/2577/2 1544/2578/2
f 1555/2579/2 1544/2574/2 1545/2580/2
f 1554/2581/2 1555/2579/2 1545/2580/2
f 1811/2582/2 1812/2570/2 1620/2575/2
f 1811/2582/2 1620/2575/2 1621/2583/2
f 1553/2584/2 1554/2581/2 1545/2580/2
f 1553/2584/2 1545/2580/2 1546/2585/2
f 1552/2586/2 1553/2587/2 1546/2588/2
f 1811/2582/2 1621/2583/2 1622/2589/2
f 1810/2590/2 1811/2582/2 1622/2589/2
f 1551/2591/2 1552/2592/2 1546/2585/2
f 1551/2591/2 1546/2585/2 1547/2593/2
f 1550/2594/2 1551/2591/2 1547/2593/2
f 1810/2590/2 1622/2589/2 1623/2595/2
f 1550/2594/2 1547/2593/2 1548/2596/2
f 1549/2597/2 1550/2598/2 1548/2599/2
f 1809/2600/2 1810/2590/2 1623/2595/2
f 1809/2600/2 1623/2595/2 1624/2601/2
f 1809/2600/2 1624/2601/2 1625/2602/2
f 1808/2603/2 1809/2600/2 1625/2602/2
f 1808/2603/2 1625/2602/2 1626/2604/2
f 1807/2605/2 1808/2603/2 1626/2604/2
f 1807/2605/2 1626/2604/2 1627/2606/2
f 1806/2607/2 1807/2605/2 1627/2606/2
f 1806/2607/2 1627/2606/2 1628/2608/2
f 1806/2607/2 1628/2608/2 1629/2609/2
f 1805/2610/2 1806/2607/2 1629/2609/2
f 1805/2610/2 1629/2609/2 1630/2611/2
f 1804/2612/2 1805/2610/2 1630/2611/2
f 1804/2612/2 1630/2611/2 1631/2613/2
f 1803/2614/2 1804/2612/2 1631/2613/2
f 1803/2614/2 1631/2613/2 1632/2615/2
f 1802/2616/2 1803/2614/2 1632/2615/2
f 1802/2616/2 1632/2615/2 1633/2617/2
f 1801/2618/2 1802/2616/2 1633/2617/2
f 1801/2618/2 1633/2617/2 1634/2619/2
f 1801/2618/2 1634/2619/2 1635/2620/2
f 1800/2621/2 1801/2618/2 1635/2620/2
f 1800/2621/2 1635/2620/2 1636/2622/2
f 1799/2623/2 1800/2621/2 1636/2622/2
f 1799/2623/2 1636/2622/2 1637/2624/2
f 1798/2625/2 1799/2623/2 1637/2624/2
f 1798/2625/2 1637/2624/2 1638/2626/2
f 1797/2627/2 1798/2625/2 1638/2626/2
f 1797/2627/2 1638/2626/2 1639/2628/2
f 1797/2627/2 1639/2628/2 1640/2629/2
f 1796/2630/2 1797/2627/2 1640/2629/2
f 1796/2630/2 1640/2629/2 1641/2631/2
f 1795/2632/2 1796/2630/2 1641/2631/2
f 1795/2632/2 1641/2631/2 1642/2633/2
f 1794/2634/2 1795/2632/2 1642/2633/2
f 1794/2634/2 1642/2633/2 1643/2635/2
f 1716/2636/2 1717/2637/2 1718/2638/2
f 1716/2636/2 1718/2638/2 1719/2639/2
f 1794/2634/2 1643/2635/2 1644/2640/2
f 1793/2641/2 1794/2634/2 1644/2640/2
f 1715/2642/2 1716/2643/2 1719/2644/2
f 1715/2645/2 1719/2639/2 1720/2646/2
f 1793/2641/2 1644/2640/2 1645/2647/2
f 1714/2648/2 1715/2645/2 1720/2646/2
f 1713/2649/2 1714/2648/2 1720/2646/2
f 1713/2649/2 1720/2646/2 1721/2650/2
f 1792/2651/2 1793/2641/2 1645/2647/2
f 1792/2651/2 1645/2647/2 1646/2652/2
f 1712/2653/2 1713/2654/2 1721/2655/2
f 1712/2656/2 1721/2650/2 1722/2657/2
f 1711/2658/2 1712/2656/2 1722/2657/2
f 1791/2659/2 1792/2651/2 1646/2652/2
f 1791/2659/2 1646/2652/2 1647/2660/2
f 1710/2661/2 1711/2662/2 1722/2663/2
f 1710/2664/2 1722/2657/2 1723/2665/2
f 1709/2666/2 1710/2664/2 1723/2665/2
f 1791/2659/2 1647/2660/2 1648/2667/2
f 1709/2666/2 1723/2665/2 1724/2668/2
f 1708/2669/2 1709/2666/2 1724/2668/2
f 1790/2670/2 1791/2659/2 1648/2667/2
f 1707/2671/2 1708/2672/2 1724/2673/2
f 1707/2674/2 1724/2668/2 1725/2675/2
f 1790/2670/2 1648/2667/2 1649/2676/2
f 1706/2677/2 1707/2674/2 1725/2675/2
f 1706/2678/2 1725/2679/2 1726/2680/2
f 1705/2681/2 1706/2678/2 1726/2680/2
f 1789/2682/2 1790/2670/2 1649/2676/2
f 1789/2682/2 1649/2676/2 1650/2683/2
f 1704/2684/2 1705/2685/2 1726/2686/2
f 1704/2684/2 1726/2686/2 1727/2687/2
f 1703/2688/2 1704/2689/2 1727/2690/2
f 1789/2682/2 1650/2683/2 1651/2691/2
f 1702/2692/2 1703/2693/2 1727/2687/2
f 1788/2694/2 1789/2682/2 1651/2691/2
f 1702/2692/2 1727/2687/2 1728/2695/2
f 1701/2696/2 1702/2697/2 1728/2698/2
f 1788/2694/2 1651/2691/2 1652/2699/2
f 1700/2700/2 1701/2701/2 1728/2695/2
f 1700/2700/2 1728/2695/2 1729/2702/2
f 1788/2703/2 1652/2704/2 1653/2705/2
f 1699/2706/2 1700/2707/2 1729/2708/2
f 1787/2709/2 1788/2694/2 1653/2710/2
f 1699/2711/2 1729/2702/2 1730/2712/2
f 1698/2713/2 1699/2711/2 1730/2712/2
f 1787/2709/2 1653/2710/2 1654/2714/2
f 1697/2715/2 1698/2713/2 1730/2712/2
f 1697/2715/2 1730/2712/2 1731/2716/2
f 1696/2717/2 1697/2715/2 1731/2716/2
f 1786/2718/2 1787/2709/2 1654/2714/2
f 1786/2718/2 1654/2714/2 1655/2719/2
f 1695/2720/2 1696/2717/2 1731/2716/2
f 1695/2721/2 1731/2722/2 1732/2723/2
f 1694/2724/2 1695/2721/2 1732/2723/2
f 1786/2718/2 1655/2719/2 1656/2725/2
f 1693/2726/2 1694/2724/2 1732/2723/2
f 1785/2727/2 1786/2718/2 1656/2725/2
f 1693/2728/2 1732/2729/2 1733/2730/2
f 1692/2731/2 1693/2728/2 1733/2730/2
f 1785/2727/2 1656/2725/2 1657/2732/2
f 1691/2733/2 1692/2734/2 1733/2735/2
f 1691/2736/2 1733/2730/2 1734/2737/2
f 1690/2738/2 1691/2736/2 1734/2737/2
f 1785/2727/2 1657/2732/2 1658/2739/2
f 1689/2740/2 1690/2738/2 1734/2737/2
f 1784/2741/2 1785/2727/2 1658/2739/2
f 1784/2741/2 1658/2739/2 1659/2742/2
f 1688/2743/2 1689/2744/2 1734/2745/2
f 1688/2746/2 1734/2737/2 1735/2747/2
f 1687/2748/2 1688/2746/2 1735/2747/2
f 1784/2741/2 1659/2742/2 1660/2749/2
f 1686/2750/2 1687/2748/2 1735/2747/2
f 1686/2751/2 1735/2752/2 1736/2753/2
f 1685/2754/2 1686/2751/2 1736/2753/2
f 1784/2755/2 1660/2756/2 1661/2757/2
f 1783/2758/2 1784/2741/2 1661/2759/2
f 1684/2760/2 1685/2754/2 1736/2753/2
f 1683/2761/2 1684/2760/2 1736/2753/2
f 1783/2758/2 1661/2759/2 1662/2762/2
f 1683/2763/2 1736/2764/2 1737/2765/2
f 1682/2766/2 1683/2763/2 1737/2765/2
f 1681/2767/2 1682/2768/2 1737/2769/2
f 1783/2770/2 1662/2771/2 1663/2772/2
f 1680/2773/2 1681/2774/2 1737/2775/2
f 1679/2776/2 1680/2777/2 1737/2769/2
f 1783/2770/2 1663/2772/2 1664/2778/2
f 1679/2779/2 1737/2765/2 1738/2780/2
f 1782/2781/2 1783/2758/2 1664/2782/2
f 1678/2783/2 1679/2779/2 1738/2780/2
f 1782/2781/2 1664/2782/2 1665/2784/2
f 1677/2785/2 1678/2783/2 1738/2780/2
f 1676/2786/2 1677/2787/2 1738/2788/2
f 1782/2781/2 1665/2784/2 1666/2789/2
f 1675/2790/2 1676/2791/2 1738/2792/2
f 1674/2793/2 1675/2794/2 1738/2795/2
f 1674/2793/2 1738/2795/2 1739/2796/2
f 1782/2797/2 1666/2798/2 1667/2799/2
f 1673/2800/2 1674/2793/2 1739/2796/2
f 1672/2801/2 1673/2800/2 1739/2796/2
f 1782/2797/2 1667/2799/2 1668/2802/2
f 1671/2803/2 1672/2801/2 1739/2796/2
f 1670/2804/2 1671/2803/2 1739/2796/2
f 1782/2797/2 1668/2802/2 1669/2805/2
f 1669/2805/2 1670/2804/2 1739/2796/2
f 1782/2797/2 1669/2805/2 1739/2796/2
f 1781/2806/2 1782/2781/2 1739/2807/2
f 1781/2806/2 1739/2807/2 1740/2808/2
f 1781/2809/2 1740/2810/2 1741/2811/2
f 1780/2812/2 1781/2806/2 1741/2813/2
f 1780/2812/2 1741/2813/2 1742/2814/2
f 1780/2815/2 1742/2816/2 1743/2817/2
f 1779/2818/2 1780/2812/2 1743/2819/2
f 1779/2818/2 1743/2819/2 1744/2820/2
f 1778/2821/2 1779/2818/2 1744/2820/2
f 1778/2821/2 1744/2820/2 1745/2822/2
f 1778/2821/2 1745/2822/2 1746/2823/2
f 1777/2824/2 1778/2821/2 1746/2823/2
f 1777/2824/2 1746/2823/2 1747/2825/2
f 1777/2824/2 1747/2825/2 1748/2826/2
f 1776/2827/2 1777/2828/2 1748/2829/2
f 1776/2827/2 1748/2829/2 1749/2830/2
f 1776/2831/2 1749/2832/2 1750/2833/2
f 1775/2834/2 1776/2831/2 1750/2833/2
f 1775/2835/2 1750/2836/2 1751/2837/2
f 1774/2838/2 1775/2834/2 1751/2839/2
f 1774/2838/2 1751/2839/2 1752/2840/2
f 1774/2838/2 1752/2840/2 1753/2841/2
f 1773/2842/2 1774/2843/2 1753/2844/2
f 1773/2842/2 1753/2844/2 1754/2845/2
f 1773/2842/2 1754/2845/2 1755/2846/2
f 1772/2847/2 1773/2842/2 1755/2846/2
f 1772/2848/2 1755/2849/2 1756/2850/2
f 1771/2851/2 1772/2848/2 1756/2850/2
f 1771/2852/2 1756/2853/2 1757/2854/2
f 1771/2852/2 1757/2854/2 1758/2855/2
f 1770/2856/2 1771/2852/2 1758/2855/2
f 1770/2857/2 1758/2858/2 1759/2859/2
f 1770/2856/2 1759/2860/2 1760/2861/2
f 1769/2862/2 1770/2856/2 1760/2861/2
f 1769/2863/2 1760/2864/2 1761/2865/2
f 1768/2866/2 1769/2867/2 1761/2868/2
f 1768/2866/2 1761/2868/2 1762/2869/2
f 1768/2870/2 1762/2871/2 1763/2872/2
f 1767/2873/2 1768/2870/2 1763/2872/2
f 1767/2874/2 1763/2875/2 1764/2876/2
f 1767/2877/2 1764/2878/2 1765/2879/2
f 1766/2880/2 1767/2877/2 1765/2879/2
f 1879/2881/2 1880/2882/2 1881/2883/2
f 1879/2881/2 1881/2883/2 1882/2884/2
f 1883/2885/2 1884/2886/2 1885/2887/2
f 1883/2885/2 1885/2887/2 1886/2888/2
f 1879/2881/2 1882/2884/2 1877/2889/2
f 1877/2889/2 1882/2884/2 1883/2885/2
f 1877/2889/2 1883/2885/2 1886/2888/2
f 1877/2889/2 1886/2888/2 1876/2890/2
f 1876/2890/2 1886/2888/2 1874/2891/2
f 1879/2881/2 1877/2889/2 1878/2892/2
f 1875/2893/2 1876/2890/2 1874/2891/2
f 1887/2891/2 1888/2894/2 1889/2895/2
f 1887/2891/2 1889/2895/2 1890/2896/2
f 1891/2897/2 1892/2898/2 1893/2899/2
f 1891/2897/2 1893/2899/2 1897/2900/2
f 1897/2900/2 1893/2899/2 1896/2901/2
f 1896/2901/2 1893/2899/2 1894/2902/2
f 1891/2897/2 1897/2900/2 1898/2888/2
f 1895/2903/2 1896/2901/2 1894/2902/2
f 1887/2891/2 1890/2896/2 1891/2897/2
f 1887/2891/2 1891/2897/2 1898/2888/2
s 1
f 1902/2904/3 1899/502/4 1900/2905/4
f 1904/2906/5 1901/2907/3 1902/2904/3
f 1906/2908/5 1903/2909/5 1904/2906/5
f 1908/2910/6 1905/2911/5 1906/2908/5
f 1910/2912/7 1907/2913/7 1908/2910/6
f 1912/2914/5 1909/2915/6 1910/2912/7
f 1914/2916/8 1911/2917/5 1912/2914/5
f 1916/2918/4 1913/2919/8 1914/2916/8
f 1918/2920/4 1915/2921/4 1916/2918/4
f 1920/2922/9 1917/2923/4 1918/2920/4
f 1922/2924/9 1919/2925/9 1920/2922/9
f 1900/2926/4 1921/2927/9 1922/2924/9
f 1926/2928/10 1923/502/11 1924/2905/12
f 1928/2929/13 1925/2930/13 1926/2928/10
f 1930/2931/8 1927/2932/10 1928/2929/13
f 1932/2933/8 1929/1716/8 1930/2931/8
f 1934/2934/4 1931/2935/8 1932/2933/8
f 1936/2936/3 1933/2937/4 1934/2934/4
f 1938/2938/5 1935/2939/3 1936/2936/3
f 1940/2940/5 1937/503/5 1938/2938/5
f 1942/2941/14 1939/2942/5 1940/2940/5
f 1944/2943/14 1941/2944/14 1942/2941/14
f 1946/2945/15 1943/1763/14 1944/2943/14
f 1948/2946/16 1945/2947/15 1946/2945/15
f 1924/2926/12 1947/2948/16 1948/2946/16
f 1952/2949/17 1949/502/18 1950/2905/18
f 1954/2950/19 1951/2951/17 1952/2949/17
f 1956/2952/20 1953/2953/19 1954/2950/19
f 1958/2954/21 1955/2955/20 1956/2952/20
f 1960/2956/22 1957/2957/21 1958/2954/21
f 1962/2958/23 1959/2959/22 1960/2956/22
f 1964/2960/24 1961/2961/23 1962/2958/23
f 1966/2962/25 1963/2963/24 1964/2960/24
f 1968/2964/26 1965/2965/25 1966/2962/25
f 1970/2966/27 1967/2967/26 1968/2964/26
f 1972/2968/28 1969/2969/27 1970/2966/27
f 1974/2970/29 1971/2971/28 1972/2968/28
f 1976/2972/30 1973/2973/31 1974/2970/29
f 1978/2974/32 1975/2975/30 1976/2972/30
f 1980/2976/33 1977/2977/32 1978/2974/32
f 1982/2978/34 1979/2979/35 1980/2976/33
f 1984/2980/36 1981/2981/37 1982/2978/34
f 1986/2982/38 1983/2983/36 1984/2980/36
f 1988/2984/39 1985/2985/40 1986/2982/38
f 1990/2986/41 1987/2987/42 1988/2984/39
f 1992/2988/43 1989/2989/44 1990/2986/41
f 1994/2990/45 1991/2991/43 1992/2988/43
f 1996/2992/46 1993/2993/45 1994/2990/45
f 1998/2994/47 1995/2995/46 1996/2992/46
f 2000/2996/48 1997/2997/47 1998/2994/47
f 2002/2928/49 1999/2998/50 2000/2996/48
f 2004/2999/51 2001/2930/49 2002/2928/49
f 2006/3000/52 2003/3001/51 2004/2999/51
f 2008/3002/53 2005/3003/54 2006/3000/52
f 2010/3004/55 2007/3005/53 2008/3002/53
f 2012/3006/56 2009/3007/55 2010/3004/55
f 2014/3008/57 2011/3009/56 2012/3006/56
f 2016/3010/58 2013/3011/57 2014/3008/57
f 2018/3012/59 2015/3013/58 2016/3010/58
f 2020/3014/60 2017/3015/61 2018/3012/59
f 2022/3016/62 2019/3017/60 2020/3014/60
f 2024/3018/63 2021/3019/64 2022/3016/62
f 2026/3020/65 2023/3021/63 2024/3018/63
f 2028/3022/66 2025/3023/65 2026/3020/65
f 2030/3024/67 2027/3025/66 2028/3022/66
f 2032/3026/68 2029/3027/67 2030/3024/67
f 2034/3028/69 2031/3029/70 2032/3026/68
f 2036/3030/71 2033/3031/69 2034/3028/69
f 2038/3032/72 2035/3033/71 2036/3030/71
f 2040/3034/73 2037/3035/72 2038/3032/72
f 2042/3036/74 2039/3037/73 2040/3034/73
f 2044/3038/75 2041/3039/74 2042/3036/74
f 2046/3040/76 2043/3041/75 2044/3038/75
f 2048/3042/77 2045/3043/76 2046/3040/76
f 2050/3044/78 2047/3045/77 2048/3042/77
f 2052/3046/79 2049/3047/78 2050/3044/78
f 2054/2929/80 2051/3048/79 2052/3046/79
f 2056/3049/81 2053/2932/80 2054/2929/80
f 2058/3050/82 2055/3051/81 2056/3049/81
f 2060/3052/83 2057/3053/82 2058/3050/82
f 2062/3054/84 2059/3055/83 2060/3052/83
f 2064/3056/85 2061/3057/84 2062/3054/84
f 2066/3058/86 2063/3059/85 2064/3056/85
f 2068/3060/87 2065/3061/86 2066/3058/86
f 2070/3062/88 2067/3063/87 2068/3060/87
f 2072/3064/89 2069/3065/88 2070/3062/88
f 2074/3066/90 2071/3067/89 2072/3064/89
f 2076/3068/91 2073/3069/90 2074/3066/90
f 2078/3070/92 2075/3071/91 2076/3068/91
f 2080/3072/93 2077/3073/92 2078/3070/92
f 2082/3074/94 2079/3075/93 2080/3072/93
f 2084/3076/95 2081/3077/94 2082/3074/94
f 2086/3078/96 2083/3079/95 2084/3076/95
f 2088/3080/97 2085/3081/96 2086/3078/96
f 2090/3082/98 2087/3083/97 2088/3080/97
f 2092/3084/99 2089/3085/100 2090/3082/98
f 2094/3086/101 2091/3087/99 2092/3084/99
f 2096/3088/102 2093/3089/101 2094/3086/101
f 2098/3090/103 2095/3091/102 2096/3088/102
f 2100/3092/104 2097/3093/103 2098/3090/103
f 2102/3094/105 2099/3095/104 2100/3092/104
f 2104/3096/106 2101/3097/107 2102/3094/105
f 2106/2931/108 2103/3098/109 2104/3096/106
f 2108/3099/110 2105/1716/108 2106/2931/108
f 2110/3100/111 2107/3101/110 2108/3099/110
f 2112/3102/112 2109/3103/111 2110/3100/111
f 2114/3104/113 2111/3105/112 2112/3102/112
f 2116/3106/114 2113/3107/113 2114/3104/113
f 2118/3108/115 2115/3109/114 2116/3106/114
f 2120/3110/116 2117/3111/115 2118/3108/115
f 2122/3112/117 2119/3113/118 2120/3110/116
f 2124/3114/119 2121/3115/117 2122/3112/117
f 2126/3116/120 2123/3117/119 2124/3114/119
f 2128/3118/121 2125/3119/120 2126/3116/120
f 2130/3120/122 2127/3121/123 2128/3118/121
f 2132/3122/124 2129/3123/122 2130/3120/122
f 2134/3124/125 2131/3125/126 2132/3122/124
f 2136/3126/127 2133/3127/125 2134/3124/125
f 2138/3128/128 2135/3129/127 2136/3126/127
f 2140/3130/129 2137/3131/128 2138/3128/128
f 2142/3132/130 2139/3133/129 2140/3130/129
f 2144/3134/131 2141/3135/130 2142/3132/130
f 2146/3136/132 2143/3137/131 2144/3134/131
f 2148/3138/133 2145/3139/134 2146/3136/132
f 2150/3140/135 2147/3141/133 2148/3138/133
f 2152/3142/136 2149/3143/135 2150/3140/135
f 2154/3144/137 2151/3145/136 2152/3142/136
f 2156/3146/138 2153/3147/137 2154/3144/137
f 2158/2933/139 2155/3148/138 2156/3146/138
f 2160/3149/140 2157/2935/139 2158/2933/139
f 2162/3150/141 2159/3151/140 2160/3149/140
f 2164/3152/142 2161/3153/141 2162/3150/141
f 2166/3154/143 2163/3155/144 2164/3152/142
f 2168/3156/145 2165/3157/143 2166/3154/143
f 2170/3158/146 2167/3159/145 2168/3156/145
f 2172/3160/147 2169/3161/146 2170/3158/146
f 2174/3162/148 2171/3163/147 2172/3160/147
f 2176/3164/149 2173/3165/148 2174/3162/148
f 2178/3166/150 2175/3167/149 2176/3164/149
f 2180/3168/151 2177/3169/150 2178/3166/150
f 2182/3170/152 2179/3171/151 2180/3168/151
f 2184/3172/153 2181/3173/152 2182/3170/152
f 2186/3174/154 2183/3175/155 2184/3172/153
f 2188/3176/156 2185/3177/157 2186/3174/154
f 2190/3178/158 2187/3179/156 2188/3176/156
f 2192/3180/159 2189/3181/158 2190/3178/158
f 2194/3182/160 2191/3183/159 2192/3180/159
f 2196/3184/161 2193/3185/160 2194/3182/160
f 2198/3186/162 2195/3187/163 2196/3184/161
f 2200/3188/164 2197/3189/162 2198/3186/162
f 2202/3190/165 2199/3191/164 2200/3188/164
f 2204/3192/166 2201/3193/165 2202/3190/165
f 2206/3194/167 2203/3195/166 2204/3192/166
f 2208/3196/168 2205/3197/167 2206/3194/167
f 2210/2934/169 2207/3198/168 2208/3196/168
f 2212/3199/170 2209/2937/169 2210/2934/169
f 2214/3200/171 2211/3201/170 2212/3199/170
f 2216/3202/172 2213/3203/171 2214/3200/171
f 2218/3204/173 2215/3205/172 2216/3202/172
f 2220/3206/174 2217/3207/173 2218/3204/173
f 2222/3208/175 2219/3209/174 2220/3206/174
f 2224/3210/176 2221/3211/175 2222/3208/175
f 2226/3212/177 2223/3213/176 2224/3210/176
f 2228/3214/178 2225/3215/177 2226/3212/177
f 2230/3216/179 2227/3217/178 2228/3214/178
f 2232/3218/180 2229/3219/179 2230/3216/179
f 2234/3220/181 2231/3221/180 2232/3218/180
f 2236/3222/182 2233/3223/181 2234/3220/181
f 2238/3224/183 2235/3225/182 2236/3222/182
f 2240/3226/184 2237/3227/183 2238/3224/183
f 2242/3228/185 2239/3229/184 2240/3226/184
f 2244/3230/186 2241/3231/185 2242/3228/185
f 2246/3232/187 2243/3233/186 2244/3230/186
f 2248/3234/188 2245/3235/187 2246/3232/187
f 2250/3236/189 2247/3237/188 2248/3234/188
f 2252/3238/190 2249/3239/189 2250/3236/189
f 2254/3240/191 2251/3241/190 2252/3238/190
f 2256/3242/192 2253/3243/191 2254/3240/191
f 2258/3244/193 2255/3245/194 2256/3242/192
f 2260/3246/195 2257/3247/193 2258/3244/193
f 2262/2936/196 2259/3248/195 2260/3246/195
f 2264/3249/197 2261/2939/198 2262/2936/196
f 2266/3250/199 2263/3251/197 2264/3249/197
f 2268/3252/200 2265/3253/199 2266/3250/199
f 2270/3254/201 2267/3255/200 2268/3252/200
f 2272/3256/202 2269/3257/201 2270/3254/201
f 2274/3258/203 2271/3259/202 2272/3256/202
f 2276/3260/204 2273/3261/203 2274/3258/203
f 2278/3262/205 2275/3263/206 2276/3260/204
f 2280/3264/207 2277/3265/205 2278/3262/205
f 2282/3266/208 2279/3267/207 2280/3264/207
f 2284/3268/209 2281/3269/208 2282/3266/208
f 2286/3270/210 2283/3271/209 2284/3268/209
f 2288/2914/211 2285/3272/210 2286/3270/210
f 2290/3273/212 2287/2917/211 2288/2914/211
f 2292/3274/213 2289/3275/212 2290/3273/212
f 2294/3276/214 2291/3277/213 2292/3274/213
f 2296/3278/215 2293/3279/214 2294/3276/214
f 2298/3280/216 2295/3281/215 2296/3278/215
f 2300/3282/217 2297/3283/218 2298/3280/216
f 2302/3284/219 2299/3285/220 2300/3282/217
f 2304/3286/221 2301/3287/222 2302/3284/219
f 2306/3288/223 2303/3289/221 2304/3286/221
f 2308/3290/224 2305/3291/223 2306/3288/223
f 2310/3292/225 2307/3293/226 2308/3290/224
f 2312/3294/227 2309/3295/225 2310/3292/225
f 2314/2938/228 2311/3296/229 2312/3294/227
f 2316/3297/230 2313/503/228 2314/2938/228
f 2318/3298/231 2315/3299/230 2316/3297/230
f 2320/3300/232 2317/3301/231 2318/3298/231
f 2322/3302/233 2319/3303/232 2320/3300/232
f 2324/3304/234 2321/3305/233 2322/3302/233
f 2326/3306/235 2323/3307/234 2324/3304/234
f 2328/3308/236 2325/3309/235 2326/3306/235
f 2330/3310/237 2327/3311/236 2328/3308/236
f 2332/3312/238 2329/3313/237 2330/3310/237
f 2334/3314/239 2331/3315/238 2332/3312/238
f 2336/3316/240 2333/3317/239 2334/3314/239
f 2338/3318/241 2335/3319/240 2336/3316/240
f 2340/3320/242 2337/3321/241 2338/3318/241
f 2342/3322/243 2339/3323/244 2340/3320/242
f 2344/3324/245 2341/3325/243 2342/3322/243
f 2346/3326/246 2343/3327/245 2344/3324/245
f 2348/3328/247 2345/3329/248 2346/3326/246
f 2350/3330/249 2347/3331/247 2348/3328/247
f 2352/3332/250 2349/3333/251 2350/3330/249
f 2354/3334/252 2351/3335/250 2352/3332/250
f 2356/3336/253 2353/3337/252 2354/3334/252
f 2358/3338/254 2355/3339/255 2356/3336/253
f 2360/3340/256 2357/3341/254 2358/3338/254
f 2362/3342/257 2359/3343/256 2360/3340/256
f 2364/3344/258 2361/3345/257 2362/3342/257
f 2366/2940/259 2363/3346/258 2364/3344/258
f 2368/3347/260 2365/2942/259 2366/2940/259
f 2370/3348/261 2367/3349/260 2368/3347/260
f 2372/3350/262 2369/3351/263 2370/3348/261
f 2374/3352/264 2371/3353/262 2372/3350/262
f 2376/3354/265 2373/3355/264 2374/3352/264
f 2378/3356/266 2375/3357/265 2376/3354/265
f 2380/3358/267 2377/3359/266 2378/3356/266
f 2382/3360/268 2379/3361/267 2380/3358/267
f 2384/3362/269 2381/3363/268 2382/3360/268
f 2386/3364/270 2383/3365/269 2384/3362/269
f 2388/3366/271 2385/3367/270 2386/3364/270
f 2390/3368/272 2387/3369/271 2388/3366/271
f 2392/3370/273 2389/3371/272 2390/3368/272
f 2394/3372/274 2391/3373/275 2392/3370/273
f 2396/3374/276 2393/3375/274 2394/3372/274
f 2398/3376/277 2395/3377/276 2396/3374/276
f 2400/3378/278 2397/3379/277 2398/3376/277
f 2402/3380/279 2399/3381/278 2400/3378/278
f 2404/3382/280 2401/3383/279 2402/3380/279
f 2406/3384/281 2403/3385/280 2404/3382/280
f 2408/3386/282 2405/3387/281 2406/3384/281
f 2410/3388/283 2407/3389/282 2408/3386/282
f 2412/3390/284 2409/3391/283 2410/3388/283
f 2414/3392/285 2411/3393/284 2412/3390/284
f 2416/3394/286 2413/3395/285 2414/3392/285
f 2418/2941/287 2415/3396/286 2416/3394/286
f 2420/3397/288 2417/2944/287 2418/2941/287
f 2422/3398/289 2419/3399/288 2420/3397/288
f 2424/3400/290 2421/3401/289 2422/3398/289
f 2426/3402/291 2423/3403/290 2424/3400/290
f 2428/3404/292 2425/3405/291 2426/3402/291
f 2430/3406/293 2427/3407/292 2428/3404/292
f 2432/3408/294 2429/3409/293 2430/3406/293
f 2434/3410/295 2431/3411/294 2432/3408/294
f 2436/3412/296 2433/3413/295 2434/3410/295
f 2438/3414/297 2435/3415/296 2436/3412/296
f 2440/3416/298 2437/3417/297 2438/3414/297
f 2442/3418/299 2439/3419/298 2440/3416/298
f 2444/3420/300 2441/3421/299 2442/3418/299
f 2446/3422/301 2443/3423/300 2444/3420/300
f 2448/3424/302 2445/3425/301 2446/3422/301
f 2450/3426/303 2447/3427/302 2448/3424/302
f 2452/3428/304 2449/3429/305 2450/3426/303
f 2454/3430/306 2451/3431/304 2452/3428/304
f 2456/3432/307 2453/3433/306 2454/3430/306
f 2458/3434/308 2455/3435/307 2456/3432/307
f 2460/3436/309 2457/3437/310 2458/3434/308
f 2462/3438/311 2459/3439/309 2460/3436/309
f 2464/3440/312 2461/3441/311 2462/3438/311
f 2466/3442/313 2463/3443/312 2464/3440/312
f 2468/3444/314 2465/3445/313 2466/3442/313
f 2470/2943/315 2467/3446/316 2468/3444/314
f 2472/3447/317 2469/1763/315 2470/2943/315
f 2474/3448/318 2471/3449/317 2472/3447/317
f 2476/3450/319 2473/3451/318 2474/3448/318
f 2478/3452/320 2475/3453/319 2476/3450/319
f 2480/3454/321 2477/3455/320 2478/3452/320
f 2482/3456/322 2479/3457/321 2480/3454/321
f 2484/3458/323 2481/3459/322 2482/3456/322
f 2486/3460/324 2483/3461/323 2484/3458/323
f 2488/3462/325 2485/3463/324 2486/3460/324
f 2490/3464/326 2487/3465/325 2488/3462/325
f 2492/3466/327 2489/3467/326 2490/3464/326
f 2494/3468/328 2491/3469/327 2492/3466/327
f 2496/3470/329 2493/3471/328 2494/3468/328
f 2498/3472/330 2495/3473/329 2496/3470/329
f 2500/3474/331 2497/3475/330 2498/3472/330
f 2502/3476/332 2499/3477/331 2500/3474/331
f 2504/3478/333 2501/3479/332 2502/3476/332
f 2506/3480/334 2503/3481/335 2504/3478/333
f 2508/3482/336 2505/3483/334 2506/3480/334
f 2510/3484/337 2507/3485/336 2508/3482/336
f 2512/3486/338 2509/3487/337 2510/3484/337
f 2514/3488/339 2511/3489/338 2512/3486/338
f 2516/3490/340 2513/3491/339 2514/3488/339
f 2518/3492/341 2515/3493/340 2516/3490/340
f 2520/3494/342 2517/3495/341 2518/3492/341
f 2522/2945/343 2519/3496/342 2520/3494/342
f 2524/3497/344 2521/2947/343 2522/2945/343
f 2526/3498/345 2523/3499/344 2524/3497/344
f 2528/3500/346 2525/3501/345 2526/3498/345
f 2530/3502/347 2527/3503/346 2528/3500/346
f 2532/3504/348 2529/3505/347 2530/3502/347
f 2534/3506/349 2531/3507/348 2532/3504/348
f 2536/3508/350 2533/3509/349 2534/3506/349
f 2538/3510/351 2535/3511/350 2536/3508/350
f 2540/3512/352 2537/3513/351 2538/3510/351
f 2542/3514/353 2539/3515/352 2540/3512/352
f 2544/3516/354 2541/3517/353 2542/3514/353
f 2546/3518/355 2543/3519/354 2544/3516/354
f 2548/3520/356 2545/3521/355 2546/3518/355
f 2550/3522/357 2547/3523/356 2548/3520/356
f 2552/3524/358 2549/3525/357 2550/3522/357
f 2554/3526/359 2551/3527/358 2552/3524/358
f 2556/3528/360 2553/3529/359 2554/3526/359
f 2558/3530/361 2555/3531/360 2556/3528/360
f 2560/3532/362 2557/3533/361 2558/3530/361
f 2562/3534/363 2559/3535/362 2560/3532/362
f 2564/3536/364 2561/3537/363 2562/3534/363
f 2566/3538/365 2563/3539/364 2564/3536/364
f 2568/3540/366 2565/3541/365 2566/3538/365
f 2570/3542/367 2567/3543/366 2568/3540/366
f 2572/3544/368 2569/3545/367 2570/3542/367
f 2574/2946/369 2571/3546/370 2572/3544/368
f 2576/3547/371 2573/2948/369 2574/2946/369
f 2578/3548/372 2575/3549/373 2576/3547/371
f 2580/3550/374 2577/3551/372 2578/3548/372
f 2582/3552/375 2579/3553/374 2580/3550/374
f 2584/3554/376 2581/3555/375 2582/3552/375
f 2586/3556/377 2583/3557/376 2584/3554/376
f 2588/3558/378 2585/3559/377 2586/3556/377
f 2590/3560/379 2587/3561/378 2588/3558/378
f 2592/3562/380 2589/3563/379 2590/3560/379
f 2594/3564/381 2591/3565/380 2592/3562/380
f 2596/3566/382 2593/3567/383 2594/3564/381
f 2598/3568/384 2595/3569/382 2596/3566/382
f 2600/3570/385 2597/3571/384 2598/3568/384
f 2602/3572/386 2599/3573/385 2600/3570/385
f 2604/3574/387 2601/3575/386 2602/3572/386
f 2606/3576/388 2603/3577/387 2604/3574/387
f 2608/3578/389 2605/3579/388 2606/3576/388
f 2610/3580/390 2607/3581/389 2608/3578/389
f 2612/3582/391 2609/3583/390 2610/3580/390
f 2614/3584/392 2611/3585/391 2612/3582/391
f 2616/3586/393 2613/3587/392 2614/3584/392
f 2618/3588/394 2615/3589/395 2616/3586/393
f 2620/3590/396 2617/3591/394 2618/3588/394
f 2622/3592/397 2619/3593/398 2620/3590/396
f 2624/3594/399 2621/3595/400 2622/3592/397
f 1950/2926/18 2623/3596/399 2624/3594/399
f 2628/3597/401 2625/502/401 2626/2905/401
f 2630/2908/402 2627/3598/403 2628/3597/401
f 2632/3599/404 2629/2911/402 2630/2908/402
f 2634/2914/405 2631/3600/404 2632/3599/404
f 2636/3601/406 2633/2917/405 2634/2914/405
f 2638/2920/407 2635/3602/406 2636/3601/406
f 2640/3603/408 2637/2923/408 2638/2920/407
f 2626/2926/401 2639/3604/408 2640/3603/408
f 2644/2908/4 2641/502/3 2642/2905/3
f 2646/2914/8 2643/2911/4 2644/2908/4
f 2648/2920/5 2645/2917/8 2646/2914/8
f 2642/2926/3 2647/2923/5 2648/2920/5
f 2652/2904/4 2649/502/8 2650/2905/8
f 2654/2906/3 2651/2907/4 2652/2904/4
f 2656/2908/5 2653/2909/3 2654/2906/3
f 2658/2910/5 2655/2911/5 2656/2908/5
f 2660/2912/3 2657/2913/5 2658/2910/5
f 2662/2914/3 2659/2915/3 2660/2912/3
f 2664/2916/5 2661/2917/3 2662/2914/3
f 2666/2918/8 2663/2919/5 2664/2916/5
f 2668/2920/4 2665/2921/8 2666/2918/8
f 2670/2922/4 2667/2923/4 2668/2920/4
f 2672/2924/8 2669/2925/4 2670/2922/4
f 2650/2926/8 2671/2927/8 2672/2924/8
f 2676/3605/409 2673/502/410 2674/2905/410
f 2678/3606/411 2675/3607/409 2676/3605/409
f 2680/3608/412 2677/3609/411 2678/3606/411
f 2682/3610/413 2679/3611/412 2680/3608/412
f 2684/3612/414 2681/3613/413 2682/3610/413
f 2686/3614/415 2683/3615/414 2684/3612/414
f 2688/3616/416 2685/3617/415 2686/3614/415
f 2690/3618/417 2687/3619/416 2688/3616/416
f 2692/3620/418 2689/3621/417 2690/3618/417
f 2694/3622/419 2691/3623/420 2692/3620/418
f 2696/3624/421 2693/3625/419 2694/3622/419
f 2698/2904/422 2695/3626/423 2696/3624/421
f 2700/3627/424 2697/2907/422 2698/2904/422
f 2702/3628/425 2699/3629/424 2700/3627/424
f 2704/3630/426 2701/3631/425 2702/3628/425
f 2706/3632/427 2703/3633/426 2704/3630/426
f 2708/3634/428 2705/3635/427 2706/3632/427
f 2710/3597/429 2707/3636/428 2708/3634/428
f 2712/3637/430 2709/3598/429 2710/3597/429
f 2714/3638/431 2711/3639/430 2712/3637/430
f 2716/3640/432 2713/3641/431 2714/3638/431
f 2718/3642/433 2715/3643/434 2716/3640/432
f 2720/3644/435 2717/3645/433 2718/3642/433
f 2722/2906/436 2719/3646/435 2720/3644/435
f 2724/3647/437 2721/2909/438 2722/2906/436
f 2726/3648/439 2723/3649/440 2724/3647/437
f 2728/3650/441 2725/3651/439 2726/3648/439
f 2730/3652/442 2727/3653/441 2728/3650/441
f 2732/3654/443 2729/3655/442 2730/3652/442
f 2734/3656/444 2731/3657/443 2732/3654/443
f 2736/3658/445 2733/3659/446 2734/3656/444
f 2738/3660/447 2735/3661/445 2736/3658/445
f 2740/3662/448 2737/3663/447 2738/3660/447
f 2742/3664/449 2739/3665/448 2740/3662/448
f 2744/3666/450 2741/3667/449 2742/3664/449
f 2746/2908/451 2743/3668/452 2744/3666/450
f 2748/3669/453 2745/2911/451 2746/2908/451
f 2750/3670/454 2747/3671/453 2748/3669/453
f 2752/3672/455 2749/3673/454 2750/3670/454
f 2754/3674/456 2751/3675/457 2752/3672/455
f 2756/3676/458 2753/3677/456 2754/3674/456
f 2758/3678/459 2755/3679/458 2756/3676/458
f 2760/3680/460 2757/3681/459 2758/3678/459
f 2762/3682/461 2759/3683/460 2760/3680/460
f 2764/3684/462 2761/3685/461 2762/3682/461
f 2766/3686/463 2763/3687/462 2764/3684/462
f 2768/3688/464 2765/3689/463 2766/3686/463
f 2770/2910/465 2767/3690/464 2768/3688/464
f 2772/3691/284 2769/2913/465 2770/2910/465
f 2774/3692/285 2771/3693/284 2772/3691/284
f 2776/3694/286 2773/3695/285 2774/3692/285
f 2778/3696/287 2775/3697/286 2776/3694/286
f 2780/3698/288 2777/3699/287 2778/3696/287
f 2782/3599/289 2779/3700/288 2780/3698/288
f 2784/3701/290 2781/3600/289 2782/3599/289
f 2786/3702/291 2783/3703/290 2784/3701/290
f 2788/3704/466 2785/3705/291 2786/3702/291
f 2790/3706/293 2787/3707/292 2788/3704/466
f 2792/3708/294 2789/3709/293 2790/3706/293
f 2794/2912/295 2791/3710/294 2792/3708/294
f 2796/3711/296 2793/2915/295 2794/2912/295
f 2798/3712/297 2795/3713/296 2796/3711/296
f 2800/3714/298 2797/3715/297 2798/3712/297
f 2802/3716/299 2799/3717/298 2800/3714/298
f 2804/3718/300 2801/3719/299 2802/3716/299
f 2806/3720/301 2803/3721/300 2804/3718/300
f 2808/3722/467 2805/3723/301 2806/3720/301
f 2810/3724/468 2807/3725/302 2808/3722/467
f 2812/3726/304 2809/3727/303 2810/3724/468
f 2814/3728/306 2811/3729/304 2812/3726/304
f 2816/3730/307 2813/3731/306 2814/3728/306
f 2818/2914/310 2815/3732/307 2816/3730/307
f 2820/3733/309 2817/2917/308 2818/2914/310
f 2822/3734/311 2819/3735/309 2820/3733/309
f 2824/3736/469 2821/3737/311 2822/3734/311
f 2826/3738/313 2823/3739/312 2824/3736/469
f 2828/3740/316 2825/3741/313 2826/3738/313
f 2830/3742/315 2827/3743/314 2828/3740/316
f 2832/3744/317 2829/3745/315 2830/3742/315
f 2834/3746/318 2831/3747/317 2832/3744/317
f 2836/3748/319 2833/3749/318 2834/3746/318
f 2838/3750/320 2835/3751/319 2836/3748/319
f 2840/3752/321 2837/3753/320 2838/3750/320
f 2842/2916/322 2839/3754/321 2840/3752/321
f 2844/3755/323 2841/2919/322 2842/2916/322
f 2846/3756/324 2843/3757/323 2844/3755/323
f 2848/3758/325 2845/3759/324 2846/3756/324
f 2850/3760/326 2847/3761/325 2848/3758/325
f 2852/3762/327 2849/3763/326 2850/3760/326
f 2854/3601/328 2851/3764/327 2852/3762/327
f 2856/3765/329 2853/3602/328 2854/3601/328
f 2858/3766/330 2855/3767/329 2856/3765/329
f 2860/3768/331 2857/3769/330 2858/3766/330
f 2862/3770/332 2859/3771/331 2860/3768/331
f 2864/3772/333 2861/3773/332 2862/3770/332
f 2866/2918/334 2863/3774/335 2864/3772/333
f 2868/3775/336 2865/2921/334 2866/2918/334
f 2870/3776/337 2867/3777/336 2868/3775/336
f 2872/3778/338 2869/3779/337 2870/3776/337
f 2874/3780/470 2871/3781/338 2872/3778/338
f 2876/3782/340 2873/3783/339 2874/3780/470
f 2878/3784/341 2875/3785/340 2876/3782/340
f 2880/3786/471 2877/3787/341 2878/3784/341
f 2882/3788/343 2879/3789/342 2880/3786/471
f 2884/3790/344 2881/3791/343 2882/3788/343
f 2886/3792/345 2883/3793/344 2884/3790/344
f 2888/3794/346 2885/3795/345 2886/3792/345
f 2890/2920/347 2887/3796/346 2888/3794/346
f 2892/3797/348 2889/2923/347 2890/2920/347
f 2894/3798/349 2891/3799/348 2892/3797/348
f 2896/3800/350 2893/3801/349 2894/3798/349
f 2898/3802/351 2895/3803/472 2896/3800/350
f 2900/3804/352 2897/3805/351 2898/3802/351
f 2902/3806/353 2899/3807/352 2900/3804/352
f 2904/3808/354 2901/3809/353 2902/3806/353
f 2906/3810/355 2903/3811/354 2904/3808/354
f 2908/3812/356 2905/3813/355 2906/3810/355
f 2910/3814/357 2907/3815/356 2908/3812/356
f 2912/3816/358 2909/3817/357 2910/3814/357
f 2914/2922/473 2911/3818/358 2912/3816/358
f 2916/3819/474 2913/2925/473 2914/2922/473
f 2918/3820/475 2915/3821/474 2916/3819/474
f 2920/3822/476 2917/3823/475 2918/3820/475
f 2922/3824/477 2919/3825/476 2920/3822/476
f 2924/3826/478 2921/3827/477 2922/3824/477
f 2926/3603/479 2923/3828/478 2924/3826/478
f 2928/3829/480 2925/3604/479 2926/3603/479
f 2930/3830/481 2927/3831/480 2928/3829/480
f 2932/3832/482 2929/3833/481 2930/3830/481
f 2934/3834/483 2931/3835/484 2932/3832/482
f 2936/3836/485 2933/3837/483 2934/3834/483
f 2938/2924/486 2935/3838/485 2936/3836/485
f 2940/3839/487 2937/2927/486 2938/2924/486
f 2942/3840/488 2939/3841/487 2940/3839/487
f 2944/3842/489 2941/3843/488 2942/3840/488
f 2946/3844/490 2943/3845/489 2944/3842/489
f 2948/3846/491 2945/3847/490 2946/3844/490
f 2950/3848/492 2947/3849/491 2948/3846/491
f 2952/3850/493 2949/3851/494 2950/3848/492
f 2954/3852/495 2951/3853/496 2952/3850/493
f 2956/3854/497 2953/3855/495 2954/3852/495
f 2958/3856/498 2955/3857/497 2956/3854/497
f 2960/3858/499 2957/3859/500 2958/3856/498
f 2674/2926/410 2959/3860/501 2960/3858/499
f 2964/3605/502 2961/502/503 2962/2905/504
f 2966/3606/505 2963/3607/502 2964/3605/502
f 2968/3608/506 2965/3609/505 2966/3606/505
f 2970/3610/226 2967/3611/506 2968/3608/506
f 2972/3612/507 2969/3613/226 2970/3610/226
f 2974/3614/508 2971/3615/509 2972/3612/507
f 2976/3616/510 2973/3617/511 2974/3614/508
f 2978/3618/512 2975/3619/510 2976/3616/510
f 2980/3620/513 2977/3621/514 2978/3618/512
f 2982/3622/515 2979/3623/513 2980/3620/513
f 2984/3624/516 2981/3625/515 2982/3622/515
f 2986/2904/322 2983/3626/516 2984/3624/516
f 2988/3627/517 2985/2907/518 2986/2904/322
f 2990/3628/519 2987/3629/517 2988/3627/517
f 2992/3630/520 2989/3631/519 2990/3628/519
f 2994/3632/521 2991/3633/520 2992/3630/520
f 2996/3634/522 2993/3635/523 2994/3632/521
f 2998/3597/524 2995/3636/525 2996/3634/522
f 3000/3637/526 2997/3598/524 2998/3597/524
f 3002/3638/527 2999/3639/526 3000/3637/526
f 3004/3640/528 3001/3641/529 3002/3638/527
f 3006/3642/530 3003/3643/528 3004/3640/528
f 3008/3644/531 3005/3645/530 3006/3642/530
f 3010/2906/532 3007/3646/531 3008/3644/531
f 3012/3647/533 3009/2909/534 3010/2906/532
f 3014/3648/535 3011/3649/536 3012/3647/533
f 3016/3650/537 3013/3651/535 3014/3648/535
f 3018/3652/538 3015/3653/537 3016/3650/537
f 3020/3654/539 3017/3655/540 3018/3652/538
f 3022/3656/541 3019/3657/542 3020/3654/539
f 3024/3658/543 3021/3659/541 3022/3656/541
f 3026/3660/544 3023/3661/545 3024/3658/543
f 3028/3662/546 3025/3663/544 3026/3660/544
f 3030/3664/547 3027/3665/548 3028/3662/546
f 3032/3666/549 3029/3667/547 3030/3664/547
f 3034/2908/550 3031/3668/549 3032/3666/549
f 3036/3669/551 3033/2911/550 3034/2908/550
f 3038/3670/552 3035/3671/551 3036/3669/551
f 3040/3672/553 3037/3673/552 3038/3670/552
f 3042/3674/554 3039/3675/553 3040/3672/553
f 3044/3676/555 3041/3677/554 3042/3674/554
f 3046/3678/556 3043/3679/557 3044/3676/555
f 3048/3680/558 3045/3681/556 3046/3678/556
f 3050/3682/559 3047/3683/558 3048/3680/558
f 3052/3684/560 3049/3685/559 3050/3682/559
f 3054/3686/561 3051/3687/560 3052/3684/560
f 3056/3688/562 3053/3689/561 3054/3686/561
f 3058/2910/465 3055/3690/562 3056/3688/562
f 3060/3691/90 3057/2913/465 3058/2910/465
f 3062/3692/91 3059/3693/90 3060/3691/90
f 3064/3694/563 3061/3695/91 3062/3692/91
f 3066/3696/93 3063/3697/92 3064/3694/563
f 3068/3698/564 3065/3699/93 3066/3696/93
f 3070/3599/95 3067/3700/94 3068/3698/564
f 3072/3701/96 3069/3600/95 3070/3599/95
f 3074/3702/97 3071/3703/96 3072/3701/96
f 3076/3704/100 3073/3705/97 3074/3702/97
f 3078/3706/99 3075/3707/98 3076/3704/100
f 3080/3708/101 3077/3709/99 3078/3706/99
f 3082/2912/102 3079/3710/101 3080/3708/101
f 3084/3711/103 3081/2915/102 3082/2912/102
f 3086/3712/104 3083/3713/565 3084/3711/103
f 3088/3714/107 3085/3715/566 3086/3712/104
f 3090/3716/106 3087/3717/105 3088/3714/107
f 3092/3718/108 3089/3719/106 3090/3716/106
f 3094/3720/110 3091/3721/108 3092/3718/108
f 3096/3722/111 3093/3723/110 3094/3720/110
f 3098/3724/112 3095/3725/111 3096/3722/111
f 3100/3726/113 3097/3727/567 3098/3724/112
f 3102/3728/114 3099/3729/113 3100/3726/113
f 3104/3730/115 3101/3731/114 3102/3728/114
f 3106/2914/116 3103/3732/115 3104/3730/115
f 3108/3733/117 3105/2917/116 3106/2914/116
f 3110/3734/568 3107/3735/117 3108/3733/117
f 3112/3736/120 3109/3737/119 3110/3734/568
f 3114/3738/121 3111/3739/120 3112/3736/120
f 3116/3740/122 3113/3741/121 3114/3738/121
f 3118/3742/124 3115/3743/122 3116/3740/122
f 3120/3744/125 3117/3745/126 3118/3742/124
f 3122/3746/127 3119/3747/125 3120/3744/125
f 3124/3748/128 3121/3749/127 3122/3746/127
f 3126/3750/129 3123/3751/128 3124/3748/128
f 3128/3752/130 3125/3753/129 3126/3750/129
f 3130/2916/131 3127/3754/130 3128/3752/130
f 3132/3755/132 3129/2919/422 3130/2916/131
f 3134/3756/133 3131/3757/132 3132/3755/132
f 3136/3758/569 3133/3759/133 3134/3756/133
f 3138/3760/136 3135/3761/135 3136/3758/569
f 3140/3762/137 3137/3763/136 3138/3760/136
f 3142/3601/138 3139/3764/137 3140/3762/137
f 3144/3765/570 3141/3602/138 3142/3601/138
f 3146/3766/571 3143/3767/139 3144/3765/570
f 3148/3768/141 3145/3769/140 3146/3766/571
f 3150/3770/142 3147/3771/141 3148/3768/141
f 3152/3772/143 3149/3773/144 3150/3770/142
f 3154/2918/145 3151/3774/143 3152/3772/143
f 3156/3775/146 3153/2921/145 3154/2918/145
f 3158/3776/147 3155/3777/146 3156/3775/146
f 3160/3778/148 3157/3779/147 3158/3776/147
f 3162/3780/149 3159/3781/148 3160/3778/148
f 3164/3782/150 3161/3783/149 3162/3780/149
f 3166/3784/151 3163/3785/150 3164/3782/150
f 3168/3786/152 3165/3787/151 3166/3784/151
f 3170/3788/155 3167/3789/152 3168/3786/152
f 3172/3790/154 3169/3791/153 3170/3788/155
f 3174/3792/156 3171/3793/157 3172/3790/154
f 3176/3794/158 3173/3795/572 3174/3792/156
f 3178/2920/159 3175/3796/573 3176/3794/158
f 3180/3797/160 3177/2923/159 3178/2920/159
f 3182/3798/161 3179/3799/160 3180/3797/160
f 3184/3800/162 3181/3801/161 3182/3798/161
f 3186/3802/164 3183/3803/162 3184/3800/162
f 3188/3804/165 3185/3805/164 3186/3802/164
f 3190/3806/166 3187/3807/165 3188/3804/165
f 3192/3808/167 3189/3809/166 3190/3806/166
f 3194/3810/168 3191/3811/167 3192/3808/167
f 3196/3812/169 3193/3813/168 3194/3810/168
f 3198/3814/170 3195/3815/574 3196/3812/169
f 3200/3816/171 3197/3817/170 3198/3814/170
f 3202/2922/473 3199/3818/171 3200/3816/171
f 3204/3819/575 3201/2925/473 3202/2922/473
f 3206/3820/576 3203/3821/575 3204/3819/575
f 3208/3822/577 3205/3823/576 3206/3820/576
f 3210/3824/578 3207/3825/577 3208/3822/577
f 3212/3826/579 3209/3827/578 3210/3824/578
f 3214/3603/580 3211/3828/579 3212/3826/579
f 3216/3829/581 3213/3604/580 3214/3603/580
f 3218/3830/582 3215/3831/583 3216/3829/581
f 3220/3832/584 3217/3833/582 3218/3830/582
f 3222/3834/585 3219/3835/584 3220/3832/584
f 3224/3836/586 3221/3837/587 3222/3834/585
f 3226/2924/588 3223/3838/586 3224/3836/586
f 3228/3839/589 3225/2927/588 3226/2924/588
f 3230/3840/590 3227/3841/589 3228/3839/589
f 3232/3842/591 3229/3843/590 3230/3840/590
f 3234/3844/592 3231/3845/591 3232/3842/591
f 3236/3846/593 3233/3847/592 3234/3844/592
f 3238/3848/594 3235/3849/595 3236/3846/593
f 3240/3850/596 3237/3851/594 3238/3848/594
f 3242/3852/597 3239/3853/598 3240/3850/596
f 3244/3854/599 3241/3855/597 3242/3852/597
f 3246/3856/600 3243/3857/599 3244/3854/599
f 3248/3858/601 3245/3859/602 3246/3856/600
f 2962/2926/504 3247/3860/603 3248/3858/601
f 3252/3861/4 3249/502/604 3250/2905/604
f 3254/3862/3 3251/3863/4 3252/3861/4
f 3256/3864/605 3253/3865/3 3254/3862/3
f 3258/3866/606 3255/3867/605 3256/3864/605
f 3260/3868/607 3257/3869/606 3258/3866/606
f 3262/3870/608 3259/3871/607 3260/3868/607
f 3264/3872/609 3261/3873/608 3262/3870/608
f 3266/3874/610 3263/3875/609 3264/3872/609
f 3268/3876/611 3265/3877/610 3266/3874/610
f 3270/3878/612 3267/3879/611 3268/3876/611
f 3272/3880/613 3269/3881/612 3270/3878/612
f 3274/3882/614 3271/3883/613 3272/3880/613
f 3276/3884/615 3273/3885/616 3274/3882/614
f 3278/3886/617 3275/3887/615 3276/3884/615
f 3280/3888/618 3277/3889/617 3278/3886/617
f 3282/3890/619 3279/3891/618 3280/3888/618
f 3284/3892/620 3281/3893/621 3282/3890/619
f 3286/3894/622 3283/3895/623 3284/3892/620
f 3288/3896/624 3285/3897/622 3286/3894/622
f 3290/3898/625 3287/3899/624 3288/3896/624
f 3292/3900/626 3289/3901/625 3290/3898/625
f 3294/3902/627 3291/3903/155 3292/3900/626
f 3296/3904/628 3293/3905/629 3294/3902/627
f 3298/3906/630 3295/3907/628 3296/3904/628
f 3300/3908/631 3297/3909/630 3298/3906/630
f 3302/3910/632 3299/3911/633 3300/3908/631
f 3304/3912/634 3301/3913/632 3302/3910/632
f 3306/3914/635 3303/3915/634 3304/3912/634
f 3308/3916/636 3305/3917/635 3306/3914/635
f 3310/3918/637 3307/3919/638 3308/3916/636
f 3312/3920/639 3309/3921/637 3310/3918/637
f 3314/3922/640 3311/3923/639 3312/3920/639
f 3316/3924/641 3313/3925/640 3314/3922/640
f 3318/3926/642 3315/3927/643 3316/3924/641
f 3320/3928/644 3317/3929/645 3318/3926/642
f 3322/3930/646 3319/3931/644 3320/3928/644
f 3324/2908/647 3321/3932/648 3322/3930/646
f 3326/3933/649 3323/2911/650 3324/2908/647
f 3328/3934/651 3325/3935/652 3326/3933/649
f 3330/3936/653 3327/3937/651 3328/3934/651
f 3332/3938/654 3329/3939/655 3330/3936/653
f 3334/3940/656 3331/3941/657 3332/3938/654
f 3336/3942/658 3333/3943/659 3334/3940/656
f 3338/3944/660 3335/3945/661 3336/3942/658
f 3340/3946/662 3337/3947/660 3338/3944/660
f 3342/3948/663 3339/3949/664 3340/3946/662
f 3344/3950/665 3341/3951/666 3342/3948/663
f 3346/3952/667 3343/3953/668 3344/3950/665
f 3348/3954/669 3345/3955/670 3346/3952/667
f 3350/3956/671 3347/3957/669 3348/3954/669
f 3352/3958/672 3349/3959/673 3350/3956/671
f 3354/3960/674 3351/3961/675 3352/3958/672
f 3356/3962/676 3353/3963/674 3354/3960/674
f 3358/3964/677 3355/3965/678 3356/3962/676
f 3360/3966/679 3357/3967/680 3358/3964/677
f 3362/3968/681 3359/3969/682 3360/3966/679
f 3364/3970/683 3361/3971/684 3362/3968/681
f 3366/3972/685 3363/3973/683 3364/3970/683
f 3368/3974/686 3365/3975/685 3366/3972/685
f 3370/3976/687 3367/3977/686 3368/3974/686
f 3372/3978/688 3369/3979/689 3370/3976/687
f 3374/3980/690 3371/3981/691 3372/3978/688
f 3376/3982/692 3373/3983/693 3374/3980/690
f 3378/3984/694 3375/3985/692 3376/3982/692
f 3380/3986/695 3377/3987/694 3378/3984/694
f 3382/3988/696 3379/3989/695 3380/3986/695
f 3384/3990/697 3381/3991/696 3382/3988/696
f 3386/3992/698 3383/3993/699 3384/3990/697
f 3388/3994/700 3385/3995/698 3386/3992/698
f 3390/3996/701 3387/3997/700 3388/3994/700
f 3392/3998/702 3389/3999/701 3390/3996/701
f 3394/4000/703 3391/4001/702 3392/3998/702
f 3396/4002/704 3393/4003/703 3394/4000/703
f 3398/2914/705 3395/4004/704 3396/4002/704
f 3400/4005/706 3397/2917/705 3398/2914/705
f 3402/4006/707 3399/4007/706 3400/4005/706
f 3404/4008/708 3401/4009/707 3402/4006/707
f 3406/4010/709 3403/4011/708 3404/4008/708
f 3408/4012/710 3405/4013/709 3406/4010/709
f 3410/4014/711 3407/4015/710 3408/4012/710
f 3412/4016/712 3409/4017/713 3410/4014/711
f 3414/4018/714 3411/4019/712 3412/4016/712
f 3416/4020/715 3413/4021/716 3414/4018/714
f 3418/4022/717 3415/4023/718 3416/4020/715
f 3420/4024/719 3417/4025/717 3418/4022/717
f 3422/4026/720 3419/4027/719 3420/4024/719
f 3424/4028/721 3421/4029/720 3422/4026/720
f 3426/4030/722 3423/4031/721 3424/4028/721
f 3428/4032/723 3425/4033/722 3426/4030/722
f 3430/4034/724 3427/4035/723 3428/4032/723
f 3432/4036/725 3429/4037/724 3430/4034/724
f 3434/4038/726 3431/4039/727 3432/4036/725
f 3436/4040/728 3433/4041/729 3434/4038/726
f 3438/4042/730 3435/4043/728 3436/4040/728
f 3440/4044/731 3437/4045/730 3438/4042/730
f 3442/4046/732 3439/4047/733 3440/4044/731
f 3444/4048/734 3441/4049/732 3442/4046/732
f 3446/4050/735 3443/4051/736 3444/4048/734
f 3448/4052/737 3445/4053/735 3446/4050/735
f 3450/4054/738 3447/4055/739 3448/4052/737
f 3452/4056/740 3449/4057/741 3450/4054/738
f 3454/4058/742 3451/4059/740 3452/4056/740
f 3456/4060/743 3453/4061/742 3454/4058/742
f 3458/4062/744 3455/4063/743 3456/4060/743
f 3460/4064/745 3457/4065/746 3458/4062/744
f 3462/4066/747 3459/4067/748 3460/4064/745
f 3464/4068/749 3461/4069/747 3462/4066/747
f 3466/4070/750 3463/4071/751 3464/4068/749
f 3468/4072/752 3465/4073/753 3466/4070/750
f 3470/4074/754 3467/4075/755 3468/4072/752
f 3472/2920/756 3469/4076/757 3470/4074/754
f 3474/4077/758 3471/2923/759 3472/2920/756
f 3476/4078/760 3473/4079/758 3474/4077/758
f 3478/4080/761 3475/4081/762 3476/4078/760
f 3480/4082/763 3477/4083/761 3478/4080/761
f 3482/4084/764 3479/4085/763 3480/4082/763
f 3484/4086/765 3481/4087/764 3482/4084/764
f 3486/4088/766 3483/4089/765 3484/4086/765
f 3488/4090/767 3485/4091/768 3486/4088/766
f 3490/4092/769 3487/4093/770 3488/4090/767
f 3492/4094/771 3489/4095/772 3490/4092/769
f 3494/4096/773 3491/4097/774 3492/4094/771
f 3496/4098/775 3493/4099/773 3494/4096/773
f 3498/4100/776 3495/4101/777 3496/4098/775
f 3500/4102/778 3497/4103/776 3498/4100/776
f 3502/4104/779 3499/4105/778 3500/4102/778
f 3504/4106/780 3501/4107/781 3502/4104/779
f 3506/4108/782 3503/4109/780 3504/4106/780
f 3508/4110/783 3505/4111/784 3506/4108/782
f 3510/4112/785 3507/4113/786 3508/4110/783
f 3512/4114/787 3509/4115/785 3510/4112/785
f 3514/4116/788 3511/4117/787 3512/4114/787
f 3516/4118/789 3513/4119/788 3514/4116/788
f 3518/4120/790 3515/4121/789 3516/4118/789
f 3520/4122/791 3517/4123/790 3518/4120/790
f 3522/4124/792 3519/4125/793 3520/4122/791
f 3524/4126/794 3521/4127/792 3522/4124/792
f 3526/4128/795 3523/4129/794 3524/4126/794
f 3528/4130/796 3525/4131/795 3526/4128/795
f 3530/4132/797 3527/4133/796 3528/4130/796
f 3532/4134/798 3529/4135/797 3530/4132/797
f 3534/4136/799 3531/4137/798 3532/4134/798
f 3536/4138/800 3533/4139/799 3534/4136/799
f 3538/4140/801 3535/4141/800 3536/4138/800
f 3540/4142/802 3537/4143/801 3538/4140/801
f 3542/4144/803 3539/4145/802 3540/4142/802
f 3544/4146/804 3541/4147/803 3542/4144/803
f 3250/2926/604 3543/4148/804 3544/4146/804
f 3548/4149/5 3545/502/8 3546/2905/8
f 3550/4150/805 3547/4151/5 3548/4149/5
f 3552/4152/806 3549/4153/805 3550/4150/805
f 3554/4154/807 3551/4155/806 3552/4152/806
f 3556/4156/808 3553/4157/807 3554/4154/807
f 3558/4158/809 3555/4159/808 3556/4156/808
f 3560/3632/810 3557/4160/811 3558/4158/809
f 3562/4161/812 3559/3635/810 3560/3632/810
f 3564/4162/813 3561/4163/812 3562/4161/812
f 3566/4164/814 3563/4165/813 3564/4162/813
f 3568/4166/815 3565/4167/814 3566/4164/814
f 3570/4168/816 3567/4169/815 3568/4166/815
f 3572/4170/817 3569/4171/816 3570/4168/816
f 3574/3660/818 3571/4172/819 3572/4170/817
f 3576/4173/820 3573/3663/821 3574/3660/818
f 3578/4174/822 3575/4175/823 3576/4173/820
f 3580/4176/824 3577/4177/822 3578/4174/822
f 3582/4178/825 3579/4179/824 3580/4176/824
f 3584/4180/826 3581/4181/827 3582/4178/825
f 3586/4182/828 3583/4183/829 3584/4180/826
f 3588/2910/830 3585/4184/828 3586/4182/828
f 3590/4185/831 3587/2913/832 3588/2910/830
f 3592/4186/833 3589/4187/834 3590/4185/831
f 3594/4188/835 3591/4189/836 3592/4186/833
f 3596/4190/837 3593/4191/835 3594/4188/835
f 3598/4192/838 3595/4193/837 3596/4190/837
f 3600/4194/839 3597/4195/840 3598/4192/838
f 3602/3716/841 3599/4196/842 3600/4194/839
f 3604/4197/843 3601/3719/841 3602/3716/841
f 3606/4198/844 3603/4199/843 3604/4197/843
f 3608/4200/845 3605/4201/844 3606/4198/844
f 3610/4202/846 3607/4203/847 3608/4200/845
f 3612/4204/848 3609/4205/849 3610/4202/846
f 3614/4206/850 3611/4207/851 3612/4204/848
f 3616/3746/852 3613/4208/850 3614/4206/850
f 3618/4209/853 3615/3749/852 3616/3746/852
f 3620/4210/854 3617/4211/855 3618/4209/853
f 3622/4212/856 3619/4213/854 3620/4210/854
f 3624/4214/857 3621/4215/858 3622/4212/856
f 3626/4216/859 3623/4217/857 3624/4214/857
f 3628/4218/860 3625/4219/859 3626/4216/859
f 3630/2918/861 3627/4220/862 3628/4218/860
f 3632/4221/300 3629/2921/863 3630/2918/861
f 3634/4222/864 3631/4223/300 3632/4221/300
f 3636/4224/865 3633/4225/866 3634/4222/864
f 3638/4226/867 3635/4227/865 3636/4224/865
f 3640/4228/868 3637/4229/869 3638/4226/867
f 3642/4230/870 3639/4231/871 3640/4228/868
f 3644/3802/872 3641/1765/870 3642/4230/870
f 3646/4232/873 3643/3805/874 3644/3802/872
f 3648/4233/875 3645/4234/873 3646/4232/873
f 3650/4235/876 3647/4236/875 3648/4233/875
f 3652/4237/877 3649/4238/876 3650/4235/876
f 3654/4239/878 3651/4240/877 3652/4237/877
f 3656/4241/879 3653/4242/878 3654/4239/878
f 3658/3830/880 3655/4243/879 3656/4241/879
f 3660/4244/881 3657/3833/882 3658/3830/880
f 3662/4245/883 3659/4246/881 3660/4244/881
f 3664/4247/884 3661/4248/883 3662/4245/883
f 3666/4249/885 3663/4250/884 3664/4247/884
f 3668/4251/886 3665/4252/887 3666/4249/885
f 3670/4253/888 3667/4254/886 3668/4251/886
f 3546/2926/8 3669/4255/888 3670/4253/888
f 3674/4149/5 3671/502/8 3672/2905/8
f 3676/4150/889 3673/4151/5 3674/4149/5
f 3678/4152/890 3675/4153/889 3676/4150/889
f 3680/4154/891 3677/4155/890 3678/4152/890
f 3682/4156/892 3679/4157/891 3680/4154/891
f 3684/4158/893 3681/4159/892 3682/4156/892
f 3686/3632/894 3683/4160/893 3684/4158/893
f 3688/4161/895 3685/3635/894 3686/3632/894
f 3690/4162/896 3687/4163/897 3688/4161/895
f 3692/4164/898 3689/4165/899 3690/4162/896
f 3694/4166/900 3691/4167/898 3692/4164/898
f 3696/4168/901 3693/4169/900 3694/4166/900
f 3698/4170/902 3695/4171/901 3696/4168/901
f 3700/3660/903 3697/4172/902 3698/4170/902
f 3702/4173/904 3699/3663/903 3700/3660/903
f 3704/4174/905 3701/4175/904 3702/4173/904
f 3706/4176/906 3703/4177/907 3704/4174/905
f 3708/4178/908 3705/4179/909 3706/4176/906
f 3710/4180/910 3707/4181/908 3708/4178/908
f 3712/4182/911 3709/4183/912 3710/4180/910
f 3714/2910/913 3711/4184/911 3712/4182/911
f 3716/4185/914 3713/2913/913 3714/2910/913
f 3718/4186/915 3715/4187/916 3716/4185/914
f 3720/4188/917 3717/4189/915 3718/4186/915
f 3722/4190/918 3719/4191/919 3720/4188/917
f 3724/4192/920 3721/4193/921 3722/4190/918
f 3726/4194/922 3723/4195/923 3724/4192/920
f 3728/3716/924 3725/4196/922 3726/4194/922
f 3730/4197/925 3727/3719/926 3728/3716/924
f 3732/4198/927 3729/4199/928 3730/4197/925
f 3734/4200/929 3731/4201/930 3732/4198/927
f 3736/4202/931 3733/4203/932 3734/4200/929
f 3738/4204/933 3735/4205/934 3736/4202/931
f 3740/4206/935 3737/4207/936 3738/4204/933
f 3742/3746/937 3739/4208/938 3740/4206/935
f 3744/4209/939 3741/3749/940 3742/3746/937
f 3746/4210/941 3743/4211/939 3744/4209/939
f 3748/4212/942 3745/4213/943 3746/4210/941
f 3750/4214/944 3747/4215/945 3748/4212/942
f 3752/4216/946 3749/4217/947 3750/4214/944
f 3754/4218/948 3751/4219/523 3752/4216/946
f 3756/2918/949 3753/4220/948 3754/4218/948
f 3758/4221/950 3755/2921/951 3756/2918/949
f 3760/4222/952 3757/4223/953 3758/4221/950
f 3762/4224/954 3759/4225/952 3760/4222/952
f 3764/4226/955 3761/4227/956 3762/4224/954
f 3766/4228/957 3763/4229/958 3764/4226/955
f 3768/4230/959 3765/4231/957 3766/4228/957
f 3770/3802/960 3767/1765/959 3768/4230/959
f 3772/4232/961 3769/3805/960 3770/3802/960
f 3774/4233/962 3771/4234/963 3772/4232/961
f 3776/4235/964 3773/4236/965 3774/4233/962
f 3778/4237/966 3775/4238/967 3776/4235/964
f 3780/4239/968 3777/4240/969 3778/4237/966
f 3782/4241/970 3779/4242/968 3780/4239/968
f 3784/3830/971 3781/4243/970 3782/4241/970
f 3786/4244/972 3783/3833/971 3784/3830/971
f 3788/4245/973 3785/4246/972 3786/4244/972
f 3790/4247/974 3787/4248/973 3788/4245/973
f 3792/4249/975 3789/4250/974 3790/4247/974
f 3794/4251/976 3791/4252/975 3792/4249/975
f 3796/4253/977 3793/4254/976 3794/4251/976
f 3672/2926/8 3795/4255/977 3796/4253/977
f 1902/2904/3 1901/2907/3 1899/502/4
f 1904/2906/5 1903/2909/5 1901/2907/3
f 1906/2908/5 1905/2911/5 1903/2909/5
f 1908/2910/6 1907/2913/7 1905/2911/5
f 1910/2912/7 1909/2915/6 1907/2913/7
f 1912/2914/5 1911/2917/5 1909/2915/6
f 1914/2916/8 1913/2919/8 1911/2917/5
f 1916/2918/4 1915/2921/4 1913/2919/8
f 1918/2920/4 1917/2923/4 1915/2921/4
f 1920/2922/9 1919/2925/9 1917/2923/4
f 1922/2924/9 1921/2927/9 1919/2925/9
f 1900/2926/4 1899/4256/4 1921/2927/9
f 1926/2928/10 1925/2930/13 1923/502/11
f 1928/2929/13 1927/2932/10 1925/2930/13
f 1930/2931/8 1929/1716/8 1927/2932/10
f 1932/2933/8 1931/2935/8 1929/1716/8
f 1934/2934/4 1933/2937/4 1931/2935/8
f 1936/2936/3 1935/2939/3 1933/2937/4
f 1938/2938/5 1937/503/5 1935/2939/3
f 1940/2940/5 1939/2942/5 1937/503/5
f 1942/2941/14 1941/2944/14 1939/2942/5
f 1944/2943/14 1943/1763/14 1941/2944/14
f 1946/2945/15 1945/2947/15 1943/1763/14
f 1948/2946/16 1947/2948/16 1945/2947/15
f 1924/2926/12 1923/4256/11 1947/2948/16
f 1952/2949/17 1951/2951/17 1949/502/18
f 1954/2950/19 1953/2953/19 1951/2951/17
f 1956/2952/20 1955/2955/20 1953/2953/19
f 1958/2954/21 1957/2957/21 1955/2955/20
f 1960/2956/22 1959/2959/22 1957/2957/21
f 1962/2958/23 1961/2961/23 1959/2959/22
f 1964/2960/24 1963/2963/24 1961/2961/23
f 1966/2962/25 1965/2965/25 1963/2963/24
f 1968/2964/26 1967/2967/26 1965/2965/25
f 1970/2966/27 1969/2969/27 1967/2967/26
f 1972/2968/28 1971/2971/28 1969/2969/27
f 1974/2970/29 1973/2973/31 1971/2971/28
f 1976/2972/30 1975/2975/30 1973/2973/31
f 1978/2974/32 1977/2977/32 1975/2975/30
f 1980/2976/33 1979/2979/35 1977/2977/32
f 1982/2978/34 1981/2981/37 1979/2979/35
f 1984/2980/36 1983/2983/36 1981/2981/37
f 1986/2982/38 1985/2985/40 1983/2983/36
f 1988/2984/39 1987/2987/42 1985/2985/40
f 1990/2986/41 1989/2989/44 1987/2987/42
f 1992/2988/43 1991/2991/43 1989/2989/44
f 1994/2990/45 1993/2993/45 1991/2991/43
f 1996/2992/46 1995/2995/46 1993/2993/45
f 1998/2994/47 1997/2997/47 1995/2995/46
f 2000/2996/48 1999/2998/50 1997/2997/47
f 2002/2928/49 2001/2930/49 1999/2998/50
f 2004/2999/51 2003/3001/51 2001/2930/49
f 2006/3000/52 2005/3003/54 2003/3001/51
f 2008/3002/53 2007/3005/53 2005/3003/54
f 2010/3004/55 2009/3007/55 2007/3005/53
f 2012/3006/56 2011/3009/56 2009/3007/55
f 2014/3008/57 2013/3011/57 2011/3009/56
f 2016/3010/58 2015/3013/58 2013/3011/57
f 2018/3012/59 2017/3015/61 2015/3013/58
f 2020/3014/60 2019/3017/60 2017/3015/61
f 2022/3016/62 2021/3019/64 2019/3017/60
f 2024/3018/63 2023/3021/63 2021/3019/64
f 2026/3020/65 2025/3023/65 2023/3021/63
f 2028/3022/66 2027/3025/66 2025/3023/65
f 2030/3024/67 2029/3027/67 2027/3025/66
f 2032/3026/68 2031/3029/70 2029/3027/67
f 2034/3028/69 2033/3031/69 2031/3029/70
f 2036/3030/71 2035/3033/71 2033/3031/69
f 2038/3032/72 2037/3035/72 2035/3033/71
f 2040/3034/73 2039/3037/73 2037/3035/72
f 2042/3036/74 2041/3039/74 2039/3037/73
f 2044/3038/75 2043/3041/75 2041/3039/74
f 2046/3040/76 2045/3043/76 2043/3041/75
f 2048/3042/77 2047/3045/77 2045/3043/76
f 2050/3044/78 2049/3047/78 2047/3045/77
f 2052/3046/79 2051/3048/79 2049/3047/78
f 2054/2929/80 2053/2932/80 2051/3048/79
f 2056/3049/81 2055/3051/81 2053/2932/80
f 2058/3050/82 2057/3053/82 2055/3051/81
f 2060/3052/83 2059/3055/83 2057/3053/82
f 2062/3054/84 2061/3057/84 2059/3055/83
f 2064/3056/85 2063/3059/85 2061/3057/84
f 2066/3058/86 2065/3061/86 2063/3059/85
f 2068/3060/87 2067/3063/87 2065/3061/86
f 2070/3062/88 2069/3065/88 2067/3063/87
f 2072/3064/89 2071/3067/89 2069/3065/88
f 2074/3066/90 2073/3069/90 2071/3067/89
f 2076/3068/91 2075/3071/91 2073/3069/90
f 2078/3070/92 2077/3073/92 2075/3071/91
f 2080/3072/93 2079/3075/93 2077/3073/92
f 2082/3074/94 2081/3077/94 2079/3075/93
f 2084/3076/95 2083/3079/95 2081/3077/94
f 2086/3078/96 2085/3081/96 2083/3079/95
f 2088/3080/97 2087/3083/97 2085/3081/96
f 2090/3082/98 2089/3085/100 2087/3083/97
f 2092/3084/99 2091/3087/99 2089/3085/100
f 2094/3086/101 2093/3089/101 2091/3087/99
f 2096/3088/102 2095/3091/102 2093/3089/101
f 2098/3090/103 2097/3093/103 2095/3091/102
f 2100/3092/104 2099/3095/104 2097/3093/103
f 2102/3094/105 2101/3097/107 2099/3095/104
f 2104/3096/106 2103/3098/109 2101/3097/107
f 2106/2931/108 2105/1716/108 2103/3098/109
f 2108/3099/110 2107/3101/110 2105/1716/108
f 2110/3100/111 2109/3103/111 2107/3101/110
f 2112/3102/112 2111/3105/112 2109/3103/111
f 2114/3104/113 2113/3107/113 2111/3105/112
f 2116/3106/114 2115/3109/114 2113/3107/113
f 2118/3108/115 2117/3111/115 2115/3109/114
f 2120/3110/116 2119/3113/118 2117/3111/115
f 2122/3112/117 2121/3115/117 2119/3113/118
f 2124/3114/119 2123/3117/119 2121/3115/117
f 2126/3116/120 2125/3119/120 2123/3117/119
f 2128/3118/121 2127/3121/123 2125/3119/120
f 2130/3120/122 2129/3123/122 2127/3121/123
f 2132/3122/124 2131/3125/126 2129/3123/122
f 2134/3124/125 2133/3127/125 2131/3125/126
f 2136/3126/127 2135/3129/127 2133/3127/125
f 2138/3128/128 2137/3131/128 2135/3129/127
f 2140/3130/129 2139/3133/129 2137/3131/128
f 2142/3132/130 2141/3135/130 2139/3133/129
f 2144/3134/131 2143/3137/131 2141/3135/130
f 2146/3136/132 2145/3139/134 2143/3137/131
f 2148/3138/133 2147/3141/133 2145/3139/134
f 2150/3140/135 2149/3143/135 2147/3141/133
f 2152/3142/136 2151/3145/136 2149/3143/135
f 2154/3144/137 2153/3147/137 2151/3145/136
f 2156/3146/138 2155/3148/138 2153/3147/137
f 2158/2933/139 2157/2935/139 2155/3148/138
f 2160/3149/140 2159/3151/140 2157/2935/139
f 2162/3150/141 2161/3153/141 2159/3151/140
f 2164/3152/142 2163/3155/144 2161/3153/141
f 2166/3154/143 2165/3157/143 2163/3155/144
f 2168/3156/145 2167/3159/145 2165/3157/143
f 2170/3158/146 2169/3161/146 2167/3159/145
f 2172/3160/147 2171/3163/147 2169/3161/146
f 2174/3162/148 2173/3165/148 2171/3163/147
f 2176/3164/149 2175/3167/149 2173/3165/148
f 2178/3166/150 2177/3169/150 2175/3167/149
f 2180/3168/151 2179/3171/151 2177/3169/150
f 2182/3170/152 2181/3173/152 2179/3171/151
f 2184/3172/153 2183/3175/155 2181/3173/152
f 2186/3174/154 2185/3177/157 2183/3175/155
f 2188/3176/156 2187/3179/156 2185/3177/157
f 2190/3178/158 2189/3181/158 2187/3179/156
f 2192/3180/159 2191/3183/159 2189/3181/158
f 2194/3182/160 2193/3185/160 2191/3183/159
f 2196/3184/161 2195/3187/163 2193/3185/160
f 2198/3186/162 2197/3189/162 2195/3187/163
f 2200/3188/164 2199/3191/164 2197/3189/162
f 2202/3190/165 2201/3193/165 2199/3191/164
f 2204/3192/166 2203/3195/166 2201/3193/165
f 2206/3194/167 2205/3197/167 2203/3195/166
f 2208/3196/168 2207/3198/168 2205/3197/167
f 2210/2934/169 2209/2937/169 2207/3198/168
f 2212/3199/170 2211/3201/170 2209/2937/169
f 2214/3200/171 2213/3203/171 2211/3201/170
f 2216/3202/172 2215/3205/172 2213/3203/171
f 2218/3204/173 2217/3207/173 2215/3205/172
f 2220/3206/174 2219/3209/174 2217/3207/173
f 2222/3208/175 2221/3211/175 2219/3209/174
f 2224/3210/176 2223/3213/176 2221/3211/175
f 2226/3212/177 2225/3215/177 2223/3213/176
f 2228/3214/178 2227/3217/178 2225/3215/177
f 2230/3216/179 2229/3219/179 2227/3217/178
f 2232/3218/180 2231/3221/180 2229/3219/179
f 2234/3220/181 2233/3223/181 2231/3221/180
f 2236/3222/182 2235/3225/182 2233/3223/181
f 2238/3224/183 2237/3227/183 2235/3225/182
f 2240/3226/184 2239/3229/184 2237/3227/183
f 2242/3228/185 2241/3231/185 2239/3229/184
f 2244/3230/186 2243/3233/186 2241/3231/185
f 2246/3232/187 2245/3235/187 2243/3233/186
f 2248/3234/188 2247/3237/188 2245/3235/187
f 2250/3236/189 2249/3239/189 2247/3237/188
f 2252/3238/190 2251/3241/190 2249/3239/189
f 2254/3240/191 2253/3243/191 2251/3241/190
f 2256/3242/192 2255/3245/194 2253/3243/191
f 2258/3244/193 2257/3247/193 2255/3245/194
f 2260/3246/195 2259/3248/195 2257/3247/193
f 2262/2936/196 2261/2939/198 2259/3248/195
f 2264/3249/197 2263/3251/197 2261/2939/198
f 2266/3250/199 2265/3253/199 2263/3251/197
f 2268/3252/200 2267/3255/200 2265/3253/199
f 2270/3254/201 2269/3257/201 2267/3255/200
f 2272/3256/202 2271/3259/202 2269/3257/201
f 2274/3258/203 2273/3261/203 2271/3259/202
f 2276/3260/204 2275/3263/206 2273/3261/203
f 2278/3262/205 2277/3265/205 2275/3263/206
f 2280/3264/207 2279/3267/207 2277/3265/205
f 2282/3266/208 2281/3269/208 2279/3267/207
f 2284/3268/209 2283/3271/209 2281/3269/208
f 2286/3270/210 2285/3272/210 2283/3271/209
f 2288/2914/211 2287/2917/211 2285/3272/210
f 2290/3273/212 2289/3275/212 2287/2917/211
f 2292/3274/213 2291/3277/213 2289/3275/212
f 2294/3276/214 2293/3279/214 2291/3277/213
f 2296/3278/215 2295/3281/215 2293/3279/214
f 2298/3280/216 2297/3283/218 2295/3281/215
f 2300/3282/217 2299/3285/220 2297/3283/218
f 2302/3284/219 2301/3287/222 2299/3285/220
f 2304/3286/221 2303/3289/221 2301/3287/222
f 2306/3288/223 2305/3291/223 2303/3289/221
f 2308/3290/224 2307/3293/226 2305/3291/223
f 2310/3292/225 2309/3295/225 2307/3293/226
f 2312/3294/227 2311/3296/229 2309/3295/225
f 2314/2938/228 2313/503/228 2311/3296/229
f 2316/3297/230 2315/3299/230 2313/503/228
f 2318/3298/231 2317/3301/231 2315/3299/230
f 2320/3300/232 2319/3303/232 2317/3301/231
f 2322/3302/233 2321/3305/233 2319/3303/232
f 2324/3304/234 2323/3307/234 2321/3305/233
f 2326/3306/235 2325/3309/235 2323/3307/234
f 2328/3308/236 2327/3311/236 2325/3309/235
f 2330/3310/237 2329/3313/237 2327/3311/236
f 2332/3312/238 2331/3315/238 2329/3313/237
f 2334/3314/239 2333/3317/239 2331/3315/238
f 2336/3316/240 2335/3319/240 2333/3317/239
f 2338/3318/241 2337/3321/241 2335/3319/240
f 2340/3320/242 2339/3323/244 2337/3321/241
f 2342/3322/243 2341/3325/243 2339/3323/244
f 2344/3324/245 2343/3327/245 2341/3325/243
f 2346/3326/246 2345/3329/248 2343/3327/245
f 2348/3328/247 2347/3331/247 2345/3329/248
f 2350/3330/249 2349/3333/251 2347/3331/247
f 2352/3332/250 2351/3335/250 2349/3333/251
f 2354/3334/252 2353/3337/252 2351/3335/250
f 2356/3336/253 2355/3339/255 2353/3337/252
f 2358/3338/254 2357/3341/254 2355/3339/255
f 2360/3340/256 2359/3343/256 2357/3341/254
f 2362/3342/257 2361/3345/257 2359/3343/256
f 2364/3344/258 2363/3346/258 2361/3345/257
f 2366/2940/259 2365/2942/259 2363/3346/258
f 2368/3347/260 2367/3349/260 2365/2942/259
f 2370/3348/261 2369/3351/263 2367/3349/260
f 2372/3350/262 2371/3353/262 2369/3351/263
f 2374/3352/264 2373/3355/264 2371/3353/262
f 2376/3354/265 2375/3357/265 2373/3355/264
f 2378/3356/266 2377/3359/266 2375/3357/265
f 2380/3358/267 2379/3361/267 2377/3359/266
f 2382/3360/268 2381/3363/268 2379/3361/267
f 2384/3362/269 2383/3365/269 2381/3363/268
f 2386/3364/270 2385/3367/270 2383/3365/269
f 2388/3366/271 2387/3369/271 2385/3367/270
f 2390/3368/272 2389/3371/272 2387/3369/271
f 2392/3370/273 2391/3373/275 2389/3371/272
f 2394/3372/274 2393/3375/274 2391/3373/275
f 2396/3374/276 2395/3377/276 2393/3375/274
f 2398/3376/277 2397/3379/277 2395/3377/276
f 2400/3378/278 2399/3381/278 2397/3379/277
f 2402/3380/279 2401/3383/279 2399/3381/278
f 2404/3382/280 2403/3385/280 2401/3383/279
f 2406/3384/281 2405/3387/281 2403/3385/280
f 2408/3386/282 2407/3389/282 2405/3387/281
f 2410/3388/283 2409/3391/283 2407/3389/282
f 2412/3390/284 2411/3393/284 2409/3391/283
f 2414/3392/285 2413/3395/285 2411/3393/284
f 2416/3394/286 2415/3396/286 2413/3395/285
f 2418/2941/287 2417/2944/287 2415/3396/286
f 2420/3397/288 2419/3399/288 2417/2944/287
f 2422/3398/289 2421/3401/289 2419/3399/288
f 2424/3400/290 2423/3403/290 2421/3401/289
f 2426/3402/291 2425/3405/291 2423/3403/290
f 2428/3404/292 2427/3407/292 2425/3405/291
f 2430/3406/293 2429/3409/293 2427/3407/292
f 2432/3408/294 2431/3411/294 2429/3409/293
f 2434/3410/295 2433/3413/295 2431/3411/294
f 2436/3412/296 2435/3415/296 2433/3413/295
f 2438/3414/297 2437/3417/297 2435/3415/296
f 2440/3416/298 2439/3419/298 2437/3417/297
f 2442/3418/299 2441/3421/299 2439/3419/298
f 2444/3420/300 2443/3423/300 2441/3421/299
f 2446/3422/301 2445/3425/301 2443/3423/300
f 2448/3424/302 2447/3427/302 2445/3425/301
f 2450/3426/303 2449/3429/305 2447/3427/302
f 2452/3428/304 2451/3431/304 2449/3429/305
f 2454/3430/306 2453/3433/306 2451/3431/304
f 2456/3432/307 2455/3435/307 2453/3433/306
f 2458/3434/308 2457/3437/310 2455/3435/307
f 2460/3436/309 2459/3439/309 2457/3437/310
f 2462/3438/311 2461/3441/311 2459/3439/309
f 2464/3440/312 2463/3443/312 2461/3441/311
f 2466/3442/313 2465/3445/313 2463/3443/312
f 2468/3444/314 2467/3446/316 2465/3445/313
f 2470/2943/315 2469/1763/315 2467/3446/316
f 2472/3447/317 2471/3449/317 2469/1763/315
f 2474/3448/318 2473/3451/318 2471/3449/317
f 2476/3450/319 2475/3453/319 2473/3451/318
f 2478/3452/320 2477/3455/320 2475/3453/319
f 2480/3454/321 2479/3457/321 2477/3455/320
f 2482/3456/322 2481/3459/322 2479/3457/321
f 2484/3458/323 2483/3461/323 2481/3459/322
f 2486/3460/324 2485/3463/324 2483/3461/323
f 2488/3462/325 2487/3465/325 2485/3463/324
f 2490/3464/326 2489/3467/326 2487/3465/325
f 2492/3466/327 2491/3469/327 2489/3467/326
f 2494/3468/328 2493/3471/328 2491/3469/327
f 2496/3470/329 2495/3473/329 2493/3471/328
f 2498/3472/330 2497/3475/330 2495/3473/329
f 2500/3474/331 2499/3477/331 2497/3475/330
f 2502/3476/332 2501/3479/332 2499/3477/331
f 2504/3478/333 2503/3481/335 2501/3479/332
f 2506/3480/334 2505/3483/334 2503/3481/335
f 2508/3482/336 2507/3485/336 2505/3483/334
f 2510/3484/337 2509/3487/337 2507/3485/336
f 2512/3486/338 2511/3489/338 2509/3487/337
f 2514/3488/339 2513/3491/339 2511/3489/338
f 2516/3490/340 2515/3493/340 2513/3491/339
f 2518/3492/341 2517/3495/341 2515/3493/340
f 2520/3494/342 2519/3496/342 2517/3495/341
f 2522/2945/343 2521/2947/343 2519/3496/342
f 2524/3497/344 2523/3499/344 2521/2947/343
f 2526/3498/345 2525/3501/345 2523/3499/344
f 2528/3500/346 2527/3503/346 2525/3501/345
f 2530/3502/347 2529/3505/347 2527/3503/346
f 2532/3504/348 2531/3507/348 2529/3505/347
f 2534/3506/349 2533/3509/349 2531/3507/348
f 2536/3508/350 2535/3511/350 2533/3509/349
f 2538/3510/351 2537/3513/351 2535/3511/350
f 2540/3512/352 2539/3515/352 2537/3513/351
f 2542/3514/353 2541/3517/353 2539/3515/352
f 2544/3516/354 2543/3519/354 2541/3517/353
f 2546/3518/355 2545/3521/355 2543/3519/354
f 2548/3520/356 2547/3523/356 2545/3521/355
f 2550/3522/357 2549/3525/357 2547/3523/356
f 2552/3524/358 2551/3527/358 2549/3525/357
f 2554/3526/359 2553/3529/359 2551/3527/358
f 2556/3528/360 2555/3531/360 2553/3529/359
f 2558/3530/361 2557/3533/361 2555/3531/360
f 2560/3532/362 2559/3535/362 2557/3533/361
f 2562/3534/363 2561/3537/363 2559/3535/362
f 2564/3536/364 2563/3539/364 2561/3537/363
f 2566/3538/365 2565/3541/365 2563/3539/364
f 2568/3540/366 2567/3543/366 2565/3541/365
f 2570/3542/367 2569/3545/367 2567/3543/366
f 2572/3544/368 2571/3546/370 2569/3545/367
f 2574/2946/369 2573/2948/369 2571/3546/370
f 2576/3547/371 2575/3549/373 2573/2948/369
f 2578/3548/372 2577/3551/372 2575/3549/373
f 2580/3550/374 2579/3553/374 2577/3551/372
f 2582/3552/375 2581/3555/375 2579/3553/374
f 2584/3554/376 2583/3557/376 2581/3555/375
f 2586/3556/377 2585/3559/377 2583/3557/376
f 2588/3558/378 2587/3561/378 2585/3559/377
f 2590/3560/379 2589/3563/379 2587/3561/378
f 2592/3562/380 2591/3565/380 2589/3563/379
f 2594/3564/381 2593/3567/383 2591/3565/380
f 2596/3566/382 2595/3569/382 2593/3567/383
f 2598/3568/384 2597/3571/384 2595/3569/382
f 2600/3570/385 2599/3573/385 2597/3571/384
f 2602/3572/386 2601/3575/386 2599/3573/385
f 2604/3574/387 2603/3577/387 2601/3575/386
f 2606/3576/388 2605/3579/388 2603/3577/387
f 2608/3578/389 2607/3581/389 2605/3579/388
f 2610/3580/390 2609/3583/390 2607/3581/389
f 2612/3582/391 2611/3585/391 2609/3583/390
f 2614/3584/392 2613/3587/392 2611/3585/391
f 2616/3586/393 2615/3589/395 2613/3587/392
f 2618/3588/394 2617/3591/394 2615/3589/395
f 2620/3590/396 2619/3593/398 2617/3591/394
f 2622/3592/397 2621/3595/400 2619/3593/398
f 2624/3594/399 2623/3596/399 2621/3595/400
f 1950/2926/18 1949/4256/18 2623/3596/399
f 2628/3597/401 2627/3598/403 2625/502/401
f 2630/2908/402 2629/2911/402 2627/3598/403
f 2632/3599/404 2631/3600/404 2629/2911/402
f 2634/2914/405 2633/2917/405 2631/3600/404
f 2636/3601/406 2635/3602/406 2633/2917/405
f 2638/2920/407 2637/2923/408 2635/3602/406
f 2640/3603/408 2639/3604/408 2637/2923/408
f 2626/2926/401 2625/4256/401 2639/3604/408
f 2644/2908/4 2643/2911/4 2641/502/3
f 2646/2914/8 2645/2917/8 2643/2911/4
f 2648/2920/5 2647/2923/5 2645/2917/8
f 2642/2926/3 2641/4256/3 2647/2923/5
f 2652/2904/4 2651/2907/4 2649/502/8
f 2654/2906/3 2653/2909/3 2651/2907/4
f 2656/2908/5 2655/2911/5 2653/2909/3
f 2658/2910/5 2657/2913/5 2655/2911/5
f 2660/2912/3 2659/2915/3 2657/2913/5
f 2662/2914/3 2661/2917/3 2659/2915/3
f 2664/2916/5 2663/2919/5 2661/2917/3
f 2666/2918/8 2665/2921/8 2663/2919/5
f 2668/2920/4 2667/2923/4 2665/2921/8
f 2670/2922/4 2669/2925/4 2667/2923/4
f 2672/2924/8 2671/2927/8 2669/2925/4
f 2650/2926/8 2649/4256/8 2671/2927/8
f 2676/3605/409 2675/3607/409 2673/502/410
f 2678/3606/411 2677/3609/411 2675/3607/409
f 2680/3608/412 2679/3611/412 2677/3609/411
f 2682/3610/413 2681/3613/413 2679/3611/412
f 2684/3612/414 2683/3615/414 2681/3613/413
f 2686/3614/415 2685/3617/415 2683/3615/414
f 2688/3616/416 2687/3619/416 2685/3617/415
f 2690/3618/417 2689/3621/417 2687/3619/416
f 2692/3620/418 2691/3623/420 2689/3621/417
f 2694/3622/419 2693/3625/419 2691/3623/420
f 2696/3624/421 2695/3626/423 2693/3625/419
f 2698/2904/422 2697/2907/422 2695/3626/423
f 2700/3627/424 2699/3629/424 2697/2907/422
f 2702/3628/425 2701/3631/425 2699/3629/424
f 2704/3630/426 2703/3633/426 2701/3631/425
f 2706/3632/427 2705/3635/427 2703/3633/426
f 2708/3634/428 2707/3636/428 2705/3635/427
f 2710/3597/429 2709/3598/429 2707/3636/428
f 2712/3637/430 2711/3639/430 2709/3598/429
f 2714/3638/431 2713/3641/431 2711/3639/430
f 2716/3640/432 2715/3643/434 2713/3641/431
f 2718/3642/433 2717/3645/433 2715/3643/434
f 2720/3644/435 2719/3646/435 2717/3645/433
f 2722/2906/436 2721/2909/438 2719/3646/435
f 2724/3647/437 2723/3649/440 2721/2909/438
f 2726/3648/439 2725/3651/439 2723/3649/440
f 2728/3650/441 2727/3653/441 2725/3651/439
f 2730/3652/442 2729/3655/442 2727/3653/441
f 2732/3654/443 2731/3657/443 2729/3655/442
f 2734/3656/444 2733/3659/446 2731/3657/443
f 2736/3658/445 2735/3661/445 2733/3659/446
f 2738/3660/447 2737/3663/447 2735/3661/445
f 2740/3662/448 2739/3665/448 2737/3663/447
f 2742/3664/449 2741/3667/449 2739/3665/448
f 2744/3666/450 2743/3668/452 2741/3667/449
f 2746/2908/451 2745/2911/451 2743/3668/452
f 2748/3669/453 2747/3671/453 2745/2911/451
f 2750/3670/454 2749/3673/454 2747/3671/453
f 2752/3672/455 2751/3675/457 2749/3673/454
f 2754/3674/456 2753/3677/456 2751/3675/457
f 2756/3676/458 2755/3679/458 2753/3677/456
f 2758/3678/459 2757/3681/459 2755/3679/458
f 2760/3680/460 2759/3683/460 2757/3681/459
f 2762/3682/461 2761/3685/461 2759/3683/460
f 2764/3684/462 2763/3687/462 2761/3685/461
f 2766/3686/463 2765/3689/463 2763/3687/462
f 2768/3688/464 2767/3690/464 2765/3689/463
f 2770/2910/465 2769/2913/465 2767/3690/464
f 2772/3691/284 2771/3693/284 2769/2913/465
f 2774/3692/285 2773/3695/285 2771/3693/284
f 2776/3694/286 2775/3697/286 2773/3695/285
f 2778/3696/287 2777/3699/287 2775/3697/286
f 2780/3698/288 2779/3700/288 2777/3699/287
f 2782/3599/289 2781/3600/289 2779/3700/288
f 2784/3701/290 2783/3703/290 2781/3600/289
f 2786/3702/291 2785/3705/291 2783/3703/290
f 2788/3704/466 2787/3707/292 2785/3705/291
f 2790/3706/293 2789/3709/293 2787/3707/292
f 2792/3708/294 2791/3710/294 2789/3709/293
f 2794/2912/295 2793/2915/295 2791/3710/294
f 2796/3711/296 2795/3713/296 2793/2915/295
f 2798/3712/297 2797/3715/297 2795/3713/296
f 2800/3714/298 2799/3717/298 2797/3715/297
f 2802/3716/299 2801/3719/299 2799/3717/298
f 2804/3718/300 2803/3721/300 2801/3719/299
f 2806/3720/301 2805/3723/301 2803/3721/300
f 2808/3722/467 2807/3725/302 2805/3723/301
f 2810/3724/468 2809/3727/303 2807/3725/302
f 2812/3726/304 2811/3729/304 2809/3727/303
f 2814/3728/306 2813/3731/306 2811/3729/304
f 2816/3730/307 2815/3732/307 2813/3731/306
f 2818/2914/310 2817/2917/308 2815/3732/307
f 2820/3733/309 2819/3735/309 2817/2917/308
f 2822/3734/311 2821/3737/311 2819/3735/309
f 2824/3736/469 2823/3739/312 2821/3737/311
f 2826/3738/313 2825/3741/313 2823/3739/312
f 2828/3740/316 2827/3743/314 2825/3741/313
f 2830/3742/315 2829/3745/315 2827/3743/314
f 2832/3744/317 2831/3747/317 2829/3745/315
f 2834/3746/318 2833/3749/318 2831/3747/317
f 2836/3748/319 2835/3751/319 2833/3749/318
f 2838/3750/320 2837/3753/320 2835/3751/319
f 2840/3752/321 2839/3754/321 2837/3753/320
f 2842/2916/322 2841/2919/322 2839/3754/321
f 2844/3755/323 2843/3757/323 2841/2919/322
f 2846/3756/324 2845/3759/324 2843/3757/323
f 2848/3758/325 2847/3761/325 2845/3759/324
f 2850/3760/326 2849/3763/326 2847/3761/325
f 2852/3762/327 2851/3764/327 2849/3763/326
f 2854/3601/328 2853/3602/328 2851/3764/327
f 2856/3765/329 2855/3767/329 2853/3602/328
f 2858/3766/330 2857/3769/330 2855/3767/329
f 2860/3768/331 2859/3771/331 2857/3769/330
f 2862/3770/332 2861/3773/332 2859/3771/331
f 2864/3772/333 2863/3774/335 2861/3773/332
f 2866/2918/334 2865/2921/334 2863/3774/335
f 2868/3775/336 2867/3777/336 2865/2921/334
f 2870/3776/337 2869/3779/337 2867/3777/336
f 2872/3778/338 2871/3781/338 2869/3779/337
f 2874/3780/470 2873/3783/339 2871/3781/338
f 2876/3782/340 2875/3785/340 2873/3783/339
f 2878/3784/341 2877/3787/341 2875/3785/340
f 2880/3786/471 2879/3789/342 2877/3787/341
f 2882/3788/343 2881/3791/343 2879/3789/342
f 2884/3790/344 2883/3793/344 2881/3791/343
f 2886/3792/345 2885/3795/345 2883/3793/344
f 2888/3794/346 2887/3796/346 2885/3795/345
f 2890/2920/347 2889/2923/347 2887/3796/346
f 2892/3797/348 2891/3799/348 2889/2923/347
f 2894/3798/349 2893/3801/349 2891/3799/348
f 2896/3800/350 2895/3803/472 2893/3801/349
f 2898/3802/351 2897/3805/351 2895/3803/472
f 2900/3804/352 2899/3807/352 2897/3805/351
f 2902/3806/353 2901/3809/353 2899/3807/352
f 2904/3808/354 2903/3811/354 2901/3809/353
f 2906/3810/355 2905/3813/355 2903/3811/354
f 2908/3812/356 2907/3815/356 2905/3813/355
f 2910/3814/357 2909/3817/357 2907/3815/356
f 2912/3816/358 2911/3818/358 2909/3817/357
f 2914/2922/473 2913/2925/473 2911/3818/358
f 2916/3819/474 2915/3821/474 2913/2925/473
f 2918/3820/475 2917/3823/475 2915/3821/474
f 2920/3822/476 2919/3825/476 2917/3823/475
f 2922/3824/477 2921/3827/477 2919/3825/476
f 2924/3826/478 2923/3828/478 2921/3827/477
f 2926/3603/479 2925/3604/479 2923/3828/478
f 2928/3829/480 2927/3831/480 2925/3604/479
f 2930/3830/481 2929/3833/481 2927/3831/480
f 2932/3832/482 2931/3835/484 2929/3833/481
f 2934/3834/483 2933/3837/483 2931/3835/484
f 2936/3836/485 2935/3838/485 2933/3837/483
f 2938/2924/486 2937/2927/486 2935/3838/485
f 2940/3839/487 2939/3841/487 2937/2927/486
f 2942/3840/488 2941/3843/488 2939/3841/487
f 2944/3842/489 2943/3845/489 2941/3843/488
f 2946/3844/490 2945/3847/490 2943/3845/489
f 2948/3846/491 2947/3849/491 2945/3847/490
f 2950/3848/492 2949/3851/494 2947/3849/491
f 2952/3850/493 2951/3853/496 2949/3851/494
f 2954/3852/495 2953/3855/495 2951/3853/496
f 2956/3854/497 2955/3857/497 2953/3855/495
f 2958/3856/498 2957/3859/500 2955/3857/497
f 2960/3858/499 2959/3860/501 2957/3859/500
f 2674/2926/410 2673/4256/410 2959/3860/501
f 2964/3605/502 2963/3607/502 2961/502/503
f 2966/3606/505 2965/3609/505 2963/3607/502
f 2968/3608/506 2967/3611/506 2965/3609/505
f 2970/3610/226 2969/3613/226 2967/3611/506
f 2972/3612/507 2971/3615/509 2969/3613/226
f 2974/3614/508 2973/3617/511 2971/3615/509
f 2976/3616/510 2975/3619/510 2973/3617/511
f 2978/3618/512 2977/3621/514 2975/3619/510
f 2980/3620/513 2979/3623/513 2977/3621/514
f 2982/3622/515 2981/3625/515 2979/3623/513
f 2984/3624/516 2983/3626/516 2981/3625/515
f 2986/2904/322 2985/2907/518 2983/3626/516
f 2988/3627/517 2987/3629/517 2985/2907/518
f 2990/3628/519 2989/3631/519 2987/3629/517
f 2992/3630/520 2991/3633/520 2989/3631/519
f 2994/3632/521 2993/3635/523 2991/3633/520
f 2996/3634/522 2995/3636/525 2993/3635/523
f 2998/3597/524 2997/3598/524 2995/3636/525
f 3000/3637/526 2999/3639/526 2997/3598/524
f 3002/3638/527 3001/3641/529 2999/3639/526
f 3004/3640/528 3003/3643/528 3001/3641/529
f 3006/3642/530 3005/3645/530 3003/3643/528
f 3008/3644/531 3007/3646/531 3005/3645/530
f 3010/2906/532 3009/2909/534 3007/3646/531
f 3012/3647/533 3011/3649/536 3009/2909/534
f 3014/3648/535 3013/3651/535 3011/3649/536
f 3016/3650/537 3015/3653/537 3013/3651/535
f 3018/3652/538 3017/3655/540 3015/3653/537
f 3020/3654/539 3019/3657/542 3017/3655/540
f 3022/3656/541 3021/3659/541 3019/3657/542
f 3024/3658/543 3023/3661/545 3021/3659/541
f 3026/3660/544 3025/3663/544 3023/3661/545
f 3028/3662/546 3027/3665/548 3025/3663/544
f 3030/3664/547 3029/3667/547 3027/3665/548
f 3032/3666/549 3031/3668/549 3029/3667/547
f 3034/2908/550 3033/2911/550 3031/3668/549
f 3036/3669/551 3035/3671/551 3033/2911/550
f 3038/3670/552 3037/3673/552 3035/3671/551
f 3040/3672/553 3039/3675/553 3037/3673/552
f 3042/3674/554 3041/3677/554 3039/3675/553
f 3044/3676/555 3043/3679/557 3041/3677/554
f 3046/3678/556 3045/3681/556 3043/3679/557
f 3048/3680/558 3047/3683/558 3045/3681/556
f 3050/3682/559 3049/3685/559 3047/3683/558
f 3052/3684/560 3051/3687/560 3049/3685/559
f 3054/3686/561 3053/3689/561 3051/3687/560
f 3056/3688/562 3055/3690/562 3053/3689/561
f 3058/2910/465 3057/2913/465 3055/3690/562
f 3060/3691/90 3059/3693/90 3057/2913/465
f 3062/3692/91 3061/3695/91 3059/3693/90
f 3064/3694/563 3063/3697/92 3061/3695/91
f 3066/3696/93 3065/3699/93 3063/3697/92
f 3068/3698/564 3067/3700/94 3065/3699/93
f 3070/3599/95 3069/3600/95 3067/3700/94
f 3072/3701/96 3071/3703/96 3069/3600/95
f 3074/3702/97 3073/3705/97 3071/3703/96
f 3076/3704/100 3075/3707/98 3073/3705/97
f 3078/3706/99 3077/3709/99 3075/3707/98
f 3080/3708/101 3079/3710/101 3077/3709/99
f 3082/2912/102 3081/2915/102 3079/3710/101
f 3084/3711/103 3083/3713/565 3081/2915/102
f 3086/3712/104 3085/3715/566 3083/3713/565
f 3088/3714/107 3087/3717/105 3085/3715/566
f 3090/3716/106 3089/3719/106 3087/3717/105
f 3092/3718/108 3091/3721/108 3089/3719/106
f 3094/3720/110 3093/3723/110 3091/3721/108
f 3096/3722/111 3095/3725/111 3093/3723/110
f 3098/3724/112 3097/3727/567 3095/3725/111
f 3100/3726/113 3099/3729/113 3097/3727/567
f 3102/3728/114 3101/3731/114 3099/3729/113
f 3104/3730/115 3103/3732/115 3101/3731/114
f 3106/2914/116 3105/2917/116 3103/3732/115
f 3108/3733/117 3107/3735/117 3105/2917/116
f 3110/3734/568 3109/3737/119 3107/3735/117
f 3112/3736/120 3111/3739/120 3109/3737/119
f 3114/3738/121 3113/3741/121 3111/3739/120
f 3116/3740/122 3115/3743/122 3113/3741/121
f 3118/3742/124 3117/3745/126 3115/3743/122
f 3120/3744/125 3119/3747/125 3117/3745/126
f 3122/3746/127 3121/3749/127 3119/3747/125
f 3124/3748/128 3123/3751/128 3121/3749/127
f 3126/3750/129 3125/3753/129 3123/3751/128
f 3128/3752/130 3127/3754/130 3125/3753/129
f 3130/2916/131 3129/2919/422 3127/3754/130
f 3132/3755/132 3131/3757/132 3129/2919/422
f 3134/3756/133 3133/3759/133 3131/3757/132
f 3136/3758/569 3135/3761/135 3133/3759/133
f 3138/3760/136 3137/3763/136 3135/3761/135
f 3140/3762/137 3139/3764/137 3137/3763/136
f 3142/3601/138 3141/3602/138 3139/3764/137
f 3144/3765/570 3143/3767/139 3141/3602/138
f 3146/3766/571 3145/3769/140 3143/3767/139
f 3148/3768/141 3147/3771/141 3145/3769/140
f 3150/3770/142 3149/3773/144 3147/3771/141
f 3152/3772/143 3151/3774/143 3149/3773/144
f 3154/2918/145 3153/2921/145 3151/3774/143
f 3156/3775/146 3155/3777/146 3153/2921/145
f 3158/3776/147 3157/3779/147 3155/3777/146
f 3160/3778/148 3159/3781/148 3157/3779/147
f 3162/3780/149 3161/3783/149 3159/3781/148
f 3164/3782/150 3163/3785/150 3161/3783/149
f 3166/3784/151 3165/3787/151 3163/3785/150
f 3168/3786/152 3167/3789/152 3165/3787/151
f 3170/3788/155 3169/3791/153 3167/3789/152
f 3172/3790/154 3171/3793/157 3169/3791/153
f 3174/3792/156 3173/3795/572 3171/3793/157
f 3176/3794/158 3175/3796/573 3173/3795/572
f 3178/2920/159 3177/2923/159 3175/3796/573
f 3180/3797/160 3179/3799/160 3177/2923/159
f 3182/3798/161 3181/3801/161 3179/3799/160
f 3184/3800/162 3183/3803/162 3181/3801/161
f 3186/3802/164 3185/3805/164 3183/3803/162
f 3188/3804/165 3187/3807/165 3185/3805/164
f 3190/3806/166 3189/3809/166 3187/3807/165
f 3192/3808/167 3191/3811/167 3189/3809/166
f 3194/3810/168 3193/3813/168 3191/3811/167
f 3196/3812/169 3195/3815/574 3193/3813/168
f 3198/3814/170 3197/3817/170 3195/3815/574
f 3200/3816/171 3199/3818/171 3197/3817/170
f 3202/2922/473 3201/2925/473 3199/3818/171
f 3204/3819/575 3203/3821/575 3201/2925/473
f 3206/3820/576 3205/3823/576 3203/3821/575
f 3208/3822/577 3207/3825/577 3205/3823/576
f 3210/3824/578 3209/3827/578 3207/3825/577
f 3212/3826/579 3211/3828/579 3209/3827/578
f 3214/3603/580 3213/3604/580 3211/3828/579
f 3216/3829/581 3215/3831/583 3213/3604/580
f 3218/3830/582 3217/3833/582 3215/3831/583
f 3220/3832/584 3219/3835/584 3217/3833/582
f 3222/3834/585 3221/3837/587 3219/3835/584
f 3224/3836/586 3223/3838/586 3221/3837/587
f 3226/2924/588 3225/2927/588 3223/3838/586
f 3228/3839/589 3227/3841/589 3225/2927/588
f 3230/3840/590 3229/3843/590 3227/3841/589
f 3232/3842/591 3231/3845/591 3229/3843/590
f 3234/3844/592 3233/3847/592 3231/3845/591
f 3236/3846/593 3235/3849/595 3233/3847/592
f 3238/3848/594 3237/3851/594 3235/3849/595
f 3240/3850/596 3239/3853/598 3237/3851/594
f 3242/3852/597 3241/3855/597 3239/3853/598
f 3244/3854/599 3243/3857/599 3241/3855/597
f 3246/3856/600 3245/3859/602 3243/3857/599
f 3248/3858/601 3247/3860/603 3245/3859/602
f 2962/2926/504 2961/4256/503 3247/3860/603
f 3252/3861/4 3251/3863/4 3249/502/604
f 3254/3862/3 3253/3865/3 3251/3863/4
f 3256/3864/605 3255/3867/605 3253/3865/3
f 3258/3866/606 3257/3869/606 3255/3867/605
f 3260/3868/607 3259/3871/607 3257/3869/606
f 3262/3870/608 3261/3873/608 3259/3871/607
f 3264/3872/609 3263/3875/609 3261/3873/608
f 3266/3874/610 3265/3877/610 3263/3875/609
f 3268/3876/611 3267/3879/611 3265/3877/610
f 3270/3878/612 3269/3881/612 3267/3879/611
f 3272/3880/613 3271/3883/613 3269/3881/612
f 3274/3882/614 3273/3885/616 3271/3883/613
f 3276/3884/615 3275/3887/615 3273/3885/616
f 3278/3886/617 3277/3889/617 3275/3887/615
f 3280/3888/618 3279/3891/618 3277/3889/617
f 3282/3890/619 3281/3893/621 3279/3891/618
f 3284/3892/620 3283/3895/623 3281/3893/621
f 3286/3894/622 3285/3897/622 3283/3895/623
f 3288/3896/624 3287/3899/624 3285/3897/622
f 3290/3898/625 3289/3901/625 3287/3899/624
f 3292/3900/626 3291/3903/155 3289/3901/625
f 3294/3902/627 3293/3905/629 3291/3903/155
f 3296/3904/628 3295/3907/628 3293/3905/629
f 3298/3906/630 3297/3909/630 3295/3907/628
f 3300/3908/631 3299/3911/633 3297/3909/630
f 3302/3910/632 3301/3913/632 3299/3911/633
f 3304/3912/634 3303/3915/634 3301/3913/632
f 3306/3914/635 3305/3917/635 3303/3915/634
f 3308/3916/636 3307/3919/638 3305/3917/635
f 3310/3918/637 3309/3921/637 3307/3919/638
f 3312/3920/639 3311/3923/639 3309/3921/637
f 3314/3922/640 3313/3925/640 3311/3923/639
f 3316/3924/641 3315/3927/643 3313/3925/640
f 3318/3926/642 3317/3929/645 3315/3927/643
f 3320/3928/644 3319/3931/644 3317/3929/645
f 3322/3930/646 3321/3932/648 3319/3931/644
f 3324/2908/647 3323/2911/650 3321/3932/648
f 3326/3933/649 3325/3935/652 3323/2911/650
f 3328/3934/651 3327/3937/651 3325/3935/652
f 3330/3936/653 3329/3939/655 3327/3937/651
f 3332/3938/654 3331/3941/657 3329/3939/655
f 3334/3940/656 3333/3943/659 3331/3941/657
f 3336/3942/658 3335/3945/661 3333/3943/659
f 3338/3944/660 3337/3947/660 3335/3945/661
f 3340/3946/662 3339/3949/664 3337/3947/660
f 3342/3948/663 3341/3951/666 3339/3949/664
f 3344/3950/665 3343/3953/668 3341/3951/666
f 3346/3952/667 3345/3955/670 3343/3953/668
f 3348/3954/669 3347/3957/669 3345/3955/670
f 3350/3956/671 3349/3959/673 3347/3957/669
f 3352/3958/672 3351/3961/675 3349/3959/673
f 3354/3960/674 3353/3963/674 3351/3961/675
f 3356/3962/676 3355/3965/678 3353/3963/674
f 3358/3964/677 3357/3967/680 3355/3965/678
f 3360/3966/679 3359/3969/682 3357/3967/680
f 3362/3968/681 3361/3971/684 3359/3969/682
f 3364/3970/683 3363/3973/683 3361/3971/684
f 3366/3972/685 3365/3975/685 3363/3973/683
f 3368/3974/686 3367/3977/686 3365/3975/685
f 3370/3976/687 3369/3979/689 3367/3977/686
f 3372/3978/688 3371/3981/691 3369/3979/689
f 3374/3980/690 3373/3983/693 3371/3981/691
f 3376/3982/692 3375/3985/692 3373/3983/693
f 3378/3984/694 3377/3987/694 3375/3985/692
f 3380/3986/695 3379/3989/695 3377/3987/694
f 3382/3988/696 3381/3991/696 3379/3989/695
f 3384/3990/697 3383/3993/699 3381/3991/696
f 3386/3992/698 3385/3995/698 3383/3993/699
f 3388/3994/700 3387/3997/700 3385/3995/698
f 3390/3996/701 3389/3999/701 3387/3997/700
f 3392/3998/702 3391/4001/702 3389/3999/701
f 3394/4000/703 3393/4003/703 3391/4001/702
f 3396/4002/704 3395/4004/704 3393/4003/703
f 3398/2914/705 3397/2917/705 3395/4004/704
f 3400/4005/706 3399/4007/706 3397/2917/705
f 3402/4006/707 3401/4009/707 3399/4007/706
f 3404/4008/708 3403/4011/708 3401/4009/707
f 3406/4010/709 3405/4013/709 3403/4011/708
f 3408/4012/710 3407/4015/710 3405/4013/709
f 3410/4014/711 3409/4017/713 3407/4015/710
f 3412/4016/712 3411/4019/712 3409/4017/713
f 3414/4018/714 3413/4021/716 3411/4019/712
f 3416/4020/715 3415/4023/718 3413/4021/716
f 3418/4022/717 3417/4025/717 3415/4023/718
f 3420/4024/719 3419/4027/719 3417/4025/717
f 3422/4026/720 3421/4029/720 3419/4027/719
f 3424/4028/721 3423/4031/721 3421/4029/720
f 3426/4030/722 3425/4033/722 3423/4031/721
f 3428/4032/723 3427/4035/723 3425/4033/722
f 3430/4034/724 3429/4037/724 3427/4035/723
f 3432/4036/725 3431/4039/727 3429/4037/724
f 3434/4038/726 3433/4041/729 3431/4039/727
f 3436/4040/728 3435/4043/728 3433/4041/729
f 3438/4042/730 3437/4045/730 3435/4043/728
f 3440/4044/731 3439/4047/733 3437/4045/730
f 3442/4046/732 3441/4049/732 3439/4047/733
f 3444/4048/734 3443/4051/736 3441/4049/732
f 3446/4050/735 3445/4053/735 3443/4051/736
f 3448/4052/737 3447/4055/739 3445/4053/735
f 3450/4054/738 3449/4057/741 3447/4055/739
f 3452/4056/740 3451/4059/740 3449/4057/741
f 3454/4058/742 3453/4061/742 3451/4059/740
f 3456/4060/743 3455/4063/743 3453/4061/742
f 3458/4062/744 3457/4065/746 3455/4063/743
f 3460/4064/745 3459/4067/748 3457/4065/746
f 3462/4066/747 3461/4069/747 3459/4067/748
f 3464/4068/749 3463/4071/751 3461/4069/747
f 3466/4070/750 3465/4073/753 3463/4071/751
f 3468/4072/752 3467/4075/755 3465/4073/753
f 3470/4074/754 3469/4076/757 3467/4075/755
f 3472/2920/756 3471/2923/759 3469/4076/757
f 3474/4077/758 3473/4079/758 3471/2923/759
f 3476/4078/760 3475/4081/762 3473/4079/758
f 3478/4080/761 3477/4083/761 3475/4081/762
f 3480/4082/763 3479/4085/763 3477/4083/761
f 3482/4084/764 3481/4087/764 3479/4085/763
f 3484/4086/765 3483/4089/765 3481/4087/764
f 3486/4088/766 3485/4091/768 3483/4089/765
f 3488/4090/767 3487/4093/770 3485/4091/768
f 3490/4092/769 3489/4095/772 3487/4093/770
f 3492/4094/771 3491/4097/774 3489/4095/772
f 3494/4096/773 3493/4099/773 3491/4097/774
f 3496/4098/775 3495/4101/777 3493/4099/773
f 3498/4100/776 3497/4103/776 3495/4101/777
f 3500/4102/778 3499/4105/778 3497/4103/776
f 3502/4104/779 3501/4107/781 3499/4105/778
f 3504/4106/780 3503/4109/780 3501/4107/781
f 3506/4108/782 3505/4111/784 3503/4109/780
f 3508/4110/783 3507/4113/786 3505/4111/784
f 3510/4112/785 3509/4115/785 3507/4113/786
f 3512/4114/787 3511/4117/787 3509/4115/785
f 3514/4116/788 3513/4119/788 3511/4117/787
f 3516/4118/789 3515/4121/789 3513/4119/788
f 3518/4120/790 3517/4123/790 3515/4121/789
f 3520/4122/791 3519/4125/793 3517/4123/790
f 3522/4124/792 3521/4127/792 3519/4125/793
f 3524/4126/794 3523/4129/794 3521/4127/792
f 3526/4128/795 3525/4131/795 3523/4129/794
f 3528/4130/796 3527/4133/796 3525/4131/795
f 3530/4132/797 3529/4135/797 3527/4133/796
f 3532/4134/798 3531/4137/798 3529/4135/797
f 3534/4136/799 3533/4139/799 3531/4137/798
f 3536/4138/800 3535/4141/800 3533/4139/799
f 3538/4140/801 3537/4143/801 3535/4141/800
f 3540/4142/802 3539/4145/802 3537/4143/801
f 3542/4144/803 3541/4147/803 3539/4145/802
f 3544/4146/804 3543/4148/804 3541/4147/803
f 3250/2926/604 3249/4256/604 3543/4148/804
f 3548/4149/5 3547/4151/5 3545/502/8
f 3550/4150/805 3549/4153/805 3547/4151/5
f 3552/4152/806 3551/4155/806 3549/4153/805
f 3554/4154/807 3553/4157/807 3551/4155/806
f 3556/4156/808 3555/4159/808 3553/4157/807
f 3558/4158/809 3557/4160/811 3555/4159/808
f 3560/3632/810 3559/3635/810 3557/4160/811
f 3562/4161/812 3561/4163/812 3559/3635/810
f 3564/4162/813 3563/4165/813 3561/4163/812
f 3566/4164/814 3565/4167/814 3563/4165/813
f 3568/4166/815 3567/4169/815 3565/4167/814
f 3570/4168/816 3569/4171/816 3567/4169/815
f 3572/4170/817 3571/4172/819 3569/4171/816
f 3574/3660/818 3573/3663/821 3571/4172/819
f 3576/4173/820 3575/4175/823 3573/3663/821
f 3578/4174/822 3577/4177/822 3575/4175/823
f 3580/4176/824 3579/4179/824 3577/4177/822
f 3582/4178/825 3581/4181/827 3579/4179/824
f 3584/4180/826 3583/4183/829 3581/4181/827
f 3586/4182/828 3585/4184/828 3583/4183/829
f 3588/2910/830 3587/2913/832 3585/4184/828
f 3590/4185/831 3589/4187/834 3587/2913/832
f 3592/4186/833 3591/4189/836 3589/4187/834
f 3594/4188/835 3593/4191/835 3591/4189/836
f 3596/4190/837 3595/4193/837 3593/4191/835
f 3598/4192/838 3597/4195/840 3595/4193/837
f 3600/4194/839 3599/4196/842 3597/4195/840
f 3602/3716/841 3601/3719/841 3599/4196/842
f 3604/4197/843 3603/4199/843 3601/3719/841
f 3606/4198/844 3605/4201/844 3603/4199/843
f 3608/4200/845 3607/4203/847 3605/4201/844
f 3610/4202/846 3609/4205/849 3607/4203/847
f 3612/4204/848 3611/4207/851 3609/4205/849
f 3614/4206/850 3613/4208/850 3611/4207/851
f 3616/3746/852 3615/3749/852 3613/4208/850
f 3618/4209/853 3617/4211/855 3615/3749/852
f 3620/4210/854 3619/4213/854 3617/4211/855
f 3622/4212/856 3621/4215/858 3619/4213/854
f 3624/4214/857 3623/4217/857 3621/4215/858
f 3626/4216/859 3625/4219/859 3623/4217/857
f 3628/4218/860 3627/4220/862 3625/4219/859
f 3630/2918/861 3629/2921/863 3627/4220/862
f 3632/4221/300 3631/4223/300 3629/2921/863
f 3634/4222/864 3633/4225/866 3631/4223/300
f 3636/4224/865 3635/4227/865 3633/4225/866
f 3638/4226/867 3637/4229/869 3635/4227/865
f 3640/4228/868 3639/4231/871 3637/4229/869
f 3642/4230/870 3641/1765/870 3639/4231/871
f 3644/3802/872 3643/3805/874 3641/1765/870
f 3646/4232/873 3645/4234/873 3643/3805/874
f 3648/4233/875 3647/4236/875 3645/4234/873
f 3650/4235/876 3649/4238/876 3647/4236/875
f 3652/4237/877 3651/4240/877 3649/4238/876
f 3654/4239/878 3653/4242/878 3651/4240/877
f 3656/4241/879 3655/4243/879 3653/4242/878
f 3658/3830/880 3657/3833/882 3655/4243/879
f 3660/4244/881 3659/4246/881 3657/3833/882
f 3662/4245/883 3661/4248/883 3659/4246/881
f 3664/4247/884 3663/4250/884 3661/4248/883
f 3666/4249/885 3665/4252/887 3663/4250/884
f 3668/4251/886 3667/4254/886 3665/4252/887
f 3670/4253/888 3669/4255/888 3667/4254/886
f 3546/2926/8 3545/4256/8 3669/4255/888
f 3674/4149/5 3673/4151/5 3671/502/8
f 3676/4150/889 3675/4153/889 3673/4151/5
f 3678/4152/890 3677/4155/890 3675/4153/889
f 3680/4154/891 3679/4157/891 3677/4155/890
f 3682/4156/892 3681/4159/892 3679/4157/891
f 3684/4158/893 3683/4160/893 3681/4159/892
f 3686/3632/894 3685/3635/894 3683/4160/893
f 3688/4161/895 3687/4163/897 3685/3635/894
f 3690/4162/896 3689/4165/899 3687/4163/897
f 3692/4164/898 3691/4167/898 3689/4165/899
f 3694/4166/900 3693/4169/900 3691/4167/898
f 3696/4168/901 3695/4171/901 3693/4169/900
f 3698/4170/902 3697/4172/902 3695/4171/901
f 3700/3660/903 3699/3663/903 3697/4172/902
f 3702/4173/904 3701/4175/904 3699/3663/903
f 3704/4174/905 3703/4177/907 3701/4175/904
f 3706/4176/906 3705/4179/909 3703/4177/907
f 3708/4178/908 3707/4181/908 3705/4179/909
f 3710/4180/910 3709/4183/912 3707/4181/908
f 3712/4182/911 3711/4184/911 3709/4183/912
f 3714/2910/913 3713/2913/913 3711/4184/911
f 3716/4185/914 3715/4187/916 3713/2913/913
f 3718/4186/915 3717/4189/915 3715/4187/916
f 3720/4188/917 3719/4191/919 3717/4189/915
f 3722/4190/918 3721/4193/921 3719/4191/919
f 3724/4192/920 3723/4195/923 3721/4193/921
f 3726/4194/922 3725/4196/922 3723/4195/923
f 3728/3716/924 3727/3719/926 3725/4196/922
f 3730/4197/925 3729/4199/928 3727/3719/926
f 3732/4198/927 3731/4201/930 3729/4199/928
f 3734/4200/929 3733/4203/932 3731/4201/930
f 3736/4202/931 3735/4205/934 3733/4203/932
f 3738/4204/933 3737/4207/936 3735/4205/934
f 3740/4206/935 3739/4208/938 3737/4207/936
f 3742/3746/937 3741/3749/940 3739/4208/938
f 3744/4209/939 3743/4211/939 3741/3749/940
f 3746/4210/941 3745/4213/943 3743/4211/939
f 3748/4212/942 3747/4215/945 3745/4213/943
f 3750/4214/944 3749/4217/947 3747/4215/945
f 3752/4216/946 3751/4219/523 3749/4217/947
f 3754/4218/948 3753/4220/948 3751/4219/523
f 3756/2918/949 3755/2921/951 3753/4220/948
f 3758/4221/950 3757/4223/953 3755/2921/951
f 3760/4222/952 3759/4225/952 3757/4223/953
f 3762/4224/954 3761/4227/956 3759/4225/952
f 3764/4226/955 3763/4229/958 3761/4227/956
f 3766/4228/957 3765/4231/957 3763/4229/958
f 3768/4230/959 3767/1765/959 3765/4231/957
f 3770/3802/960 3769/3805/960 3767/1765/959
f 3772/4232/961 3771/4234/963 3769/3805/960
f 3774/4233/962 3773/4236/965 3771/4234/963
f 3776/4235/964 3775/4238/967 3773/4236/965
f 3778/4237/966 3777/4240/969 3775/4238/967
f 3780/4239/968 3779/4242/968 3777/4240/969
f 3782/4241/970 3781/4243/970 3779/4242/968
f 3784/3830/971 3783/3833/971 3781/4243/970
f 3786/4244/972 3785/4246/972 3783/3833/971
f 3788/4245/973 3787/4248/973 3785/4246/972
f 3790/4247/974 3789/4250/974 3787/4248/973
f 3792/4249/975 3791/4252/975 3789/4250/974
f 3794/4251/976 3793/4254/976 3791/4252/975
f 3796/4253/977 3795/4255/977 3793/4254/976
f 3672/2926/8 3671/4256/8 3795/4255/977
o Cube
v -3.836246 -0.138120 3.836246
v -3.836246 0.138120 3.836246
v -3.836246 -0.138120 -3.836246
v -3.836246 0.138120 -3.836246
v 3.836246 -0.138120 3.836246
v 3.836246 0.138120 3.836246
v 3.836246 -0.138120 -3.836246
v 3.836246 0.138120 -3.836246
vn -1.0000 -0.0000 -0.0000
vn -0.0000 -0.0000 -1.0000
vn 1.0000 -0.0000 -0.0000
vn -0.0000 -0.0000 1.0000
vn -0.0000 -1.0000 -0.0000
vn -0.0000 1.0000 -0.0000
vt 0.946644 0.633618
vt 0.866982 0.713280
vt 0.866982 0.633618
vt 0.946644 0.713280
vt 0.866982 0.792942
vt 0.946644 0.792942
vt 0.866982 0.872605
vt 0.946644 0.872605
vt 0.866982 0.952267
vt 0.843598 0.616105
vt 0.763936 0.695767
vt 0.763936 0.616105
vt 0.491423 0.632472
vt 0.991660 0.132235
vt 0.991660 0.632472
vt 0.946644 0.952267
vt 0.843598 0.695767
vt 0.491423 0.132235
s 0
usemtl Material
f 3798/4257/978 3799/4258/978 3797/4259/978
f 3800/4260/979 3803/4261/979 3799/4258/979
f 3804/4262/980 3801/4263/980 3803/4261/980
f 3802/4264/981 3797/4265/981 3801/4263/981
f 3803/4266/982 3797/4267/982 3799/4268/982
f 3800/4269/983 3802/4270/983 3804/4271/983
f 3798/4257/978 3800/4260/978 3799/4258/978
f 3800/4260/979 3804/4262/979 3803/4261/979
f 3804/4262/980 3802/4264/980 3801/4263/980
f 3802/4264/981 3798/4272/981 3797/4265/981
f 3803/4266/982 3801/4273/982 3797/4267/982
f 3800/4269/983 3798/4274/983 3802/4270/983
o Cube.001
v -3.836246 -0.138120 3.836246
v -3.836246 0.138120 3.836246
v -3.836246 -0.138120 -3.836246
v -3.836246 0.138120 -3.836246
v 3.836246 -0.138120 3.836246
v 3.836246 0.138120 3.836246
v 3.836246 -0.138120 -3.836246
v 3.836246 0.138120 -3.836246
vn -1.0000 -0.0000 -0.0000
vn -0.0000 -0.0000 -1.0000
vn 1.0000 -0.0000 -0.0000
vn -0.0000 -0.0000 1.0000
vn -0.0000 -1.0000 -0.0000
vn -0.0000 1.0000 -0.0000
vt 0.430498 0.409168
vt 0.324036 0.515630
vt 0.324036 0.409168
vt 0.430498 0.515630
vt 0.324036 0.622091
vt 0.430498 0.622091
vt 0.324036 0.728553
vt 0.430498 0.728553
vt 0.324036 0.835015
vt 0.292786 0.385763
vt 0.186325 0.492225
vt 0.186325 0.385763
vt 0.688754 0.675376
vt 0.786516 0.577612
vt 0.786516 0.675376
vt 0.430498 0.835015
vt 0.292786 0.492225
vt 0.688754 0.577612
s 0
usemtl Material.002
f 3806/4275/984 3807/4276/984 3805/4277/984
f 3808/4278/985 3811/4279/985 3807/4276/985
f 3812/4280/986 3809/4281/986 3811/4279/986
f 3810/4282/987 3805/4283/987 3809/4281/987
f 3811/4284/988 3805/4285/988 3807/4286/988
f 3808/4287/989 3810/4288/989 3812/4289/989
f 3806/4275/984 3808/4278/984 3807/4276/984
f 3808/4278/985 3812/4280/985 3811/4279/985
f 3812/4280/986 3810/4282/986 3809/4281/986
f 3810/4282/987 3806/4290/987 3805/4283/987
f 3811/4284/988 3809/4291/988 3805/4285/988
f 3808/4287/989 3806/4292/989 3810/4288/989
o Text.001
v 2.216025 0.339159 0.120000
v 1.953025 0.339159 0.120000
v 1.953025 1.066159 0.120000
v 2.207025 1.066159 0.120000
v 2.219508 1.065979 0.120000
v 2.231622 1.065437 0.120000
v 2.243369 1.064534 0.120000
v 2.254747 1.063270 0.120000
v 2.265758 1.061645 0.120000
v 2.276400 1.059659 0.120000
v 2.286674 1.057312 0.120000
v 2.296581 1.054604 0.120000
v 2.306119 1.051534 0.120000
v 2.315289 1.048104 0.120000
v 2.324091 1.044312 0.120000
v 2.332525 1.040159 0.120000
v 2.340598 1.035701 0.120000
v 2.348317 1.030993 0.120000
v 2.355681 1.026034 0.120000
v 2.362692 1.020826 0.120000
v 2.369348 1.015368 0.120000
v 2.375650 1.009659 0.120000
v 2.381598 1.003701 0.120000
v 2.387192 0.997493 0.120000
v 2.392431 0.991034 0.120000
v 2.397316 0.984326 0.120000
v 2.401848 0.977368 0.120000
v 2.406025 0.970159 0.120000
v 2.409858 0.962763 0.120000
v 2.413358 0.955243 0.120000
v 2.416525 0.947597 0.120000
v 2.419358 0.939826 0.120000
v 2.421858 0.931930 0.120000
v 2.424025 0.923909 0.120000
v 2.425858 0.915763 0.120000
v 2.427359 0.907493 0.120000
v 2.428525 0.899097 0.120000
v 2.429359 0.890576 0.120000
v 2.429859 0.881930 0.120000
v 2.430025 0.873159 0.120000
v 2.429911 0.865441 0.120000
v 2.429567 0.857951 0.120000
v 2.428994 0.850690 0.120000
v 2.428192 0.843659 0.120000
v 2.427160 0.836857 0.120000
v 2.425900 0.830284 0.120000
v 2.424410 0.823941 0.120000
v 2.422692 0.817826 0.120000
v 2.420744 0.811941 0.120000
v 2.418567 0.806284 0.120000
v 2.416161 0.800857 0.120000
v 2.413525 0.795659 0.120000
v 2.410706 0.790666 0.120000
v 2.407747 0.785854 0.120000
v 2.404650 0.781222 0.120000
v 2.401414 0.776770 0.120000
v 2.398039 0.772500 0.120000
v 2.394525 0.768409 0.120000
v 2.390872 0.764500 0.120000
v 2.387081 0.760770 0.120000
v 2.383150 0.757222 0.120000
v 2.379081 0.753854 0.120000
v 2.374872 0.750666 0.120000
v 2.370525 0.747659 0.120000
v 2.366070 0.744802 0.120000
v 2.361539 0.742062 0.120000
v 2.356931 0.739441 0.120000
v 2.352247 0.736937 0.120000
v 2.347487 0.734552 0.120000
v 2.342650 0.732284 0.120000
v 2.337737 0.730135 0.120000
v 2.332747 0.728104 0.120000
v 2.327681 0.726191 0.120000
v 2.322539 0.724395 0.120000
v 2.317320 0.722718 0.120000
v 2.312025 0.721159 0.120000
v 2.312025 0.714159 0.120000
v 2.317688 0.713691 0.120000
v 2.323344 0.712951 0.120000
v 2.328993 0.711941 0.120000
v 2.334636 0.710659 0.120000
v 2.340271 0.709107 0.120000
v 2.345900 0.707284 0.120000
v 2.351521 0.705191 0.120000
v 2.357136 0.702826 0.120000
v 2.362743 0.700191 0.120000
v 2.368344 0.697284 0.120000
v 2.373938 0.694107 0.120000
v 2.379525 0.690659 0.120000
v 2.385036 0.686951 0.120000
v 2.390400 0.682993 0.120000
v 2.395618 0.678784 0.120000
v 2.400692 0.674326 0.120000
v 2.405619 0.669618 0.120000
v 2.410400 0.664659 0.120000
v 2.415035 0.659451 0.120000
v 2.419525 0.653993 0.120000
v 2.423869 0.648284 0.120000
v 2.428067 0.642326 0.120000
v 2.432119 0.636118 0.120000
v 2.436025 0.629659 0.120000
v 2.439699 0.622947 0.120000
v 2.443053 0.615979 0.120000
v 2.446087 0.608753 0.120000
v 2.448802 0.601270 0.120000
v 2.451198 0.593531 0.120000
v 2.453274 0.585534 0.120000
v 2.455031 0.577281 0.120000
v 2.456469 0.568770 0.120000
v 2.457587 0.560003 0.120000
v 2.458386 0.550979 0.120000
v 2.458865 0.541698 0.120000
v 2.459025 0.532159 0.120000
v 2.458851 0.523072 0.120000
v 2.458331 0.514145 0.120000
v 2.457463 0.505378 0.120000
v 2.456247 0.496770 0.120000
v 2.454685 0.488322 0.120000
v 2.452775 0.480034 0.120000
v 2.450518 0.471906 0.120000
v 2.447914 0.463937 0.120000
v 2.444963 0.456128 0.120000
v 2.441664 0.448479 0.120000
v 2.438018 0.440989 0.120000
v 2.434025 0.433659 0.120000
v 2.429661 0.426534 0.120000
v 2.424901 0.419659 0.120000
v 2.419744 0.413034 0.120000
v 2.414192 0.406659 0.120000
v 2.408244 0.400534 0.120000
v 2.401900 0.394659 0.120000
v 2.395161 0.389034 0.120000
v 2.388025 0.383659 0.120000
v 2.380494 0.378534 0.120000
v 2.372567 0.373659 0.120000
v 2.364244 0.369034 0.120000
v 2.355525 0.364659 0.120000
v 2.346383 0.360586 0.120000
v 2.336789 0.356868 0.120000
v 2.326744 0.353503 0.120000
v 2.316247 0.350493 0.120000
v 2.305300 0.347836 0.120000
v 2.293900 0.345534 0.120000
v 2.282050 0.343586 0.120000
v 2.269748 0.341993 0.120000
v 2.256994 0.340753 0.120000
v 2.243789 0.339868 0.120000
v 2.230133 0.339336 0.120000
v 2.041025 0.670159 0.120000
v 2.041025 0.417159 0.120000
v 2.216025 0.417159 0.120000
v 2.230014 0.417392 0.120000
v 2.243317 0.418090 0.120000
v 2.255931 0.419253 0.120000
v 2.267859 0.420882 0.120000
v 2.279098 0.422975 0.120000
v 2.289650 0.425534 0.120000
v 2.299515 0.428559 0.120000
v 2.308692 0.432048 0.120000
v 2.317182 0.436003 0.120000
v 2.324984 0.440423 0.120000
v 2.332098 0.445309 0.120000
v 2.338525 0.450659 0.120000
v 2.344355 0.456343 0.120000
v 2.349678 0.462229 0.120000
v 2.354494 0.468316 0.120000
v 2.358803 0.474604 0.120000
v 2.362606 0.481093 0.120000
v 2.365901 0.487784 0.120000
v 2.368689 0.494677 0.120000
v 2.370970 0.501770 0.120000
v 2.372744 0.509066 0.120000
v 2.374012 0.516562 0.120000
v 2.374772 0.524260 0.120000
v 2.375025 0.532159 0.120000
v 2.374893 0.538288 0.120000
v 2.374497 0.544340 0.120000
v 2.373837 0.550316 0.120000
v 2.372914 0.556215 0.120000
v 2.371727 0.562038 0.120000
v 2.370275 0.567784 0.120000
v 2.368560 0.573454 0.120000
v 2.366580 0.579048 0.120000
v 2.364337 0.584566 0.120000
v 2.361831 0.590007 0.120000
v 2.359060 0.595371 0.120000
v 2.356025 0.600659 0.120000
v 2.352751 0.605822 0.120000
v 2.349261 0.610812 0.120000
v 2.345556 0.615628 0.120000
v 2.341636 0.620270 0.120000
v 2.337501 0.624739 0.120000
v 2.333150 0.629034 0.120000
v 2.328584 0.633156 0.120000
v 2.323802 0.637104 0.120000
v 2.318806 0.640878 0.120000
v 2.313594 0.644479 0.120000
v 2.308167 0.647906 0.120000
v 2.302525 0.651159 0.120000
v 2.296681 0.654194 0.120000
v 2.290650 0.656965 0.120000
v 2.284431 0.659472 0.120000
v 2.278025 0.661715 0.120000
v 2.271431 0.663694 0.120000
v 2.264650 0.665409 0.120000
v 2.257681 0.666861 0.120000
v 2.250525 0.668048 0.120000
v 2.243181 0.668972 0.120000
v 2.235650 0.669631 0.120000
v 2.227931 0.670027 0.120000
v 2.220025 0.670159 0.120000
v 2.041025 0.988159 0.120000
v 2.041025 0.747159 0.120000
v 2.204025 0.747159 0.120000
v 2.210640 0.747267 0.120000
v 2.217150 0.747590 0.120000
v 2.223557 0.748128 0.120000
v 2.229858 0.748882 0.120000
v 2.236056 0.749850 0.120000
v 2.242150 0.751034 0.120000
v 2.248139 0.752434 0.120000
v 2.254025 0.754048 0.120000
v 2.259806 0.755878 0.120000
v 2.265483 0.757923 0.120000
v 2.271056 0.760184 0.120000
v 2.276525 0.762659 0.120000
v 2.281848 0.765333 0.120000
v 2.286983 0.768187 0.120000
v 2.291932 0.771222 0.120000
v 2.296692 0.774437 0.120000
v 2.301265 0.777833 0.120000
v 2.305650 0.781409 0.120000
v 2.309848 0.785166 0.120000
v 2.313859 0.789104 0.120000
v 2.317681 0.793222 0.120000
v 2.321317 0.797520 0.120000
v 2.324765 0.802000 0.120000
v 2.328025 0.806659 0.120000
v 2.331059 0.811475 0.120000
v 2.333830 0.816423 0.120000
v 2.336337 0.821503 0.120000
v 2.338580 0.826715 0.120000
v 2.340559 0.832059 0.120000
v 2.342275 0.837534 0.120000
v 2.343726 0.843142 0.120000
v 2.344913 0.848881 0.120000
v 2.345837 0.854753 0.120000
v 2.346497 0.860757 0.120000
v 2.346893 0.866892 0.120000
v 2.347025 0.873159 0.120000
v 2.346792 0.881059 0.120000
v 2.346094 0.888757 0.120000
v 2.344931 0.896253 0.120000
v 2.343303 0.903548 0.120000
v 2.341209 0.910642 0.120000
v 2.338650 0.917534 0.120000
v 2.335626 0.924225 0.120000
v 2.332136 0.930715 0.120000
v 2.328181 0.937003 0.120000
v 2.323761 0.943090 0.120000
v 2.318876 0.948975 0.120000
v 2.313525 0.954659 0.120000
v 2.307667 0.960010 0.120000
v 2.301261 0.964895 0.120000
v 2.294306 0.969316 0.120000
v 2.286803 0.973271 0.120000
v 2.278751 0.976760 0.120000
v 2.270150 0.979784 0.120000
v 2.261001 0.982343 0.120000
v 2.251303 0.984437 0.120000
v 2.241057 0.986066 0.120000
v 2.230262 0.987229 0.120000
v 2.218918 0.987927 0.120000
v 2.207025 0.988159 0.120000
v 1.764525 0.901659 0.120000
v 1.771153 0.887524 0.120000
v 1.777205 0.872951 0.120000
v 1.782681 0.857941 0.120000
v 1.787580 0.842493 0.120000
v 1.791903 0.826607 0.120000
v 1.795650 0.810284 0.120000
v 1.798820 0.793524 0.120000
v 1.801414 0.776326 0.120000
v 1.803431 0.758691 0.120000
v 1.804872 0.740618 0.120000
v 1.805737 0.722107 0.120000
v 1.806025 0.703159 0.120000
v 1.805737 0.684208 0.120000
v 1.804873 0.665687 0.120000
v 1.803432 0.647597 0.120000
v 1.801414 0.629937 0.120000
v 1.798820 0.612708 0.120000
v 1.795650 0.595909 0.120000
v 1.791904 0.579541 0.120000
v 1.787581 0.563604 0.120000
v 1.782681 0.548097 0.120000
v 1.777206 0.533020 0.120000
v 1.771154 0.518375 0.120000
v 1.764525 0.504159 0.120000
v 1.757393 0.490427 0.120000
v 1.749830 0.477229 0.120000
v 1.741837 0.464566 0.120000
v 1.733413 0.452437 0.120000
v 1.724559 0.440843 0.120000
v 1.715275 0.429784 0.120000
v 1.705560 0.419260 0.120000
v 1.695414 0.409270 0.120000
v 1.684838 0.399816 0.120000
v 1.673831 0.390895 0.120000
v 1.662394 0.382510 0.120000
v 1.650525 0.374659 0.120000
v 1.638299 0.367392 0.120000
v 1.625789 0.360756 0.120000
v 1.612994 0.354753 0.120000
v 1.599915 0.349382 0.120000
v 1.586550 0.344642 0.120000
v 1.572900 0.340534 0.120000
v 1.558966 0.337059 0.120000
v 1.544747 0.334215 0.120000
v 1.530244 0.332003 0.120000
v 1.515456 0.330423 0.120000
v 1.500383 0.329475 0.120000
v 1.485025 0.329159 0.120000
v 1.469667 0.329475 0.120000
v 1.454595 0.330423 0.120000
v 1.439806 0.332003 0.120000
v 1.425303 0.334215 0.120000
v 1.411084 0.337059 0.120000
v 1.397150 0.340534 0.120000
v 1.383501 0.344642 0.120000
v 1.370136 0.349382 0.120000
v 1.357056 0.354753 0.120000
v 1.344261 0.360756 0.120000
v 1.331751 0.367392 0.120000
v 1.319525 0.374659 0.120000
v 1.307657 0.382510 0.120000
v 1.296220 0.390895 0.120000
v 1.285213 0.399816 0.120000
v 1.274636 0.409270 0.120000
v 1.264490 0.419260 0.120000
v 1.254775 0.429784 0.120000
v 1.245490 0.440843 0.120000
v 1.236636 0.452437 0.120000
v 1.228213 0.464566 0.120000
v 1.220220 0.477229 0.120000
v 1.212657 0.490427 0.120000
v 1.205525 0.504159 0.120000
v 1.198897 0.518375 0.120000
v 1.192845 0.533020 0.120000
v 1.187369 0.548097 0.120000
v 1.182470 0.563604 0.120000
v 1.178147 0.579541 0.120000
v 1.174400 0.595909 0.120000
v 1.171230 0.612708 0.120000
v 1.168636 0.629937 0.120000
v 1.166619 0.647597 0.120000
v 1.165178 0.665687 0.120000
v 1.164313 0.684208 0.120000
v 1.164025 0.703159 0.120000
v 1.164313 0.722107 0.120000
v 1.165178 0.740618 0.120000
v 1.166619 0.758690 0.120000
v 1.168636 0.776326 0.120000
v 1.171230 0.793524 0.120000
v 1.174400 0.810284 0.120000
v 1.178147 0.826607 0.120000
v 1.182470 0.842493 0.120000
v 1.187369 0.857940 0.120000
v 1.192845 0.872951 0.120000
v 1.198897 0.887524 0.120000
v 1.205525 0.901659 0.120000
v 1.212657 0.915312 0.120000
v 1.220219 0.928437 0.120000
v 1.228212 0.941034 0.120000
v 1.236636 0.953104 0.120000
v 1.245490 0.964645 0.120000
v 1.254775 0.975659 0.120000
v 1.264490 0.986145 0.120000
v 1.274636 0.996104 0.120000
v 1.285213 1.005534 0.120000
v 1.296220 1.014437 0.120000
v 1.307657 1.022812 0.120000
v 1.319525 1.030659 0.120000
v 1.331751 1.037927 0.120000
v 1.344261 1.044562 0.120000
v 1.357056 1.050566 0.120000
v 1.370136 1.055937 0.120000
v 1.383501 1.060677 0.120000
v 1.397150 1.064784 0.120000
v 1.411084 1.068260 0.120000
v 1.425303 1.071104 0.120000
v 1.439806 1.073316 0.120000
v 1.454595 1.074895 0.120000
v 1.469667 1.075843 0.120000
v 1.485025 1.076159 0.120000
v 1.500383 1.075843 0.120000
v 1.515456 1.074896 0.120000
v 1.530244 1.073316 0.120000
v 1.544747 1.071104 0.120000
v 1.558966 1.068260 0.120000
v 1.572900 1.064784 0.120000
v 1.586550 1.060677 0.120000
v 1.599914 1.055937 0.120000
v 1.612994 1.050566 0.120000
v 1.625789 1.044562 0.120000
v 1.638299 1.037927 0.120000
v 1.650525 1.030659 0.120000
v 1.662393 1.022812 0.120000
v 1.673831 1.014437 0.120000
v 1.684837 1.005534 0.120000
v 1.695414 0.996104 0.120000
v 1.705559 0.986145 0.120000
v 1.715274 0.975659 0.120000
v 1.724559 0.964645 0.120000
v 1.733413 0.953104 0.120000
v 1.741837 0.941034 0.120000
v 1.749830 0.928437 0.120000
v 1.757392 0.915312 0.120000
v 1.689025 0.543159 0.120000
v 1.693977 0.554201 0.120000
v 1.698498 0.565659 0.120000
v 1.702588 0.577534 0.120000
v 1.706248 0.589826 0.120000
v 1.709477 0.602534 0.120000
v 1.712276 0.615659 0.120000
v 1.714643 0.629201 0.120000
v 1.716581 0.643159 0.120000
v 1.718088 0.657534 0.120000
v 1.719164 0.672326 0.120000
v 1.719810 0.687534 0.120000
v 1.720025 0.703159 0.120000
v 1.719810 0.718625 0.120000
v 1.719164 0.733687 0.120000
v 1.718088 0.748347 0.120000
v 1.716581 0.762604 0.120000
v 1.714644 0.776458 0.120000
v 1.712276 0.789909 0.120000
v 1.709477 0.802958 0.120000
v 1.706248 0.815604 0.120000
v 1.702589 0.827847 0.120000
v 1.698498 0.839687 0.120000
v 1.693977 0.851125 0.120000
v 1.689025 0.862159 0.120000
v 1.683702 0.872774 0.120000
v 1.678067 0.882951 0.120000
v 1.672119 0.892691 0.120000
v 1.665858 0.901993 0.120000
v 1.659286 0.910857 0.120000
v 1.652400 0.919284 0.120000
v 1.645202 0.927274 0.120000
v 1.637692 0.934826 0.120000
v 1.629869 0.941941 0.120000
v 1.621734 0.948618 0.120000
v 1.613286 0.954857 0.120000
v 1.604525 0.960659 0.120000
v 1.595521 0.966010 0.120000
v 1.586344 0.970895 0.120000
v 1.576993 0.975316 0.120000
v 1.567469 0.979270 0.120000
v 1.557771 0.982760 0.120000
v 1.547900 0.985784 0.120000
v 1.537855 0.988343 0.120000
v 1.527636 0.990437 0.120000
v 1.517243 0.992066 0.120000
v 1.506677 0.993229 0.120000
v 1.495938 0.993927 0.120000
v 1.485025 0.994159 0.120000
v 1.474112 0.993927 0.120000
v 1.463372 0.993229 0.120000
v 1.452806 0.992066 0.120000
v 1.442414 0.990437 0.120000
v 1.432195 0.988343 0.120000
v 1.422150 0.985784 0.120000
v 1.412279 0.982760 0.120000
v 1.402581 0.979270 0.120000
v 1.393056 0.975316 0.120000
v 1.383706 0.970895 0.120000
v 1.374529 0.966010 0.120000
v 1.365525 0.960659 0.120000
v 1.356761 0.954857 0.120000
v 1.348303 0.948618 0.120000
v 1.340150 0.941941 0.120000
v 1.332303 0.934826 0.120000
v 1.324761 0.927274 0.120000
v 1.317525 0.919284 0.120000
v 1.310595 0.910857 0.120000
v 1.303970 0.901993 0.120000
v 1.297650 0.892691 0.120000
v 1.291636 0.882951 0.120000
v 1.285928 0.872774 0.120000
v 1.280525 0.862159 0.120000
v 1.275494 0.851125 0.120000
v 1.270900 0.839687 0.120000
v 1.266744 0.827847 0.120000
v 1.263025 0.815604 0.120000
v 1.259743 0.802958 0.120000
v 1.256900 0.789909 0.120000
v 1.254493 0.776458 0.120000
v 1.252524 0.762604 0.120000
v 1.250993 0.748347 0.120000
v 1.249899 0.733687 0.120000
v 1.249243 0.718624 0.120000
v 1.249025 0.703159 0.120000
v 1.249244 0.687534 0.120000
v 1.249900 0.672326 0.120000
v 1.250994 0.657534 0.120000
v 1.252526 0.643159 0.120000
v 1.254494 0.629201 0.120000
v 1.256901 0.615659 0.120000
v 1.259745 0.602534 0.120000
v 1.263026 0.589826 0.120000
v 1.266745 0.577534 0.120000
v 1.270901 0.565659 0.120000
v 1.275495 0.554201 0.120000
v 1.280525 0.543159 0.120000
v 1.285928 0.532545 0.120000
v 1.291636 0.522368 0.120000
v 1.297650 0.512628 0.120000
v 1.303970 0.503326 0.120000
v 1.310595 0.494461 0.120000
v 1.317525 0.486034 0.120000
v 1.324761 0.478045 0.120000
v 1.332303 0.470493 0.120000
v 1.340150 0.463378 0.120000
v 1.348303 0.456701 0.120000
v 1.356761 0.450461 0.120000
v 1.365525 0.444659 0.120000
v 1.374529 0.439309 0.120000
v 1.383706 0.434423 0.120000
v 1.393056 0.430003 0.120000
v 1.402581 0.426048 0.120000
v 1.412279 0.422559 0.120000
v 1.422150 0.419534 0.120000
v 1.432195 0.416975 0.120000
v 1.442414 0.414881 0.120000
v 1.452806 0.413253 0.120000
v 1.463372 0.412090 0.120000
v 1.474112 0.411392 0.120000
v 1.485025 0.411159 0.120000
v 1.495938 0.411392 0.120000
v 1.506678 0.412090 0.120000
v 1.517244 0.413253 0.120000
v 1.527636 0.414881 0.120000
v 1.537855 0.416975 0.120000
v 1.547900 0.419534 0.120000
v 1.557771 0.422559 0.120000
v 1.567469 0.426048 0.120000
v 1.576993 0.430003 0.120000
v 1.586344 0.434423 0.120000
v 1.595521 0.439309 0.120000
v 1.604525 0.444659 0.120000
v 1.613286 0.450461 0.120000
v 1.621733 0.456701 0.120000
v 1.629869 0.463378 0.120000
v 1.637691 0.470493 0.120000
v 1.645202 0.478045 0.120000
v 1.652400 0.486034 0.120000
v 1.659285 0.494461 0.120000
v 1.665858 0.503326 0.120000
v 1.672118 0.512628 0.120000
v 1.678066 0.522368 0.120000
v 1.683702 0.532545 0.120000
v 0.540025 0.339159 0.120000
v 0.452025 0.339159 0.120000
v 0.452025 1.066159 0.120000
v 0.540025 1.066159 0.120000
v 0.540025 0.742159 0.120000
v 0.928025 0.742159 0.120000
v 0.928025 1.066159 0.120000
v 1.016025 1.066159 0.120000
v 1.016025 0.339159 0.120000
v 0.928025 0.339159 0.120000
v 0.928025 0.664159 0.120000
v 0.540025 0.664159 0.120000
v 0.023025 0.951159 0.120000
v -0.193975 0.339159 0.120000
v -0.285975 0.339159 0.120000
v -0.018975 1.066159 0.120000
v 0.072025 1.066159 0.120000
v 0.339025 0.339159 0.120000
v 0.246025 0.339159 0.120000
v 0.029025 0.951159 0.120000
v 0.212025 0.545159 0.120000
v 0.212025 0.623159 0.120000
v -0.159975 0.623159 0.120000
v -0.159975 0.545159 0.120000
v -0.401975 0.939159 0.120000
v -0.397753 0.931743 0.120000
v -0.393753 0.924159 0.120000
v -0.389975 0.916409 0.120000
v -0.386420 0.908493 0.120000
v -0.383086 0.900409 0.120000
v -0.379975 0.892159 0.120000
v -0.377086 0.883743 0.120000
v -0.374419 0.875159 0.120000
v -0.371975 0.866409 0.120000
v -0.369753 0.857493 0.120000
v -0.367753 0.848409 0.120000
v -0.365975 0.839159 0.120000
v -0.453975 0.839159 0.120000
v -0.455385 0.845430 0.120000
v -0.456947 0.851576 0.120000
v -0.458663 0.857597 0.120000
v -0.460531 0.863493 0.120000
v -0.462551 0.869264 0.120000
v -0.464725 0.874909 0.120000
v -0.467051 0.880430 0.120000
v -0.469530 0.885826 0.120000
v -0.472162 0.891097 0.120000
v -0.474947 0.896243 0.120000
v -0.477885 0.901263 0.120000
v -0.480975 0.906159 0.120000
v -0.484201 0.910927 0.120000
v -0.487544 0.915562 0.120000
v -0.491006 0.920066 0.120000
v -0.494586 0.924437 0.120000
v -0.498284 0.928677 0.120000
v -0.502100 0.932784 0.120000
v -0.506034 0.936760 0.120000
v -0.510086 0.940604 0.120000
v -0.514256 0.944316 0.120000
v -0.518544 0.947895 0.120000
v -0.522951 0.951343 0.120000
v -0.527475 0.954659 0.120000
v -0.532100 0.957843 0.120000
v -0.536808 0.960895 0.120000
v -0.541600 0.963816 0.120000
v -0.546475 0.966604 0.120000
v -0.551433 0.969260 0.120000
v -0.556475 0.971784 0.120000
v -0.561600 0.974177 0.120000
v -0.566808 0.976437 0.120000
v -0.572100 0.978566 0.120000
v -0.577475 0.980562 0.120000
v -0.582933 0.982427 0.120000
v -0.588475 0.984159 0.120000
v -0.594076 0.985757 0.120000
v -0.599711 0.987215 0.120000
v -0.605381 0.988534 0.120000
v -0.611086 0.989715 0.120000
v -0.616826 0.990757 0.120000
v -0.622600 0.991659 0.120000
v -0.628409 0.992423 0.120000
v -0.634253 0.993048 0.120000
v -0.640131 0.993534 0.120000
v -0.646044 0.993882 0.120000
v -0.651992 0.994090 0.120000
v -0.657975 0.994159 0.120000
v -0.668888 0.993927 0.120000
v -0.679628 0.993229 0.120000
v -0.690194 0.992066 0.120000
v -0.700586 0.990437 0.120000
v -0.710805 0.988343 0.120000
v -0.720850 0.985784 0.120000
v -0.730721 0.982760 0.120000
v -0.740419 0.979270 0.120000
v -0.749944 0.975316 0.120000
v -0.759294 0.970895 0.120000
v -0.768471 0.966010 0.120000
v -0.777475 0.960659 0.120000
v -0.786239 0.954857 0.120000
v -0.794697 0.948618 0.120000
v -0.802850 0.941941 0.120000
v -0.810697 0.934826 0.120000
v -0.818239 0.927274 0.120000
v -0.825475 0.919284 0.120000
v -0.832406 0.910857 0.120000
v -0.839031 0.901993 0.120000
v -0.845350 0.892691 0.120000
v -0.851364 0.882951 0.120000
v -0.857072 0.872774 0.120000
v -0.862475 0.862159 0.120000
v -0.867506 0.851125 0.120000
v -0.872100 0.839687 0.120000
v -0.876256 0.827847 0.120000
v -0.879975 0.815604 0.120000
v -0.883256 0.802958 0.120000
v -0.886100 0.789909 0.120000
v -0.888506 0.776458 0.120000
v -0.890475 0.762604 0.120000
v -0.892006 0.748347 0.120000
v -0.893100 0.733687 0.120000
v -0.893756 0.718624 0.120000
v -0.893975 0.703159 0.120000
v -0.893756 0.687534 0.120000
v -0.893100 0.672326 0.120000
v -0.892006 0.657534 0.120000
v -0.890475 0.643159 0.120000
v -0.888506 0.629201 0.120000
v -0.886100 0.615659 0.120000
v -0.883256 0.602534 0.120000
v -0.879975 0.589826 0.120000
v -0.876256 0.577534 0.120000
v -0.872100 0.565659 0.120000
v -0.867506 0.554201 0.120000
v -0.862475 0.543159 0.120000
v -0.857072 0.532545 0.120000
v -0.851364 0.522368 0.120000
v -0.845350 0.512628 0.120000
v -0.839031 0.503326 0.120000
v -0.832406 0.494461 0.120000
v -0.825475 0.486034 0.120000
v -0.818239 0.478045 0.120000
v -0.810697 0.470493 0.120000
v -0.802850 0.463378 0.120000
v -0.794697 0.456701 0.120000
v -0.786239 0.450461 0.120000
v -0.777475 0.444659 0.120000
v -0.768471 0.439309 0.120000
v -0.759294 0.434423 0.120000
v -0.749944 0.430003 0.120000
v -0.740419 0.426048 0.120000
v -0.730721 0.422559 0.120000
v -0.720850 0.419534 0.120000
v -0.710805 0.416975 0.120000
v -0.700586 0.414881 0.120000
v -0.690194 0.413253 0.120000
v -0.679628 0.412090 0.120000
v -0.668888 0.411392 0.120000
v -0.657975 0.411159 0.120000
v -0.651992 0.411229 0.120000
v -0.646044 0.411437 0.120000
v -0.640131 0.411784 0.120000
v -0.634253 0.412270 0.120000
v -0.628409 0.412895 0.120000
v -0.622600 0.413659 0.120000
v -0.616826 0.414562 0.120000
v -0.611086 0.415604 0.120000
v -0.605381 0.416784 0.120000
v -0.599711 0.418104 0.120000
v -0.594076 0.419562 0.120000
v -0.588475 0.421159 0.120000
v -0.582933 0.422895 0.120000
v -0.577475 0.424770 0.120000
v -0.572100 0.426784 0.120000
v -0.566808 0.428937 0.120000
v -0.561600 0.431229 0.120000
v -0.556475 0.433659 0.120000
v -0.551433 0.436229 0.120000
v -0.546475 0.438937 0.120000
v -0.541600 0.441784 0.120000
v -0.536808 0.444770 0.120000
v -0.532100 0.447895 0.120000
v -0.527475 0.451159 0.120000
v -0.522951 0.454555 0.120000
v -0.518544 0.458076 0.120000
v -0.514256 0.461722 0.120000
v -0.510086 0.465493 0.120000
v -0.506034 0.469388 0.120000
v -0.502100 0.473409 0.120000
v -0.498284 0.477555 0.120000
v -0.494586 0.481826 0.120000
v -0.491006 0.486222 0.120000
v -0.487544 0.490743 0.120000
v -0.484201 0.495388 0.120000
v -0.480975 0.500159 0.120000
v -0.477885 0.505048 0.120000
v -0.474947 0.510048 0.120000
v -0.472162 0.515159 0.120000
v -0.469530 0.520382 0.120000
v -0.467051 0.525715 0.120000
v -0.464725 0.531159 0.120000
v -0.462551 0.536715 0.120000
v -0.460531 0.542382 0.120000
v -0.458663 0.548159 0.120000
v -0.456947 0.554048 0.120000
v -0.455385 0.560048 0.120000
v -0.453975 0.566159 0.120000
v -0.365975 0.566159 0.120000
v -0.367753 0.557066 0.120000
v -0.369753 0.548118 0.120000
v -0.371975 0.539316 0.120000
v -0.374420 0.530659 0.120000
v -0.377086 0.522149 0.120000
v -0.379975 0.513784 0.120000
v -0.383086 0.505566 0.120000
v -0.386420 0.497493 0.120000
v -0.389975 0.489566 0.120000
v -0.393753 0.481784 0.120000
v -0.397753 0.474149 0.120000
v -0.401975 0.466659 0.120000
v -0.406399 0.459340 0.120000
v -0.411003 0.452215 0.120000
v -0.415787 0.445284 0.120000
v -0.420753 0.438548 0.120000
v -0.425899 0.432006 0.120000
v -0.431225 0.425659 0.120000
v -0.436732 0.419506 0.120000
v -0.442419 0.413548 0.120000
v -0.448287 0.407784 0.120000
v -0.454336 0.402215 0.120000
v -0.460565 0.396840 0.120000
v -0.466975 0.391659 0.120000
v -0.473541 0.386677 0.120000
v -0.480239 0.381895 0.120000
v -0.487069 0.377316 0.120000
v -0.494030 0.372937 0.120000
v -0.501124 0.368760 0.120000
v -0.508350 0.364784 0.120000
v -0.515708 0.361010 0.120000
v -0.523197 0.357437 0.120000
v -0.530819 0.354066 0.120000
v -0.538572 0.350895 0.120000
v -0.546458 0.347927 0.120000
v -0.554475 0.345159 0.120000
v -0.562603 0.342604 0.120000
v -0.570822 0.340270 0.120000
v -0.579131 0.338159 0.120000
v -0.587531 0.336270 0.120000
v -0.596020 0.334604 0.120000
v -0.604600 0.333159 0.120000
v -0.613270 0.331937 0.120000
v -0.622031 0.330937 0.120000
v -0.630881 0.330159 0.120000
v -0.639822 0.329604 0.120000
v -0.648854 0.329270 0.120000
v -0.657975 0.329159 0.120000
v -0.673333 0.329475 0.120000
v -0.688406 0.330423 0.120000
v -0.703194 0.332003 0.120000
v -0.717697 0.334215 0.120000
v -0.731916 0.337059 0.120000
v -0.745850 0.340534 0.120000
v -0.759499 0.344642 0.120000
v -0.772864 0.349382 0.120000
v -0.785944 0.354753 0.120000
v -0.798739 0.360756 0.120000
v -0.811249 0.367392 0.120000
v -0.823475 0.374659 0.120000
v -0.835343 0.382510 0.120000
v -0.846781 0.390895 0.120000
v -0.857787 0.399816 0.120000
v -0.868364 0.409270 0.120000
v -0.878510 0.419260 0.120000
v -0.888225 0.429784 0.120000
v -0.897510 0.440843 0.120000
v -0.906364 0.452437 0.120000
v -0.914787 0.464566 0.120000
v -0.922781 0.477229 0.120000
v -0.930343 0.490427 0.120000
v -0.937475 0.504159 0.120000
v -0.944103 0.518375 0.120000
v -0.950156 0.533020 0.120000
v -0.955631 0.548097 0.120000
v -0.960531 0.563604 0.120000
v -0.964854 0.579541 0.120000
v -0.968600 0.595909 0.120000
v -0.971770 0.612708 0.120000
v -0.974364 0.629937 0.120000
v -0.976381 0.647597 0.120000
v -0.977822 0.665687 0.120000
v -0.978687 0.684208 0.120000
v -0.978975 0.703159 0.120000
v -0.978687 0.722107 0.120000
v -0.977822 0.740618 0.120000
v -0.976381 0.758690 0.120000
v -0.974364 0.776326 0.120000
v -0.971770 0.793524 0.120000
v -0.968600 0.810284 0.120000
v -0.964853 0.826607 0.120000
v -0.960531 0.842493 0.120000
v -0.955631 0.857940 0.120000
v -0.950155 0.872951 0.120000
v -0.944103 0.887524 0.120000
v -0.937475 0.901659 0.120000
v -0.930343 0.915312 0.120000
v -0.922781 0.928437 0.120000
v -0.914787 0.941034 0.120000
v -0.906364 0.953104 0.120000
v -0.897510 0.964645 0.120000
v -0.888225 0.975659 0.120000
v -0.878510 0.986145 0.120000
v -0.868364 0.996104 0.120000
v -0.857787 1.005534 0.120000
v -0.846781 1.014437 0.120000
v -0.835343 1.022812 0.120000
v -0.823475 1.030659 0.120000
v -0.811249 1.037927 0.120000
v -0.798739 1.044562 0.120000
v -0.785944 1.050566 0.120000
v -0.772864 1.055937 0.120000
v -0.759499 1.060677 0.120000
v -0.745850 1.064784 0.120000
v -0.731916 1.068260 0.120000
v -0.717697 1.071104 0.120000
v -0.703194 1.073316 0.120000
v -0.688406 1.074895 0.120000
v -0.673333 1.075843 0.120000
v -0.657975 1.076159 0.120000
v -0.648853 1.076048 0.120000
v -0.639822 1.075715 0.120000
v -0.630881 1.075159 0.120000
v -0.622030 1.074382 0.120000
v -0.613270 1.073382 0.120000
v -0.604600 1.072159 0.120000
v -0.596020 1.070715 0.120000
v -0.587530 1.069048 0.120000
v -0.579131 1.067159 0.120000
v -0.570822 1.065048 0.120000
v -0.562603 1.062715 0.120000
v -0.554475 1.060159 0.120000
v -0.546458 1.057392 0.120000
v -0.538572 1.054423 0.120000
v -0.530819 1.051253 0.120000
v -0.523197 1.047881 0.120000
v -0.515708 1.044309 0.120000
v -0.508350 1.040534 0.120000
v -0.501124 1.036559 0.120000
v -0.494030 1.032382 0.120000
v -0.487069 1.028003 0.120000
v -0.480239 1.023423 0.120000
v -0.473541 1.018642 0.120000
v -0.466975 1.013659 0.120000
v -0.460565 1.008482 0.120000
v -0.454336 1.003118 0.120000
v -0.448287 0.997566 0.120000
v -0.442419 0.991826 0.120000
v -0.436732 0.985899 0.120000
v -0.431225 0.979784 0.120000
v -0.425899 0.973482 0.120000
v -0.420753 0.966993 0.120000
v -0.415787 0.960316 0.120000
v -0.411003 0.953451 0.120000
v -0.406399 0.946399 0.120000
v -1.063975 0.339159 0.120000
v -1.168975 0.339159 0.120000
v -1.418975 0.673159 0.120000
v -1.508975 0.673159 0.120000
v -1.508975 0.339159 0.120000
v -1.596975 0.339159 0.120000
v -1.596975 1.066159 0.120000
v -1.508975 1.066159 0.120000
v -1.508975 0.751159 0.120000
v -1.470975 0.751159 0.120000
v -1.178975 1.066159 0.120000
v -1.073975 1.066159 0.120000
v -1.367975 0.747159 0.120000
v -2.348975 0.339159 0.120000
v -2.348975 1.066159 0.120000
v -2.261975 1.066159 0.120000
v -2.261975 0.494159 0.120000
v -2.254975 0.494159 0.120000
v -1.856975 1.066159 0.120000
v -1.771975 1.066159 0.120000
v -1.771975 0.339159 0.120000
v -1.859975 0.339159 0.120000
v -1.859975 0.910159 0.120000
v -1.866975 0.910159 0.120000
v -2.263975 0.339159 0.120000
v 2.216025 0.339159 -0.120000
v 1.953025 0.339159 -0.120000
v 1.953025 1.066159 -0.120000
v 2.207025 1.066159 -0.120000
v 2.219508 1.065979 -0.120000
v 2.231622 1.065437 -0.120000
v 2.243369 1.064534 -0.120000
v 2.254747 1.063270 -0.120000
v 2.265758 1.061645 -0.120000
v 2.276400 1.059659 -0.120000
v 2.286674 1.057312 -0.120000
v 2.296581 1.054604 -0.120000
v 2.306119 1.051534 -0.120000
v 2.315289 1.048104 -0.120000
v 2.324091 1.044312 -0.120000
v 2.332525 1.040159 -0.120000
v 2.340598 1.035701 -0.120000
v 2.348317 1.030993 -0.120000
v 2.355681 1.026034 -0.120000
v 2.362692 1.020826 -0.120000
v 2.369348 1.015368 -0.120000
v 2.375650 1.009659 -0.120000
v 2.381598 1.003701 -0.120000
v 2.387192 0.997493 -0.120000
v 2.392431 0.991034 -0.120000
v 2.397316 0.984326 -0.120000
v 2.401848 0.977368 -0.120000
v 2.406025 0.970159 -0.120000
v 2.409858 0.962763 -0.120000
v 2.413358 0.955243 -0.120000
v 2.416525 0.947597 -0.120000
v 2.419358 0.939826 -0.120000
v 2.421858 0.931930 -0.120000
v 2.424025 0.923909 -0.120000
v 2.425858 0.915763 -0.120000
v 2.427359 0.907493 -0.120000
v 2.428525 0.899097 -0.120000
v 2.429359 0.890576 -0.120000
v 2.429859 0.881930 -0.120000
v 2.430025 0.873159 -0.120000
v 2.429911 0.865441 -0.120000
v 2.429567 0.857951 -0.120000
v 2.428994 0.850690 -0.120000
v 2.428192 0.843659 -0.120000
v 2.427160 0.836857 -0.120000
v 2.425900 0.830284 -0.120000
v 2.424410 0.823941 -0.120000
v 2.422692 0.817826 -0.120000
v 2.420744 0.811941 -0.120000
v 2.418567 0.806284 -0.120000
v 2.416161 0.800857 -0.120000
v 2.413525 0.795659 -0.120000
v 2.410706 0.790666 -0.120000
v 2.407747 0.785854 -0.120000
v 2.404650 0.781222 -0.120000
v 2.401414 0.776770 -0.120000
v 2.398039 0.772500 -0.120000
v 2.394525 0.768409 -0.120000
v 2.390872 0.764500 -0.120000
v 2.387081 0.760770 -0.120000
v 2.383150 0.757222 -0.120000
v 2.379081 0.753854 -0.120000
v 2.374872 0.750666 -0.120000
v 2.370525 0.747659 -0.120000
v 2.366070 0.744802 -0.120000
v 2.361539 0.742062 -0.120000
v 2.356931 0.739441 -0.120000
v 2.352247 0.736937 -0.120000
v 2.347487 0.734552 -0.120000
v 2.342650 0.732284 -0.120000
v 2.337737 0.730135 -0.120000
v 2.332747 0.728104 -0.120000
v 2.327681 0.726191 -0.120000
v 2.322539 0.724395 -0.120000
v 2.317320 0.722718 -0.120000
v 2.312025 0.721159 -0.120000
v 2.312025 0.714159 -0.120000
v 2.317688 0.713691 -0.120000
v 2.323344 0.712951 -0.120000
v 2.328993 0.711941 -0.120000
v 2.334636 0.710659 -0.120000
v 2.340271 0.709107 -0.120000
v 2.345900 0.707284 -0.120000
v 2.351521 0.705191 -0.120000
v 2.357136 0.702826 -0.120000
v 2.362743 0.700191 -0.120000
v 2.368344 0.697284 -0.120000
v 2.373938 0.694107 -0.120000
v 2.379525 0.690659 -0.120000
v 2.385036 0.686951 -0.120000
v 2.390400 0.682993 -0.120000
v 2.395618 0.678784 -0.120000
v 2.400692 0.674326 -0.120000
v 2.405619 0.669618 -0.120000
v 2.410400 0.664659 -0.120000
v 2.415035 0.659451 -0.120000
v 2.419525 0.653993 -0.120000
v 2.423869 0.648284 -0.120000
v 2.428067 0.642326 -0.120000
v 2.432119 0.636118 -0.120000
v 2.436025 0.629659 -0.120000
v 2.439699 0.622947 -0.120000
v 2.443053 0.615979 -0.120000
v 2.446087 0.608753 -0.120000
v 2.448802 0.601270 -0.120000
v 2.451198 0.593531 -0.120000
v 2.453274 0.585534 -0.120000
v 2.455031 0.577281 -0.120000
v 2.456469 0.568770 -0.120000
v 2.457587 0.560003 -0.120000
v 2.458386 0.550979 -0.120000
v 2.458865 0.541698 -0.120000
v 2.459025 0.532159 -0.120000
v 2.458851 0.523072 -0.120000
v 2.458331 0.514145 -0.120000
v 2.457463 0.505378 -0.120000
v 2.456247 0.496770 -0.120000
v 2.454685 0.488322 -0.120000
v 2.452775 0.480034 -0.120000
v 2.450518 0.471906 -0.120000
v 2.447914 0.463937 -0.120000
v 2.444963 0.456128 -0.120000
v 2.441664 0.448479 -0.120000
v 2.438018 0.440989 -0.120000
v 2.434025 0.433659 -0.120000
v 2.429661 0.426534 -0.120000
v 2.424901 0.419659 -0.120000
v 2.419744 0.413034 -0.120000
v 2.414192 0.406659 -0.120000
v 2.408244 0.400534 -0.120000
v 2.401900 0.394659 -0.120000
v 2.395161 0.389034 -0.120000
v 2.388025 0.383659 -0.120000
v 2.380494 0.378534 -0.120000
v 2.372567 0.373659 -0.120000
v 2.364244 0.369034 -0.120000
v 2.355525 0.364659 -0.120000
v 2.346383 0.360586 -0.120000
v 2.336789 0.356868 -0.120000
v 2.326744 0.353503 -0.120000
v 2.316247 0.350493 -0.120000
v 2.305300 0.347836 -0.120000
v 2.293900 0.345534 -0.120000
v 2.282050 0.343586 -0.120000
v 2.269748 0.341993 -0.120000
v 2.256994 0.340753 -0.120000
v 2.243789 0.339868 -0.120000
v 2.230133 0.339336 -0.120000
v 2.041025 0.670159 -0.120000
v 2.041025 0.417159 -0.120000
v 2.216025 0.417159 -0.120000
v 2.230014 0.417392 -0.120000
v 2.243317 0.418090 -0.120000
v 2.255931 0.419253 -0.120000
v 2.267859 0.420882 -0.120000
v 2.279098 0.422975 -0.120000
v 2.289650 0.425534 -0.120000
v 2.299515 0.428559 -0.120000
v 2.308692 0.432048 -0.120000
v 2.317182 0.436003 -0.120000
v 2.324984 0.440423 -0.120000
v 2.332098 0.445309 -0.120000
v 2.338525 0.450659 -0.120000
v 2.344355 0.456343 -0.120000
v 2.349678 0.462229 -0.120000
v 2.354494 0.468316 -0.120000
v 2.358803 0.474604 -0.120000
v 2.362606 0.481093 -0.120000
v 2.365901 0.487784 -0.120000
v 2.368689 0.494677 -0.120000
v 2.370970 0.501770 -0.120000
v 2.372744 0.509066 -0.120000
v 2.374012 0.516562 -0.120000
v 2.374772 0.524260 -0.120000
v 2.375025 0.532159 -0.120000
v 2.374893 0.538288 -0.120000
v 2.374497 0.544340 -0.120000
v 2.373837 0.550316 -0.120000
v 2.372914 0.556215 -0.120000
v 2.371727 0.562038 -0.120000
v 2.370275 0.567784 -0.120000
v 2.368560 0.573454 -0.120000
v 2.366580 0.579048 -0.120000
v 2.364337 0.584566 -0.120000
v 2.361831 0.590007 -0.120000
v 2.359060 0.595371 -0.120000
v 2.356025 0.600659 -0.120000
v 2.352751 0.605822 -0.120000
v 2.349261 0.610812 -0.120000
v 2.345556 0.615628 -0.120000
v 2.341636 0.620270 -0.120000
v 2.337501 0.624739 -0.120000
v 2.333150 0.629034 -0.120000
v 2.328584 0.633156 -0.120000
v 2.323802 0.637104 -0.120000
v 2.318806 0.640878 -0.120000
v 2.313594 0.644479 -0.120000
v 2.308167 0.647906 -0.120000
v 2.302525 0.651159 -0.120000
v 2.296681 0.654194 -0.120000
v 2.290650 0.656965 -0.120000
v 2.284431 0.659472 -0.120000
v 2.278025 0.661715 -0.120000
v 2.271431 0.663694 -0.120000
v 2.264650 0.665409 -0.120000
v 2.257681 0.666861 -0.120000
v 2.250525 0.668048 -0.120000
v 2.243181 0.668972 -0.120000
v 2.235650 0.669631 -0.120000
v 2.227931 0.670027 -0.120000
v 2.220025 0.670159 -0.120000
v 2.041025 0.988159 -0.120000
v 2.041025 0.747159 -0.120000
v 2.204025 0.747159 -0.120000
v 2.210640 0.747267 -0.120000
v 2.217150 0.747590 -0.120000
v 2.223557 0.748128 -0.120000
v 2.229858 0.748882 -0.120000
v 2.236056 0.749850 -0.120000
v 2.242150 0.751034 -0.120000
v 2.248139 0.752434 -0.120000
v 2.254025 0.754048 -0.120000
v 2.259806 0.755878 -0.120000
v 2.265483 0.757923 -0.120000
v 2.271056 0.760184 -0.120000
v 2.276525 0.762659 -0.120000
v 2.281848 0.765333 -0.120000
v 2.286983 0.768187 -0.120000
v 2.291932 0.771222 -0.120000
v 2.296692 0.774437 -0.120000
v 2.301265 0.777833 -0.120000
v 2.305650 0.781409 -0.120000
v 2.309848 0.785166 -0.120000
v 2.313859 0.789104 -0.120000
v 2.317681 0.793222 -0.120000
v 2.321317 0.797520 -0.120000
v 2.324765 0.802000 -0.120000
v 2.328025 0.806659 -0.120000
v 2.331059 0.811475 -0.120000
v 2.333830 0.816423 -0.120000
v 2.336337 0.821503 -0.120000
v 2.338580 0.826715 -0.120000
v 2.340559 0.832059 -0.120000
v 2.342275 0.837534 -0.120000
v 2.343726 0.843142 -0.120000
v 2.344913 0.848881 -0.120000
v 2.345837 0.854753 -0.120000
v 2.346497 0.860757 -0.120000
v 2.346893 0.866892 -0.120000
v 2.347025 0.873159 -0.120000
v 2.346792 0.881059 -0.120000
v 2.346094 0.888757 -0.120000
v 2.344931 0.896253 -0.120000
v 2.343303 0.903548 -0.120000
v 2.341209 0.910642 -0.120000
v 2.338650 0.917534 -0.120000
v 2.335626 0.924225 -0.120000
v 2.332136 0.930715 -0.120000
v 2.328181 0.937003 -0.120000
v 2.323761 0.943090 -0.120000
v 2.318876 0.948975 -0.120000
v 2.313525 0.954659 -0.120000
v 2.307667 0.960010 -0.120000
v 2.301261 0.964895 -0.120000
v 2.294306 0.969316 -0.120000
v 2.286803 0.973271 -0.120000
v 2.278751 0.976760 -0.120000
v 2.270150 0.979784 -0.120000
v 2.261001 0.982343 -0.120000
v 2.251303 0.984437 -0.120000
v 2.241057 0.986066 -0.120000
v 2.230262 0.987229 -0.120000
v 2.218918 0.987927 -0.120000
v 2.207025 0.988159 -0.120000
v 1.764525 0.901659 -0.120000
v 1.771153 0.887524 -0.120000
v 1.777205 0.872951 -0.120000
v 1.782681 0.857941 -0.120000
v 1.787580 0.842493 -0.120000
v 1.791903 0.826607 -0.120000
v 1.795650 0.810284 -0.120000
v 1.798820 0.793524 -0.120000
v 1.801414 0.776326 -0.120000
v 1.803431 0.758691 -0.120000
v 1.804872 0.740618 -0.120000
v 1.805737 0.722107 -0.120000
v 1.806025 0.703159 -0.120000
v 1.805737 0.684208 -0.120000
v 1.804873 0.665687 -0.120000
v 1.803432 0.647597 -0.120000
v 1.801414 0.629937 -0.120000
v 1.798820 0.612708 -0.120000
v 1.795650 0.595909 -0.120000
v 1.791904 0.579541 -0.120000
v 1.787581 0.563604 -0.120000
v 1.782681 0.548097 -0.120000
v 1.777206 0.533020 -0.120000
v 1.771154 0.518375 -0.120000
v 1.764525 0.504159 -0.120000
v 1.757393 0.490427 -0.120000
v 1.749830 0.477229 -0.120000
v 1.741837 0.464566 -0.120000
v 1.733413 0.452437 -0.120000
v 1.724559 0.440843 -0.120000
v 1.715275 0.429784 -0.120000
v 1.705560 0.419260 -0.120000
v 1.695414 0.409270 -0.120000
v 1.684838 0.399816 -0.120000
v 1.673831 0.390895 -0.120000
v 1.662394 0.382510 -0.120000
v 1.650525 0.374659 -0.120000
v 1.638299 0.367392 -0.120000
v 1.625789 0.360757 -0.120000
v 1.612994 0.354753 -0.120000
v 1.599915 0.349382 -0.120000
v 1.586550 0.344642 -0.120000
v 1.572900 0.340534 -0.120000
v 1.558966 0.337059 -0.120000
v 1.544747 0.334215 -0.120000
v 1.530244 0.332003 -0.120000
v 1.515456 0.330423 -0.120000
v 1.500383 0.329475 -0.120000
v 1.485025 0.329159 -0.120000
v 1.469667 0.329475 -0.120000
v 1.454595 0.330423 -0.120000
v 1.439806 0.332003 -0.120000
v 1.425303 0.334215 -0.120000
v 1.411084 0.337059 -0.120000
v 1.397150 0.340534 -0.120000
v 1.383501 0.344642 -0.120000
v 1.370136 0.349382 -0.120000
v 1.357056 0.354753 -0.120000
v 1.344261 0.360757 -0.120000
v 1.331751 0.367392 -0.120000
v 1.319525 0.374659 -0.120000
v 1.307657 0.382510 -0.120000
v 1.296220 0.390895 -0.120000
v 1.285213 0.399816 -0.120000
v 1.274636 0.409270 -0.120000
v 1.264490 0.419260 -0.120000
v 1.254775 0.429784 -0.120000
v 1.245490 0.440843 -0.120000
v 1.236636 0.452437 -0.120000
v 1.228213 0.464566 -0.120000
v 1.220220 0.477229 -0.120000
v 1.212657 0.490427 -0.120000
v 1.205525 0.504159 -0.120000
v 1.198897 0.518375 -0.120000
v 1.192845 0.533020 -0.120000
v 1.187369 0.548097 -0.120000
v 1.182470 0.563604 -0.120000
v 1.178147 0.579541 -0.120000
v 1.174400 0.595909 -0.120000
v 1.171230 0.612708 -0.120000
v 1.168636 0.629937 -0.120000
v 1.166619 0.647597 -0.120000
v 1.165178 0.665687 -0.120000
v 1.164313 0.684208 -0.120000
v 1.164025 0.703159 -0.120000
v 1.164313 0.722107 -0.120000
v 1.165178 0.740618 -0.120000
v 1.166619 0.758690 -0.120000
v 1.168636 0.776326 -0.120000
v 1.171230 0.793524 -0.120000
v 1.174400 0.810284 -0.120000
v 1.178147 0.826607 -0.120000
v 1.182470 0.842493 -0.120000
v 1.187369 0.857940 -0.120000
v 1.192845 0.872951 -0.120000
v 1.198897 0.887524 -0.120000
v 1.205525 0.901659 -0.120000
v 1.212657 0.915312 -0.120000
v 1.220219 0.928437 -0.120000
v 1.228212 0.941034 -0.120000
v 1.236636 0.953104 -0.120000
v 1.245490 0.964645 -0.120000
v 1.254775 0.975659 -0.120000
v 1.264490 0.986145 -0.120000
v 1.274636 0.996104 -0.120000
v 1.285213 1.005534 -0.120000
v 1.296220 1.014437 -0.120000
v 1.307657 1.022812 -0.120000
v 1.319525 1.030659 -0.120000
v 1.331751 1.037927 -0.120000
v 1.344261 1.044562 -0.120000
v 1.357056 1.050566 -0.120000
v 1.370136 1.055937 -0.120000
v 1.383501 1.060677 -0.120000
v 1.397150 1.064784 -0.120000
v 1.411084 1.068260 -0.120000
v 1.425303 1.071104 -0.120000
v 1.439806 1.073316 -0.120000
v 1.454595 1.074895 -0.120000
v 1.469667 1.075843 -0.120000
v 1.485025 1.076159 -0.120000
v 1.500383 1.075843 -0.120000
v 1.515456 1.074896 -0.120000
v 1.530244 1.073316 -0.120000
v 1.544747 1.071104 -0.120000
v 1.558966 1.068260 -0.120000
v 1.572900 1.064784 -0.120000
v 1.586550 1.060677 -0.120000
v 1.599914 1.055937 -0.120000
v 1.612994 1.050566 -0.120000
v 1.625789 1.044562 -0.120000
v 1.638299 1.037927 -0.120000
v 1.650525 1.030659 -0.120000
v 1.662393 1.022812 -0.120000
v 1.673831 1.014437 -0.120000
v 1.684837 1.005534 -0.120000
v 1.695414 0.996104 -0.120000
v 1.705559 0.986145 -0.120000
v 1.715274 0.975659 -0.120000
v 1.724559 0.964645 -0.120000
v 1.733413 0.953104 -0.120000
v 1.741837 0.941034 -0.120000
v 1.749830 0.928437 -0.120000
v 1.757392 0.915312 -0.120000
v 1.689025 0.543159 -0.120000
v 1.693977 0.554201 -0.120000
v 1.698498 0.565659 -0.120000
v 1.702588 0.577534 -0.120000
v 1.706248 0.589826 -0.120000
v 1.709477 0.602534 -0.120000
v 1.712276 0.615659 -0.120000
v 1.714643 0.629201 -0.120000
v 1.716581 0.643159 -0.120000
v 1.718088 0.657534 -0.120000
v 1.719164 0.672326 -0.120000
v 1.719810 0.687534 -0.120000
v 1.720025 0.703159 -0.120000
v 1.719810 0.718625 -0.120000
v 1.719164 0.733687 -0.120000
v 1.718088 0.748347 -0.120000
v 1.716581 0.762604 -0.120000
v 1.714644 0.776458 -0.120000
v 1.712276 0.789909 -0.120000
v 1.709477 0.802958 -0.120000
v 1.706248 0.815604 -0.120000
v 1.702589 0.827847 -0.120000
v 1.698498 0.839687 -0.120000
v 1.693977 0.851125 -0.120000
v 1.689025 0.862159 -0.120000
v 1.683702 0.872774 -0.120000
v 1.678067 0.882951 -0.120000
v 1.672119 0.892691 -0.120000
v 1.665858 0.901993 -0.120000
v 1.659286 0.910857 -0.120000
v 1.652400 0.919284 -0.120000
v 1.645202 0.927274 -0.120000
v 1.637692 0.934826 -0.120000
v 1.629869 0.941941 -0.120000
v 1.621734 0.948618 -0.120000
v 1.613286 0.954857 -0.120000
v 1.604525 0.960659 -0.120000
v 1.595521 0.966010 -0.120000
v 1.586344 0.970895 -0.120000
v 1.576993 0.975316 -0.120000
v 1.567469 0.979270 -0.120000
v 1.557771 0.982760 -0.120000
v 1.547900 0.985784 -0.120000
v 1.537855 0.988343 -0.120000
v 1.527636 0.990437 -0.120000
v 1.517243 0.992066 -0.120000
v 1.506677 0.993229 -0.120000
v 1.495938 0.993927 -0.120000
v 1.485025 0.994159 -0.120000
v 1.474112 0.993927 -0.120000
v 1.463372 0.993229 -0.120000
v 1.452806 0.992066 -0.120000
v 1.442414 0.990437 -0.120000
v 1.432195 0.988343 -0.120000
v 1.422150 0.985784 -0.120000
v 1.412279 0.982760 -0.120000
v 1.402581 0.979270 -0.120000
v 1.393056 0.975316 -0.120000
v 1.383706 0.970895 -0.120000
v 1.374529 0.966010 -0.120000
v 1.365525 0.960659 -0.120000
v 1.356761 0.954857 -0.120000
v 1.348303 0.948618 -0.120000
v 1.340150 0.941941 -0.120000
v 1.332303 0.934826 -0.120000
v 1.324761 0.927274 -0.120000
v 1.317525 0.919284 -0.120000
v 1.310595 0.910857 -0.120000
v 1.303970 0.901993 -0.120000
v 1.297650 0.892691 -0.120000
v 1.291636 0.882951 -0.120000
v 1.285928 0.872774 -0.120000
v 1.280525 0.862159 -0.120000
v 1.275494 0.851125 -0.120000
v 1.270900 0.839687 -0.120000
v 1.266744 0.827847 -0.120000
v 1.263025 0.815604 -0.120000
v 1.259743 0.802958 -0.120000
v 1.256900 0.789909 -0.120000
v 1.254493 0.776458 -0.120000
v 1.252524 0.762604 -0.120000
v 1.250993 0.748347 -0.120000
v 1.249899 0.733687 -0.120000
v 1.249243 0.718624 -0.120000
v 1.249025 0.703159 -0.120000
v 1.249244 0.687534 -0.120000
v 1.249900 0.672326 -0.120000
v 1.250994 0.657534 -0.120000
v 1.252526 0.643159 -0.120000
v 1.254494 0.629201 -0.120000
v 1.256901 0.615659 -0.120000
v 1.259745 0.602534 -0.120000
v 1.263026 0.589826 -0.120000
v 1.266745 0.577534 -0.120000
v 1.270901 0.565659 -0.120000
v 1.275495 0.554201 -0.120000
v 1.280525 0.543159 -0.120000
v 1.285928 0.532545 -0.120000
v 1.291636 0.522368 -0.120000
v 1.297650 0.512628 -0.120000
v 1.303970 0.503326 -0.120000
v 1.310595 0.494461 -0.120000
v 1.317525 0.486034 -0.120000
v 1.324761 0.478045 -0.120000
v 1.332303 0.470493 -0.120000
v 1.340150 0.463378 -0.120000
v 1.348303 0.456701 -0.120000
v 1.356761 0.450461 -0.120000
v 1.365525 0.444659 -0.120000
v 1.374529 0.439309 -0.120000
v 1.383706 0.434423 -0.120000
v 1.393056 0.430003 -0.120000
v 1.402581 0.426048 -0.120000
v 1.412279 0.422559 -0.120000
v 1.422150 0.419534 -0.120000
v 1.432195 0.416975 -0.120000
v 1.442414 0.414882 -0.120000
v 1.452806 0.413253 -0.120000
v 1.463372 0.412090 -0.120000
v 1.474112 0.411392 -0.120000
v 1.485025 0.411159 -0.120000
v 1.495938 0.411392 -0.120000
v 1.506678 0.412090 -0.120000
v 1.517244 0.413253 -0.120000
v 1.527636 0.414882 -0.120000
v 1.537855 0.416975 -0.120000
v 1.547900 0.419534 -0.120000
v 1.557771 0.422559 -0.120000
v 1.567469 0.426048 -0.120000
v 1.576993 0.430003 -0.120000
v 1.586344 0.434423 -0.120000
v 1.595521 0.439309 -0.120000
v 1.604525 0.444659 -0.120000
v 1.613286 0.450461 -0.120000
v 1.621733 0.456701 -0.120000
v 1.629869 0.463378 -0.120000
v 1.637691 0.470493 -0.120000
v 1.645202 0.478045 -0.120000
v 1.652400 0.486034 -0.120000
v 1.659285 0.494461 -0.120000
v 1.665858 0.503326 -0.120000
v 1.672118 0.512628 -0.120000
v 1.678066 0.522368 -0.120000
v 1.683702 0.532545 -0.120000
v 0.540025 0.339159 -0.120000
v 0.452025 0.339159 -0.120000
v 0.452025 1.066159 -0.120000
v 0.540025 1.066159 -0.120000
v 0.540025 0.742159 -0.120000
v 0.928025 0.742159 -0.120000
v 0.928025 1.066159 -0.120000
v 1.016025 1.066159 -0.120000
v 1.016025 0.339159 -0.120000
v 0.928025 0.339159 -0.120000
v 0.928025 0.664159 -0.120000
v 0.540025 0.664159 -0.120000
v 0.023025 0.951159 -0.120000
v -0.193975 0.339159 -0.120000
v -0.285975 0.339159 -0.120000
v -0.018975 1.066159 -0.120000
v 0.072025 1.066159 -0.120000
v 0.339025 0.339159 -0.120000
v 0.246025 0.339159 -0.120000
v 0.029025 0.951159 -0.120000
v 0.212025 0.545159 -0.120000
v 0.212025 0.623159 -0.120000
v -0.159975 0.623159 -0.120000
v -0.159975 0.545159 -0.120000
v -0.401975 0.939159 -0.120000
v -0.397753 0.931743 -0.120000
v -0.393753 0.924159 -0.120000
v -0.389975 0.916409 -0.120000
v -0.386420 0.908493 -0.120000
v -0.383086 0.900409 -0.120000
v -0.379975 0.892159 -0.120000
v -0.377086 0.883743 -0.120000
v -0.374419 0.875159 -0.120000
v -0.371975 0.866409 -0.120000
v -0.369753 0.857493 -0.120000
v -0.367753 0.848409 -0.120000
v -0.365975 0.839159 -0.120000
v -0.453975 0.839159 -0.120000
v -0.455385 0.845430 -0.120000
v -0.456947 0.851576 -0.120000
v -0.458663 0.857597 -0.120000
v -0.460531 0.863493 -0.120000
v -0.462551 0.869264 -0.120000
v -0.464725 0.874909 -0.120000
v -0.467051 0.880430 -0.120000
v -0.469530 0.885826 -0.120000
v -0.472162 0.891097 -0.120000
v -0.474947 0.896243 -0.120000
v -0.477885 0.901263 -0.120000
v -0.480975 0.906159 -0.120000
v -0.484201 0.910927 -0.120000
v -0.487544 0.915562 -0.120000
v -0.491006 0.920066 -0.120000
v -0.494586 0.924437 -0.120000
v -0.498284 0.928677 -0.120000
v -0.502100 0.932784 -0.120000
v -0.506034 0.936760 -0.120000
v -0.510086 0.940604 -0.120000
v -0.514256 0.944316 -0.120000
v -0.518544 0.947895 -0.120000
v -0.522951 0.951343 -0.120000
v -0.527475 0.954659 -0.120000
v -0.532100 0.957843 -0.120000
v -0.536808 0.960895 -0.120000
v -0.541600 0.963816 -0.120000
v -0.546475 0.966604 -0.120000
v -0.551433 0.969260 -0.120000
v -0.556475 0.971784 -0.120000
v -0.561600 0.974177 -0.120000
v -0.566808 0.976437 -0.120000
v -0.572100 0.978566 -0.120000
v -0.577475 0.980562 -0.120000
v -0.582933 0.982427 -0.120000
v -0.588475 0.984159 -0.120000
v -0.594076 0.985757 -0.120000
v -0.599711 0.987215 -0.120000
v -0.605381 0.988534 -0.120000
v -0.611086 0.989715 -0.120000
v -0.616826 0.990757 -0.120000
v -0.622600 0.991659 -0.120000
v -0.628409 0.992423 -0.120000
v -0.634253 0.993048 -0.120000
v -0.640131 0.993534 -0.120000
v -0.646044 0.993882 -0.120000
v -0.651992 0.994090 -0.120000
v -0.657975 0.994159 -0.120000
v -0.668888 0.993927 -0.120000
v -0.679628 0.993229 -0.120000
v -0.690194 0.992066 -0.120000
v -0.700586 0.990437 -0.120000
v -0.710805 0.988343 -0.120000
v -0.720850 0.985784 -0.120000
v -0.730721 0.982760 -0.120000
v -0.740419 0.979270 -0.120000
v -0.749944 0.975316 -0.120000
v -0.759294 0.970895 -0.120000
v -0.768471 0.966010 -0.120000
v -0.777475 0.960659 -0.120000
v -0.786239 0.954857 -0.120000
v -0.794697 0.948618 -0.120000
v -0.802850 0.941941 -0.120000
v -0.810697 0.934826 -0.120000
v -0.818239 0.927274 -0.120000
v -0.825475 0.919284 -0.120000
v -0.832406 0.910857 -0.120000
v -0.839031 0.901993 -0.120000
v -0.845350 0.892691 -0.120000
v -0.851364 0.882951 -0.120000
v -0.857072 0.872774 -0.120000
v -0.862475 0.862159 -0.120000
v -0.867506 0.851125 -0.120000
v -0.872100 0.839687 -0.120000
v -0.876256 0.827847 -0.120000
v -0.879975 0.815604 -0.120000
v -0.883256 0.802958 -0.120000
v -0.886100 0.789909 -0.120000
v -0.888506 0.776458 -0.120000
v -0.890475 0.762604 -0.120000
v -0.892006 0.748347 -0.120000
v -0.893100 0.733687 -0.120000
v -0.893756 0.718624 -0.120000
v -0.893975 0.703159 -0.120000
v -0.893756 0.687534 -0.120000
v -0.893100 0.672326 -0.120000
v -0.892006 0.657534 -0.120000
v -0.890475 0.643159 -0.120000
v -0.888506 0.629201 -0.120000
v -0.886100 0.615659 -0.120000
v -0.883256 0.602534 -0.120000
v -0.879975 0.589826 -0.120000
v -0.876256 0.577534 -0.120000
v -0.872100 0.565659 -0.120000
v -0.867506 0.554201 -0.120000
v -0.862475 0.543159 -0.120000
v -0.857072 0.532545 -0.120000
v -0.851364 0.522368 -0.120000
v -0.845350 0.512628 -0.120000
v -0.839031 0.503326 -0.120000
v -0.832406 0.494461 -0.120000
v -0.825475 0.486034 -0.120000
v -0.818239 0.478045 -0.120000
v -0.810697 0.470493 -0.120000
v -0.802850 0.463378 -0.120000
v -0.794697 0.456701 -0.120000
v -0.786239 0.450461 -0.120000
v -0.777475 0.444659 -0.120000
v -0.768471 0.439309 -0.120000
v -0.759294 0.434423 -0.120000
v -0.749944 0.430003 -0.120000
v -0.740419 0.426048 -0.120000
v -0.730721 0.422559 -0.120000
v -0.720850 0.419534 -0.120000
v -0.710805 0.416975 -0.120000
v -0.700586 0.414882 -0.120000
v -0.690194 0.413253 -0.120000
v -0.679628 0.412090 -0.120000
v -0.668888 0.411392 -0.120000
v -0.657975 0.411159 -0.120000
v -0.651992 0.411229 -0.120000
v -0.646044 0.411437 -0.120000
v -0.640131 0.411784 -0.120000
v -0.634253 0.412270 -0.120000
v -0.628409 0.412895 -0.120000
v -0.622600 0.413659 -0.120000
v -0.616826 0.414562 -0.120000
v -0.611086 0.415604 -0.120000
v -0.605381 0.416784 -0.120000
v -0.599711 0.418104 -0.120000
v -0.594076 0.419562 -0.120000
v -0.588475 0.421159 -0.120000
v -0.582933 0.422895 -0.120000
v -0.577475 0.424770 -0.120000
v -0.572100 0.426784 -0.120000
v -0.566808 0.428937 -0.120000
v -0.561600 0.431229 -0.120000
v -0.556475 0.433659 -0.120000
v -0.551433 0.436229 -0.120000
v -0.546475 0.438937 -0.120000
v -0.541600 0.441784 -0.120000
v -0.536808 0.444770 -0.120000
v -0.532100 0.447895 -0.120000
v -0.527475 0.451159 -0.120000
v -0.522951 0.454555 -0.120000
v -0.518544 0.458076 -0.120000
v -0.514256 0.461722 -0.120000
v -0.510086 0.465493 -0.120000
v -0.506034 0.469388 -0.120000
v -0.502100 0.473409 -0.120000
v -0.498284 0.477555 -0.120000
v -0.494586 0.481826 -0.120000
v -0.491006 0.486222 -0.120000
v -0.487544 0.490743 -0.120000
v -0.484201 0.495388 -0.120000
v -0.480975 0.500159 -0.120000
v -0.477885 0.505048 -0.120000
v -0.474947 0.510048 -0.120000
v -0.472162 0.515159 -0.120000
v -0.469530 0.520382 -0.120000
v -0.467051 0.525715 -0.120000
v -0.464725 0.531159 -0.120000
v -0.462551 0.536715 -0.120000
v -0.460531 0.542382 -0.120000
v -0.458663 0.548159 -0.120000
v -0.456947 0.554048 -0.120000
v -0.455385 0.560048 -0.120000
v -0.453975 0.566159 -0.120000
v -0.365975 0.566159 -0.120000
v -0.367753 0.557066 -0.120000
v -0.369753 0.548118 -0.120000
v -0.371975 0.539316 -0.120000
v -0.374420 0.530659 -0.120000
v -0.377086 0.522149 -0.120000
v -0.379975 0.513784 -0.120000
v -0.383086 0.505566 -0.120000
v -0.386420 0.497493 -0.120000
v -0.389975 0.489566 -0.120000
v -0.393753 0.481784 -0.120000
v -0.397753 0.474149 -0.120000
v -0.401975 0.466659 -0.120000
v -0.406399 0.459340 -0.120000
v -0.411003 0.452215 -0.120000
v -0.415787 0.445284 -0.120000
v -0.420753 0.438548 -0.120000
v -0.425899 0.432007 -0.120000
v -0.431225 0.425659 -0.120000
v -0.436732 0.419506 -0.120000
v -0.442419 0.413548 -0.120000
v -0.448287 0.407784 -0.120000
v -0.454336 0.402215 -0.120000
v -0.460565 0.396840 -0.120000
v -0.466975 0.391659 -0.120000
v -0.473541 0.386677 -0.120000
v -0.480239 0.381895 -0.120000
v -0.487069 0.377316 -0.120000
v -0.494030 0.372937 -0.120000
v -0.501124 0.368760 -0.120000
v -0.508350 0.364784 -0.120000
v -0.515708 0.361010 -0.120000
v -0.523197 0.357437 -0.120000
v -0.530819 0.354066 -0.120000
v -0.538572 0.350895 -0.120000
v -0.546458 0.347927 -0.120000
v -0.554475 0.345159 -0.120000
v -0.562603 0.342604 -0.120000
v -0.570822 0.340270 -0.120000
v -0.579131 0.338159 -0.120000
v -0.587531 0.336270 -0.120000
v -0.596020 0.334604 -0.120000
v -0.604600 0.333159 -0.120000
v -0.613270 0.331937 -0.120000
v -0.622031 0.330937 -0.120000
v -0.630881 0.330159 -0.120000
v -0.639822 0.329604 -0.120000
v -0.648854 0.329270 -0.120000
v -0.657975 0.329159 -0.120000
v -0.673333 0.329475 -0.120000
v -0.688406 0.330423 -0.120000
v -0.703194 0.332003 -0.120000
v -0.717697 0.334215 -0.120000
v -0.731916 0.337059 -0.120000
v -0.745850 0.340534 -0.120000
v -0.759499 0.344642 -0.120000
v -0.772864 0.349382 -0.120000
v -0.785944 0.354753 -0.120000
v -0.798739 0.360757 -0.120000
v -0.811249 0.367392 -0.120000
v -0.823475 0.374659 -0.120000
v -0.835343 0.382510 -0.120000
v -0.846781 0.390895 -0.120000
v -0.857787 0.399816 -0.120000
v -0.868364 0.409270 -0.120000
v -0.878510 0.419260 -0.120000
v -0.888225 0.429784 -0.120000
v -0.897510 0.440843 -0.120000
v -0.906364 0.452437 -0.120000
v -0.914787 0.464566 -0.120000
v -0.922781 0.477229 -0.120000
v -0.930343 0.490427 -0.120000
v -0.937475 0.504159 -0.120000
v -0.944103 0.518375 -0.120000
v -0.950156 0.533020 -0.120000
v -0.955631 0.548097 -0.120000
v -0.960531 0.563604 -0.120000
v -0.964854 0.579541 -0.120000
v -0.968600 0.595909 -0.120000
v -0.971770 0.612708 -0.120000
v -0.974364 0.629937 -0.120000
v -0.976381 0.647597 -0.120000
v -0.977822 0.665687 -0.120000
v -0.978687 0.684208 -0.120000
v -0.978975 0.703159 -0.120000
v -0.978687 0.722107 -0.120000
v -0.977822 0.740618 -0.120000
v -0.976381 0.758690 -0.120000
v -0.974364 0.776326 -0.120000
v -0.971770 0.793524 -0.120000
v -0.968600 0.810284 -0.120000
v -0.964853 0.826607 -0.120000
v -0.960531 0.842493 -0.120000
v -0.955631 0.857940 -0.120000
v -0.950155 0.872951 -0.120000
v -0.944103 0.887524 -0.120000
v -0.937475 0.901659 -0.120000
v -0.930343 0.915312 -0.120000
v -0.922781 0.928437 -0.120000
v -0.914787 0.941034 -0.120000
v -0.906364 0.953104 -0.120000
v -0.897510 0.964645 -0.120000
v -0.888225 0.975659 -0.120000
v -0.878510 0.986145 -0.120000
v -0.868364 0.996104 -0.120000
v -0.857787 1.005534 -0.120000
v -0.846781 1.014437 -0.120000
v -0.835343 1.022812 -0.120000
v -0.823475 1.030659 -0.120000
v -0.811249 1.037927 -0.120000
v -0.798739 1.044562 -0.120000
v -0.785944 1.050566 -0.120000
v -0.772864 1.055937 -0.120000
v -0.759499 1.060677 -0.120000
v -0.745850 1.064784 -0.120000
v -0.731916 1.068260 -0.120000
v -0.717697 1.071104 -0.120000
v -0.703194 1.073316 -0.120000
v -0.688406 1.074895 -0.120000
v -0.673333 1.075843 -0.120000
v -0.657975 1.076159 -0.120000
v -0.648853 1.076048 -0.120000
v -0.639822 1.075715 -0.120000
v -0.630881 1.075159 -0.120000
v -0.622030 1.074382 -0.120000
v -0.613270 1.073382 -0.120000
v -0.604600 1.072159 -0.120000
v -0.596020 1.070715 -0.120000
v -0.587530 1.069048 -0.120000
v -0.579131 1.067159 -0.120000
v -0.570822 1.065048 -0.120000
v -0.562603 1.062715 -0.120000
v -0.554475 1.060159 -0.120000
v -0.546458 1.057392 -0.120000
v -0.538572 1.054423 -0.120000
v -0.530819 1.051253 -0.120000
v -0.523197 1.047881 -0.120000
v -0.515708 1.044309 -0.120000
v -0.508350 1.040534 -0.120000
v -0.501124 1.036559 -0.120000
v -0.494030 1.032382 -0.120000
v -0.487069 1.028003 -0.120000
v -0.480239 1.023423 -0.120000
v -0.473541 1.018642 -0.120000
v -0.466975 1.013659 -0.120000
v -0.460565 1.008482 -0.120000
v -0.454336 1.003118 -0.120000
v -0.448287 0.997566 -0.120000
v -0.442419 0.991826 -0.120000
v -0.436732 0.985899 -0.120000
v -0.431225 0.979784 -0.120000
v -0.425899 0.973482 -0.120000
v -0.420753 0.966993 -0.120000
v -0.415787 0.960316 -0.120000
v -0.411003 0.953451 -0.120000
v -0.406399 0.946399 -0.120000
v -1.063975 0.339159 -0.120000
v -1.168975 0.339159 -0.120000
v -1.418975 0.673159 -0.120000
v -1.508975 0.673159 -0.120000
v -1.508975 0.339159 -0.120000
v -1.596975 0.339159 -0.120000
v -1.596975 1.066159 -0.120000
v -1.508975 1.066159 -0.120000
v -1.508975 0.751159 -0.120000
v -1.470975 0.751159 -0.120000
v -1.178975 1.066159 -0.120000
v -1.073975 1.066159 -0.120000
v -1.367975 0.747159 -0.120000
v -2.348975 0.339159 -0.120000
v -2.348975 1.066159 -0.120000
v -2.261975 1.066159 -0.120000
v -2.261975 0.494159 -0.120000
v -2.254975 0.494159 -0.120000
v -1.856975 1.066159 -0.120000
v -1.771975 1.066159 -0.120000
v -1.771975 0.339159 -0.120000
v -1.859975 0.339159 -0.120000
v -1.859975 0.910159 -0.120000
v -1.866975 0.910159 -0.120000
v -2.263975 0.339159 -0.120000
v -2.348975 0.339159 -0.120000
v -2.348975 0.339159 0.120000
v -2.348975 1.066159 -0.120000
v -2.348975 1.066159 0.120000
v -2.261975 1.066159 -0.120000
v -2.261975 1.066159 0.120000
v -2.261975 0.494159 -0.120000
v -2.261975 0.494159 0.120000
v -2.254975 0.494159 -0.120000
v -2.254975 0.494159 0.120000
v -1.856975 1.066159 -0.120000
v -1.856975 1.066159 0.120000
v -1.771975 1.066159 -0.120000
v -1.771975 1.066159 0.120000
v -1.771975 0.339159 -0.120000
v -1.771975 0.339159 0.120000
v -1.859975 0.339159 -0.120000
v -1.859975 0.339159 0.120000
v -1.859975 0.910159 -0.120000
v -1.859975 0.910159 0.120000
v -1.866975 0.910159 -0.120000
v -1.866975 0.910159 0.120000
v -2.263975 0.339159 -0.120000
v -2.263975 0.339159 0.120000
v -1.063975 0.339159 -0.120000
v -1.063975 0.339159 0.120000
v -1.168975 0.339159 -0.120000
v -1.168975 0.339159 0.120000
v -1.418975 0.673159 -0.120000
v -1.418975 0.673159 0.120000
v -1.508975 0.673159 -0.120000
v -1.508975 0.673159 0.120000
v -1.508975 0.339159 -0.120000
v -1.508975 0.339159 0.120000
v -1.596975 0.339159 -0.120000
v -1.596975 0.339159 0.120000
v -1.596975 1.066159 -0.120000
v -1.596975 1.066159 0.120000
v -1.508975 1.066159 -0.120000
v -1.508975 1.066159 0.120000
v -1.508975 0.751159 -0.120000
v -1.508975 0.751159 0.120000
v -1.470975 0.751159 -0.120000
v -1.470975 0.751159 0.120000
v -1.178975 1.066159 -0.120000
v -1.178975 1.066159 0.120000
v -1.073975 1.066159 -0.120000
v -1.073975 1.066159 0.120000
v -1.367975 0.747159 -0.120000
v -1.367975 0.747159 0.120000
v -0.401975 0.939159 -0.120000
v -0.401975 0.939159 0.120000
v -0.397753 0.931743 -0.120000
v -0.397753 0.931743 0.120000
v -0.393753 0.924159 -0.120000
v -0.393753 0.924159 0.120000
v -0.389975 0.916409 -0.120000
v -0.389975 0.916409 0.120000
v -0.386420 0.908493 -0.120000
v -0.386420 0.908493 0.120000
v -0.383086 0.900409 -0.120000
v -0.383086 0.900409 0.120000
v -0.379975 0.892159 -0.120000
v -0.379975 0.892159 0.120000
v -0.377086 0.883743 -0.120000
v -0.377086 0.883743 0.120000
v -0.374419 0.875159 -0.120000
v -0.374419 0.875159 0.120000
v -0.371975 0.866409 -0.120000
v -0.371975 0.866409 0.120000
v -0.369753 0.857493 -0.120000
v -0.369753 0.857493 0.120000
v -0.367753 0.848409 -0.120000
v -0.367753 0.848409 0.120000
v -0.365975 0.839159 -0.120000
v -0.365975 0.839159 0.120000
v -0.453975 0.839159 -0.120000
v -0.453975 0.839159 0.120000
v -0.455385 0.845430 -0.120000
v -0.455385 0.845430 0.120000
v -0.456947 0.851576 -0.120000
v -0.456947 0.851576 0.120000
v -0.458663 0.857597 -0.120000
v -0.458663 0.857597 0.120000
v -0.460531 0.863493 -0.120000
v -0.460531 0.863493 0.120000
v -0.462551 0.869264 -0.120000
v -0.462551 0.869264 0.120000
v -0.464725 0.874909 -0.120000
v -0.464725 0.874909 0.120000
v -0.467051 0.880430 -0.120000
v -0.467051 0.880430 0.120000
v -0.469530 0.885826 -0.120000
v -0.469530 0.885826 0.120000
v -0.472162 0.891097 -0.120000
v -0.472162 0.891097 0.120000
v -0.474947 0.896243 -0.120000
v -0.474947 0.896243 0.120000
v -0.477885 0.901263 -0.120000
v -0.477885 0.901263 0.120000
v -0.480975 0.906159 -0.120000
v -0.480975 0.906159 0.120000
v -0.484201 0.910927 -0.120000
v -0.484201 0.910927 0.120000
v -0.487544 0.915562 -0.120000
v -0.487544 0.915562 0.120000
v -0.491006 0.920066 -0.120000
v -0.491006 0.920066 0.120000
v -0.494586 0.924437 -0.120000
v -0.494586 0.924437 0.120000
v -0.498284 0.928677 -0.120000
v -0.498284 0.928677 0.120000
v -0.502100 0.932784 -0.120000
v -0.502100 0.932784 0.120000
v -0.506034 0.936760 -0.120000
v -0.506034 0.936760 0.120000
v -0.510086 0.940604 -0.120000
v -0.510086 0.940604 0.120000
v -0.514256 0.944316 -0.120000
v -0.514256 0.944316 0.120000
v -0.518544 0.947895 -0.120000
v -0.518544 0.947895 0.120000
v -0.522951 0.951343 -0.120000
v -0.522951 0.951343 0.120000
v -0.527475 0.954659 -0.120000
v -0.527475 0.954659 0.120000
v -0.532100 0.957843 -0.120000
v -0.532100 0.957843 0.120000
v -0.536808 0.960895 -0.120000
v -0.536808 0.960895 0.120000
v -0.541600 0.963816 -0.120000
v -0.541600 0.963816 0.120000
v -0.546475 0.966604 -0.120000
v -0.546475 0.966604 0.120000
v -0.551433 0.969260 -0.120000
v -0.551433 0.969260 0.120000
v -0.556475 0.971784 -0.120000
v -0.556475 0.971784 0.120000
v -0.561600 0.974177 -0.120000
v -0.561600 0.974177 0.120000
v -0.566808 0.976437 -0.120000
v -0.566808 0.976437 0.120000
v -0.572100 0.978566 -0.120000
v -0.572100 0.978566 0.120000
v -0.577475 0.980562 -0.120000
v -0.577475 0.980562 0.120000
v -0.582933 0.982427 -0.120000
v -0.582933 0.982427 0.120000
v -0.588475 0.984159 -0.120000
v -0.588475 0.984159 0.120000
v -0.594076 0.985757 -0.120000
v -0.594076 0.985757 0.120000
v -0.599711 0.987215 -0.120000
v -0.599711 0.987215 0.120000
v -0.605381 0.988534 -0.120000
v -0.605381 0.988534 0.120000
v -0.611086 0.989715 -0.120000
v -0.611086 0.989715 0.120000
v -0.616826 0.990757 -0.120000
v -0.616826 0.990757 0.120000
v -0.622600 0.991659 -0.120000
v -0.622600 0.991659 0.120000
v -0.628409 0.992423 -0.120000
v -0.628409 0.992423 0.120000
v -0.634253 0.993048 -0.120000
v -0.634253 0.993048 0.120000
v -0.640131 0.993534 -0.120000
v -0.640131 0.993534 0.120000
v -0.646044 0.993882 -0.120000
v -0.646044 0.993882 0.120000
v -0.651992 0.994090 -0.120000
v -0.651992 0.994090 0.120000
v -0.657975 0.994159 -0.120000
v -0.657975 0.994159 0.120000
v -0.668888 0.993927 -0.120000
v -0.668888 0.993927 0.120000
v -0.679628 0.993229 -0.120000
v -0.679628 0.993229 0.120000
v -0.690194 0.992066 -0.120000
v -0.690194 0.992066 0.120000
v -0.700586 0.990437 -0.120000
v -0.700586 0.990437 0.120000
v -0.710805 0.988343 -0.120000
v -0.710805 0.988343 0.120000
v -0.720850 0.985784 -0.120000
v -0.720850 0.985784 0.120000
v -0.730721 0.982760 -0.120000
v -0.730721 0.982760 0.120000
v -0.740419 0.979270 -0.120000
v -0.740419 0.979270 0.120000
v -0.749944 0.975316 -0.120000
v -0.749944 0.975316 0.120000
v -0.759294 0.970895 -0.120000
v -0.759294 0.970895 0.120000
v -0.768471 0.966010 -0.120000
v -0.768471 0.966010 0.120000
v -0.777475 0.960659 -0.120000
v -0.777475 0.960659 0.120000
v -0.786239 0.954857 -0.120000
v -0.786239 0.954857 0.120000
v -0.794697 0.948618 -0.120000
v -0.794697 0.948618 0.120000
v -0.802850 0.941941 -0.120000
v -0.802850 0.941941 0.120000
v -0.810697 0.934826 -0.120000
v -0.810697 0.934826 0.120000
v -0.818239 0.927274 -0.120000
v -0.818239 0.927274 0.120000
v -0.825475 0.919284 -0.120000
v -0.825475 0.919284 0.120000
v -0.832406 0.910857 -0.120000
v -0.832406 0.910857 0.120000
v -0.839031 0.901993 -0.120000
v -0.839031 0.901993 0.120000
v -0.845350 0.892691 -0.120000
v -0.845350 0.892691 0.120000
v -0.851364 0.882951 -0.120000
v -0.851364 0.882951 0.120000
v -0.857072 0.872774 -0.120000
v -0.857072 0.872774 0.120000
v -0.862475 0.862159 -0.120000
v -0.862475 0.862159 0.120000
v -0.867506 0.851125 -0.120000
v -0.867506 0.851125 0.120000
v -0.872100 0.839687 -0.120000
v -0.872100 0.839687 0.120000
v -0.876256 0.827847 -0.120000
v -0.876256 0.827847 0.120000
v -0.879975 0.815604 -0.120000
v -0.879975 0.815604 0.120000
v -0.883256 0.802958 -0.120000
v -0.883256 0.802958 0.120000
v -0.886100 0.789909 -0.120000
v -0.886100 0.789909 0.120000
v -0.888506 0.776458 -0.120000
v -0.888506 0.776458 0.120000
v -0.890475 0.762604 -0.120000
v -0.890475 0.762604 0.120000
v -0.892006 0.748347 -0.120000
v -0.892006 0.748347 0.120000
v -0.893100 0.733687 -0.120000
v -0.893100 0.733687 0.120000
v -0.893756 0.718624 -0.120000
v -0.893756 0.718624 0.120000
v -0.893975 0.703159 -0.120000
v -0.893975 0.703159 0.120000
v -0.893756 0.687534 -0.120000
v -0.893756 0.687534 0.120000
v -0.893100 0.672326 -0.120000
v -0.893100 0.672326 0.120000
v -0.892006 0.657534 -0.120000
v -0.892006 0.657534 0.120000
v -0.890475 0.643159 -0.120000
v -0.890475 0.643159 0.120000
v -0.888506 0.629201 -0.120000
v -0.888506 0.629201 0.120000
v -0.886100 0.615659 -0.120000
v -0.886100 0.615659 0.120000
v -0.883256 0.602534 -0.120000
v -0.883256 0.602534 0.120000
v -0.879975 0.589826 -0.120000
v -0.879975 0.589826 0.120000
v -0.876256 0.577534 -0.120000
v -0.876256 0.577534 0.120000
v -0.872100 0.565659 -0.120000
v -0.872100 0.565659 0.120000
v -0.867506 0.554201 -0.120000
v -0.867506 0.554201 0.120000
v -0.862475 0.543159 -0.120000
v -0.862475 0.543159 0.120000
v -0.857072 0.532545 -0.120000
v -0.857072 0.532545 0.120000
v -0.851364 0.522368 -0.120000
v -0.851364 0.522368 0.120000
v -0.845350 0.512628 -0.120000
v -0.845350 0.512628 0.120000
v -0.839031 0.503326 -0.120000
v -0.839031 0.503326 0.120000
v -0.832406 0.494461 -0.120000
v -0.832406 0.494461 0.120000
v -0.825475 0.486034 -0.120000
v -0.825475 0.486034 0.120000
v -0.818239 0.478045 -0.120000
v -0.818239 0.478045 0.120000
v -0.810697 0.470493 -0.120000
v -0.810697 0.470493 0.120000
v -0.802850 0.463378 -0.120000
v -0.802850 0.463378 0.120000
v -0.794697 0.456701 -0.120000
v -0.794697 0.456701 0.120000
v -0.786239 0.450461 -0.120000
v -0.786239 0.450461 0.120000
v -0.777475 0.444659 -0.120000
v -0.777475 0.444659 0.120000
v -0.768471 0.439309 -0.120000
v -0.768471 0.439309 0.120000
v -0.759294 0.434423 -0.120000
v -0.759294 0.434423 0.120000
v -0.749944 0.430003 -0.120000
v -0.749944 0.430003 0.120000
v -0.740419 0.426048 -0.120000
v -0.740419 0.426048 0.120000
v -0.730721 0.422559 -0.120000
v -0.730721 0.422559 0.120000
v -0.720850 0.419534 -0.120000
v -0.720850 0.419534 0.120000
v -0.710805 0.416975 -0.120000
v -0.710805 0.416975 0.120000
v -0.700586 0.414882 -0.120000
v -0.700586 0.414881 0.120000
v -0.690194 0.413253 -0.120000
v -0.690194 0.413253 0.120000
v -0.679628 0.412090 -0.120000
v -0.679628 0.412090 0.120000
v -0.668888 0.411392 -0.120000
v -0.668888 0.411392 0.120000
v -0.657975 0.411159 -0.120000
v -0.657975 0.411159 0.120000
v -0.651992 0.411229 -0.120000
v -0.651992 0.411229 0.120000
v -0.646044 0.411437 -0.120000
v -0.646044 0.411437 0.120000
v -0.640131 0.411784 -0.120000
v -0.640131 0.411784 0.120000
v -0.634253 0.412270 -0.120000
v -0.634253 0.412270 0.120000
v -0.628409 0.412895 -0.120000
v -0.628409 0.412895 0.120000
v -0.622600 0.413659 -0.120000
v -0.622600 0.413659 0.120000
v -0.616826 0.414562 -0.120000
v -0.616826 0.414562 0.120000
v -0.611086 0.415604 -0.120000
v -0.611086 0.415604 0.120000
v -0.605381 0.416784 -0.120000
v -0.605381 0.416784 0.120000
v -0.599711 0.418104 -0.120000
v -0.599711 0.418104 0.120000
v -0.594076 0.419562 -0.120000
v -0.594076 0.419562 0.120000
v -0.588475 0.421159 -0.120000
v -0.588475 0.421159 0.120000
v -0.582933 0.422895 -0.120000
v -0.582933 0.422895 0.120000
v -0.577475 0.424770 -0.120000
v -0.577475 0.424770 0.120000
v -0.572100 0.426784 -0.120000
v -0.572100 0.426784 0.120000
v -0.566808 0.428937 -0.120000
v -0.566808 0.428937 0.120000
v -0.561600 0.431229 -0.120000
v -0.561600 0.431229 0.120000
v -0.556475 0.433659 -0.120000
v -0.556475 0.433659 0.120000
v -0.551433 0.436229 -0.120000
v -0.551433 0.436229 0.120000
v -0.546475 0.438937 -0.120000
v -0.546475 0.438937 0.120000
v -0.541600 0.441784 -0.120000
v -0.541600 0.441784 0.120000
v -0.536808 0.444770 -0.120000
v -0.536808 0.444770 0.120000
v -0.532100 0.447895 -0.120000
v -0.532100 0.447895 0.120000
v -0.527475 0.451159 -0.120000
v -0.527475 0.451159 0.120000
v -0.522951 0.454555 -0.120000
v -0.522951 0.454555 0.120000
v -0.518544 0.458076 -0.120000
v -0.518544 0.458076 0.120000
v -0.514256 0.461722 -0.120000
v -0.514256 0.461722 0.120000
v -0.510086 0.465493 -0.120000
v -0.510086 0.465493 0.120000
v -0.506034 0.469388 -0.120000
v -0.506034 0.469388 0.120000
v -0.502100 0.473409 -0.120000
v -0.502100 0.473409 0.120000
v -0.498284 0.477555 -0.120000
v -0.498284 0.477555 0.120000
v -0.494586 0.481826 -0.120000
v -0.494586 0.481826 0.120000
v -0.491006 0.486222 -0.120000
v -0.491006 0.486222 0.120000
v -0.487544 0.490743 -0.120000
v -0.487544 0.490743 0.120000
v -0.484201 0.495388 -0.120000
v -0.484201 0.495388 0.120000
v -0.480975 0.500159 -0.120000
v -0.480975 0.500159 0.120000
v -0.477885 0.505048 -0.120000
v -0.477885 0.505048 0.120000
v -0.474947 0.510048 -0.120000
v -0.474947 0.510048 0.120000
v -0.472162 0.515159 -0.120000
v -0.472162 0.515159 0.120000
v -0.469530 0.520382 -0.120000
v -0.469530 0.520382 0.120000
v -0.467051 0.525715 -0.120000
v -0.467051 0.525715 0.120000
v -0.464725 0.531159 -0.120000
v -0.464725 0.531159 0.120000
v -0.462551 0.536715 -0.120000
v -0.462551 0.536715 0.120000
v -0.460531 0.542382 -0.120000
v -0.460531 0.542382 0.120000
v -0.458663 0.548159 -0.120000
v -0.458663 0.548159 0.120000
v -0.456947 0.554048 -0.120000
v -0.456947 0.554048 0.120000
v -0.455385 0.560048 -0.120000
v -0.455385 0.560048 0.120000
v -0.453975 0.566159 -0.120000
v -0.453975 0.566159 0.120000
v -0.365975 0.566159 -0.120000
v -0.365975 0.566159 0.120000
v -0.367753 0.557066 -0.120000
v -0.367753 0.557066 0.120000
v -0.369753 0.548118 -0.120000
v -0.369753 0.548118 0.120000
v -0.371975 0.539316 -0.120000
v -0.371975 0.539316 0.120000
v -0.374420 0.530659 -0.120000
v -0.374420 0.530659 0.120000
v -0.377086 0.522149 -0.120000
v -0.377086 0.522149 0.120000
v -0.379975 0.513784 -0.120000
v -0.379975 0.513784 0.120000
v -0.383086 0.505566 -0.120000
v -0.383086 0.505566 0.120000
v -0.386420 0.497493 -0.120000
v -0.386420 0.497493 0.120000
v -0.389975 0.489566 -0.120000
v -0.389975 0.489566 0.120000
v -0.393753 0.481784 -0.120000
v -0.393753 0.481784 0.120000
v -0.397753 0.474149 -0.120000
v -0.397753 0.474149 0.120000
v -0.401975 0.466659 -0.120000
v -0.401975 0.466659 0.120000
v -0.406399 0.459340 -0.120000
v -0.406399 0.459340 0.120000
v -0.411003 0.452215 -0.120000
v -0.411003 0.452215 0.120000
v -0.415787 0.445284 -0.120000
v -0.415787 0.445284 0.120000
v -0.420753 0.438548 -0.120000
v -0.420753 0.438548 0.120000
v -0.425899 0.432007 -0.120000
v -0.425899 0.432006 0.120000
v -0.431225 0.425659 -0.120000
v -0.431225 0.425659 0.120000
v -0.436732 0.419506 -0.120000
v -0.436732 0.419506 0.120000
v -0.442419 0.413548 -0.120000
v -0.442419 0.413548 0.120000
v -0.448287 0.407784 -0.120000
v -0.448287 0.407784 0.120000
v -0.454336 0.402215 -0.120000
v -0.454336 0.402215 0.120000
v -0.460565 0.396840 -0.120000
v -0.460565 0.396840 0.120000
v -0.466975 0.391659 -0.120000
v -0.466975 0.391659 0.120000
v -0.473541 0.386677 -0.120000
v -0.473541 0.386677 0.120000
v -0.480239 0.381895 -0.120000
v -0.480239 0.381895 0.120000
v -0.487069 0.377316 -0.120000
v -0.487069 0.377316 0.120000
v -0.494030 0.372937 -0.120000
v -0.494030 0.372937 0.120000
v -0.501124 0.368760 -0.120000
v -0.501124 0.368760 0.120000
v -0.508350 0.364784 -0.120000
v -0.508350 0.364784 0.120000
v -0.515708 0.361010 -0.120000
v -0.515708 0.361010 0.120000
v -0.523197 0.357437 -0.120000
v -0.523197 0.357437 0.120000
v -0.530819 0.354066 -0.120000
v -0.530819 0.354066 0.120000
v -0.538572 0.350895 -0.120000
v -0.538572 0.350895 0.120000
v -0.546458 0.347927 -0.120000
v -0.546458 0.347927 0.120000
v -0.554475 0.345159 -0.120000
v -0.554475 0.345159 0.120000
v -0.562603 0.342604 -0.120000
v -0.562603 0.342604 0.120000
v -0.570822 0.340270 -0.120000
v -0.570822 0.340270 0.120000
v -0.579131 0.338159 -0.120000
v -0.579131 0.338159 0.120000
v -0.587531 0.336270 -0.120000
v -0.587531 0.336270 0.120000
v -0.596020 0.334604 -0.120000
v -0.596020 0.334604 0.120000
v -0.604600 0.333159 -0.120000
v -0.604600 0.333159 0.120000
v -0.613270 0.331937 -0.120000
v -0.613270 0.331937 0.120000
v -0.622031 0.330937 -0.120000
v -0.622031 0.330937 0.120000
v -0.630881 0.330159 -0.120000
v -0.630881 0.330159 0.120000
v -0.639822 0.329604 -0.120000
v -0.639822 0.329604 0.120000
v -0.648854 0.329270 -0.120000
v -0.648854 0.329270 0.120000
v -0.657975 0.329159 -0.120000
v -0.657975 0.329159 0.120000
v -0.673333 0.329475 -0.120000
v -0.673333 0.329475 0.120000
v -0.688406 0.330423 -0.120000
v -0.688406 0.330423 0.120000
v -0.703194 0.332003 -0.120000
v -0.703194 0.332003 0.120000
v -0.717697 0.334215 -0.120000
v -0.717697 0.334215 0.120000
v -0.731916 0.337059 -0.120000
v -0.731916 0.337059 0.120000
v -0.745850 0.340534 -0.120000
v -0.745850 0.340534 0.120000
v -0.759499 0.344642 -0.120000
v -0.759499 0.344642 0.120000
v -0.772864 0.349382 -0.120000
v -0.772864 0.349382 0.120000
v -0.785944 0.354753 -0.120000
v -0.785944 0.354753 0.120000
v -0.798739 0.360757 -0.120000
v -0.798739 0.360756 0.120000
v -0.811249 0.367392 -0.120000
v -0.811249 0.367392 0.120000
v -0.823475 0.374659 -0.120000
v -0.823475 0.374659 0.120000
v -0.835343 0.382510 -0.120000
v -0.835343 0.382510 0.120000
v -0.846781 0.390895 -0.120000
v -0.846781 0.390895 0.120000
v -0.857787 0.399816 -0.120000
v -0.857787 0.399816 0.120000
v -0.868364 0.409270 -0.120000
v -0.868364 0.409270 0.120000
v -0.878510 0.419260 -0.120000
v -0.878510 0.419260 0.120000
v -0.888225 0.429784 -0.120000
v -0.888225 0.429784 0.120000
v -0.897510 0.440843 -0.120000
v -0.897510 0.440843 0.120000
v -0.906364 0.452437 -0.120000
v -0.906364 0.452437 0.120000
v -0.914787 0.464566 -0.120000
v -0.914787 0.464566 0.120000
v -0.922781 0.477229 -0.120000
v -0.922781 0.477229 0.120000
v -0.930343 0.490427 -0.120000
v -0.930343 0.490427 0.120000
v -0.937475 0.504159 -0.120000
v -0.937475 0.504159 0.120000
v -0.944103 0.518375 -0.120000
v -0.944103 0.518375 0.120000
v -0.950156 0.533020 -0.120000
v -0.950156 0.533020 0.120000
v -0.955631 0.548097 -0.120000
v -0.955631 0.548097 0.120000
v -0.960531 0.563604 -0.120000
v -0.960531 0.563604 0.120000
v -0.964854 0.579541 -0.120000
v -0.964854 0.579541 0.120000
v -0.968600 0.595909 -0.120000
v -0.968600 0.595909 0.120000
v -0.971770 0.612708 -0.120000
v -0.971770 0.612708 0.120000
v -0.974364 0.629937 -0.120000
v -0.974364 0.629937 0.120000
v -0.976381 0.647597 -0.120000
v -0.976381 0.647597 0.120000
v -0.977822 0.665687 -0.120000
v -0.977822 0.665687 0.120000
v -0.978687 0.684208 -0.120000
v -0.978687 0.684208 0.120000
v -0.978975 0.703159 -0.120000
v -0.978975 0.703159 0.120000
v -0.978687 0.722107 -0.120000
v -0.978687 0.722107 0.120000
v -0.977822 0.740618 -0.120000
v -0.977822 0.740618 0.120000
v -0.976381 0.758690 -0.120000
v -0.976381 0.758690 0.120000
v -0.974364 0.776326 -0.120000
v -0.974364 0.776326 0.120000
v -0.971770 0.793524 -0.120000
v -0.971770 0.793524 0.120000
v -0.968600 0.810284 -0.120000
v -0.968600 0.810284 0.120000
v -0.964853 0.826607 -0.120000
v -0.964853 0.826607 0.120000
v -0.960531 0.842493 -0.120000
v -0.960531 0.842493 0.120000
v -0.955631 0.857940 -0.120000
v -0.955631 0.857940 0.120000
v -0.950155 0.872951 -0.120000
v -0.950155 0.872951 0.120000
v -0.944103 0.887524 -0.120000
v -0.944103 0.887524 0.120000
v -0.937475 0.901659 -0.120000
v -0.937475 0.901659 0.120000
v -0.930343 0.915312 -0.120000
v -0.930343 0.915312 0.120000
v -0.922781 0.928437 -0.120000
v -0.922781 0.928437 0.120000
v -0.914787 0.941034 -0.120000
v -0.914787 0.941034 0.120000
v -0.906364 0.953104 -0.120000
v -0.906364 0.953104 0.120000
v -0.897510 0.964645 -0.120000
v -0.897510 0.964645 0.120000
v -0.888225 0.975659 -0.120000
v -0.888225 0.975659 0.120000
v -0.878510 0.986145 -0.120000
v -0.878510 0.986145 0.120000
v -0.868364 0.996104 -0.120000
v -0.868364 0.996104 0.120000
v -0.857787 1.005534 -0.120000
v -0.857787 1.005534 0.120000
v -0.846781 1.014437 -0.120000
v -0.846781 1.014437 0.120000
v -0.835343 1.022812 -0.120000
v -0.835343 1.022812 0.120000
v -0.823475 1.030659 -0.120000
v -0.823475 1.030659 0.120000
v -0.811249 1.037927 -0.120000
v -0.811249 1.037927 0.120000
v -0.798739 1.044562 -0.120000
v -0.798739 1.044562 0.120000
v -0.785944 1.050566 -0.120000
v -0.785944 1.050566 0.120000
v -0.772864 1.055937 -0.120000
v -0.772864 1.055937 0.120000
v -0.759499 1.060677 -0.120000
v -0.759499 1.060677 0.120000
v -0.745850 1.064784 -0.120000
v -0.745850 1.064784 0.120000
v -0.731916 1.068260 -0.120000
v -0.731916 1.068260 0.120000
v -0.717697 1.071104 -0.120000
v -0.717697 1.071104 0.120000
v -0.703194 1.073316 -0.120000
v -0.703194 1.073316 0.120000
v -0.688406 1.074895 -0.120000
v -0.688406 1.074895 0.120000
v -0.673333 1.075843 -0.120000
v -0.673333 1.075843 0.120000
v -0.657975 1.076159 -0.120000
v -0.657975 1.076159 0.120000
v -0.648853 1.076048 -0.120000
v -0.648853 1.076048 0.120000
v -0.639822 1.075715 -0.120000
v -0.639822 1.075715 0.120000
v -0.630881 1.075159 -0.120000
v -0.630881 1.075159 0.120000
v -0.622030 1.074382 -0.120000
v -0.622030 1.074382 0.120000
v -0.613270 1.073382 -0.120000
v -0.613270 1.073382 0.120000
v -0.604600 1.072159 -0.120000
v -0.604600 1.072159 0.120000
v -0.596020 1.070715 -0.120000
v -0.596020 1.070715 0.120000
v -0.587530 1.069048 -0.120000
v -0.587530 1.069048 0.120000
v -0.579131 1.067159 -0.120000
v -0.579131 1.067159 0.120000
v -0.570822 1.065048 -0.120000
v -0.570822 1.065048 0.120000
v -0.562603 1.062715 -0.120000
v -0.562603 1.062715 0.120000
v -0.554475 1.060159 -0.120000
v -0.554475 1.060159 0.120000
v -0.546458 1.057392 -0.120000
v -0.546458 1.057392 0.120000
v -0.538572 1.054423 -0.120000
v -0.538572 1.054423 0.120000
v -0.530819 1.051253 -0.120000
v -0.530819 1.051253 0.120000
v -0.523197 1.047881 -0.120000
v -0.523197 1.047881 0.120000
v -0.515708 1.044309 -0.120000
v -0.515708 1.044309 0.120000
v -0.508350 1.040534 -0.120000
v -0.508350 1.040534 0.120000
v -0.501124 1.036559 -0.120000
v -0.501124 1.036559 0.120000
v -0.494030 1.032382 -0.120000
v -0.494030 1.032382 0.120000
v -0.487069 1.028003 -0.120000
v -0.487069 1.028003 0.120000
v -0.480239 1.023423 -0.120000
v -0.480239 1.023423 0.120000
v -0.473541 1.018642 -0.120000
v -0.473541 1.018642 0.120000
v -0.466975 1.013659 -0.120000
v -0.466975 1.013659 0.120000
v -0.460565 1.008482 -0.120000
v -0.460565 1.008482 0.120000
v -0.454336 1.003118 -0.120000
v -0.454336 1.003118 0.120000
v -0.448287 0.997566 -0.120000
v -0.448287 0.997566 0.120000
v -0.442419 0.991826 -0.120000
v -0.442419 0.991826 0.120000
v -0.436732 0.985899 -0.120000
v -0.436732 0.985899 0.120000
v -0.431225 0.979784 -0.120000
v -0.431225 0.979784 0.120000
v -0.425899 0.973482 -0.120000
v -0.425899 0.973482 0.120000
v -0.420753 0.966993 -0.120000
v -0.420753 0.966993 0.120000
v -0.415787 0.960316 -0.120000
v -0.415787 0.960316 0.120000
v -0.411003 0.953451 -0.120000
v -0.411003 0.953451 0.120000
v -0.406399 0.946399 -0.120000
v -0.406399 0.946399 0.120000
v 0.023025 0.951159 -0.120000
v 0.023025 0.951159 0.120000
v -0.193975 0.339159 -0.120000
v -0.193975 0.339159 0.120000
v -0.285975 0.339159 -0.120000
v -0.285975 0.339159 0.120000
v -0.018975 1.066159 -0.120000
v -0.018975 1.066159 0.120000
v 0.072025 1.066159 -0.120000
v 0.072025 1.066159 0.120000
v 0.339025 0.339159 -0.120000
v 0.339025 0.339159 0.120000
v 0.246025 0.339159 -0.120000
v 0.246025 0.339159 0.120000
v 0.029025 0.951159 -0.120000
v 0.029025 0.951159 0.120000
v 0.212025 0.545159 -0.120000
v 0.212025 0.545159 0.120000
v 0.212025 0.623159 -0.120000
v 0.212025 0.623159 0.120000
v -0.159975 0.623159 -0.120000
v -0.159975 0.623159 0.120000
v -0.159975 0.545159 -0.120000
v -0.159975 0.545159 0.120000
v 0.540025 0.339159 -0.120000
v 0.540025 0.339159 0.120000
v 0.452025 0.339159 -0.120000
v 0.452025 0.339159 0.120000
v 0.452025 1.066159 -0.120000
v 0.452025 1.066159 0.120000
v 0.540025 1.066159 -0.120000
v 0.540025 1.066159 0.120000
v 0.540025 0.742159 -0.120000
v 0.540025 0.742159 0.120000
v 0.928025 0.742159 -0.120000
v 0.928025 0.742159 0.120000
v 0.928025 1.066159 -0.120000
v 0.928025 1.066159 0.120000
v 1.016025 1.066159 -0.120000
v 1.016025 1.066159 0.120000
v 1.016025 0.339159 -0.120000
v 1.016025 0.339159 0.120000
v 0.928025 0.339159 -0.120000
v 0.928025 0.339159 0.120000
v 0.928025 0.664159 -0.120000
v 0.928025 0.664159 0.120000
v 0.540025 0.664159 -0.120000
v 0.540025 0.664159 0.120000
v 1.764525 0.901659 -0.120000
v 1.764525 0.901659 0.120000
v 1.771153 0.887524 -0.120000
v 1.771153 0.887524 0.120000
v 1.777205 0.872951 -0.120000
v 1.777205 0.872951 0.120000
v 1.782681 0.857941 -0.120000
v 1.782681 0.857941 0.120000
v 1.787580 0.842493 -0.120000
v 1.787580 0.842493 0.120000
v 1.791903 0.826607 -0.120000
v 1.791903 0.826607 0.120000
v 1.795650 0.810284 -0.120000
v 1.795650 0.810284 0.120000
v 1.798820 0.793524 -0.120000
v 1.798820 0.793524 0.120000
v 1.801414 0.776326 -0.120000
v 1.801414 0.776326 0.120000
v 1.803431 0.758691 -0.120000
v 1.803431 0.758691 0.120000
v 1.804872 0.740618 -0.120000
v 1.804872 0.740618 0.120000
v 1.805737 0.722107 -0.120000
v 1.805737 0.722107 0.120000
v 1.806025 0.703159 -0.120000
v 1.806025 0.703159 0.120000
v 1.805737 0.684208 -0.120000
v 1.805737 0.684208 0.120000
v 1.804873 0.665687 -0.120000
v 1.804873 0.665687 0.120000
v 1.803432 0.647597 -0.120000
v 1.803432 0.647597 0.120000
v 1.801414 0.629937 -0.120000
v 1.801414 0.629937 0.120000
v 1.798820 0.612708 -0.120000
v 1.798820 0.612708 0.120000
v 1.795650 0.595909 -0.120000
v 1.795650 0.595909 0.120000
v 1.791904 0.579541 -0.120000
v 1.791904 0.579541 0.120000
v 1.787581 0.563604 -0.120000
v 1.787581 0.563604 0.120000
v 1.782681 0.548097 -0.120000
v 1.782681 0.548097 0.120000
v 1.777206 0.533020 -0.120000
v 1.777206 0.533020 0.120000
v 1.771154 0.518375 -0.120000
v 1.771154 0.518375 0.120000
v 1.764525 0.504159 -0.120000
v 1.764525 0.504159 0.120000
v 1.757393 0.490427 -0.120000
v 1.757393 0.490427 0.120000
v 1.749830 0.477229 -0.120000
v 1.749830 0.477229 0.120000
v 1.741837 0.464566 -0.120000
v 1.741837 0.464566 0.120000
v 1.733413 0.452437 -0.120000
v 1.733413 0.452437 0.120000
v 1.724559 0.440843 -0.120000
v 1.724559 0.440843 0.120000
v 1.715275 0.429784 -0.120000
v 1.715275 0.429784 0.120000
v 1.705560 0.419260 -0.120000
v 1.705560 0.419260 0.120000
v 1.695414 0.409270 -0.120000
v 1.695414 0.409270 0.120000
v 1.684838 0.399816 -0.120000
v 1.684838 0.399816 0.120000
v 1.673831 0.390895 -0.120000
v 1.673831 0.390895 0.120000
v 1.662394 0.382510 -0.120000
v 1.662394 0.382510 0.120000
v 1.650525 0.374659 -0.120000
v 1.650525 0.374659 0.120000
v 1.638299 0.367392 -0.120000
v 1.638299 0.367392 0.120000
v 1.625789 0.360757 -0.120000
v 1.625789 0.360756 0.120000
v 1.612994 0.354753 -0.120000
v 1.612994 0.354753 0.120000
v 1.599915 0.349382 -0.120000
v 1.599915 0.349382 0.120000
v 1.586550 0.344642 -0.120000
v 1.586550 0.344642 0.120000
v 1.572900 0.340534 -0.120000
v 1.572900 0.340534 0.120000
v 1.558966 0.337059 -0.120000
v 1.558966 0.337059 0.120000
v 1.544747 0.334215 -0.120000
v 1.544747 0.334215 0.120000
v 1.530244 0.332003 -0.120000
v 1.530244 0.332003 0.120000
v 1.515456 0.330423 -0.120000
v 1.515456 0.330423 0.120000
v 1.500383 0.329475 -0.120000
v 1.500383 0.329475 0.120000
v 1.485025 0.329159 -0.120000
v 1.485025 0.329159 0.120000
v 1.469667 0.329475 -0.120000
v 1.469667 0.329475 0.120000
v 1.454595 0.330423 -0.120000
v 1.454595 0.330423 0.120000
v 1.439806 0.332003 -0.120000
v 1.439806 0.332003 0.120000
v 1.425303 0.334215 -0.120000
v 1.425303 0.334215 0.120000
v 1.411084 0.337059 -0.120000
v 1.411084 0.337059 0.120000
v 1.397150 0.340534 -0.120000
v 1.397150 0.340534 0.120000
v 1.383501 0.344642 -0.120000
v 1.383501 0.344642 0.120000
v 1.370136 0.349382 -0.120000
v 1.370136 0.349382 0.120000
v 1.357056 0.354753 -0.120000
v 1.357056 0.354753 0.120000
v 1.344261 0.360757 -0.120000
v 1.344261 0.360756 0.120000
v 1.331751 0.367392 -0.120000
v 1.331751 0.367392 0.120000
v 1.319525 0.374659 -0.120000
v 1.319525 0.374659 0.120000
v 1.307657 0.382510 -0.120000
v 1.307657 0.382510 0.120000
v 1.296220 0.390895 -0.120000
v 1.296220 0.390895 0.120000
v 1.285213 0.399816 -0.120000
v 1.285213 0.399816 0.120000
v 1.274636 0.409270 -0.120000
v 1.274636 0.409270 0.120000
v 1.264490 0.419260 -0.120000
v 1.264490 0.419260 0.120000
v 1.254775 0.429784 -0.120000
v 1.254775 0.429784 0.120000
v 1.245490 0.440843 -0.120000
v 1.245490 0.440843 0.120000
v 1.236636 0.452437 -0.120000
v 1.236636 0.452437 0.120000
v 1.228213 0.464566 -0.120000
v 1.228213 0.464566 0.120000
v 1.220220 0.477229 -0.120000
v 1.220220 0.477229 0.120000
v 1.212657 0.490427 -0.120000
v 1.212657 0.490427 0.120000
v 1.205525 0.504159 -0.120000
v 1.205525 0.504159 0.120000
v 1.198897 0.518375 -0.120000
v 1.198897 0.518375 0.120000
v 1.192845 0.533020 -0.120000
v 1.192845 0.533020 0.120000
v 1.187369 0.548097 -0.120000
v 1.187369 0.548097 0.120000
v 1.182470 0.563604 -0.120000
v 1.182470 0.563604 0.120000
v 1.178147 0.579541 -0.120000
v 1.178147 0.579541 0.120000
v 1.174400 0.595909 -0.120000
v 1.174400 0.595909 0.120000
v 1.171230 0.612708 -0.120000
v 1.171230 0.612708 0.120000
v 1.168636 0.629937 -0.120000
v 1.168636 0.629937 0.120000
v 1.166619 0.647597 -0.120000
v 1.166619 0.647597 0.120000
v 1.165178 0.665687 -0.120000
v 1.165178 0.665687 0.120000
v 1.164313 0.684208 -0.120000
v 1.164313 0.684208 0.120000
v 1.164025 0.703159 -0.120000
v 1.164025 0.703159 0.120000
v 1.164313 0.722107 -0.120000
v 1.164313 0.722107 0.120000
v 1.165178 0.740618 -0.120000
v 1.165178 0.740618 0.120000
v 1.166619 0.758690 -0.120000
v 1.166619 0.758690 0.120000
v 1.168636 0.776326 -0.120000
v 1.168636 0.776326 0.120000
v 1.171230 0.793524 -0.120000
v 1.171230 0.793524 0.120000
v 1.174400 0.810284 -0.120000
v 1.174400 0.810284 0.120000
v 1.178147 0.826607 -0.120000
v 1.178147 0.826607 0.120000
v 1.182470 0.842493 -0.120000
v 1.182470 0.842493 0.120000
v 1.187369 0.857940 -0.120000
v 1.187369 0.857940 0.120000
v 1.192845 0.872951 -0.120000
v 1.192845 0.872951 0.120000
v 1.198897 0.887524 -0.120000
v 1.198897 0.887524 0.120000
v 1.205525 0.901659 -0.120000
v 1.205525 0.901659 0.120000
v 1.212657 0.915312 -0.120000
v 1.212657 0.915312 0.120000
v 1.220219 0.928437 -0.120000
v 1.220219 0.928437 0.120000
v 1.228212 0.941034 -0.120000
v 1.228212 0.941034 0.120000
v 1.236636 0.953104 -0.120000
v 1.236636 0.953104 0.120000
v 1.245490 0.964645 -0.120000
v 1.245490 0.964645 0.120000
v 1.254775 0.975659 -0.120000
v 1.254775 0.975659 0.120000
v 1.264490 0.986145 -0.120000
v 1.264490 0.986145 0.120000
v 1.274636 0.996104 -0.120000
v 1.274636 0.996104 0.120000
v 1.285213 1.005534 -0.120000
v 1.285213 1.005534 0.120000
v 1.296220 1.014437 -0.120000
v 1.296220 1.014437 0.120000
v 1.307657 1.022812 -0.120000
v 1.307657 1.022812 0.120000
v 1.319525 1.030659 -0.120000
v 1.319525 1.030659 0.120000
v 1.331751 1.037927 -0.120000
v 1.331751 1.037927 0.120000
v 1.344261 1.044562 -0.120000
v 1.344261 1.044562 0.120000
v 1.357056 1.050566 -0.120000
v 1.357056 1.050566 0.120000
v 1.370136 1.055937 -0.120000
v 1.370136 1.055937 0.120000
v 1.383501 1.060677 -0.120000
v 1.383501 1.060677 0.120000
v 1.397150 1.064784 -0.120000
v 1.397150 1.064784 0.120000
v 1.411084 1.068260 -0.120000
v 1.411084 1.068260 0.120000
v 1.425303 1.071104 -0.120000
v 1.425303 1.071104 0.120000
v 1.439806 1.073316 -0.120000
v 1.439806 1.073316 0.120000
v 1.454595 1.074895 -0.120000
v 1.454595 1.074895 0.120000
v 1.469667 1.075843 -0.120000
v 1.469667 1.075843 0.120000
v 1.485025 1.076159 -0.120000
v 1.485025 1.076159 0.120000
v 1.500383 1.075843 -0.120000
v 1.500383 1.075843 0.120000
v 1.515456 1.074896 -0.120000
v 1.515456 1.074896 0.120000
v 1.530244 1.073316 -0.120000
v 1.530244 1.073316 0.120000
v 1.544747 1.071104 -0.120000
v 1.544747 1.071104 0.120000
v 1.558966 1.068260 -0.120000
v 1.558966 1.068260 0.120000
v 1.572900 1.064784 -0.120000
v 1.572900 1.064784 0.120000
v 1.586550 1.060677 -0.120000
v 1.586550 1.060677 0.120000
v 1.599914 1.055937 -0.120000
v 1.599914 1.055937 0.120000
v 1.612994 1.050566 -0.120000
v 1.612994 1.050566 0.120000
v 1.625789 1.044562 -0.120000
v 1.625789 1.044562 0.120000
v 1.638299 1.037927 -0.120000
v 1.638299 1.037927 0.120000
v 1.650525 1.030659 -0.120000
v 1.650525 1.030659 0.120000
v 1.662393 1.022812 -0.120000
v 1.662393 1.022812 0.120000
v 1.673831 1.014437 -0.120000
v 1.673831 1.014437 0.120000
v 1.684837 1.005534 -0.120000
v 1.684837 1.005534 0.120000
v 1.695414 0.996104 -0.120000
v 1.695414 0.996104 0.120000
v 1.705559 0.986145 -0.120000
v 1.705559 0.986145 0.120000
v 1.715274 0.975659 -0.120000
v 1.715274 0.975659 0.120000
v 1.724559 0.964645 -0.120000
v 1.724559 0.964645 0.120000
v 1.733413 0.953104 -0.120000
v 1.733413 0.953104 0.120000
v 1.741837 0.941034 -0.120000
v 1.741837 0.941034 0.120000
v 1.749830 0.928437 -0.120000
v 1.749830 0.928437 0.120000
v 1.757392 0.915312 -0.120000
v 1.757392 0.915312 0.120000
v 1.689025 0.543159 -0.120000
v 1.689025 0.543159 0.120000
v 1.693977 0.554201 -0.120000
v 1.693977 0.554201 0.120000
v 1.698498 0.565659 -0.120000
v 1.698498 0.565659 0.120000
v 1.702588 0.577534 -0.120000
v 1.702588 0.577534 0.120000
v 1.706248 0.589826 -0.120000
v 1.706248 0.589826 0.120000
v 1.709477 0.602534 -0.120000
v 1.709477 0.602534 0.120000
v 1.712276 0.615659 -0.120000
v 1.712276 0.615659 0.120000
v 1.714643 0.629201 -0.120000
v 1.714643 0.629201 0.120000
v 1.716581 0.643159 -0.120000
v 1.716581 0.643159 0.120000
v 1.718088 0.657534 -0.120000
v 1.718088 0.657534 0.120000
v 1.719164 0.672326 -0.120000
v 1.719164 0.672326 0.120000
v 1.719810 0.687534 -0.120000
v 1.719810 0.687534 0.120000
v 1.720025 0.703159 -0.120000
v 1.720025 0.703159 0.120000
v 1.719810 0.718625 -0.120000
v 1.719810 0.718625 0.120000
v 1.719164 0.733687 -0.120000
v 1.719164 0.733687 0.120000
v 1.718088 0.748347 -0.120000
v 1.718088 0.748347 0.120000
v 1.716581 0.762604 -0.120000
v 1.716581 0.762604 0.120000
v 1.714644 0.776458 -0.120000
v 1.714644 0.776458 0.120000
v 1.712276 0.789909 -0.120000
v 1.712276 0.789909 0.120000
v 1.709477 0.802958 -0.120000
v 1.709477 0.802958 0.120000
v 1.706248 0.815604 -0.120000
v 1.706248 0.815604 0.120000
v 1.702589 0.827847 -0.120000
v 1.702589 0.827847 0.120000
v 1.698498 0.839687 -0.120000
v 1.698498 0.839687 0.120000
v 1.693977 0.851125 -0.120000
v 1.693977 0.851125 0.120000
v 1.689025 0.862159 -0.120000
v 1.689025 0.862159 0.120000
v 1.683702 0.872774 -0.120000
v 1.683702 0.872774 0.120000
v 1.678067 0.882951 -0.120000
v 1.678067 0.882951 0.120000
v 1.672119 0.892691 -0.120000
v 1.672119 0.892691 0.120000
v 1.665858 0.901993 -0.120000
v 1.665858 0.901993 0.120000
v 1.659286 0.910857 -0.120000
v 1.659286 0.910857 0.120000
v 1.652400 0.919284 -0.120000
v 1.652400 0.919284 0.120000
v 1.645202 0.927274 -0.120000
v 1.645202 0.927274 0.120000
v 1.637692 0.934826 -0.120000
v 1.637692 0.934826 0.120000
v 1.629869 0.941941 -0.120000
v 1.629869 0.941941 0.120000
v 1.621734 0.948618 -0.120000
v 1.621734 0.948618 0.120000
v 1.613286 0.954857 -0.120000
v 1.613286 0.954857 0.120000
v 1.604525 0.960659 -0.120000
v 1.604525 0.960659 0.120000
v 1.595521 0.966010 -0.120000
v 1.595521 0.966010 0.120000
v 1.586344 0.970895 -0.120000
v 1.586344 0.970895 0.120000
v 1.576993 0.975316 -0.120000
v 1.576993 0.975316 0.120000
v 1.567469 0.979270 -0.120000
v 1.567469 0.979270 0.120000
v 1.557771 0.982760 -0.120000
v 1.557771 0.982760 0.120000
v 1.547900 0.985784 -0.120000
v 1.547900 0.985784 0.120000
v 1.537855 0.988343 -0.120000
v 1.537855 0.988343 0.120000
v 1.527636 0.990437 -0.120000
v 1.527636 0.990437 0.120000
v 1.517243 0.992066 -0.120000
v 1.517243 0.992066 0.120000
v 1.506677 0.993229 -0.120000
v 1.506677 0.993229 0.120000
v 1.495938 0.993927 -0.120000
v 1.495938 0.993927 0.120000
v 1.485025 0.994159 -0.120000
v 1.485025 0.994159 0.120000
v 1.474112 0.993927 -0.120000
v 1.474112 0.993927 0.120000
v 1.463372 0.993229 -0.120000
v 1.463372 0.993229 0.120000
v 1.452806 0.992066 -0.120000
v 1.452806 0.992066 0.120000
v 1.442414 0.990437 -0.120000
v 1.442414 0.990437 0.120000
v 1.432195 0.988343 -0.120000
v 1.432195 0.988343 0.120000
v 1.422150 0.985784 -0.120000
v 1.422150 0.985784 0.120000
v 1.412279 0.982760 -0.120000
v 1.412279 0.982760 0.120000
v 1.402581 0.979270 -0.120000
v 1.402581 0.979270 0.120000
v 1.393056 0.975316 -0.120000
v 1.393056 0.975316 0.120000
v 1.383706 0.970895 -0.120000
v 1.383706 0.970895 0.120000
v 1.374529 0.966010 -0.120000
v 1.374529 0.966010 0.120000
v 1.365525 0.960659 -0.120000
v 1.365525 0.960659 0.120000
v 1.356761 0.954857 -0.120000
v 1.356761 0.954857 0.120000
v 1.348303 0.948618 -0.120000
v 1.348303 0.948618 0.120000
v 1.340150 0.941941 -0.120000
v 1.340150 0.941941 0.120000
v 1.332303 0.934826 -0.120000
v 1.332303 0.934826 0.120000
v 1.324761 0.927274 -0.120000
v 1.324761 0.927274 0.120000
v 1.317525 0.919284 -0.120000
v 1.317525 0.919284 0.120000
v 1.310595 0.910857 -0.120000
v 1.310595 0.910857 0.120000
v 1.303970 0.901993 -0.120000
v 1.303970 0.901993 0.120000
v 1.297650 0.892691 -0.120000
v 1.297650 0.892691 0.120000
v 1.291636 0.882951 -0.120000
v 1.291636 0.882951 0.120000
v 1.285928 0.872774 -0.120000
v 1.285928 0.872774 0.120000
v 1.280525 0.862159 -0.120000
v 1.280525 0.862159 0.120000
v 1.275494 0.851125 -0.120000
v 1.275494 0.851125 0.120000
v 1.270900 0.839687 -0.120000
v 1.270900 0.839687 0.120000
v 1.266744 0.827847 -0.120000
v 1.266744 0.827847 0.120000
v 1.263025 0.815604 -0.120000
v 1.263025 0.815604 0.120000
v 1.259743 0.802958 -0.120000
v 1.259743 0.802958 0.120000
v 1.256900 0.789909 -0.120000
v 1.256900 0.789909 0.120000
v 1.254493 0.776458 -0.120000
v 1.254493 0.776458 0.120000
v 1.252524 0.762604 -0.120000
v 1.252524 0.762604 0.120000
v 1.250993 0.748347 -0.120000
v 1.250993 0.748347 0.120000
v 1.249899 0.733687 -0.120000
v 1.249899 0.733687 0.120000
v 1.249243 0.718624 -0.120000
v 1.249243 0.718624 0.120000
v 1.249025 0.703159 -0.120000
v 1.249025 0.703159 0.120000
v 1.249244 0.687534 -0.120000
v 1.249244 0.687534 0.120000
v 1.249900 0.672326 -0.120000
v 1.249900 0.672326 0.120000
v 1.250994 0.657534 -0.120000
v 1.250994 0.657534 0.120000
v 1.252526 0.643159 -0.120000
v 1.252526 0.643159 0.120000
v 1.254494 0.629201 -0.120000
v 1.254494 0.629201 0.120000
v 1.256901 0.615659 -0.120000
v 1.256901 0.615659 0.120000
v 1.259745 0.602534 -0.120000
v 1.259745 0.602534 0.120000
v 1.263026 0.589826 -0.120000
v 1.263026 0.589826 0.120000
v 1.266745 0.577534 -0.120000
v 1.266745 0.577534 0.120000
v 1.270901 0.565659 -0.120000
v 1.270901 0.565659 0.120000
v 1.275495 0.554201 -0.120000
v 1.275495 0.554201 0.120000
v 1.280525 0.543159 -0.120000
v 1.280525 0.543159 0.120000
v 1.285928 0.532545 -0.120000
v 1.285928 0.532545 0.120000
v 1.291636 0.522368 -0.120000
v 1.291636 0.522368 0.120000
v 1.297650 0.512628 -0.120000
v 1.297650 0.512628 0.120000
v 1.303970 0.503326 -0.120000
v 1.303970 0.503326 0.120000
v 1.310595 0.494461 -0.120000
v 1.310595 0.494461 0.120000
v 1.317525 0.486034 -0.120000
v 1.317525 0.486034 0.120000
v 1.324761 0.478045 -0.120000
v 1.324761 0.478045 0.120000
v 1.332303 0.470493 -0.120000
v 1.332303 0.470493 0.120000
v 1.340150 0.463378 -0.120000
v 1.340150 0.463378 0.120000
v 1.348303 0.456701 -0.120000
v 1.348303 0.456701 0.120000
v 1.356761 0.450461 -0.120000
v 1.356761 0.450461 0.120000
v 1.365525 0.444659 -0.120000
v 1.365525 0.444659 0.120000
v 1.374529 0.439309 -0.120000
v 1.374529 0.439309 0.120000
v 1.383706 0.434423 -0.120000
v 1.383706 0.434423 0.120000
v 1.393056 0.430003 -0.120000
v 1.393056 0.430003 0.120000
v 1.402581 0.426048 -0.120000
v 1.402581 0.426048 0.120000
v 1.412279 0.422559 -0.120000
v 1.412279 0.422559 0.120000
v 1.422150 0.419534 -0.120000
v 1.422150 0.419534 0.120000
v 1.432195 0.416975 -0.120000
v 1.432195 0.416975 0.120000
v 1.442414 0.414882 -0.120000
v 1.442414 0.414881 0.120000
v 1.452806 0.413253 -0.120000
v 1.452806 0.413253 0.120000
v 1.463372 0.412090 -0.120000
v 1.463372 0.412090 0.120000
v 1.474112 0.411392 -0.120000
v 1.474112 0.411392 0.120000
v 1.485025 0.411159 -0.120000
v 1.485025 0.411159 0.120000
v 1.495938 0.411392 -0.120000
v 1.495938 0.411392 0.120000
v 1.506678 0.412090 -0.120000
v 1.506678 0.412090 0.120000
v 1.517244 0.413253 -0.120000
v 1.517244 0.413253 0.120000
v 1.527636 0.414882 -0.120000
v 1.527636 0.414881 0.120000
v 1.537855 0.416975 -0.120000
v 1.537855 0.416975 0.120000
v 1.547900 0.419534 -0.120000
v 1.547900 0.419534 0.120000
v 1.557771 0.422559 -0.120000
v 1.557771 0.422559 0.120000
v 1.567469 0.426048 -0.120000
v 1.567469 0.426048 0.120000
v 1.576993 0.430003 -0.120000
v 1.576993 0.430003 0.120000
v 1.586344 0.434423 -0.120000
v 1.586344 0.434423 0.120000
v 1.595521 0.439309 -0.120000
v 1.595521 0.439309 0.120000
v 1.604525 0.444659 -0.120000
v 1.604525 0.444659 0.120000
v 1.613286 0.450461 -0.120000
v 1.613286 0.450461 0.120000
v 1.621733 0.456701 -0.120000
v 1.621733 0.456701 0.120000
v 1.629869 0.463378 -0.120000
v 1.629869 0.463378 0.120000
v 1.637691 0.470493 -0.120000
v 1.637691 0.470493 0.120000
v 1.645202 0.478045 -0.120000
v 1.645202 0.478045 0.120000
v 1.652400 0.486034 -0.120000
v 1.652400 0.486034 0.120000
v 1.659285 0.494461 -0.120000
v 1.659285 0.494461 0.120000
v 1.665858 0.503326 -0.120000
v 1.665858 0.503326 0.120000
v 1.672118 0.512628 -0.120000
v 1.672118 0.512628 0.120000
v 1.678066 0.522368 -0.120000
v 1.678066 0.522368 0.120000
v 1.683702 0.532545 -0.120000
v 1.683702 0.532545 0.120000
v 2.216025 0.339159 -0.120000
v 2.216025 0.339159 0.120000
v 1.953025 0.339159 -0.120000
v 1.953025 0.339159 0.120000
v 1.953025 1.066159 -0.120000
v 1.953025 1.066159 0.120000
v 2.207025 1.066159 -0.120000
v 2.207025 1.066159 0.120000
v 2.219508 1.065979 -0.120000
v 2.219508 1.065979 0.120000
v 2.231622 1.065437 -0.120000
v 2.231622 1.065437 0.120000
v 2.243369 1.064534 -0.120000
v 2.243369 1.064534 0.120000
v 2.254747 1.063270 -0.120000
v 2.254747 1.063270 0.120000
v 2.265758 1.061645 -0.120000
v 2.265758 1.061645 0.120000
v 2.276400 1.059659 -0.120000
v 2.276400 1.059659 0.120000
v 2.286674 1.057312 -0.120000
v 2.286674 1.057312 0.120000
v 2.296581 1.054604 -0.120000
v 2.296581 1.054604 0.120000
v 2.306119 1.051534 -0.120000
v 2.306119 1.051534 0.120000
v 2.315289 1.048104 -0.120000
v 2.315289 1.048104 0.120000
v 2.324091 1.044312 -0.120000
v 2.324091 1.044312 0.120000
v 2.332525 1.040159 -0.120000
v 2.332525 1.040159 0.120000
v 2.340598 1.035701 -0.120000
v 2.340598 1.035701 0.120000
v 2.348317 1.030993 -0.120000
v 2.348317 1.030993 0.120000
v 2.355681 1.026034 -0.120000
v 2.355681 1.026034 0.120000
v 2.362692 1.020826 -0.120000
v 2.362692 1.020826 0.120000
v 2.369348 1.015368 -0.120000
v 2.369348 1.015368 0.120000
v 2.375650 1.009659 -0.120000
v 2.375650 1.009659 0.120000
v 2.381598 1.003701 -0.120000
v 2.381598 1.003701 0.120000
v 2.387192 0.997493 -0.120000
v 2.387192 0.997493 0.120000
v 2.392431 0.991034 -0.120000
v 2.392431 0.991034 0.120000
v 2.397316 0.984326 -0.120000
v 2.397316 0.984326 0.120000
v 2.401848 0.977368 -0.120000
v 2.401848 0.977368 0.120000
v 2.406025 0.970159 -0.120000
v 2.406025 0.970159 0.120000
v 2.409858 0.962763 -0.120000
v 2.409858 0.962763 0.120000
v 2.413358 0.955243 -0.120000
v 2.413358 0.955243 0.120000
v 2.416525 0.947597 -0.120000
v 2.416525 0.947597 0.120000
v 2.419358 0.939826 -0.120000
v 2.419358 0.939826 0.120000
v 2.421858 0.931930 -0.120000
v 2.421858 0.931930 0.120000
v 2.424025 0.923909 -0.120000
v 2.424025 0.923909 0.120000
v 2.425858 0.915763 -0.120000
v 2.425858 0.915763 0.120000
v 2.427359 0.907493 -0.120000
v 2.427359 0.907493 0.120000
v 2.428525 0.899097 -0.120000
v 2.428525 0.899097 0.120000
v 2.429359 0.890576 -0.120000
v 2.429359 0.890576 0.120000
v 2.429859 0.881930 -0.120000
v 2.429859 0.881930 0.120000
v 2.430025 0.873159 -0.120000
v 2.430025 0.873159 0.120000
v 2.429911 0.865441 -0.120000
v 2.429911 0.865441 0.120000
v 2.429567 0.857951 -0.120000
v 2.429567 0.857951 0.120000
v 2.428994 0.850690 -0.120000
v 2.428994 0.850690 0.120000
v 2.428192 0.843659 -0.120000
v 2.428192 0.843659 0.120000
v 2.427160 0.836857 -0.120000
v 2.427160 0.836857 0.120000
v 2.425900 0.830284 -0.120000
v 2.425900 0.830284 0.120000
v 2.424410 0.823941 -0.120000
v 2.424410 0.823941 0.120000
v 2.422692 0.817826 -0.120000
v 2.422692 0.817826 0.120000
v 2.420744 0.811941 -0.120000
v 2.420744 0.811941 0.120000
v 2.418567 0.806284 -0.120000
v 2.418567 0.806284 0.120000
v 2.416161 0.800857 -0.120000
v 2.416161 0.800857 0.120000
v 2.413525 0.795659 -0.120000
v 2.413525 0.795659 0.120000
v 2.410706 0.790666 -0.120000
v 2.410706 0.790666 0.120000
v 2.407747 0.785854 -0.120000
v 2.407747 0.785854 0.120000
v 2.404650 0.781222 -0.120000
v 2.404650 0.781222 0.120000
v 2.401414 0.776770 -0.120000
v 2.401414 0.776770 0.120000
v 2.398039 0.772500 -0.120000
v 2.398039 0.772500 0.120000
v 2.394525 0.768409 -0.120000
v 2.394525 0.768409 0.120000
v 2.390872 0.764500 -0.120000
v 2.390872 0.764500 0.120000
v 2.387081 0.760770 -0.120000
v 2.387081 0.760770 0.120000
v 2.383150 0.757222 -0.120000
v 2.383150 0.757222 0.120000
v 2.379081 0.753854 -0.120000
v 2.379081 0.753854 0.120000
v 2.374872 0.750666 -0.120000
v 2.374872 0.750666 0.120000
v 2.370525 0.747659 -0.120000
v 2.370525 0.747659 0.120000
v 2.366070 0.744802 -0.120000
v 2.366070 0.744802 0.120000
v 2.361539 0.742062 -0.120000
v 2.361539 0.742062 0.120000
v 2.356931 0.739441 -0.120000
v 2.356931 0.739441 0.120000
v 2.352247 0.736937 -0.120000
v 2.352247 0.736937 0.120000
v 2.347487 0.734552 -0.120000
v 2.347487 0.734552 0.120000
v 2.342650 0.732284 -0.120000
v 2.342650 0.732284 0.120000
v 2.337737 0.730135 -0.120000
v 2.337737 0.730135 0.120000
v 2.332747 0.728104 -0.120000
v 2.332747 0.728104 0.120000
v 2.327681 0.726191 -0.120000
v 2.327681 0.726191 0.120000
v 2.322539 0.724395 -0.120000
v 2.322539 0.724395 0.120000
v 2.317320 0.722718 -0.120000
v 2.317320 0.722718 0.120000
v 2.312025 0.721159 -0.120000
v 2.312025 0.721159 0.120000
v 2.312025 0.714159 -0.120000
v 2.312025 0.714159 0.120000
v 2.317688 0.713691 -0.120000
v 2.317688 0.713691 0.120000
v 2.323344 0.712951 -0.120000
v 2.323344 0.712951 0.120000
v 2.328993 0.711941 -0.120000
v 2.328993 0.711941 0.120000
v 2.334636 0.710659 -0.120000
v 2.334636 0.710659 0.120000
v 2.340271 0.709107 -0.120000
v 2.340271 0.709107 0.120000
v 2.345900 0.707284 -0.120000
v 2.345900 0.707284 0.120000
v 2.351521 0.705191 -0.120000
v 2.351521 0.705191 0.120000
v 2.357136 0.702826 -0.120000
v 2.357136 0.702826 0.120000
v 2.362743 0.700191 -0.120000
v 2.362743 0.700191 0.120000
v 2.368344 0.697284 -0.120000
v 2.368344 0.697284 0.120000
v 2.373938 0.694107 -0.120000
v 2.373938 0.694107 0.120000
v 2.379525 0.690659 -0.120000
v 2.379525 0.690659 0.120000
v 2.385036 0.686951 -0.120000
v 2.385036 0.686951 0.120000
v 2.390400 0.682993 -0.120000
v 2.390400 0.682993 0.120000
v 2.395618 0.678784 -0.120000
v 2.395618 0.678784 0.120000
v 2.400692 0.674326 -0.120000
v 2.400692 0.674326 0.120000
v 2.405619 0.669618 -0.120000
v 2.405619 0.669618 0.120000
v 2.410400 0.664659 -0.120000
v 2.410400 0.664659 0.120000
v 2.415035 0.659451 -0.120000
v 2.415035 0.659451 0.120000
v 2.419525 0.653993 -0.120000
v 2.419525 0.653993 0.120000
v 2.423869 0.648284 -0.120000
v 2.423869 0.648284 0.120000
v 2.428067 0.642326 -0.120000
v 2.428067 0.642326 0.120000
v 2.432119 0.636118 -0.120000
v 2.432119 0.636118 0.120000
v 2.436025 0.629659 -0.120000
v 2.436025 0.629659 0.120000
v 2.439699 0.622947 -0.120000
v 2.439699 0.622947 0.120000
v 2.443053 0.615979 -0.120000
v 2.443053 0.615979 0.120000
v 2.446087 0.608753 -0.120000
v 2.446087 0.608753 0.120000
v 2.448802 0.601270 -0.120000
v 2.448802 0.601270 0.120000
v 2.451198 0.593531 -0.120000
v 2.451198 0.593531 0.120000
v 2.453274 0.585534 -0.120000
v 2.453274 0.585534 0.120000
v 2.455031 0.577281 -0.120000
v 2.455031 0.577281 0.120000
v 2.456469 0.568770 -0.120000
v 2.456469 0.568770 0.120000
v 2.457587 0.560003 -0.120000
v 2.457587 0.560003 0.120000
v 2.458386 0.550979 -0.120000
v 2.458386 0.550979 0.120000
v 2.458865 0.541698 -0.120000
v 2.458865 0.541698 0.120000
v 2.459025 0.532159 -0.120000
v 2.459025 0.532159 0.120000
v 2.458851 0.523072 -0.120000
v 2.458851 0.523072 0.120000
v 2.458331 0.514145 -0.120000
v 2.458331 0.514145 0.120000
v 2.457463 0.505378 -0.120000
v 2.457463 0.505378 0.120000
v 2.456247 0.496770 -0.120000
v 2.456247 0.496770 0.120000
v 2.454685 0.488322 -0.120000
v 2.454685 0.488322 0.120000
v 2.452775 0.480034 -0.120000
v 2.452775 0.480034 0.120000
v 2.450518 0.471906 -0.120000
v 2.450518 0.471906 0.120000
v 2.447914 0.463937 -0.120000
v 2.447914 0.463937 0.120000
v 2.444963 0.456128 -0.120000
v 2.444963 0.456128 0.120000
v 2.441664 0.448479 -0.120000
v 2.441664 0.448479 0.120000
v 2.438018 0.440989 -0.120000
v 2.438018 0.440989 0.120000
v 2.434025 0.433659 -0.120000
v 2.434025 0.433659 0.120000
v 2.429661 0.426534 -0.120000
v 2.429661 0.426534 0.120000
v 2.424901 0.419659 -0.120000
v 2.424901 0.419659 0.120000
v 2.419744 0.413034 -0.120000
v 2.419744 0.413034 0.120000
v 2.414192 0.406659 -0.120000
v 2.414192 0.406659 0.120000
v 2.408244 0.400534 -0.120000
v 2.408244 0.400534 0.120000
v 2.401900 0.394659 -0.120000
v 2.401900 0.394659 0.120000
v 2.395161 0.389034 -0.120000
v 2.395161 0.389034 0.120000
v 2.388025 0.383659 -0.120000
v 2.388025 0.383659 0.120000
v 2.380494 0.378534 -0.120000
v 2.380494 0.378534 0.120000
v 2.372567 0.373659 -0.120000
v 2.372567 0.373659 0.120000
v 2.364244 0.369034 -0.120000
v 2.364244 0.369034 0.120000
v 2.355525 0.364659 -0.120000
v 2.355525 0.364659 0.120000
v 2.346383 0.360586 -0.120000
v 2.346383 0.360586 0.120000
v 2.336789 0.356868 -0.120000
v 2.336789 0.356868 0.120000
v 2.326744 0.353503 -0.120000
v 2.326744 0.353503 0.120000
v 2.316247 0.350493 -0.120000
v 2.316247 0.350493 0.120000
v 2.305300 0.347836 -0.120000
v 2.305300 0.347836 0.120000
v 2.293900 0.345534 -0.120000
v 2.293900 0.345534 0.120000
v 2.282050 0.343586 -0.120000
v 2.282050 0.343586 0.120000
v 2.269748 0.341993 -0.120000
v 2.269748 0.341993 0.120000
v 2.256994 0.340753 -0.120000
v 2.256994 0.340753 0.120000
v 2.243789 0.339868 -0.120000
v 2.243789 0.339868 0.120000
v 2.230133 0.339336 -0.120000
v 2.230133 0.339336 0.120000
v 2.041025 0.670159 -0.120000
v 2.041025 0.670159 0.120000
v 2.041025 0.417159 -0.120000
v 2.041025 0.417159 0.120000
v 2.216025 0.417159 -0.120000
v 2.216025 0.417159 0.120000
v 2.230014 0.417392 -0.120000
v 2.230014 0.417392 0.120000
v 2.243317 0.418090 -0.120000
v 2.243317 0.418090 0.120000
v 2.255931 0.419253 -0.120000
v 2.255931 0.419253 0.120000
v 2.267859 0.420882 -0.120000
v 2.267859 0.420882 0.120000
v 2.279098 0.422975 -0.120000
v 2.279098 0.422975 0.120000
v 2.289650 0.425534 -0.120000
v 2.289650 0.425534 0.120000
v 2.299515 0.428559 -0.120000
v 2.299515 0.428559 0.120000
v 2.308692 0.432048 -0.120000
v 2.308692 0.432048 0.120000
v 2.317182 0.436003 -0.120000
v 2.317182 0.436003 0.120000
v 2.324984 0.440423 -0.120000
v 2.324984 0.440423 0.120000
v 2.332098 0.445309 -0.120000
v 2.332098 0.445309 0.120000
v 2.338525 0.450659 -0.120000
v 2.338525 0.450659 0.120000
v 2.344355 0.456343 -0.120000
v 2.344355 0.456343 0.120000
v 2.349678 0.462229 -0.120000
v 2.349678 0.462229 0.120000
v 2.354494 0.468316 -0.120000
v 2.354494 0.468316 0.120000
v 2.358803 0.474604 -0.120000
v 2.358803 0.474604 0.120000
v 2.362606 0.481093 -0.120000
v 2.362606 0.481093 0.120000
v 2.365901 0.487784 -0.120000
v 2.365901 0.487784 0.120000
v 2.368689 0.494677 -0.120000
v 2.368689 0.494677 0.120000
v 2.370970 0.501770 -0.120000
v 2.370970 0.501770 0.120000
v 2.372744 0.509066 -0.120000
v 2.372744 0.509066 0.120000
v 2.374012 0.516562 -0.120000
v 2.374012 0.516562 0.120000
v 2.374772 0.524260 -0.120000
v 2.374772 0.524260 0.120000
v 2.375025 0.532159 -0.120000
v 2.375025 0.532159 0.120000
v 2.374893 0.538288 -0.120000
v 2.374893 0.538288 0.120000
v 2.374497 0.544340 -0.120000
v 2.374497 0.544340 0.120000
v 2.373837 0.550316 -0.120000
v 2.373837 0.550316 0.120000
v 2.372914 0.556215 -0.120000
v 2.372914 0.556215 0.120000
v 2.371727 0.562038 -0.120000
v 2.371727 0.562038 0.120000
v 2.370275 0.567784 -0.120000
v 2.370275 0.567784 0.120000
v 2.368560 0.573454 -0.120000
v 2.368560 0.573454 0.120000
v 2.366580 0.579048 -0.120000
v 2.366580 0.579048 0.120000
v 2.364337 0.584566 -0.120000
v 2.364337 0.584566 0.120000
v 2.361831 0.590007 -0.120000
v 2.361831 0.590007 0.120000
v 2.359060 0.595371 -0.120000
v 2.359060 0.595371 0.120000
v 2.356025 0.600659 -0.120000
v 2.356025 0.600659 0.120000
v 2.352751 0.605822 -0.120000
v 2.352751 0.605822 0.120000
v 2.349261 0.610812 -0.120000
v 2.349261 0.610812 0.120000
v 2.345556 0.615628 -0.120000
v 2.345556 0.615628 0.120000
v 2.341636 0.620270 -0.120000
v 2.341636 0.620270 0.120000
v 2.337501 0.624739 -0.120000
v 2.337501 0.624739 0.120000
v 2.333150 0.629034 -0.120000
v 2.333150 0.629034 0.120000
v 2.328584 0.633156 -0.120000
v 2.328584 0.633156 0.120000
v 2.323802 0.637104 -0.120000
v 2.323802 0.637104 0.120000
v 2.318806 0.640878 -0.120000
v 2.318806 0.640878 0.120000
v 2.313594 0.644479 -0.120000
v 2.313594 0.644479 0.120000
v 2.308167 0.647906 -0.120000
v 2.308167 0.647906 0.120000
v 2.302525 0.651159 -0.120000
v 2.302525 0.651159 0.120000
v 2.296681 0.654194 -0.120000
v 2.296681 0.654194 0.120000
v 2.290650 0.656965 -0.120000
v 2.290650 0.656965 0.120000
v 2.284431 0.659472 -0.120000
v 2.284431 0.659472 0.120000
v 2.278025 0.661715 -0.120000
v 2.278025 0.661715 0.120000
v 2.271431 0.663694 -0.120000
v 2.271431 0.663694 0.120000
v 2.264650 0.665409 -0.120000
v 2.264650 0.665409 0.120000
v 2.257681 0.666861 -0.120000
v 2.257681 0.666861 0.120000
v 2.250525 0.668048 -0.120000
v 2.250525 0.668048 0.120000
v 2.243181 0.668972 -0.120000
v 2.243181 0.668972 0.120000
v 2.235650 0.669631 -0.120000
v 2.235650 0.669631 0.120000
v 2.227931 0.670027 -0.120000
v 2.227931 0.670027 0.120000
v 2.220025 0.670159 -0.120000
v 2.220025 0.670159 0.120000
v 2.041025 0.988159 -0.120000
v 2.041025 0.988159 0.120000
v 2.041025 0.747159 -0.120000
v 2.041025 0.747159 0.120000
v 2.204025 0.747159 -0.120000
v 2.204025 0.747159 0.120000
v 2.210640 0.747267 -0.120000
v 2.210640 0.747267 0.120000
v 2.217150 0.747590 -0.120000
v 2.217150 0.747590 0.120000
v 2.223557 0.748128 -0.120000
v 2.223557 0.748128 0.120000
v 2.229858 0.748882 -0.120000
v 2.229858 0.748882 0.120000
v 2.236056 0.749850 -0.120000
v 2.236056 0.749850 0.120000
v 2.242150 0.751034 -0.120000
v 2.242150 0.751034 0.120000
v 2.248139 0.752434 -0.120000
v 2.248139 0.752434 0.120000
v 2.254025 0.754048 -0.120000
v 2.254025 0.754048 0.120000
v 2.259806 0.755878 -0.120000
v 2.259806 0.755878 0.120000
v 2.265483 0.757923 -0.120000
v 2.265483 0.757923 0.120000
v 2.271056 0.760184 -0.120000
v 2.271056 0.760184 0.120000
v 2.276525 0.762659 -0.120000
v 2.276525 0.762659 0.120000
v 2.281848 0.765333 -0.120000
v 2.281848 0.765333 0.120000
v 2.286983 0.768187 -0.120000
v 2.286983 0.768187 0.120000
v 2.291932 0.771222 -0.120000
v 2.291932 0.771222 0.120000
v 2.296692 0.774437 -0.120000
v 2.296692 0.774437 0.120000
v 2.301265 0.777833 -0.120000
v 2.301265 0.777833 0.120000
v 2.305650 0.781409 -0.120000
v 2.305650 0.781409 0.120000
v 2.309848 0.785166 -0.120000
v 2.309848 0.785166 0.120000
v 2.313859 0.789104 -0.120000
v 2.313859 0.789104 0.120000
v 2.317681 0.793222 -0.120000
v 2.317681 0.793222 0.120000
v 2.321317 0.797520 -0.120000
v 2.321317 0.797520 0.120000
v 2.324765 0.802000 -0.120000
v 2.324765 0.802000 0.120000
v 2.328025 0.806659 -0.120000
v 2.328025 0.806659 0.120000
v 2.331059 0.811475 -0.120000
v 2.331059 0.811475 0.120000
v 2.333830 0.816423 -0.120000
v 2.333830 0.816423 0.120000
v 2.336337 0.821503 -0.120000
v 2.336337 0.821503 0.120000
v 2.338580 0.826715 -0.120000
v 2.338580 0.826715 0.120000
v 2.340559 0.832059 -0.120000
v 2.340559 0.832059 0.120000
v 2.342275 0.837534 -0.120000
v 2.342275 0.837534 0.120000
v 2.343726 0.843142 -0.120000
v 2.343726 0.843142 0.120000
v 2.344913 0.848881 -0.120000
v 2.344913 0.848881 0.120000
v 2.345837 0.854753 -0.120000
v 2.345837 0.854753 0.120000
v 2.346497 0.860757 -0.120000
v 2.346497 0.860757 0.120000
v 2.346893 0.866892 -0.120000
v 2.346893 0.866892 0.120000
v 2.347025 0.873159 -0.120000
v 2.347025 0.873159 0.120000
v 2.346792 0.881059 -0.120000
v 2.346792 0.881059 0.120000
v 2.346094 0.888757 -0.120000
v 2.346094 0.888757 0.120000
v 2.344931 0.896253 -0.120000
v 2.344931 0.896253 0.120000
v 2.343303 0.903548 -0.120000
v 2.343303 0.903548 0.120000
v 2.341209 0.910642 -0.120000
v 2.341209 0.910642 0.120000
v 2.338650 0.917534 -0.120000
v 2.338650 0.917534 0.120000
v 2.335626 0.924225 -0.120000
v 2.335626 0.924225 0.120000
v 2.332136 0.930715 -0.120000
v 2.332136 0.930715 0.120000
v 2.328181 0.937003 -0.120000
v 2.328181 0.937003 0.120000
v 2.323761 0.943090 -0.120000
v 2.323761 0.943090 0.120000
v 2.318876 0.948975 -0.120000
v 2.318876 0.948975 0.120000
v 2.313525 0.954659 -0.120000
v 2.313525 0.954659 0.120000
v 2.307667 0.960010 -0.120000
v 2.307667 0.960010 0.120000
v 2.301261 0.964895 -0.120000
v 2.301261 0.964895 0.120000
v 2.294306 0.969316 -0.120000
v 2.294306 0.969316 0.120000
v 2.286803 0.973271 -0.120000
v 2.286803 0.973271 0.120000
v 2.278751 0.976760 -0.120000
v 2.278751 0.976760 0.120000
v 2.270150 0.979784 -0.120000
v 2.270150 0.979784 0.120000
v 2.261001 0.982343 -0.120000
v 2.261001 0.982343 0.120000
v 2.251303 0.984437 -0.120000
v 2.251303 0.984437 0.120000
v 2.241057 0.986066 -0.120000
v 2.241057 0.986066 0.120000
v 2.230262 0.987229 -0.120000
v 2.230262 0.987229 0.120000
v 2.218918 0.987927 -0.120000
v 2.218918 0.987927 0.120000
v 2.207025 0.988159 -0.120000
v 2.207025 0.988159 0.120000
vn -0.0000 -0.0000 1.0000
vn -0.0000 -0.0000 -1.0000
vn -0.7071 0.7071 -0.0000
vn -0.7071 -0.7071 -0.0000
vn 0.7071 0.7071 -0.0000
vn -0.4631 0.8863 -0.0000
vn -0.4630 0.8863 -0.0000
vn 0.7071 -0.7071 -0.0000
vn 0.4632 -0.8862 -0.0000
vn -0.4477 -0.8942 -0.0000
vn 0.8937 -0.4486 -0.0000
vn 0.8937 -0.4487 -0.0000
vn -0.4476 -0.8942 -0.0000
vn -0.4001 0.9165 -0.0000
vn 0.9159 0.4014 -0.0000
vn 0.9986 -0.0521 -0.0000
vn 0.8769 0.4807 -0.0000
vn 0.8613 0.5081 -0.0000
vn 0.8918 0.4524 -0.0000
vn 0.9057 0.4240 -0.0000
vn 0.9185 0.3955 -0.0000
vn 0.9302 0.3671 -0.0000
vn 0.9409 0.3388 -0.0000
vn 0.9505 0.3107 -0.0000
vn 0.9592 0.2829 -0.0000
vn 0.9668 0.2554 -0.0000
vn 0.9736 0.2284 -0.0000
vn 0.9794 0.2019 -0.0000
vn 0.7710 -0.6369 -0.0000
vn -0.6248 -0.7808 -0.0000
vn -0.9725 -0.2329 -0.0000
vn -0.9655 -0.2602 -0.0000
vn -0.9576 -0.2881 -0.0000
vn -0.9487 -0.3162 -0.0000
vn -0.9386 -0.3449 -0.0000
vn -0.9275 -0.3739 -0.0000
vn -0.9152 -0.4029 -0.0000
vn -0.9018 -0.4322 -0.0000
vn -0.8872 -0.4614 -0.0000
vn -0.8714 -0.4906 -0.0000
vn -0.8545 -0.5195 -0.0000
vn -0.8371 -0.5471 -0.0000
vn -0.8197 -0.5727 -0.0000
vn -0.8020 -0.5973 -0.0000
vn -0.7833 -0.6216 -0.0000
vn -0.7637 -0.6455 -0.0000
vn -0.7432 -0.6691 -0.0000
vn -0.7218 -0.6921 -0.0000
vn -0.6996 -0.7145 -0.0000
vn -0.6767 -0.7363 -0.0000
vn -0.6529 -0.7574 -0.0000
vn -0.6286 -0.7778 -0.0000
vn -0.6038 -0.7972 -0.0000
vn -0.5792 -0.8152 -0.0000
vn -0.5556 -0.8315 -0.0000
vn -0.5323 -0.8466 -0.0000
vn -0.5085 -0.8611 -0.0000
vn -0.4844 -0.8749 -0.0000
vn -0.4600 -0.8879 -0.0000
vn -0.4354 -0.9002 -0.0000
vn -0.4106 -0.9118 -0.0000
vn -0.3857 -0.9226 -0.0000
vn -0.3607 -0.9327 -0.0000
vn -0.3358 -0.9419 -0.0000
vn -0.3109 -0.9505 -0.0000
vn -0.2863 -0.9581 -0.0000
vn -0.3108 -0.9505 -0.0000
vn -0.2624 -0.9649 -0.0000
vn -0.2386 -0.9711 -0.0000
vn -0.2147 -0.9767 -0.0000
vn -0.2385 -0.9711 -0.0000
vn -0.1907 -0.9817 -0.0000
vn -0.1665 -0.9860 -0.0000
vn -0.1424 -0.9898 -0.0000
vn -0.1184 -0.9930 -0.0000
vn -0.0944 -0.9955 -0.0000
vn -0.0706 -0.9975 -0.0000
vn -0.0469 -0.9989 -0.0000
vn -0.0232 -0.9997 -0.0000
vn 0.0049 -1.0000 -0.0000
vn 0.0431 -0.9991 -0.0000
vn 0.0872 -0.9962 -0.0000
vn 0.1322 -0.9912 -0.0000
vn 0.1779 -0.9841 -0.0000
vn 0.2239 -0.9746 -0.0000
vn 0.2700 -0.9629 -0.0000
vn 0.3159 -0.9488 -0.0000
vn 0.3611 -0.9325 -0.0000
vn 0.4055 -0.9141 -0.0000
vn 0.4488 -0.8936 -0.0000
vn 0.4905 -0.8714 -0.0000
vn 0.5316 -0.8470 -0.0000
vn 0.5730 -0.8196 -0.0000
vn 0.6138 -0.7895 -0.0000
vn 0.6529 -0.7575 -0.0000
vn 0.6899 -0.7239 -0.0000
vn 0.7246 -0.6892 -0.0000
vn 0.7570 -0.6534 -0.0000
vn 0.7869 -0.6171 -0.0000
vn 0.8143 -0.5804 -0.0000
vn 0.8392 -0.5438 -0.0000
vn 0.8617 -0.5074 -0.0000
vn 0.8819 -0.4715 -0.0000
vn 0.9007 -0.4343 -0.0000
vn 0.9192 -0.3939 -0.0000
vn 0.9360 -0.3520 -0.0000
vn 0.9504 -0.3110 -0.0000
vn 0.9626 -0.2710 -0.0000
vn 0.9727 -0.2321 -0.0000
vn 0.9626 -0.2709 -0.0000
vn 0.9809 -0.1945 -0.0000
vn 0.9874 -0.1584 -0.0000
vn 0.9923 -0.1238 -0.0000
vn 0.9959 -0.0906 -0.0000
vn 0.9983 -0.0590 -0.0000
vn 0.9996 -0.0288 -0.0000
vn 1.0000 -0.0001 -0.0000
vn 0.9996 0.0286 -0.0000
vn 0.9983 0.0584 -0.0000
vn 0.9960 0.0898 -0.0000
vn 0.9924 0.1228 -0.0000
vn 0.9875 0.1573 -0.0000
vn 0.9811 0.1934 -0.0000
vn 0.9730 0.2309 -0.0000
vn 0.9629 0.2698 -0.0000
vn 0.9507 0.3100 -0.0000
vn 0.9629 0.2699 -0.0000
vn 0.9363 0.3513 -0.0000
vn 0.9193 0.3935 -0.0000
vn 0.9008 0.4342 -0.0000
vn 0.8819 0.4715 -0.0000
vn 0.8617 0.5074 -0.0000
vn 0.8392 0.5438 -0.0000
vn 0.8143 0.5804 -0.0000
vn 0.7869 0.6171 -0.0000
vn 0.7570 0.6535 -0.0000
vn 0.7246 0.6892 -0.0000
vn 0.6899 0.7239 -0.0000
vn 0.6529 0.7575 -0.0000
vn 0.6899 0.7240 -0.0000
vn 0.6138 0.7894 -0.0000
vn 0.5730 0.8195 -0.0000
vn 0.5316 0.8470 -0.0000
vn 0.4905 0.8714 -0.0000
vn 0.4488 0.8936 -0.0000
vn 0.4055 0.9141 -0.0000
vn 0.3611 0.9325 -0.0000
vn 0.3159 0.9488 -0.0000
vn 0.2700 0.9629 -0.0000
vn 0.2239 0.9746 -0.0000
vn 0.1778 0.9841 -0.0000
vn 0.2238 0.9746 -0.0000
vn 0.1321 0.9912 -0.0000
vn 0.0872 0.9962 -0.0000
vn 0.1322 0.9912 -0.0000
vn 0.0431 0.9991 -0.0000
vn 0.0048 1.0000 -0.0000
vn -0.0233 0.9997 -0.0000
vn -0.0468 0.9989 -0.0000
vn -0.0705 0.9975 -0.0000
vn -0.0944 0.9955 -0.0000
vn -0.1184 0.9930 -0.0000
vn -0.1425 0.9898 -0.0000
vn -0.1666 0.9860 -0.0000
vn -0.1906 0.9817 -0.0000
vn -0.2147 0.9767 -0.0000
vn -0.2386 0.9711 -0.0000
vn -0.2624 0.9650 -0.0000
vn -0.2866 0.9581 -0.0000
vn -0.3119 0.9501 -0.0000
vn -0.3379 0.9412 -0.0000
vn -0.3639 0.9314 -0.0000
vn -0.3899 0.9209 -0.0000
vn -0.4157 0.9095 -0.0000
vn -0.4413 0.8973 -0.0000
vn -0.4668 0.8844 -0.0000
vn -0.4919 0.8707 -0.0000
vn -0.5166 0.8562 -0.0000
vn -0.5410 0.8410 -0.0000
vn -0.5649 0.8252 -0.0000
vn -0.5885 0.8085 -0.0000
vn -0.6123 0.7906 -0.0000
vn -0.6361 0.7716 -0.0000
vn -0.6593 0.7519 -0.0000
vn -0.6819 0.7314 -0.0000
vn -0.7040 0.7102 -0.0000
vn -0.7254 0.6884 -0.0000
vn -0.7460 0.6660 -0.0000
vn -0.7658 0.6431 -0.0000
vn -0.7848 0.6198 -0.0000
vn -0.8029 0.5961 -0.0000
vn -0.8201 0.5722 -0.0000
vn -0.8370 0.5473 -0.0000
vn -0.8539 0.5205 -0.0000
vn -0.8702 0.4926 -0.0000
vn -0.8857 0.4643 -0.0000
vn -0.8703 0.4926 -0.0000
vn -0.9000 0.4358 -0.0000
vn -0.9133 0.4073 -0.0000
vn -0.9255 0.3787 -0.0000
vn -0.9367 0.3501 -0.0000
vn -0.9468 0.3217 -0.0000
vn -0.9559 0.2937 -0.0000
vn -0.9640 0.2659 -0.0000
vn -0.9712 0.2384 -0.0000
vn -0.6226 0.7826 -0.0000
vn 0.7720 0.6356 -0.0000
vn 0.9788 -0.2050 -0.0000
vn 0.9728 -0.2315 -0.0000
vn 0.9661 -0.2583 -0.0000
vn 0.9584 -0.2854 -0.0000
vn 0.9498 -0.3127 -0.0000
vn 0.9403 -0.3403 -0.0000
vn 0.9299 -0.3679 -0.0000
vn 0.9185 -0.3955 -0.0000
vn 0.9061 -0.4230 -0.0000
vn 0.8928 -0.4505 -0.0000
vn 0.8786 -0.4776 -0.0000
vn 0.8636 -0.5042 -0.0000
vn 0.8480 -0.5301 -0.0000
vn 0.8315 -0.5555 -0.0000
vn 0.8140 -0.5808 -0.0000
vn 0.7955 -0.6059 -0.0000
vn 0.7761 -0.6306 -0.0000
vn 0.7557 -0.6549 -0.0000
vn 0.7343 -0.6788 -0.0000
vn 0.7122 -0.7020 -0.0000
vn 0.6891 -0.7246 -0.0000
vn 0.6654 -0.7465 -0.0000
vn 0.6410 -0.7675 -0.0000
vn 0.6166 -0.7873 -0.0000
vn 0.5928 -0.8053 -0.0000
vn 0.5690 -0.8223 -0.0000
vn 0.5447 -0.8386 -0.0000
vn 0.5200 -0.8542 -0.0000
vn 0.4948 -0.8690 -0.0000
vn 0.4693 -0.8831 -0.0000
vn 0.4435 -0.8963 -0.0000
vn 0.4693 -0.8830 -0.0000
vn 0.4176 -0.9086 -0.0000
vn 0.3916 -0.9202 -0.0000
vn 0.3654 -0.9308 -0.0000
vn 0.3393 -0.9407 -0.0000
vn 0.3131 -0.9497 -0.0000
vn 0.2866 -0.9581 -0.0000
vn 0.3132 -0.9497 -0.0000
vn 0.2597 -0.9657 -0.0000
vn 0.2328 -0.9725 -0.0000
vn 0.2060 -0.9785 -0.0000
vn 0.1793 -0.9838 -0.0000
vn 0.1528 -0.9883 -0.0000
vn 0.1265 -0.9920 -0.0000
vn 0.1005 -0.9949 -0.0000
vn 0.0748 -0.9972 -0.0000
vn 0.0495 -0.9988 -0.0000
vn 0.0246 -0.9997 -0.0000
vn -0.0042 -1.0000 -0.0000
vn -0.0417 -0.9991 -0.0000
vn -0.0845 -0.9964 -0.0000
vn -0.1285 -0.9917 -0.0000
vn -0.1735 -0.9848 -0.0000
vn -0.2191 -0.9757 -0.0000
vn -0.2652 -0.9642 -0.0000
vn -0.3113 -0.9503 -0.0000
vn -0.3572 -0.9340 -0.0000
vn -0.4024 -0.9155 -0.0000
vn -0.4468 -0.8946 -0.0000
vn -0.4024 -0.9154 -0.0000
vn -0.4899 -0.8718 -0.0000
vn -0.5315 -0.8471 -0.0000
vn -0.5716 -0.8205 -0.0000
vn -0.6106 -0.7919 -0.0000
vn -0.6482 -0.7614 -0.0000
vn -0.6842 -0.7293 -0.0000
vn -0.7184 -0.6956 -0.0000
vn -0.7505 -0.6608 -0.0000
vn -0.7805 -0.6251 -0.0000
vn -0.8083 -0.5888 -0.0000
vn -0.8337 -0.5522 -0.0000
vn -0.8568 -0.5156 -0.0000
vn -0.8777 -0.4791 -0.0000
vn -0.8971 -0.4418 -0.0000
vn -0.9155 -0.4024 -0.0000
vn -0.9323 -0.3617 -0.0000
vn -0.9469 -0.3214 -0.0000
vn -0.9595 -0.2816 -0.0000
vn -0.9702 -0.2425 -0.0000
vn -0.9789 -0.2043 -0.0000
vn -0.9859 -0.1672 -0.0000
vn -0.9914 -0.1312 -0.0000
vn -0.9953 -0.0965 -0.0000
vn -0.9980 -0.0630 -0.0000
vn -0.9995 -0.0309 -0.0000
vn -1.0000 -0.0000 -0.0000
vn -0.9995 0.0309 -0.0000
vn -0.9980 0.0631 -0.0000
vn -0.9953 0.0966 -0.0000
vn -0.9913 0.1314 -0.0000
vn -0.9859 0.1675 -0.0000
vn -0.9788 0.2048 -0.0000
vn -0.9700 0.2432 -0.0000
vn -0.9593 0.2825 -0.0000
vn -0.9465 0.3226 -0.0000
vn -0.9317 0.3632 -0.0000
vn -0.9147 0.4041 -0.0000
vn -0.8961 0.4439 -0.0000
vn -0.8766 0.4812 -0.0000
vn -0.8556 0.5176 -0.0000
vn -0.8324 0.5542 -0.0000
vn -0.8069 0.5906 -0.0000
vn -0.7792 0.6268 -0.0000
vn -0.7493 0.6623 -0.0000
vn -0.7172 0.6968 -0.0000
vn -0.6832 0.7302 -0.0000
vn -0.6474 0.7622 -0.0000
vn -0.6100 0.7924 -0.0000
vn -0.5713 0.8207 -0.0000
vn -0.5314 0.8471 -0.0000
vn -0.4899 0.8718 -0.0000
vn -0.4468 0.8946 -0.0000
vn -0.4024 0.9154 -0.0000
vn -0.3572 0.9340 -0.0000
vn -0.3113 0.9503 -0.0000
vn -0.2652 0.9642 -0.0000
vn -0.2191 0.9757 -0.0000
vn -0.1735 0.9848 -0.0000
vn -0.1285 0.9917 -0.0000
vn -0.0845 0.9964 -0.0000
vn -0.0417 0.9991 -0.0000
vn -0.0042 1.0000 -0.0000
vn 0.0245 0.9997 -0.0000
vn 0.0495 0.9988 -0.0000
vn 0.0748 0.9972 -0.0000
vn 0.1004 0.9949 -0.0000
vn 0.1266 0.9920 -0.0000
vn 0.1528 0.9883 -0.0000
vn 0.1793 0.9838 -0.0000
vn 0.2061 0.9785 -0.0000
vn 0.2329 0.9725 -0.0000
vn 0.2597 0.9657 -0.0000
vn 0.2866 0.9581 -0.0000
vn 0.3132 0.9497 -0.0000
vn 0.3393 0.9407 -0.0000
vn 0.3654 0.9308 -0.0000
vn 0.3916 0.9202 -0.0000
vn 0.4176 0.9086 -0.0000
vn 0.4435 0.8963 -0.0000
vn 0.4693 0.8830 -0.0000
vn 0.4947 0.8690 -0.0000
vn 0.4693 0.8831 -0.0000
vn 0.5200 0.8542 -0.0000
vn 0.5448 0.8386 -0.0000
vn 0.5690 0.8223 -0.0000
vn 0.5928 0.8053 -0.0000
vn 0.6165 0.7874 -0.0000
vn 0.6405 0.7680 -0.0000
vn 0.6644 0.7473 -0.0000
vn 0.6878 0.7259 -0.0000
vn 0.7105 0.7037 -0.0000
vn 0.7324 0.6809 -0.0000
vn 0.7535 0.6574 -0.0000
vn 0.7737 0.6335 -0.0000
vn 0.7931 0.6091 -0.0000
vn 0.8115 0.5843 -0.0000
vn 0.8290 0.5593 -0.0000
vn 0.8454 0.5341 -0.0000
vn 0.5770 -0.8168 -0.0000
vn -0.8200 -0.5724 -0.0000
vn 0.5770 -0.8167 -0.0000
vn -0.5724 0.8200 -0.0000
vn 0.5724 0.8200 -0.0000
vn 0.8200 -0.5724 -0.0000
vn -0.5770 -0.8167 -0.0000
vn -0.5770 -0.8168 -0.0000
vn 0.9147 0.4041 -0.0000
vn 0.8961 0.4439 -0.0000
vn 0.9317 0.3632 -0.0000
vn 0.9465 0.3226 -0.0000
vn 0.9593 0.2825 -0.0000
vn 0.9700 0.2432 -0.0000
vn 0.9788 0.2048 -0.0000
vn 0.9859 0.1675 -0.0000
vn 0.9913 0.1314 -0.0000
vn 0.9953 0.0966 -0.0000
vn 0.9980 0.0631 -0.0000
vn 0.9995 0.0309 -0.0000
vn 1.0000 -0.0000 -0.0000
vn 0.9995 -0.0309 -0.0000
vn 0.9980 -0.0630 -0.0000
vn 0.9953 -0.0965 -0.0000
vn 0.9914 -0.1312 -0.0000
vn 0.9859 -0.1672 -0.0000
vn 0.9789 -0.2043 -0.0000
vn 0.9702 -0.2425 -0.0000
vn 0.9595 -0.2816 -0.0000
vn 0.9469 -0.3214 -0.0000
vn 0.9323 -0.3617 -0.0000
vn 0.9155 -0.4024 -0.0000
vn 0.8971 -0.4419 -0.0000
vn 0.8777 -0.4792 -0.0000
vn 0.8568 -0.5156 -0.0000
vn 0.8337 -0.5522 -0.0000
vn 0.8082 -0.5888 -0.0000
vn 0.7805 -0.6251 -0.0000
vn 0.8083 -0.5888 -0.0000
vn 0.7505 -0.6608 -0.0000
vn 0.7184 -0.6956 -0.0000
vn 0.6842 -0.7293 -0.0000
vn 0.6482 -0.7614 -0.0000
vn 0.6106 -0.7919 -0.0000
vn 0.5716 -0.8205 -0.0000
vn 0.5315 -0.8471 -0.0000
vn 0.4899 -0.8718 -0.0000
vn 0.4468 -0.8946 -0.0000
vn 0.4024 -0.9155 -0.0000
vn 0.3572 -0.9340 -0.0000
vn 0.4025 -0.9154 -0.0000
vn 0.3113 -0.9503 -0.0000
vn 0.2652 -0.9642 -0.0000
vn 0.2191 -0.9757 -0.0000
vn 0.1735 -0.9848 -0.0000
vn 0.1285 -0.9917 -0.0000
vn 0.0845 -0.9964 -0.0000
vn 0.0417 -0.9991 -0.0000
vn -0.0000 -1.0000 -0.0000
vn -0.5717 -0.8205 -0.0000
vn -0.6482 -0.7615 -0.0000
vn -0.8777 -0.4792 -0.0000
vn -0.9155 -0.4023 -0.0000
vn -0.9701 -0.2425 -0.0000
vn -0.8069 0.5907 -0.0000
vn -0.6832 0.7303 -0.0000
vn -0.4025 0.9154 -0.0000
vn -0.0000 1.0000 -0.0000
vn 0.0416 0.9991 -0.0000
vn 0.0845 0.9964 -0.0000
vn 0.1285 0.9917 -0.0000
vn 0.1735 0.9848 -0.0000
vn 0.2191 0.9757 -0.0000
vn 0.2652 0.9642 -0.0000
vn 0.3113 0.9503 -0.0000
vn 0.3572 0.9340 -0.0000
vn 0.4025 0.9154 -0.0000
vn 0.4468 0.8946 -0.0000
vn 0.4024 0.9154 -0.0000
vn 0.4899 0.8718 -0.0000
vn 0.5314 0.8471 -0.0000
vn 0.5713 0.8207 -0.0000
vn 0.6100 0.7924 -0.0000
vn 0.6474 0.7622 -0.0000
vn 0.6832 0.7302 -0.0000
vn 0.7172 0.6968 -0.0000
vn 0.7493 0.6623 -0.0000
vn 0.7792 0.6268 -0.0000
vn 0.8069 0.5907 -0.0000
vn 0.8324 0.5542 -0.0000
vn 0.8556 0.5176 -0.0000
vn 0.8766 0.4812 -0.0000
vn -0.9216 0.3882 -0.0000
vn -0.9034 0.4288 -0.0000
vn -0.9381 0.3464 -0.0000
vn -0.9522 0.3056 -0.0000
vn -0.9738 0.2275 -0.0000
vn -0.9817 0.1904 -0.0000
vn -0.9879 0.1549 -0.0000
vn -0.9927 0.1209 -0.0000
vn -0.9961 0.0884 -0.0000
vn -0.9983 0.0575 -0.0000
vn -0.9996 0.0281 -0.0000
vn -1.0000 -0.0001 -0.0000
vn -0.9996 -0.0284 -0.0000
vn -0.9983 -0.0580 -0.0000
vn -0.9960 -0.0892 -0.0000
vn -0.9926 -0.1218 -0.0000
vn -0.9878 -0.1560 -0.0000
vn -0.9815 -0.1916 -0.0000
vn -0.9878 -0.1559 -0.0000
vn -0.9735 -0.2286 -0.0000
vn -0.9637 -0.2669 -0.0000
vn -0.9519 -0.3065 -0.0000
vn -0.9378 -0.3472 -0.0000
vn -0.9214 -0.3886 -0.0000
vn -0.9033 -0.4290 -0.0000
vn -0.8846 -0.4664 -0.0000
vn -0.9033 -0.4289 -0.0000
vn -0.8643 -0.5029 -0.0000
vn -0.8417 -0.5399 -0.0000
vn -0.8166 -0.5771 -0.0000
vn -0.7890 -0.6143 -0.0000
vn -0.8167 -0.5771 -0.0000
vn -0.7589 -0.6512 -0.0000
vn -0.7262 -0.6874 -0.0000
vn -0.6912 -0.7227 -0.0000
vn -0.6539 -0.7566 -0.0000
vn -0.6145 -0.7889 -0.0000
vn -0.6538 -0.7566 -0.0000
vn -0.5733 -0.8193 -0.0000
vn -0.6145 -0.7890 -0.0000
vn -0.5317 -0.8469 -0.0000
vn -0.5733 -0.8194 -0.0000
vn -0.4905 -0.8714 -0.0000
vn -0.5317 -0.8470 -0.0000
vn -0.4488 -0.8936 -0.0000
vn -0.4055 -0.9141 -0.0000
vn -0.3611 -0.9325 -0.0000
vn -0.3159 -0.9488 -0.0000
vn -0.2700 -0.9629 -0.0000
vn -0.2239 -0.9746 -0.0000
vn -0.1778 -0.9841 -0.0000
vn -0.1322 -0.9912 -0.0000
vn -0.0872 -0.9962 -0.0000
vn -0.0431 -0.9991 -0.0000
vn 0.1778 -0.9841 -0.0000
vn 0.6899 -0.7240 -0.0000
vn 0.8143 -0.5805 -0.0000
vn 0.9007 -0.4344 -0.0000
vn 0.9008 -0.4343 -0.0000
vn 0.9809 -0.1946 -0.0000
vn 0.9874 -0.1585 -0.0000
vn 0.9996 0.0285 -0.0000
vn 0.9960 0.0899 -0.0000
vn 0.9193 0.3934 -0.0000
vn 0.9362 0.3513 -0.0000
vn 0.8143 0.5805 -0.0000
vn 0.7570 0.6534 -0.0000
vn 0.6898 0.7240 -0.0000
vn -0.0431 0.9991 -0.0000
vn -0.0872 0.9962 -0.0000
vn -0.1321 0.9912 -0.0000
vn -0.1778 0.9841 -0.0000
vn -0.1322 0.9912 -0.0000
vn -0.2239 0.9746 -0.0000
vn -0.2700 0.9629 -0.0000
vn -0.2238 0.9746 -0.0000
vn -0.3159 0.9488 -0.0000
vn -0.3611 0.9325 -0.0000
vn -0.4055 0.9141 -0.0000
vn -0.4488 0.8936 -0.0000
vn -0.4905 0.8714 -0.0000
vn -0.5316 0.8470 -0.0000
vn -0.5733 0.8193 -0.0000
vn -0.6145 0.7889 -0.0000
vn -0.5734 0.8193 -0.0000
vn -0.6538 0.7566 -0.0000
vn -0.6912 0.7227 -0.0000
vn -0.7262 0.6875 -0.0000
vn -0.7589 0.6512 -0.0000
vn -0.7891 0.6143 -0.0000
vn -0.8167 0.5771 -0.0000
vn -0.8417 0.5399 -0.0000
vn -0.8643 0.5029 -0.0000
vn -0.8845 0.4665 -0.0000
vn 0.0063 -1.0000 -0.0000
vn 0.0072 1.0000 -0.0000
vn 0.0296 0.9996 -0.0000
vn 0.0607 0.9982 -0.0000
vn 0.0935 0.9956 -0.0000
vn 0.1282 0.9917 -0.0000
vn 0.1648 0.9863 -0.0000
vn 0.2031 0.9792 -0.0000
vn 0.2432 0.9700 -0.0000
vn 0.2851 0.9585 -0.0000
vn 0.3284 0.9445 -0.0000
vn 0.3731 0.9278 -0.0000
vn 0.3285 0.9445 -0.0000
vn 0.4188 0.9081 -0.0000
vn 0.4627 0.8865 -0.0000
vn 0.4189 0.9081 -0.0000
vn 0.5022 0.8648 -0.0000
vn 0.5398 0.8418 -0.0000
vn 0.5776 0.8163 -0.0000
vn 0.6154 0.7882 -0.0000
vn 0.6529 0.7574 -0.0000
vn 0.6897 0.7240 -0.0000
vn 0.7255 0.6882 -0.0000
vn 0.7600 0.6499 -0.0000
vn 0.7927 0.6096 -0.0000
vn 0.8234 0.5674 -0.0000
vn 0.7928 0.6095 -0.0000
vn 0.8519 0.5237 -0.0000
vn 0.8768 0.4808 -0.0000
vn 0.8519 0.5238 -0.0000
vn 0.8974 0.4411 -0.0000
vn 0.8768 0.4809 -0.0000
vn 0.9155 0.4024 -0.0000
vn 0.8974 0.4412 -0.0000
vn 0.9319 0.3627 -0.0000
vn 0.9466 0.3223 -0.0000
vn 0.9596 0.2814 -0.0000
vn 0.9467 0.3222 -0.0000
vn 0.9707 0.2403 -0.0000
vn 0.9800 0.1991 -0.0000
vn 0.9707 0.2402 -0.0000
vn 0.9874 0.1581 -0.0000
vn 0.9931 0.1175 -0.0000
vn 0.9970 0.0776 -0.0000
vn 0.9993 0.0383 -0.0000
vn 1.0000 0.0021 -0.0000
vn 0.9995 -0.0303 -0.0000
vn 0.9981 -0.0623 -0.0000
vn 0.9954 -0.0960 -0.0000
vn 0.9913 -0.1317 -0.0000
vn 0.9856 -0.1692 -0.0000
vn 0.9780 -0.2085 -0.0000
vn 0.9683 -0.2496 -0.0000
vn 0.9563 -0.2924 -0.0000
vn 0.9416 -0.3368 -0.0000
vn 0.9563 -0.2925 -0.0000
vn 0.9240 -0.3824 -0.0000
vn 0.9033 -0.4289 -0.0000
vn 0.9240 -0.3823 -0.0000
vn 0.8816 -0.4721 -0.0000
vn 0.8615 -0.5078 -0.0000
vn 0.8815 -0.4721 -0.0000
vn 0.8417 -0.5399 -0.0000
vn 0.8203 -0.5720 -0.0000
vn 0.7969 -0.6041 -0.0000
vn 0.8202 -0.5720 -0.0000
vn 0.7717 -0.6360 -0.0000
vn 0.7448 -0.6673 -0.0000
vn 0.7162 -0.6979 -0.0000
vn 0.7447 -0.6674 -0.0000
vn 0.6859 -0.7277 -0.0000
vn 0.7161 -0.6980 -0.0000
vn 0.6540 -0.7565 -0.0000
vn 0.6858 -0.7278 -0.0000
vn 0.6208 -0.7840 -0.0000
vn 0.5865 -0.8100 -0.0000
vn 0.6208 -0.7839 -0.0000
vn 0.5544 -0.8322 -0.0000
vn 0.5287 -0.8488 -0.0000
vn 0.5545 -0.8322 -0.0000
vn 0.5060 -0.8626 -0.0000
vn 0.4830 -0.8756 -0.0000
vn 0.5060 -0.8625 -0.0000
vn 0.4597 -0.8880 -0.0000
vn 0.4363 -0.8998 -0.0000
vn 0.4127 -0.9109 -0.0000
vn 0.3889 -0.9213 -0.0000
vn 0.3651 -0.9309 -0.0000
vn 0.3415 -0.9399 -0.0000
vn 0.3652 -0.9309 -0.0000
vn 0.3178 -0.9481 -0.0000
vn 0.2942 -0.9557 -0.0000
vn 0.3179 -0.9481 -0.0000
vn 0.8008 -0.5990 -0.0000
vn 0.7357 0.6774 -0.0000
vn 0.1061 0.9944 -0.0000
vn 0.7356 0.6774 -0.0000
vn 0.1529 0.9882 -0.0000
vn 0.1988 0.9800 -0.0000
vn 0.2436 0.9699 -0.0000
vn 0.2869 0.9580 -0.0000
vn 0.3286 0.9445 -0.0000
vn 0.3686 0.9296 -0.0000
vn 0.4068 0.9135 -0.0000
vn 0.3687 0.9296 -0.0000
vn 0.4431 0.8965 -0.0000
vn 0.4069 0.9135 -0.0000
vn 0.4774 0.8787 -0.0000
vn 0.5096 0.8604 -0.0000
vn 0.4773 0.8787 -0.0000
vn 0.5419 0.8405 -0.0000
vn 0.5761 0.8173 -0.0000
vn 0.5418 0.8405 -0.0000
vn 0.6109 0.7917 -0.0000
vn 0.5761 0.8174 -0.0000
vn 0.6441 0.7650 -0.0000
vn 0.6756 0.7372 -0.0000
vn 0.7055 0.7087 -0.0000
vn 0.6756 0.7373 -0.0000
vn 0.7336 0.6796 -0.0000
vn 0.7598 0.6502 -0.0000
vn 0.7842 0.6205 -0.0000
vn 0.8068 0.5909 -0.0000
vn 0.8276 0.5614 -0.0000
vn 0.8467 0.5321 -0.0000
vn 0.8667 0.4989 -0.0000
vn 0.8894 0.4571 -0.0000
vn 0.8666 0.4989 -0.0000
vn 0.9118 0.4106 -0.0000
vn 0.9313 0.3642 -0.0000
vn 0.9118 0.4105 -0.0000
vn 0.9479 0.3185 -0.0000
vn 0.9618 0.2736 -0.0000
vn 0.9732 0.2298 -0.0000
vn 0.9619 0.2736 -0.0000
vn 0.9823 0.1874 -0.0000
vn 0.9892 0.1466 -0.0000
vn 0.9823 0.1875 -0.0000
vn 0.9942 0.1073 -0.0000
vn 0.9976 0.0699 -0.0000
vn 0.9942 0.1074 -0.0000
vn 0.9994 0.0341 -0.0000
vn 1.0000 -0.0012 -0.0000
vn 0.9994 0.0342 -0.0000
vn 0.9993 -0.0386 -0.0000
vn 0.9969 -0.0783 -0.0000
vn 0.9993 -0.0387 -0.0000
vn 0.9929 -0.1192 -0.0000
vn 0.9969 -0.0784 -0.0000
vn 0.9870 -0.1609 -0.0000
vn 0.9791 -0.2032 -0.0000
vn 0.9692 -0.2461 -0.0000
vn 0.9791 -0.2033 -0.0000
vn 0.9573 -0.2891 -0.0000
vn 0.9432 -0.3321 -0.0000
vn 0.9573 -0.2892 -0.0000
vn 0.9271 -0.3748 -0.0000
vn 0.9089 -0.4170 -0.0000
vn 0.9271 -0.3749 -0.0000
vn 0.8889 -0.4582 -0.0000
vn 0.8657 -0.5005 -0.0000
vn 0.8889 -0.4581 -0.0000
vn 0.8378 -0.5460 -0.0000
vn 0.8060 -0.5920 -0.0000
vn 0.7719 -0.6357 -0.0000
vn 0.8059 -0.5920 -0.0000
vn 0.7360 -0.6770 -0.0000
vn 0.6987 -0.7154 -0.0000
vn 0.7360 -0.6769 -0.0000
vn 0.6603 -0.7510 -0.0000
vn 0.6214 -0.7835 -0.0000
vn 0.5823 -0.8130 -0.0000
vn 0.5434 -0.8395 -0.0000
vn 0.5049 -0.8632 -0.0000
vn 0.4672 -0.8841 -0.0000
vn 0.4278 -0.9039 -0.0000
vn 0.3843 -0.9232 -0.0000
vn 0.3396 -0.9406 -0.0000
vn 0.2967 -0.9550 -0.0000
vn 0.2558 -0.9667 -0.0000
vn 0.2169 -0.9762 -0.0000
vn 0.1801 -0.9836 -0.0000
vn 0.1453 -0.9894 -0.0000
vn 0.1126 -0.9936 -0.0000
vn 0.0818 -0.9966 -0.0000
vn 0.0529 -0.9986 -0.0000
vn 0.0257 -0.9997 -0.0000
vn -0.0083 1.0000 -0.0000
vn -0.0345 0.9994 -0.0000
vn -0.0721 0.9974 -0.0000
vn -0.1136 0.9935 -0.0000
vn -0.1592 0.9872 -0.0000
vn -0.2095 0.9778 -0.0000
vn -0.2645 0.9644 -0.0000
vn -0.3244 0.9459 -0.0000
vn -0.3891 0.9212 -0.0000
vn -0.4580 0.8890 -0.0000
vn -0.5300 0.8480 -0.0000
vn -0.6036 0.7973 -0.0000
vn -0.6694 0.7429 -0.0000
vn -0.7202 0.6937 -0.0000
vn -0.6695 0.7429 -0.0000
vn -0.7634 0.6460 -0.0000
vn -0.7203 0.6937 -0.0000
vn -0.8050 0.5932 -0.0000
vn -0.8444 0.5358 -0.0000
vn -0.8805 0.4740 -0.0000
vn -0.8443 0.5358 -0.0000
vn -0.9127 0.4087 -0.0000
vn -0.9401 0.3408 -0.0000
vn -0.9127 0.4086 -0.0000
vn -0.9625 0.2714 -0.0000
vn -0.9795 0.2017 -0.0000
vn -0.9912 0.1326 -0.0000
vn -0.9795 0.2016 -0.0000
vn -0.9979 0.0652 -0.0000
vn -1.0000 0.0052 -0.0000
vn -0.9991 -0.0435 -0.0000
vn -1.0000 0.0053 -0.0000
vn -0.9962 -0.0876 -0.0000
vn -0.9991 -0.0434 -0.0000
vn -0.9912 -0.1322 -0.0000
vn -0.9842 -0.1772 -0.0000
vn -0.9749 -0.2224 -0.0000
vn -0.9636 -0.2673 -0.0000
vn -0.9502 -0.3117 -0.0000
vn -0.9348 -0.3552 -0.0000
vn -0.9502 -0.3116 -0.0000
vn -0.9176 -0.3976 -0.0000
vn -0.8986 -0.4388 -0.0000
vn -0.8781 -0.4785 -0.0000
vn -0.8561 -0.5168 -0.0000
vn -0.8322 -0.5545 -0.0000
vn -0.8062 -0.5916 -0.0000
vn -0.7785 -0.6276 -0.0000
vn -0.7492 -0.6623 -0.0000
vn -0.7785 -0.6277 -0.0000
vn -0.7185 -0.6956 -0.0000
vn -0.7492 -0.6624 -0.0000
vn -0.6865 -0.7272 -0.0000
vn -0.6535 -0.7569 -0.0000
vn -0.6865 -0.7271 -0.0000
vn -0.6198 -0.7847 -0.0000
vn -0.6536 -0.7569 -0.0000
vn -0.5857 -0.8105 -0.0000
vn -0.6199 -0.7847 -0.0000
vn -0.5513 -0.8343 -0.0000
vn -0.5168 -0.8561 -0.0000
vn -0.4803 -0.8771 -0.0000
vn -0.4393 -0.8983 -0.0000
vn -0.3958 -0.9183 -0.0000
vn -0.3523 -0.9359 -0.0000
vn -0.3090 -0.9510 -0.0000
vn -0.2664 -0.9639 -0.0000
vn -0.2246 -0.9744 -0.0000
vn -0.1838 -0.9830 -0.0000
vn -0.1443 -0.9895 -0.0000
vn -0.1060 -0.9944 -0.0000
vn -0.0692 -0.9976 -0.0000
vn -0.0340 -0.9994 -0.0000
vn -0.0083 -1.0000 -0.0000
vn -0.0082 1.0000 -0.0000
vn -0.0329 0.9995 -0.0000
vn -0.0666 0.9978 -0.0000
vn -0.1013 0.9949 -0.0000
vn -0.1366 0.9906 -0.0000
vn -0.1725 0.9850 -0.0000
vn -0.2092 0.9779 -0.0000
vn -0.2461 0.9692 -0.0000
vn -0.2832 0.9591 -0.0000
vn -0.2461 0.9693 -0.0000
vn -0.3204 0.9473 -0.0000
vn -0.3575 0.9339 -0.0000
vn -0.3942 0.9190 -0.0000
vn -0.4307 0.9025 -0.0000
vn -0.4674 0.8840 -0.0000
vn -0.5044 0.8635 -0.0000
vn -0.5414 0.8408 -0.0000
vn -0.5781 0.8160 -0.0000
vn -0.6143 0.7891 -0.0000
vn -0.6496 0.7603 -0.0000
vn -0.6142 0.7891 -0.0000
vn -0.6839 0.7295 -0.0000
vn -0.7170 0.6971 -0.0000
vn -0.6839 0.7296 -0.0000
vn -0.7484 0.6632 -0.0000
vn -0.7782 0.6281 -0.0000
vn -0.8061 0.5918 -0.0000
vn -0.8330 0.5533 -0.0000
vn -0.8596 0.5110 -0.0000
vn -0.8849 0.4658 -0.0000
vn -0.9080 0.4191 -0.0000
vn -0.8849 0.4657 -0.0000
vn -0.9285 0.3714 -0.0000
vn -0.9080 0.4190 -0.0000
vn -0.9463 0.3233 -0.0000
vn -0.9615 0.2749 -0.0000
vn -0.9740 0.2266 -0.0000
vn -0.9838 0.1790 -0.0000
vn -0.9912 0.1324 -0.0000
vn -0.9838 0.1791 -0.0000
vn -0.9962 0.0868 -0.0000
vn -0.9991 0.0427 -0.0000
vn -0.9962 0.0869 -0.0000
vn -1.0000 -0.0042 -0.0000
vn -0.9991 0.0430 -0.0000
vn -0.9982 -0.0599 -0.0000
vn -1.0000 -0.0043 -0.0000
vn -0.9925 -0.1219 -0.0000
vn -0.9826 -0.1857 -0.0000
vn -0.9925 -0.1218 -0.0000
vn -0.9681 -0.2506 -0.0000
vn -0.9826 -0.1856 -0.0000
vn -0.9488 -0.3158 -0.0000
vn -0.9680 -0.2510 -0.0000
vn -0.9249 -0.3802 -0.0000
vn -0.8965 -0.4430 -0.0000
vn -0.8641 -0.5033 -0.0000
vn -0.8283 -0.5603 -0.0000
vn -0.7897 -0.6134 -0.0000
vn -0.7897 -0.6135 -0.0000
vn -0.7018 -0.7124 -0.0000
vn -0.7491 -0.6624 -0.0000
vn -0.6410 -0.7675 -0.0000
vn -0.5719 -0.8203 -0.0000
vn -0.5018 -0.8650 -0.0000
vn -0.4323 -0.9018 -0.0000
vn -0.3648 -0.9311 -0.0000
vn -0.4323 -0.9017 -0.0000
vn -0.3007 -0.9537 -0.0000
vn -0.3649 -0.9311 -0.0000
vn -0.2403 -0.9707 -0.0000
vn -0.1841 -0.9829 -0.0000
vn -0.1321 -0.9912 -0.0000
vn -0.0843 -0.9964 -0.0000
vn -0.0405 -0.9992 -0.0000
vn -0.0098 -1.0000 -0.0000
vt 0.021372 0.975761
vt 0.120456 0.975761
vt 0.021844 0.975761
vt 0.022316 0.975761
vt 0.022788 0.975761
vt 0.023260 0.975761
vt 0.023731 0.975761
vt 0.024203 0.975761
vt 0.024675 0.975761
vt 0.025147 0.975761
vt 0.025619 0.975761
vt 0.026090 0.975761
vt 0.026562 0.975761
vt 0.027034 0.975761
vt 0.027506 0.975761
vt 0.027978 0.975761
vt 0.028450 0.975761
vt 0.028921 0.975761
vt 0.029393 0.975761
vt 0.029865 0.975761
vt 0.030337 0.975761
vt 0.030809 0.975761
vt 0.031281 0.975761
vt 0.031752 0.975761
vt 0.032224 0.975761
vt 0.286877 0.728175
vt 0.343328 0.728175
vt 0.116612 0.728175
vt 0.342418 0.728175
vt 0.117523 0.728175
vt 0.120928 0.975761
vt 0.394414 0.142508
vt 0.170429 0.142508
vt 0.395325 0.142508
vt 0.393504 0.142508
vt 0.392593 0.142508
vt 0.174767 0.672266
vt 0.060113 0.672266
vt 0.175239 0.672266
vt 0.147350 0.975761
vt 0.033168 0.975761
vt 0.032696 0.975761
vt 0.337865 0.728175
vt 0.118433 0.728175
vt 0.338776 0.728175
vt 0.389862 0.142508
vt 0.171340 0.142508
vt 0.390772 0.142508
vt 0.146407 0.975761
vt 0.033640 0.975761
vt 0.145935 0.975761
vt 0.388041 0.142508
vt 0.172250 0.142508
vt 0.388951 0.142508
vt 0.145463 0.975761
vt 0.034112 0.975761
vt 0.144991 0.975761
vt 0.386220 0.142508
vt 0.173161 0.142508
vt 0.387130 0.142508
vt 0.144519 0.975761
vt 0.034583 0.975761
vt 0.144047 0.975761
vt 0.332402 0.728175
vt 0.122075 0.728175
vt 0.121165 0.728175
vt 0.331492 0.728175
vt 0.170520 0.672266
vt 0.062472 0.672266
vt 0.170992 0.672266
vt 0.330581 0.728175
vt 0.122986 0.728175
vt 0.142632 0.975761
vt 0.035527 0.975761
vt 0.143104 0.975761
vt 0.035999 0.975761
vt 0.328760 0.728175
vt 0.123896 0.728175
vt 0.329671 0.728175
vt 0.142160 0.975761
vt 0.036471 0.975761
vt 0.141688 0.975761
vt 0.141217 0.975761
vt 0.036942 0.975761
vt 0.326029 0.728175
vt 0.125717 0.728175
vt 0.326939 0.728175
vt 0.140745 0.975761
vt 0.037414 0.975761
vt 0.325118 0.728175
vt 0.126628 0.728175
vt 0.140273 0.975761
vt 0.037886 0.975761
vt 0.139801 0.975761
vt 0.038358 0.975761
vt 0.139329 0.975761
vt 0.038830 0.975761
vt 0.138857 0.975761
vt 0.039302 0.975761
vt 0.138386 0.975761
vt 0.373472 0.142508
vt 0.183176 0.142508
vt 0.374383 0.142508
vt 0.320566 0.728175
vt 0.131180 0.728175
vt 0.130270 0.728175
vt 0.137442 0.975761
vt 0.039773 0.975761
vt 0.137914 0.975761
vt 0.040245 0.975761
vt 0.136970 0.975761
vt 0.164387 0.672266
vt 0.068134 0.672266
vt 0.067662 0.672266
vt 0.317834 0.728175
vt 0.133001 0.728175
vt 0.318745 0.728175
vt 0.163915 0.672266
vt 0.068605 0.672266
vt 0.136026 0.975761
vt 0.041189 0.975761
vt 0.136498 0.975761
vt 0.316924 0.728175
vt 0.134822 0.728175
vt 0.133912 0.728175
vt 0.162971 0.672266
vt 0.069077 0.672266
vt 0.163443 0.672266
vt 0.135083 0.975761
vt 0.041661 0.975761
vt 0.135555 0.975761
vt 0.315103 0.728175
vt 0.135733 0.728175
vt 0.134611 0.975761
vt 0.042133 0.975761
vt 0.042604 0.975761
vt 0.366188 0.142508
vt 0.189550 0.142508
vt 0.367099 0.142508
vt 0.134139 0.975761
vt 0.043076 0.975761
vt 0.133667 0.975761
vt 0.312371 0.728175
vt 0.138464 0.728175
vt 0.137554 0.728175
vt 0.311461 0.728175
vt 0.160612 0.672266
vt 0.071436 0.672266
vt 0.070965 0.672266
vt 0.160140 0.672266
vt 0.309639 0.728175
vt 0.139375 0.728175
vt 0.310550 0.728175
vt 0.140285 0.728175
vt 0.159196 0.672266
vt 0.071908 0.672266
vt 0.159668 0.672266
vt 0.131780 0.975761
vt 0.044964 0.975761
vt 0.044492 0.975761
vt 0.307819 0.728175
vt 0.141196 0.728175
vt 0.308729 0.728175
vt 0.158725 0.672266
vt 0.072852 0.672266
vt 0.072380 0.672266
vt 0.130836 0.975761
vt 0.045435 0.975761
vt 0.131308 0.975761
vt 0.306908 0.728175
vt 0.143017 0.728175
vt 0.142106 0.728175
vt 0.358904 0.142508
vt 0.195924 0.142508
vt 0.359815 0.142508
vt 0.130364 0.975761
vt 0.046379 0.975761
vt 0.045907 0.975761
vt 0.129893 0.975761
vt 0.357083 0.142508
vt 0.196834 0.142508
vt 0.357994 0.142508
vt 0.197745 0.142508
vt 0.356173 0.142508
vt 0.128949 0.975761
vt 0.047323 0.975761
vt 0.046851 0.975761
vt 0.128477 0.975761
vt 0.355262 0.142508
vt 0.199566 0.142508
vt 0.198655 0.142508
vt 0.354352 0.142508
vt 0.301445 0.728175
vt 0.147569 0.728175
vt 0.146659 0.728175
vt 0.300534 0.728175
vt 0.154478 0.672266
vt 0.075683 0.672266
vt 0.154950 0.672266
vt 0.076155 0.672266
vt 0.351620 0.142508
vt 0.201387 0.142508
vt 0.352531 0.142508
vt 0.298713 0.728175
vt 0.149390 0.728175
vt 0.148480 0.728175
vt 0.297803 0.728175
vt 0.349799 0.142508
vt 0.202297 0.142508
vt 0.350710 0.142508
vt 0.153063 0.672266
vt 0.077098 0.672266
vt 0.076627 0.672266
vt 0.152591 0.672266
vt 0.347978 0.142508
vt 0.203208 0.142508
vt 0.348889 0.142508
vt 0.295071 0.728175
vt 0.151211 0.728175
vt 0.150301 0.728175
vt 0.294161 0.728175
vt 0.346157 0.142508
vt 0.204118 0.142508
vt 0.347068 0.142508
vt 0.205029 0.142508
vt 0.345247 0.142508
vt 0.344336 0.142508
vt 0.343426 0.142508
vt 0.149760 0.672266
vt 0.078514 0.672266
vt 0.078042 0.672266
vt 0.342515 0.142508
vt 0.205939 0.142508
vt 0.341605 0.142508
vt 0.090731 0.975761
vt 0.121400 0.975761
vt 0.051097 0.975761
vt 0.051569 0.975761
vt 0.052041 0.975761
vt 0.052513 0.975761
vt 0.052985 0.975761
vt 0.053457 0.975761
vt 0.053928 0.975761
vt 0.229515 0.728175
vt 0.159406 0.728175
vt 0.158495 0.728175
vt 0.118147 0.672266
vt 0.082288 0.672266
vt 0.081817 0.672266
vt 0.055344 0.975761
vt 0.054872 0.975761
vt 0.162137 0.728175
vt 0.161227 0.728175
vt 0.056287 0.975761
vt 0.055816 0.975761
vt 0.056759 0.975761
vt 0.057231 0.975761
vt 0.057703 0.975761
vt 0.058175 0.975761
vt 0.058647 0.975761
vt 0.059118 0.975761
vt 0.059590 0.975761
vt 0.060062 0.975761
vt 0.060534 0.975761
vt 0.061006 0.975761
vt 0.061478 0.975761
vt 0.061949 0.975761
vt 0.062421 0.975761
vt 0.062893 0.975761
vt 0.063365 0.975761
vt 0.063837 0.975761
vt 0.064309 0.975761
vt 0.147401 0.672266
vt 0.091725 0.672266
vt 0.092197 0.672266
vt 0.091203 0.975761
vt 0.337963 0.142508
vt 0.232344 0.142508
vt 0.338873 0.142508
vt 0.337052 0.142508
vt 0.336142 0.142508
vt 0.283235 0.728175
vt 0.180348 0.728175
vt 0.179437 0.728175
vt 0.282324 0.728175
vt 0.281414 0.728175
vt 0.333410 0.142508
vt 0.233254 0.142508
vt 0.334321 0.142508
vt 0.332500 0.142508
vt 0.144098 0.672266
vt 0.093141 0.672266
vt 0.092669 0.672266
vt 0.143626 0.672266
vt 0.330679 0.142508
vt 0.234165 0.142508
vt 0.331589 0.142508
vt 0.276861 0.728175
vt 0.181258 0.728175
vt 0.277772 0.728175
vt 0.182168 0.728175
vt 0.328858 0.142508
vt 0.235075 0.142508
vt 0.329768 0.142508
vt 0.114322 0.975761
vt 0.066196 0.975761
vt 0.114794 0.975761
vt 0.066668 0.975761
vt 0.327037 0.142508
vt 0.235986 0.142508
vt 0.327947 0.142508
vt 0.113850 0.975761
vt 0.067140 0.975761
vt 0.113379 0.975761
vt 0.112907 0.975761
vt 0.325216 0.142508
vt 0.237807 0.142508
vt 0.236896 0.142508
vt 0.271398 0.728175
vt 0.184900 0.728175
vt 0.272309 0.728175
vt 0.111963 0.975761
vt 0.067611 0.975761
vt 0.112435 0.975761
vt 0.139380 0.672266
vt 0.095500 0.672266
vt 0.095028 0.672266
vt 0.322484 0.142508
vt 0.238717 0.142508
vt 0.323395 0.142508
vt 0.111491 0.975761
vt 0.068555 0.975761
vt 0.068083 0.975761
vt 0.111019 0.975761
vt 0.267756 0.728175
vt 0.186721 0.728175
vt 0.268667 0.728175
vt 0.110548 0.975761
vt 0.069027 0.975761
vt 0.137492 0.672266
vt 0.096443 0.672266
vt 0.137964 0.672266
vt 0.266846 0.728175
vt 0.188542 0.728175
vt 0.187632 0.728175
vt 0.265935 0.728175
vt 0.136549 0.672266
vt 0.096915 0.672266
vt 0.137021 0.672266
vt 0.109132 0.975761
vt 0.069970 0.975761
vt 0.069499 0.975761
vt 0.264114 0.728175
vt 0.189453 0.728175
vt 0.265025 0.728175
vt 0.108660 0.975761
vt 0.070442 0.975761
vt 0.108189 0.975761
vt 0.315200 0.142508
vt 0.243270 0.142508
vt 0.316111 0.142508
vt 0.107717 0.975761
vt 0.070914 0.975761
vt 0.134661 0.672266
vt 0.098331 0.672266
vt 0.135133 0.672266
vt 0.107245 0.975761
vt 0.071386 0.975761
vt 0.106773 0.975761
vt 0.259562 0.728175
vt 0.192184 0.728175
vt 0.260472 0.728175
vt 0.106301 0.975761
vt 0.071858 0.975761
vt 0.133246 0.672266
vt 0.099274 0.672266
vt 0.133718 0.672266
vt 0.105829 0.975761
vt 0.072330 0.975761
vt 0.105358 0.975761
vt 0.104886 0.975761
vt 0.072801 0.975761
vt 0.104414 0.975761
vt 0.073273 0.975761
vt 0.103942 0.975761
vt 0.103470 0.975761
vt 0.073745 0.975761
vt 0.102998 0.975761
vt 0.252278 0.728175
vt 0.196737 0.728175
vt 0.253188 0.728175
vt 0.102527 0.975761
vt 0.074217 0.975761
vt 0.251367 0.728175
vt 0.197647 0.728175
vt 0.102055 0.975761
vt 0.074689 0.975761
vt 0.101583 0.975761
vt 0.075161 0.975761
vt 0.101111 0.975761
vt 0.249546 0.728175
vt 0.200379 0.728175
vt 0.199468 0.728175
vt 0.100639 0.975761
vt 0.075632 0.975761
vt 0.076104 0.975761
vt 0.247725 0.728175
vt 0.201289 0.728175
vt 0.248636 0.728175
vt 0.100168 0.975761
vt 0.076576 0.975761
vt 0.246815 0.728175
vt 0.202200 0.728175
vt 0.099224 0.975761
vt 0.099696 0.975761
vt 0.077048 0.975761
vt 0.126168 0.672266
vt 0.104464 0.672266
vt 0.126640 0.672266
vt 0.098752 0.975761
vt 0.077520 0.975761
vt 0.244083 0.728175
vt 0.204021 0.728175
vt 0.244993 0.728175
vt 0.098280 0.975761
vt 0.077992 0.975761
vt 0.097808 0.975761
vt 0.242262 0.728175
vt 0.204931 0.728175
vt 0.243173 0.728175
vt 0.097337 0.975761
vt 0.078463 0.975761
vt 0.294258 0.142508
vt 0.258749 0.142508
vt 0.295169 0.142508
vt 0.096865 0.975761
vt 0.078935 0.975761
vt 0.096393 0.975761
vt 0.240441 0.728175
vt 0.207663 0.728175
vt 0.206752 0.728175
vt 0.239531 0.728175
vt 0.122866 0.672266
vt 0.106824 0.672266
vt 0.123338 0.672266
vt 0.095449 0.975761
vt 0.079879 0.975761
vt 0.079407 0.975761
vt 0.237710 0.728175
vt 0.208573 0.728175
vt 0.238620 0.728175
vt 0.289706 0.142508
vt 0.261480 0.142508
vt 0.290616 0.142508
vt 0.094506 0.975761
vt 0.080351 0.975761
vt 0.094034 0.975761
vt 0.234978 0.728175
vt 0.209484 0.728175
vt 0.235888 0.728175
vt 0.286974 0.142508
vt 0.262391 0.142508
vt 0.287885 0.142508
vt 0.093090 0.975761
vt 0.080823 0.975761
vt 0.092618 0.975761
vt 0.092146 0.975761
vt 0.231336 0.728175
vt 0.210394 0.728175
vt 0.232246 0.728175
vt 0.091675 0.975761
vt 0.081294 0.975761
vt 0.081766 0.975761
vt 0.082238 0.975761
vt 0.082710 0.975761
vt 0.083182 0.975761
vt 0.083653 0.975761
vt 0.084125 0.975761
vt 0.084597 0.975761
vt 0.085069 0.975761
vt 0.085541 0.975761
vt 0.086013 0.975761
vt 0.086484 0.975761
vt 0.086956 0.975761
vt 0.087428 0.975761
vt 0.087900 0.975761
vt 0.088372 0.975761
vt 0.048789 0.672266
vt 0.116260 0.672266
vt 0.115788 0.672266
vt 0.116732 0.672266
vt 0.117204 0.672266
vt 0.029229 0.232327
vt 0.162163 0.232327
vt 0.161253 0.232327
vt 0.028319 0.232327
vt 0.250732 0.142508
vt 0.252464 0.142508
vt 0.251598 0.142508
vt 0.253330 0.142508
vt 0.249866 0.142508
vt 0.254196 0.142508
vt 0.248999 0.142508
vt 0.196093 0.728175
vt 0.202155 0.728175
vt 0.195226 0.728175
vt 0.248133 0.142508
vt 0.255928 0.142508
vt 0.255062 0.142508
vt 0.247267 0.142508
vt 0.072514 0.975761
vt 0.077451 0.975761
vt 0.077002 0.975761
vt 0.072065 0.975761
vt 0.246401 0.142508
vt 0.257660 0.142508
vt 0.256794 0.142508
vt 0.245535 0.142508
vt 0.071616 0.975761
vt 0.078348 0.975761
vt 0.077899 0.975761
vt 0.071167 0.975761
vt 0.244669 0.142508
vt 0.259393 0.142508
vt 0.258527 0.142508
vt 0.243803 0.142508
vt 0.070718 0.975761
vt 0.079246 0.975761
vt 0.078797 0.975761
vt 0.070270 0.975761
vt 0.079695 0.975761
vt 0.069821 0.975761
vt 0.189164 0.728175
vt 0.209084 0.728175
vt 0.208218 0.728175
vt 0.188298 0.728175
vt 0.068923 0.975761
vt 0.080144 0.975761
vt 0.069372 0.975761
vt 0.080592 0.975761
vt 0.068474 0.975761
vt 0.081041 0.975761
vt 0.068026 0.975761
vt 0.081490 0.975761
vt 0.067577 0.975761
vt 0.081939 0.975761
vt 0.067128 0.975761
vt 0.107521 0.975761
vt 0.314822 0.142508
vt 0.313956 0.142508
vt 0.237740 0.142508
vt 0.265455 0.142508
vt 0.313090 0.142508
vt 0.106623 0.975761
vt 0.082388 0.975761
vt 0.094545 0.672266
vt 0.135386 0.672266
vt 0.134938 0.672266
vt 0.106175 0.975761
vt 0.183967 0.728175
vt 0.263648 0.728175
vt 0.262782 0.728175
vt 0.258451 0.728175
vt 0.213415 0.728175
vt 0.259317 0.728175
vt 0.264514 0.728175
vt 0.257585 0.728175
vt 0.265380 0.728175
vt 0.256719 0.728175
vt 0.236874 0.142508
vt 0.319153 0.142508
vt 0.318287 0.142508
vt 0.308760 0.142508
vt 0.266321 0.142508
vt 0.309626 0.142508
vt 0.066679 0.975761
vt 0.109765 0.975761
vt 0.104379 0.975761
vt 0.082836 0.975761
vt 0.110214 0.975761
vt 0.103931 0.975761
vt 0.183101 0.728175
vt 0.267978 0.728175
vt 0.267112 0.728175
vt 0.254121 0.728175
vt 0.214281 0.728175
vt 0.254987 0.728175
vt 0.236008 0.142508
vt 0.321751 0.142508
vt 0.320885 0.142508
vt 0.306162 0.142508
vt 0.267187 0.142508
vt 0.307028 0.142508
vt 0.066230 0.975761
vt 0.111112 0.975761
vt 0.103033 0.975761
vt 0.083285 0.975761
vt 0.111560 0.975761
vt 0.102584 0.975761
vt 0.112009 0.975761
vt 0.102135 0.975761
vt 0.112458 0.975761
vt 0.101687 0.975761
vt 0.065782 0.975761
vt 0.083734 0.975761
vt 0.101238 0.975761
vt 0.181369 0.728175
vt 0.273175 0.728175
vt 0.248924 0.728175
vt 0.216013 0.728175
vt 0.249790 0.728175
vt 0.065333 0.975761
vt 0.113356 0.975761
vt 0.100789 0.975761
vt 0.084183 0.975761
vt 0.113805 0.975761
vt 0.100340 0.975761
vt 0.092749 0.672266
vt 0.141670 0.672266
vt 0.141221 0.672266
vt 0.099891 0.975761
vt 0.064884 0.975761
vt 0.114253 0.975761
vt 0.084632 0.975761
vt 0.114702 0.975761
vt 0.099442 0.975761
vt 0.064435 0.975761
vt 0.085080 0.975761
vt 0.115151 0.975761
vt 0.098994 0.975761
vt 0.178771 0.728175
vt 0.277505 0.728175
vt 0.276639 0.728175
vt 0.244594 0.728175
vt 0.218611 0.728175
vt 0.245460 0.728175
vt 0.063986 0.975761
vt 0.115600 0.975761
vt 0.098545 0.975761
vt 0.020900 0.975761
vt 0.177905 0.728175
vt 0.278371 0.728175
vt 0.243728 0.728175
vt 0.094760 0.728175
vt 0.116497 0.975761
vt 0.116049 0.975761
vt 0.097647 0.975761
vt 0.098096 0.975761
vt 0.063538 0.975761
vt 0.021349 0.975761
vt 0.116946 0.975761
vt 0.097198 0.975761
vt 0.021798 0.975761
vt 0.063089 0.975761
vt 0.117395 0.975761
vt 0.096750 0.975761
vt 0.022247 0.975761
vt 0.062640 0.975761
vt 0.117844 0.975761
vt 0.096301 0.975761
vt 0.118293 0.975761
vt 0.095852 0.975761
vt 0.022696 0.975761
vt 0.062191 0.975761
vt 0.095403 0.975761
vt 0.118741 0.975761
vt 0.023144 0.975761
vt 0.061742 0.975761
vt 0.094954 0.975761
vt 0.119190 0.975761
vt 0.119639 0.975761
vt 0.023593 0.975761
vt 0.061293 0.975761
vt 0.094057 0.975761
vt 0.120088 0.975761
vt 0.024042 0.975761
vt 0.060845 0.975761
vt 0.093608 0.975761
vt 0.120537 0.975761
vt 0.024491 0.975761
vt 0.060396 0.975761
vt 0.093159 0.975761
vt 0.120985 0.975761
vt 0.092710 0.975761
vt 0.121434 0.975761
vt 0.024940 0.975761
vt 0.059947 0.975761
vt 0.092261 0.975761
vt 0.121883 0.975761
vt 0.025388 0.975761
vt 0.059498 0.975761
vt 0.091813 0.975761
vt 0.122332 0.975761
vt 0.025837 0.975761
vt 0.059049 0.975761
vt 0.091364 0.975761
vt 0.122781 0.975761
vt 0.026286 0.975761
vt 0.058601 0.975761
vt 0.090915 0.975761
vt 0.123229 0.975761
vt 0.058152 0.975761
vt 0.123678 0.975761
vt 0.090466 0.975761
vt 0.026735 0.975761
vt 0.124127 0.975761
vt 0.090017 0.975761
vt 0.027184 0.975761
vt 0.124576 0.975761
vt 0.089569 0.975761
vt 0.057254 0.975761
vt 0.027633 0.975761
vt 0.125025 0.975761
vt 0.089120 0.975761
vt 0.056805 0.975761
vt 0.028081 0.975761
vt 0.125474 0.975761
vt 0.088671 0.975761
vt 0.056357 0.975761
vt 0.028530 0.975761
vt 0.125922 0.975761
vt 0.088222 0.975761
vt 0.126371 0.975761
vt 0.087773 0.975761
vt 0.055908 0.975761
vt 0.028979 0.975761
vt 0.126820 0.975761
vt 0.087325 0.975761
vt 0.055459 0.975761
vt 0.029428 0.975761
vt 0.127269 0.975761
vt 0.086876 0.975761
vt 0.055010 0.975761
vt 0.029877 0.975761
vt 0.086427 0.975761
vt 0.127718 0.975761
vt 0.085978 0.975761
vt 0.128166 0.975761
vt 0.054561 0.975761
vt 0.030325 0.975761
vt 0.085529 0.975761
vt 0.128615 0.975761
vt 0.030774 0.975761
vt 0.054112 0.975761
vt 0.129064 0.975761
vt 0.149709 0.975761
vt 0.031223 0.975761
vt 0.053664 0.975761
vt 0.149261 0.975761
vt 0.129513 0.975761
vt 0.129962 0.975761
vt 0.148812 0.975761
vt 0.031672 0.975761
vt 0.053215 0.975761
vt 0.130410 0.975761
vt 0.148363 0.975761
vt 0.052766 0.975761
vt 0.032121 0.975761
vt 0.130859 0.975761
vt 0.147914 0.975761
vt 0.147465 0.975761
vt 0.052317 0.975761
vt 0.032569 0.975761
vt 0.131757 0.975761
vt 0.147017 0.975761
vt 0.155386 0.728175
vt 0.309551 0.728175
vt 0.308685 0.728175
vt 0.337266 0.728175
vt 0.117278 0.728175
vt 0.338132 0.728175
vt 0.051868 0.975761
vt 0.132206 0.975761
vt 0.146568 0.975761
vt 0.033018 0.975761
vt 0.132655 0.975761
vt 0.146119 0.975761
vt 0.051420 0.975761
vt 0.033467 0.975761
vt 0.133103 0.975761
vt 0.145670 0.975761
vt 0.133552 0.975761
vt 0.145221 0.975761
vt 0.050971 0.975761
vt 0.033916 0.975761
vt 0.134001 0.975761
vt 0.144772 0.975761
vt 0.134450 0.975761
vt 0.171740 0.672266
vt 0.061332 0.672266
vt 0.172189 0.672266
vt 0.050522 0.975761
vt 0.144324 0.975761
vt 0.034365 0.975761
vt 0.134899 0.975761
vt 0.143875 0.975761
vt 0.077938 0.672266
vt 0.162764 0.672266
vt 0.162315 0.672266
vt 0.170843 0.672266
vt 0.061781 0.672266
vt 0.171291 0.672266
vt 0.151922 0.728175
vt 0.316480 0.728175
vt 0.315613 0.728175
vt 0.330337 0.728175
vt 0.120743 0.728175
vt 0.331203 0.728175
vt 0.050073 0.975761
vt 0.135796 0.975761
vt 0.142977 0.975761
vt 0.034814 0.975761
vt 0.136245 0.975761
vt 0.142528 0.975761
vt 0.151056 0.728175
vt 0.318212 0.728175
vt 0.317345 0.728175
vt 0.328605 0.728175
vt 0.121609 0.728175
vt 0.329471 0.728175
vt 0.203963 0.142508
vt 0.371985 0.142508
vt 0.371119 0.142508
vt 0.380645 0.142508
vt 0.174516 0.142508
vt 0.381512 0.142508
vt 0.049624 0.975761
vt 0.137143 0.975761
vt 0.141631 0.975761
vt 0.035262 0.975761
vt 0.137591 0.975761
vt 0.141182 0.975761
vt 0.138040 0.975761
vt 0.140733 0.975761
vt 0.203097 0.142508
vt 0.374583 0.142508
vt 0.373717 0.142508
vt 0.378047 0.142508
vt 0.175382 0.142508
vt 0.378913 0.142508
vt 0.375449 0.142508
vt 0.377181 0.142508
vt 0.376315 0.142508
vt 0.049176 0.975761
vt 0.035711 0.975761
vt 0.036160 0.975761
vt 0.048727 0.975761
vt 0.036609 0.975761
vt 0.048278 0.975761
vt 0.037058 0.975761
vt 0.047829 0.975761
vt 0.047380 0.975761
vt 0.037506 0.975761
vt 0.197900 0.142508
vt 0.179712 0.142508
vt 0.198766 0.142508
vt 0.180578 0.142508
vt 0.046483 0.975761
vt 0.037955 0.975761
vt 0.046931 0.975761
vt 0.038404 0.975761
vt 0.046034 0.975761
vt 0.038853 0.975761
vt 0.142395 0.728175
vt 0.129404 0.728175
vt 0.143261 0.728175
vt 0.194436 0.142508
vt 0.195302 0.142508
vt 0.184043 0.142508
vt 0.044687 0.975761
vt 0.039750 0.975761
vt 0.045136 0.975761
vt 0.140663 0.728175
vt 0.132002 0.728175
vt 0.131136 0.728175
vt 0.192703 0.142508
vt 0.184909 0.142508
vt 0.193570 0.142508
vt 0.185775 0.142508
vt 0.191837 0.142508
vt 0.186641 0.142508
vt 0.070757 0.672266
vt 0.068513 0.672266
vt 0.071206 0.672266
vt 0.068962 0.672266
vt 0.137198 0.728175
vt 0.134600 0.728175
vt 0.138064 0.728175
vt 0.135466 0.728175
vt 0.069891 0.232327
vt 0.069025 0.232327
vt 0.070757 0.232327
vt 0.032610 0.975761
vt 0.056030 0.975761
vt 0.044320 0.975761
vt 0.067740 0.975761
vt 0.079450 0.975761
vt 0.102870 0.975761
vt 0.091160 0.975761
vt 0.114580 0.975761
vt 0.137999 0.975761
vt 0.126290 0.975761
vt 0.369682 0.142508
vt 0.371157 0.142508
vt 0.370419 0.142508
vt 0.371895 0.142508
vt 0.368944 0.142508
vt 0.372632 0.142508
vt 0.373370 0.142508
vt 0.368207 0.142508
vt 0.374107 0.142508
vt 0.315300 0.728175
vt 0.321938 0.728175
vt 0.321201 0.728175
vt 0.314562 0.728175
vt 0.367469 0.142508
vt 0.375583 0.142508
vt 0.374845 0.142508
vt 0.366732 0.142508
vt 0.376320 0.142508
vt 0.377058 0.142508
vt 0.134038 0.975761
vt 0.139772 0.975761
vt 0.134421 0.975761
vt 0.140154 0.975761
vt 0.365994 0.142508
vt 0.378533 0.142508
vt 0.377795 0.142508
vt 0.365256 0.142508
vt 0.379270 0.142508
vt 0.133274 0.975761
vt 0.140918 0.975761
vt 0.133656 0.975761
vt 0.141300 0.975761
vt 0.364519 0.142508
vt 0.380746 0.142508
vt 0.380008 0.142508
vt 0.363781 0.142508
vt 0.381483 0.142508
vt 0.132892 0.975761
vt 0.142447 0.975761
vt 0.142065 0.975761
vt 0.132509 0.975761
vt 0.363044 0.142508
vt 0.382959 0.142508
vt 0.382221 0.142508
vt 0.132127 0.975761
vt 0.142829 0.975761
vt 0.143212 0.975761
vt 0.159544 0.672266
vt 0.171010 0.672266
vt 0.170628 0.672266
vt 0.308662 0.728175
vt 0.331527 0.728175
vt 0.309399 0.728175
vt 0.332264 0.728175
vt 0.159161 0.672266
vt 0.171775 0.672266
vt 0.171393 0.672266
vt 0.131363 0.975761
vt 0.144358 0.975761
vt 0.131745 0.975761
vt 0.307924 0.728175
vt 0.333740 0.728175
vt 0.333002 0.728175
vt 0.145123 0.975761
vt 0.144741 0.975761
vt 0.130981 0.975761
vt 0.360093 0.142508
vt 0.388122 0.142508
vt 0.387384 0.142508
vt 0.130598 0.975761
vt 0.145505 0.975761
vt 0.145887 0.975761
vt 0.306449 0.728175
vt 0.336690 0.728175
vt 0.335952 0.728175
vt 0.130216 0.975761
vt 0.146269 0.975761
vt 0.146652 0.975761
vt 0.305711 0.728175
vt 0.139753 0.728175
vt 0.337428 0.728175
vt 0.044216 0.975761
vt 0.147034 0.975761
vt 0.129834 0.975761
vt 0.044598 0.975761
vt 0.193397 0.142508
vt 0.192660 0.142508
vt 0.358618 0.142508
vt 0.191922 0.142508
vt 0.391072 0.142508
vt 0.070868 0.672266
vt 0.174450 0.672266
vt 0.071250 0.672266
vt 0.044980 0.975761
vt 0.070486 0.672266
vt 0.070104 0.672266
vt 0.304974 0.728175
vt 0.141966 0.728175
vt 0.141228 0.728175
vt 0.188972 0.142508
vt 0.189709 0.142508
vt 0.188234 0.142508
vt 0.142703 0.728175
vt 0.135327 0.728175
vt 0.338903 0.728175
vt 0.338165 0.728175
vt 0.134590 0.728175
vt 0.133852 0.728175
vt 0.143441 0.728175
vt 0.133115 0.728175
vt 0.185284 0.142508
vt 0.391810 0.142508
vt 0.186021 0.142508
vt 0.357880 0.142508
vt 0.197085 0.142508
vt 0.196348 0.142508
vt 0.184546 0.142508
vt 0.129452 0.975761
vt 0.046509 0.975761
vt 0.040011 0.975761
vt 0.147798 0.975761
vt 0.147416 0.975761
vt 0.046891 0.975761
vt 0.039629 0.975761
vt 0.130164 0.728175
vt 0.339640 0.728175
vt 0.130902 0.728175
vt 0.304236 0.728175
vt 0.145654 0.728175
vt 0.144916 0.728175
vt 0.129427 0.728175
vt 0.181596 0.142508
vt 0.392547 0.142508
vt 0.182333 0.142508
vt 0.065899 0.672266
vt 0.175597 0.672266
vt 0.175215 0.672266
vt 0.357143 0.142508
vt 0.199298 0.142508
vt 0.198560 0.142508
vt 0.065517 0.672266
vt 0.065135 0.672266
vt 0.129069 0.975761
vt 0.047656 0.975761
vt 0.048038 0.975761
vt 0.126476 0.728175
vt 0.340378 0.728175
vt 0.127214 0.728175
vt 0.179383 0.142508
vt 0.394022 0.142508
vt 0.393285 0.142508
vt 0.178646 0.142508
vt 0.048420 0.975761
vt 0.177908 0.142508
vt 0.036571 0.975761
vt 0.148945 0.975761
vt 0.148563 0.975761
vt 0.036189 0.975761
vt 0.048803 0.975761
vt 0.128687 0.975761
vt 0.176433 0.142508
vt 0.394760 0.142508
vt 0.177170 0.142508
vt 0.122788 0.728175
vt 0.341853 0.728175
vt 0.123526 0.728175
vt 0.049185 0.975761
vt 0.035425 0.975761
vt 0.149327 0.975761
vt 0.062459 0.672266
vt 0.176744 0.672266
vt 0.062841 0.672266
vt 0.302761 0.728175
vt 0.150079 0.728175
vt 0.149342 0.728175
vt 0.174220 0.142508
vt 0.395498 0.142508
vt 0.174958 0.142508
vt 0.034660 0.975761
vt 0.128305 0.975761
vt 0.049567 0.975761
vt 0.034278 0.975761
vt 0.049949 0.975761
vt 0.061312 0.672266
vt 0.177126 0.672266
vt 0.061695 0.672266
vt 0.119838 0.728175
vt 0.119100 0.728175
vt 0.050332 0.975761
vt 0.127923 0.975761
vt 0.060548 0.672266
vt 0.048317 0.672266
vt 0.060930 0.672266
vt 0.033131 0.975761
vt 0.021283 0.975761
vt 0.117625 0.728175
vt 0.095497 0.728175
vt 0.118363 0.728175
vt 0.050714 0.975761
vt 0.059784 0.672266
vt 0.048699 0.672266
vt 0.060166 0.672266
vt 0.032367 0.975761
vt 0.021665 0.975761
vt 0.116150 0.728175
vt 0.096235 0.728175
vt 0.116888 0.728175
vt 0.127540 0.975761
vt 0.051096 0.975761
vt 0.168319 0.142508
vt 0.149142 0.142508
vt 0.169057 0.142508
vt 0.031603 0.975761
vt 0.022047 0.975761
vt 0.031220 0.975761
vt 0.300548 0.728175
vt 0.153767 0.728175
vt 0.153030 0.728175
vt 0.022429 0.975761
vt 0.030838 0.975761
vt 0.127158 0.975761
vt 0.051478 0.975761
vt 0.057872 0.672266
vt 0.049846 0.672266
vt 0.058255 0.672266
vt 0.299810 0.728175
vt 0.154505 0.728175
vt 0.030456 0.975761
vt 0.022811 0.975761
vt 0.030074 0.975761
vt 0.052243 0.975761
vt 0.051860 0.975761
vt 0.126776 0.975761
vt 0.111724 0.728175
vt 0.098448 0.728175
vt 0.112462 0.728175
vt 0.099185 0.728175
vt 0.056726 0.672266
vt 0.050610 0.672266
vt 0.057108 0.672266
vt 0.052625 0.975761
vt 0.110987 0.728175
vt 0.099923 0.728175
vt 0.110249 0.728175
vt 0.126394 0.975761
vt 0.028545 0.975761
vt 0.023576 0.975761
vt 0.028927 0.975761
vt 0.023958 0.975761
vt 0.053007 0.975761
vt 0.161681 0.142508
vt 0.153567 0.142508
vt 0.162418 0.142508
vt 0.028163 0.975761
vt 0.024340 0.975761
vt 0.027780 0.975761
vt 0.126012 0.975761
vt 0.053389 0.975761
vt 0.027398 0.975761
vt 0.024723 0.975761
vt 0.106561 0.728175
vt 0.102136 0.728175
vt 0.107299 0.728175
vt 0.053772 0.975761
vt 0.125629 0.975761
vt 0.054050 0.672266
vt 0.052139 0.672266
vt 0.054432 0.672266
vt 0.026634 0.975761
vt 0.025105 0.975761
vt 0.026251 0.975761
vt 0.054154 0.975761
vt 0.025487 0.975761
vt 0.104349 0.728175
vt 0.103611 0.728175
vt 0.105086 0.728175
vt 0.125247 0.975761
vt 0.054536 0.975761
vt 0.054918 0.975761
vt 0.124865 0.975761
vt 0.055300 0.975761
vt 0.124483 0.975761
vt 0.055683 0.975761
vt 0.124100 0.975761
vt 0.056065 0.975761
vt 0.056447 0.975761
vt 0.123718 0.975761
vt 0.056829 0.975761
vt 0.123336 0.975761
vt 0.057212 0.975761
vt 0.122954 0.975761
vt 0.057594 0.975761
vt 0.122572 0.975761
vt 0.057976 0.975761
vt 0.122189 0.975761
vt 0.058358 0.975761
vt 0.058740 0.975761
vt 0.121807 0.975761
vt 0.059123 0.975761
vt 0.121425 0.975761
vt 0.059505 0.975761
vt 0.121043 0.975761
vt 0.059887 0.975761
vt 0.120660 0.975761
vt 0.060269 0.975761
vt 0.060651 0.975761
vt 0.120278 0.975761
vt 0.061034 0.975761
vt 0.119896 0.975761
vt 0.061416 0.975761
vt 0.119514 0.975761
vt 0.061798 0.975761
vt 0.117117 0.672266
vt 0.117881 0.672266
vt 0.117499 0.672266
vt 0.089700 0.975761
vt 0.090847 0.975761
vt 0.090465 0.975761
vt 0.062180 0.975761
vt 0.119132 0.975761
vt 0.226789 0.728175
vt 0.229739 0.728175
vt 0.227526 0.728175
vt 0.089318 0.975761
vt 0.091229 0.975761
vt 0.062563 0.975761
vt 0.088936 0.975761
vt 0.088554 0.975761
vt 0.091612 0.975761
vt 0.118749 0.975761
vt 0.062945 0.975761
vt 0.277483 0.142508
vt 0.284121 0.142508
vt 0.278220 0.142508
vt 0.088172 0.975761
vt 0.091994 0.975761
vt 0.115206 0.672266
vt 0.119410 0.672266
vt 0.115588 0.672266
vt 0.118367 0.975761
vt 0.063327 0.975761
vt 0.223101 0.728175
vt 0.231952 0.728175
vt 0.223838 0.728175
vt 0.087407 0.975761
vt 0.092376 0.975761
vt 0.087025 0.975761
vt 0.063709 0.975761
vt 0.092758 0.975761
vt 0.114059 0.672266
vt 0.120175 0.672266
vt 0.114441 0.672266
vt 0.117985 0.975761
vt 0.220888 0.728175
vt 0.233427 0.728175
vt 0.221626 0.728175
vt 0.086260 0.975761
vt 0.093140 0.975761
vt 0.064092 0.975761
vt 0.085878 0.975761
vt 0.220150 0.728175
vt 0.234902 0.728175
vt 0.234165 0.728175
vt 0.219413 0.728175
vt 0.117603 0.975761
vt 0.064474 0.975761
vt 0.085114 0.975761
vt 0.093523 0.975761
vt 0.085496 0.975761
vt 0.093905 0.975761
vt 0.217938 0.728175
vt 0.235640 0.728175
vt 0.218675 0.728175
vt 0.064856 0.975761
vt 0.084349 0.975761
vt 0.084732 0.975761
vt 0.117220 0.975761
vt 0.094287 0.975761
vt 0.216462 0.728175
vt 0.236377 0.728175
vt 0.217200 0.728175
vt 0.065238 0.975761
vt 0.111001 0.672266
vt 0.121704 0.672266
vt 0.111384 0.672266
vt 0.083585 0.975761
vt 0.094669 0.975761
vt 0.280633 0.728175
vt 0.181058 0.728175
vt 0.180321 0.728175
vt 0.214987 0.728175
vt 0.237115 0.728175
vt 0.215725 0.728175
vt 0.116838 0.975761
vt 0.065620 0.975761
vt 0.083203 0.975761
vt 0.095052 0.975761
vt 0.082820 0.975761
vt 0.066003 0.975761
vt 0.082438 0.975761
vt 0.095434 0.975761
vt 0.082056 0.975761
vt 0.116456 0.975761
vt 0.066385 0.975761
vt 0.081674 0.975761
vt 0.264944 0.142508
vt 0.292235 0.142508
vt 0.291497 0.142508
vt 0.264206 0.142508
vt 0.066767 0.975761
vt 0.210562 0.728175
vt 0.239328 0.728175
vt 0.211299 0.728175
vt 0.116074 0.975761
vt 0.108326 0.672266
vt 0.123615 0.672266
vt 0.123233 0.672266
vt 0.107944 0.672266
vt 0.067149 0.975761
vt 0.261993 0.142508
vt 0.292972 0.142508
vt 0.262731 0.142508
vt 0.080145 0.975761
vt 0.096580 0.975761
vt 0.096198 0.975761
vt 0.079763 0.975761
vt 0.143490 0.672266
vt 0.094948 0.672266
vt 0.094566 0.672266
vt 0.106797 0.672266
vt 0.123997 0.672266
vt 0.107179 0.672266
vt 0.115692 0.975761
vt 0.067532 0.975761
vt 0.067914 0.975761
vt 0.206874 0.728175
vt 0.240803 0.728175
vt 0.207611 0.728175
vt 0.078998 0.975761
vt 0.096963 0.975761
vt 0.106032 0.672266
vt 0.124379 0.672266
vt 0.106415 0.672266
vt 0.143108 0.672266
vt 0.095712 0.672266
vt 0.095330 0.672266
vt 0.105650 0.672266
vt 0.205399 0.728175
vt 0.242278 0.728175
vt 0.241541 0.728175
vt 0.204661 0.728175
vt 0.277683 0.728175
vt 0.186959 0.728175
vt 0.186221 0.728175
vt 0.115309 0.975761
vt 0.068678 0.975761
vt 0.256830 0.142508
vt 0.295185 0.142508
vt 0.257568 0.142508
vt 0.256093 0.142508
vt 0.069060 0.975761
vt 0.077087 0.975761
vt 0.097727 0.975761
vt 0.097345 0.975761
vt 0.076705 0.975761
vt 0.201711 0.728175
vt 0.243016 0.728175
vt 0.202448 0.728175
vt 0.276945 0.728175
vt 0.188434 0.728175
vt 0.187696 0.728175
vt 0.253880 0.142508
vt 0.295923 0.142508
vt 0.254617 0.142508
vt 0.253142 0.142508
vt 0.329852 0.142508
vt 0.242078 0.142508
vt 0.241341 0.142508
vt 0.075558 0.975761
vt 0.098109 0.975761
vt 0.114927 0.975761
vt 0.069825 0.975761
vt 0.075176 0.975761
vt 0.070207 0.975761
vt 0.074794 0.975761
vt 0.074412 0.975761
vt 0.070589 0.975761
vt 0.074029 0.975761
vt 0.249454 0.142508
vt 0.296660 0.142508
vt 0.250192 0.142508
vt 0.297398 0.142508
vt 0.329114 0.142508
vt 0.244291 0.142508
vt 0.243554 0.142508
vt 0.248717 0.142508
vt 0.247979 0.142508
vt 0.245029 0.142508
vt 0.247242 0.142508
vt 0.246504 0.142508
vt 0.245766 0.142508
vt 0.114545 0.975761
vt 0.098492 0.975761
vt 0.098874 0.975761
vt 0.275470 0.728175
vt 0.245966 0.728175
vt 0.245229 0.728175
vt 0.114163 0.975761
vt 0.099256 0.975761
vt 0.099638 0.975761
vt 0.274732 0.728175
vt 0.247441 0.728175
vt 0.246704 0.728175
vt 0.113780 0.975761
vt 0.100020 0.975761
vt 0.100403 0.975761
vt 0.113398 0.975761
vt 0.100785 0.975761
vt 0.101167 0.975761
vt 0.113016 0.975761
vt 0.101549 0.975761
vt 0.101932 0.975761
vt 0.324689 0.142508
vt 0.304036 0.142508
vt 0.325426 0.142508
vt 0.304774 0.142508
vt 0.112634 0.975761
vt 0.102696 0.975761
vt 0.102314 0.975761
vt 0.112252 0.975761
vt 0.323951 0.142508
vt 0.306249 0.142508
vt 0.305511 0.142508
vt 0.111869 0.975761
vt 0.103078 0.975761
vt 0.103461 0.975761
vt 0.139286 0.672266
vt 0.131259 0.672266
vt 0.130877 0.672266
vt 0.269569 0.728175
vt 0.254817 0.728175
vt 0.270307 0.728175
vt 0.255555 0.728175
vt 0.256292 0.728175
vt 0.321738 0.142508
vt 0.309199 0.142508
vt 0.322476 0.142508
vt 0.138521 0.672266
vt 0.132406 0.672266
vt 0.132024 0.672266
vt 0.110723 0.975761
vt 0.104989 0.975761
vt 0.111105 0.975761
vt 0.268094 0.728175
vt 0.257768 0.728175
vt 0.257030 0.728175
vt 0.258505 0.728175
vt 0.320263 0.142508
vt 0.311412 0.142508
vt 0.321001 0.142508
vt 0.312150 0.142508
vt 0.312887 0.142508
vt 0.319526 0.142508
vt 0.313625 0.142508
vt 0.136993 0.672266
vt 0.134317 0.672266
vt 0.137375 0.672266
vt 0.134699 0.672266
vt 0.318788 0.142508
vt 0.315100 0.142508
vt 0.314362 0.142508
vt 0.265144 0.728175
vt 0.262193 0.728175
vt 0.265881 0.728175
vt 0.262931 0.728175
vt 0.318050 0.142508
vt 0.316575 0.142508
vt 0.315838 0.142508
vt 0.317313 0.142508
vt 0.074571 0.975761
vt 0.096039 0.975761
vt 0.085305 0.975761
vt 0.117507 0.975761
vt 0.138975 0.975761
vt 0.128241 0.975761
vt 0.053103 0.975761
vt 0.042369 0.975761
vt 0.031634 0.975761
vt 0.535296 0.966727
vt 0.536206 0.966727
vt 0.726502 0.966727
vt 0.537117 0.966727
vt 0.538027 0.966727
vt 0.538938 0.966727
vt 0.539848 0.966727
vt 0.540759 0.966727
vt 0.541669 0.966727
vt 0.542580 0.966727
vt 0.543490 0.966727
vt 0.544401 0.966727
vt 0.545311 0.966727
vt 0.546222 0.966727
vt 0.547132 0.966727
vt 0.548043 0.966727
vt 0.548953 0.966727
vt 0.549864 0.966727
vt 0.550775 0.966727
vt 0.551685 0.966727
vt 0.552595 0.966727
vt 0.553506 0.966727
vt 0.554417 0.966727
vt 0.555327 0.966727
vt 0.556238 0.966727
vt 0.220436 0.232327
vt 0.050171 0.232327
vt 0.276887 0.232327
vt 0.275977 0.232327
vt 0.051081 0.232327
vt 0.727413 0.966727
vt 0.275066 0.232327
vt 0.274156 0.232327
vt 0.273245 0.232327
vt 0.778401 0.966727
vt 0.779312 0.966727
vt 0.557148 0.966727
vt 0.558059 0.966727
vt 0.271424 0.232327
vt 0.272335 0.232327
vt 0.051992 0.232327
vt 0.270514 0.232327
vt 0.776580 0.966727
vt 0.558969 0.966727
vt 0.775670 0.966727
vt 0.268693 0.232327
vt 0.269603 0.232327
vt 0.052902 0.232327
vt 0.774759 0.966727
vt 0.559880 0.966727
vt 0.773849 0.966727
vt 0.266872 0.232327
vt 0.267782 0.232327
vt 0.053813 0.232327
vt 0.772938 0.966727
vt 0.560790 0.966727
vt 0.772028 0.966727
vt 0.265961 0.232327
vt 0.054723 0.232327
vt 0.055634 0.232327
vt 0.265051 0.232327
vt 0.770207 0.966727
vt 0.771117 0.966727
vt 0.561701 0.966727
vt 0.264140 0.232327
vt 0.056544 0.232327
vt 0.769296 0.966727
vt 0.562611 0.966727
vt 0.563522 0.966727
vt 0.262319 0.232327
vt 0.263230 0.232327
vt 0.057455 0.232327
vt 0.768386 0.966727
vt 0.564432 0.966727
vt 0.767475 0.966727
vt 0.766565 0.966727
vt 0.565343 0.966727
vt 0.259588 0.232327
vt 0.260498 0.232327
vt 0.059276 0.232327
vt 0.765654 0.966727
vt 0.566253 0.966727
vt 0.258677 0.232327
vt 0.060186 0.232327
vt 0.764744 0.966727
vt 0.567164 0.966727
vt 0.763833 0.966727
vt 0.568074 0.966727
vt 0.762923 0.966727
vt 0.568985 0.966727
vt 0.762012 0.966727
vt 0.569895 0.966727
vt 0.761102 0.966727
vt 0.254124 0.232327
vt 0.255035 0.232327
vt 0.063828 0.232327
vt 0.064739 0.232327
vt 0.759281 0.966727
vt 0.760191 0.966727
vt 0.570806 0.966727
vt 0.571716 0.966727
vt 0.758370 0.966727
vt 0.572627 0.966727
vt 0.251393 0.232327
vt 0.252303 0.232327
vt 0.066560 0.232327
vt 0.757460 0.966727
vt 0.573537 0.966727
vt 0.756549 0.966727
vt 0.250482 0.232327
vt 0.067470 0.232327
vt 0.068381 0.232327
vt 0.755639 0.966727
vt 0.574448 0.966727
vt 0.754728 0.966727
vt 0.248661 0.232327
vt 0.069292 0.232327
vt 0.753818 0.966727
vt 0.575358 0.966727
vt 0.576269 0.966727
vt 0.246840 0.232327
vt 0.247751 0.232327
vt 0.070202 0.232327
vt 0.752907 0.966727
vt 0.577179 0.966727
vt 0.751997 0.966727
vt 0.245930 0.232327
vt 0.071113 0.232327
vt 0.072023 0.232327
vt 0.245019 0.232327
vt 0.751086 0.966727
vt 0.578090 0.966727
vt 0.579000 0.966727
vt 0.750176 0.966727
vt 0.243198 0.232327
vt 0.244109 0.232327
vt 0.072934 0.232327
vt 0.073844 0.232327
vt 0.748355 0.966727
vt 0.749265 0.966727
vt 0.579911 0.966727
vt 0.580821 0.966727
vt 0.241377 0.232327
vt 0.242288 0.232327
vt 0.074755 0.232327
vt 0.747444 0.966727
vt 0.581732 0.966727
vt 0.746534 0.966727
vt 0.240467 0.232327
vt 0.075665 0.232327
vt 0.076576 0.232327
vt 0.239556 0.232327
vt 0.745623 0.966727
vt 0.582642 0.966727
vt 0.583553 0.966727
vt 0.744712 0.966727
vt 0.237735 0.232327
vt 0.238646 0.232327
vt 0.077486 0.232327
vt 0.078397 0.232327
vt 0.236825 0.232327
vt 0.742892 0.966727
vt 0.584463 0.966727
vt 0.585374 0.966727
vt 0.741981 0.966727
vt 0.235914 0.232327
vt 0.079307 0.232327
vt 0.080218 0.232327
vt 0.235004 0.232327
vt 0.081128 0.232327
vt 0.234093 0.232327
vt 0.739249 0.966727
vt 0.740160 0.966727
vt 0.587195 0.966727
vt 0.588105 0.966727
vt 0.232272 0.232327
vt 0.233183 0.232327
vt 0.082039 0.232327
vt 0.082949 0.232327
vt 0.231362 0.232327
vt 0.230451 0.232327
vt 0.736518 0.966727
vt 0.589016 0.966727
vt 0.589926 0.966727
vt 0.735607 0.966727
vt 0.228630 0.232327
vt 0.229541 0.232327
vt 0.083860 0.232327
vt 0.084770 0.232327
vt 0.227720 0.232327
vt 0.226809 0.232327
vt 0.085681 0.232327
vt 0.225899 0.232327
vt 0.224988 0.232327
vt 0.224078 0.232327
vt 0.730144 0.966727
vt 0.591747 0.966727
vt 0.592658 0.966727
vt 0.223167 0.232327
vt 0.086591 0.232327
vt 0.222257 0.232327
vt 0.669140 0.966727
vt 0.728323 0.966727
vt 0.593568 0.966727
vt 0.594479 0.966727
vt 0.595389 0.966727
vt 0.596300 0.966727
vt 0.597210 0.966727
vt 0.598121 0.966727
vt 0.163074 0.232327
vt 0.092054 0.232327
vt 0.092965 0.232327
vt 0.599031 0.966727
vt 0.599942 0.966727
vt 0.600852 0.966727
vt 0.094786 0.232327
vt 0.095696 0.232327
vt 0.601763 0.966727
vt 0.602673 0.966727
vt 0.603584 0.966727
vt 0.604494 0.966727
vt 0.605405 0.966727
vt 0.606315 0.966727
vt 0.607226 0.966727
vt 0.608136 0.966727
vt 0.609047 0.966727
vt 0.609957 0.966727
vt 0.610868 0.966727
vt 0.611778 0.966727
vt 0.612689 0.966727
vt 0.613599 0.966727
vt 0.614510 0.966727
vt 0.615420 0.966727
vt 0.616331 0.966727
vt 0.617242 0.966727
vt 0.618152 0.966727
vt 0.725592 0.966727
vt 0.619062 0.966727
vt 0.670051 0.966727
vt 0.218615 0.232327
vt 0.219525 0.232327
vt 0.112996 0.232327
vt 0.217704 0.232327
vt 0.216794 0.232327
vt 0.113906 0.232327
vt 0.215883 0.232327
vt 0.214973 0.232327
vt 0.214062 0.232327
vt 0.213152 0.232327
vt 0.719218 0.966727
vt 0.619973 0.966727
vt 0.620884 0.966727
vt 0.718308 0.966727
vt 0.211331 0.232327
vt 0.212241 0.232327
vt 0.114817 0.232327
vt 0.210420 0.232327
vt 0.115727 0.232327
vt 0.209510 0.232327
vt 0.714666 0.966727
vt 0.715576 0.966727
vt 0.621794 0.966727
vt 0.622705 0.966727
vt 0.207689 0.232327
vt 0.208599 0.232327
vt 0.116638 0.232327
vt 0.713755 0.966727
vt 0.623615 0.966727
vt 0.712845 0.966727
vt 0.711934 0.966727
vt 0.205868 0.232327
vt 0.117548 0.232327
vt 0.118459 0.232327
vt 0.204957 0.232327
vt 0.710113 0.966727
vt 0.711024 0.966727
vt 0.624526 0.966727
vt 0.625436 0.966727
vt 0.203136 0.232327
vt 0.204047 0.232327
vt 0.119369 0.232327
vt 0.709203 0.966727
vt 0.626347 0.966727
vt 0.708292 0.966727
vt 0.201315 0.232327
vt 0.202226 0.232327
vt 0.120280 0.232327
vt 0.707382 0.966727
vt 0.627257 0.966727
vt 0.706471 0.966727
vt 0.200405 0.232327
vt 0.121190 0.232327
vt 0.122101 0.232327
vt 0.199494 0.232327
vt 0.704650 0.966727
vt 0.705561 0.966727
vt 0.628168 0.966727
vt 0.629078 0.966727
vt 0.197673 0.232327
vt 0.198584 0.232327
vt 0.123011 0.232327
vt 0.703740 0.966727
vt 0.629989 0.966727
vt 0.702829 0.966727
vt 0.195852 0.232327
vt 0.196763 0.232327
vt 0.123922 0.232327
vt 0.701919 0.966727
vt 0.630899 0.966727
vt 0.701008 0.966727
vt 0.631810 0.966727
vt 0.700098 0.966727
vt 0.193121 0.232327
vt 0.194031 0.232327
vt 0.125743 0.232327
vt 0.699187 0.966727
vt 0.632720 0.966727
vt 0.698277 0.966727
vt 0.633631 0.966727
vt 0.697366 0.966727
vt 0.696456 0.966727
vt 0.634541 0.966727
vt 0.695545 0.966727
vt 0.635452 0.966727
vt 0.694635 0.966727
vt 0.693724 0.966727
vt 0.636362 0.966727
vt 0.692814 0.966727
vt 0.185836 0.232327
vt 0.186747 0.232327
vt 0.130295 0.232327
vt 0.691903 0.966727
vt 0.637273 0.966727
vt 0.184926 0.232327
vt 0.131206 0.232327
vt 0.690993 0.966727
vt 0.638183 0.966727
vt 0.690082 0.966727
vt 0.639094 0.966727
vt 0.689172 0.966727
vt 0.183105 0.232327
vt 0.133027 0.232327
vt 0.133938 0.232327
vt 0.688261 0.966727
vt 0.640004 0.966727
vt 0.640915 0.966727
vt 0.181284 0.232327
vt 0.182194 0.232327
vt 0.134848 0.232327
vt 0.687351 0.966727
vt 0.641825 0.966727
vt 0.180373 0.232327
vt 0.135759 0.232327
vt 0.685530 0.966727
vt 0.686440 0.966727
vt 0.642736 0.966727
vt 0.684619 0.966727
vt 0.643646 0.966727
vt 0.177642 0.232327
vt 0.178552 0.232327
vt 0.137580 0.232327
vt 0.683709 0.966727
vt 0.644557 0.966727
vt 0.682798 0.966727
vt 0.175821 0.232327
vt 0.176731 0.232327
vt 0.138490 0.232327
vt 0.681888 0.966727
vt 0.645467 0.966727
vt 0.174910 0.232327
vt 0.139401 0.232327
vt 0.680977 0.966727
vt 0.646378 0.966727
vt 0.680067 0.966727
vt 0.174000 0.232327
vt 0.140311 0.232327
vt 0.141222 0.232327
vt 0.173089 0.232327
vt 0.678246 0.966727
vt 0.679156 0.966727
vt 0.647288 0.966727
vt 0.648199 0.966727
vt 0.171268 0.232327
vt 0.172179 0.232327
vt 0.142132 0.232327
vt 0.170358 0.232327
vt 0.676424 0.966727
vt 0.649109 0.966727
vt 0.675514 0.966727
vt 0.168537 0.232327
vt 0.169447 0.232327
vt 0.143043 0.232327
vt 0.167626 0.232327
vt 0.673693 0.966727
vt 0.650020 0.966727
vt 0.672783 0.966727
vt 0.671872 0.966727
vt 0.164895 0.232327
vt 0.165805 0.232327
vt 0.143953 0.232327
vt 0.670961 0.966727
vt 0.650930 0.966727
vt 0.651841 0.966727
vt 0.652751 0.966727
vt 0.653662 0.966727
vt 0.654572 0.966727
vt 0.655483 0.966727
vt 0.656393 0.966727
vt 0.657304 0.966727
vt 0.658214 0.966727
vt 0.659125 0.966727
vt 0.660035 0.966727
vt 0.660946 0.966727
vt 0.661856 0.966727
vt 0.662767 0.966727
vt 0.663677 0.966727
vt 0.664588 0.966727
vt 0.665498 0.966727
vt 0.666409 0.966727
vt 0.667319 0.966727
vt 0.131384 0.232327
vt 0.132250 0.232327
vt 0.133116 0.232327
vt 0.133982 0.232327
vt 0.130518 0.232327
vt 0.129651 0.232327
vt 0.135714 0.232327
vt 0.128785 0.232327
vt 0.136580 0.232327
vt 0.127919 0.232327
vt 0.633986 0.966727
vt 0.642647 0.966727
vt 0.643513 0.966727
vt 0.633120 0.966727
vt 0.127053 0.232327
vt 0.137446 0.232327
vt 0.138312 0.232327
vt 0.126187 0.232327
vt 0.632254 0.966727
vt 0.644379 0.966727
vt 0.645245 0.966727
vt 0.631388 0.966727
vt 0.125321 0.232327
vt 0.139179 0.232327
vt 0.140045 0.232327
vt 0.124455 0.232327
vt 0.630522 0.966727
vt 0.646111 0.966727
vt 0.646977 0.966727
vt 0.629655 0.966727
vt 0.647843 0.966727
vt 0.628789 0.966727
vt 0.122723 0.232327
vt 0.141777 0.232327
vt 0.142643 0.232327
vt 0.121857 0.232327
vt 0.627057 0.966727
vt 0.627923 0.966727
vt 0.648710 0.966727
vt 0.649576 0.966727
vt 0.626191 0.966727
vt 0.650442 0.966727
vt 0.625325 0.966727
vt 0.651308 0.966727
vt 0.624459 0.966727
vt 0.652174 0.966727
vt 0.623593 0.966727
vt 0.701541 0.966727
vt 0.195474 0.232327
vt 0.118392 0.232327
vt 0.194608 0.232327
vt 0.146107 0.232327
vt 0.193742 0.232327
vt 0.699809 0.966727
vt 0.653040 0.966727
vt 0.702407 0.966727
vt 0.698943 0.966727
vt 0.117526 0.232327
vt 0.196341 0.232327
vt 0.197207 0.232327
vt 0.192010 0.232327
vt 0.192876 0.232327
vt 0.146973 0.232327
vt 0.198073 0.232327
vt 0.191144 0.232327
vt 0.198939 0.232327
vt 0.190278 0.232327
vt 0.199805 0.232327
vt 0.189412 0.232327
vt 0.622727 0.966727
vt 0.705872 0.966727
vt 0.695479 0.966727
vt 0.653906 0.966727
vt 0.706738 0.966727
vt 0.694612 0.966727
vt 0.116660 0.232327
vt 0.200671 0.232327
vt 0.201537 0.232327
vt 0.187680 0.232327
vt 0.188546 0.232327
vt 0.147839 0.232327
vt 0.202403 0.232327
vt 0.186814 0.232327
vt 0.621861 0.966727
vt 0.708470 0.966727
vt 0.692880 0.966727
vt 0.654772 0.966727
vt 0.709336 0.966727
vt 0.692014 0.966727
vt 0.710202 0.966727
vt 0.691148 0.966727
vt 0.711068 0.966727
vt 0.690282 0.966727
vt 0.620995 0.966727
vt 0.655638 0.966727
vt 0.689416 0.966727
vt 0.114928 0.232327
vt 0.206734 0.232327
vt 0.182483 0.232327
vt 0.183349 0.232327
vt 0.149572 0.232327
vt 0.620128 0.966727
vt 0.712800 0.966727
vt 0.688550 0.966727
vt 0.656504 0.966727
vt 0.713667 0.966727
vt 0.687684 0.966727
vt 0.714532 0.966727
vt 0.686818 0.966727
vt 0.619262 0.966727
vt 0.657370 0.966727
vt 0.715399 0.966727
vt 0.685951 0.966727
vt 0.618396 0.966727
vt 0.658237 0.966727
vt 0.716265 0.966727
vt 0.685085 0.966727
vt 0.112330 0.232327
vt 0.210198 0.232327
vt 0.211064 0.232327
vt 0.178153 0.232327
vt 0.179019 0.232327
vt 0.152170 0.232327
vt 0.617530 0.966727
vt 0.717131 0.966727
vt 0.684219 0.966727
vt 0.534385 0.966727
vt 0.111464 0.232327
vt 0.211930 0.232327
vt 0.177287 0.232327
vt 0.717997 0.966727
vt 0.718863 0.966727
vt 0.682487 0.966727
vt 0.683353 0.966727
vt 0.616664 0.966727
vt 0.535251 0.966727
vt 0.719729 0.966727
vt 0.681621 0.966727
vt 0.536118 0.966727
vt 0.615798 0.966727
vt 0.720595 0.966727
vt 0.680755 0.966727
vt 0.536984 0.966727
vt 0.614932 0.966727
vt 0.721461 0.966727
vt 0.679889 0.966727
vt 0.722327 0.966727
vt 0.679023 0.966727
vt 0.537850 0.966727
vt 0.614066 0.966727
vt 0.678157 0.966727
vt 0.723193 0.966727
vt 0.538716 0.966727
vt 0.613200 0.966727
vt 0.677291 0.966727
vt 0.724060 0.966727
vt 0.724926 0.966727
vt 0.539582 0.966727
vt 0.612334 0.966727
vt 0.675558 0.966727
vt 0.725792 0.966727
vt 0.540448 0.966727
vt 0.611468 0.966727
vt 0.674692 0.966727
vt 0.726658 0.966727
vt 0.541314 0.966727
vt 0.610601 0.966727
vt 0.673826 0.966727
vt 0.727524 0.966727
vt 0.672960 0.966727
vt 0.728390 0.966727
vt 0.542180 0.966727
vt 0.609735 0.966727
vt 0.672094 0.966727
vt 0.729256 0.966727
vt 0.543046 0.966727
vt 0.608869 0.966727
vt 0.671228 0.966727
vt 0.730122 0.966727
vt 0.543912 0.966727
vt 0.608003 0.966727
vt 0.670362 0.966727
vt 0.730988 0.966727
vt 0.544778 0.966727
vt 0.607137 0.966727
vt 0.669496 0.966727
vt 0.731854 0.966727
vt 0.606271 0.966727
vt 0.732720 0.966727
vt 0.668630 0.966727
vt 0.545645 0.966727
vt 0.733587 0.966727
vt 0.667764 0.966727
vt 0.546511 0.966727
vt 0.734453 0.966727
vt 0.666897 0.966727
vt 0.604539 0.966727
vt 0.547377 0.966727
vt 0.735319 0.966727
vt 0.666031 0.966727
vt 0.603673 0.966727
vt 0.548243 0.966727
vt 0.736185 0.966727
vt 0.665165 0.966727
vt 0.602807 0.966727
vt 0.549109 0.966727
vt 0.737051 0.966727
vt 0.664299 0.966727
vt 0.737917 0.966727
vt 0.663433 0.966727
vt 0.601941 0.966727
vt 0.549975 0.966727
vt 0.738783 0.966727
vt 0.662567 0.966727
vt 0.601074 0.966727
vt 0.550841 0.966727
vt 0.739649 0.966727
vt 0.661701 0.966727
vt 0.600208 0.966727
vt 0.551707 0.966727
vt 0.660835 0.966727
vt 0.740515 0.966727
vt 0.659969 0.966727
vt 0.741381 0.966727
vt 0.599342 0.966727
vt 0.552573 0.966727
vt 0.659103 0.966727
vt 0.742247 0.966727
vt 0.553439 0.966727
vt 0.598476 0.966727
vt 0.743114 0.966727
vt 0.782954 0.966727
vt 0.554305 0.966727
vt 0.597610 0.966727
vt 0.782088 0.966727
vt 0.743980 0.966727
vt 0.744846 0.966727
vt 0.781222 0.966727
vt 0.555172 0.966727
vt 0.596744 0.966727
vt 0.745712 0.966727
vt 0.780356 0.966727
vt 0.595878 0.966727
vt 0.556038 0.966727
vt 0.746578 0.966727
vt 0.779489 0.966727
vt 0.778623 0.966727
vt 0.595012 0.966727
vt 0.556904 0.966727
vt 0.748310 0.966727
vt 0.777757 0.966727
vt 0.088945 0.232327
vt 0.242243 0.232327
vt 0.243110 0.232327
vt 0.270824 0.232327
vt 0.271691 0.232327
vt 0.050837 0.232327
vt 0.594146 0.966727
vt 0.749176 0.966727
vt 0.776891 0.966727
vt 0.557770 0.966727
vt 0.750042 0.966727
vt 0.776025 0.966727
vt 0.593280 0.966727
vt 0.558636 0.966727
vt 0.750908 0.966727
vt 0.775159 0.966727
vt 0.751775 0.966727
vt 0.774293 0.966727
vt 0.592413 0.966727
vt 0.559502 0.966727
vt 0.752641 0.966727
vt 0.773427 0.966727
vt 0.753507 0.966727
vt 0.772561 0.966727
vt 0.591547 0.966727
vt 0.560368 0.966727
vt 0.754373 0.966727
vt 0.771695 0.966727
vt 0.755239 0.966727
vt 0.770828 0.966727
vt 0.085481 0.232327
vt 0.249172 0.232327
vt 0.250038 0.232327
vt 0.263896 0.232327
vt 0.264762 0.232327
vt 0.054301 0.232327
vt 0.590681 0.966727
vt 0.756105 0.966727
vt 0.769962 0.966727
vt 0.561234 0.966727
vt 0.756971 0.966727
vt 0.769096 0.966727
vt 0.084615 0.232327
vt 0.250904 0.232327
vt 0.251771 0.232327
vt 0.262164 0.232327
vt 0.263030 0.232327
vt 0.055168 0.232327
vt 0.252637 0.232327
vt 0.261298 0.232327
vt 0.589815 0.966727
vt 0.758703 0.966727
vt 0.767364 0.966727
vt 0.562100 0.966727
vt 0.759569 0.966727
vt 0.766498 0.966727
vt 0.760435 0.966727
vt 0.765632 0.966727
vt 0.083749 0.232327
vt 0.254369 0.232327
vt 0.255235 0.232327
vt 0.258699 0.232327
vt 0.259565 0.232327
vt 0.056034 0.232327
vt 0.256101 0.232327
vt 0.257833 0.232327
vt 0.256967 0.232327
vt 0.588949 0.966727
vt 0.562966 0.966727
vt 0.563833 0.966727
vt 0.588083 0.966727
vt 0.564699 0.966727
vt 0.587217 0.966727
vt 0.565565 0.966727
vt 0.586351 0.966727
vt 0.585485 0.966727
vt 0.566431 0.966727
vt 0.078552 0.232327
vt 0.079418 0.232327
vt 0.060364 0.232327
vt 0.061230 0.232327
vt 0.583753 0.966727
vt 0.584619 0.966727
vt 0.567297 0.966727
vt 0.568163 0.966727
vt 0.582886 0.966727
vt 0.569029 0.966727
vt 0.075954 0.232327
vt 0.076820 0.232327
vt 0.062962 0.232327
vt 0.075088 0.232327
vt 0.064695 0.232327
vt 0.580288 0.966727
vt 0.581154 0.966727
vt 0.570761 0.966727
vt 0.074222 0.232327
vt 0.065561 0.232327
vt 0.073355 0.232327
vt 0.066427 0.232327
vt 0.072489 0.232327
vt 0.067293 0.232327
vt 0.577690 0.966727
vt 0.578556 0.966727
vt 0.573359 0.966727
vt 0.574226 0.966727
vt 0.071623 0.232327
vt 0.068159 0.232327
vt 0.556983 0.966727
vt 0.579580 0.966727
vt 0.602177 0.966727
vt 0.624774 0.966727
vt 0.647371 0.966727
vt 0.669968 0.966727
vt 0.692565 0.966727
vt 0.715162 0.966727
vt 0.760357 0.966727
vt 0.737760 0.966727
vt 0.250334 0.232327
vt 0.251071 0.232327
vt 0.251809 0.232327
vt 0.252547 0.232327
vt 0.249596 0.232327
vt 0.253284 0.232327
vt 0.254022 0.232327
vt 0.248859 0.232327
vt 0.254759 0.232327
vt 0.255497 0.232327
vt 0.248121 0.232327
vt 0.256235 0.232327
vt 0.247384 0.232327
vt 0.256972 0.232327
vt 0.257710 0.232327
vt 0.752713 0.966727
vt 0.753450 0.966727
vt 0.763776 0.966727
vt 0.764514 0.966727
vt 0.246646 0.232327
vt 0.258447 0.232327
vt 0.259185 0.232327
vt 0.245908 0.232327
vt 0.259923 0.232327
vt 0.751237 0.966727
vt 0.751975 0.966727
vt 0.765989 0.966727
vt 0.766727 0.966727
vt 0.245171 0.232327
vt 0.260660 0.232327
vt 0.261398 0.232327
vt 0.244433 0.232327
vt 0.262135 0.232327
vt 0.750500 0.966727
vt 0.768202 0.966727
vt 0.768940 0.966727
vt 0.749762 0.966727
vt 0.243696 0.232327
vt 0.262873 0.232327
vt 0.263611 0.232327
vt 0.749025 0.966727
vt 0.769677 0.966727
vt 0.770415 0.966727
vt 0.771152 0.966727
vt 0.242220 0.232327
vt 0.242958 0.232327
vt 0.265086 0.232327
vt 0.265823 0.232327
vt 0.748287 0.966727
vt 0.771890 0.966727
vt 0.772628 0.966727
vt 0.747549 0.966727
vt 0.241483 0.232327
vt 0.266561 0.232327
vt 0.267299 0.232327
vt 0.773365 0.966727
vt 0.774103 0.966727
vt 0.746812 0.966727
vt 0.240745 0.232327
vt 0.268036 0.232327
vt 0.268774 0.232327
vt 0.746074 0.966727
vt 0.774840 0.966727
vt 0.775578 0.966727
vt 0.240008 0.232327
vt 0.269511 0.232327
vt 0.270249 0.232327
vt 0.745337 0.966727
vt 0.776315 0.966727
vt 0.777053 0.966727
vt 0.239270 0.232327
vt 0.270986 0.232327
vt 0.073312 0.232327
vt 0.579378 0.966727
vt 0.777791 0.966727
vt 0.744599 0.966727
vt 0.580116 0.966727
vt 0.074049 0.232327
vt 0.072574 0.232327
vt 0.271724 0.232327
vt 0.577903 0.966727
vt 0.578641 0.966727
vt 0.580854 0.966727
vt 0.577166 0.966727
vt 0.576428 0.966727
vt 0.238532 0.232327
vt 0.074787 0.232327
vt 0.075525 0.232327
vt 0.069624 0.232327
vt 0.070361 0.232327
vt 0.068886 0.232327
vt 0.076262 0.232327
vt 0.272462 0.232327
vt 0.068149 0.232327
vt 0.067411 0.232327
vt 0.077000 0.232327
vt 0.066673 0.232327
vt 0.065936 0.232327
vt 0.077737 0.232327
vt 0.065198 0.232327
vt 0.743861 0.966727
vt 0.583804 0.966727
vt 0.571265 0.966727
vt 0.778528 0.966727
vt 0.779266 0.966727
vt 0.584542 0.966727
vt 0.570527 0.966727
vt 0.063723 0.232327
vt 0.064461 0.232327
vt 0.273199 0.232327
vt 0.237795 0.232327
vt 0.078475 0.232327
vt 0.079212 0.232327
vt 0.062985 0.232327
vt 0.062248 0.232327
vt 0.568315 0.966727
vt 0.780003 0.966727
vt 0.079950 0.232327
vt 0.567577 0.966727
vt 0.566839 0.966727
vt 0.743124 0.966727
vt 0.586017 0.966727
vt 0.586754 0.966727
vt 0.060035 0.232327
vt 0.060773 0.232327
vt 0.273937 0.232327
vt 0.274674 0.232327
vt 0.059298 0.232327
vt 0.587492 0.966727
vt 0.058560 0.232327
vt 0.564627 0.966727
vt 0.780741 0.966727
vt 0.781479 0.966727
vt 0.563889 0.966727
vt 0.588230 0.966727
vt 0.742386 0.966727
vt 0.057085 0.232327
vt 0.057822 0.232327
vt 0.275412 0.232327
vt 0.056347 0.232327
vt 0.588967 0.966727
vt 0.562414 0.966727
vt 0.782216 0.966727
vt 0.561676 0.966727
vt 0.236320 0.232327
vt 0.082900 0.232327
vt 0.083638 0.232327
vt 0.054872 0.232327
vt 0.055610 0.232327
vt 0.276150 0.232327
vt 0.560939 0.966727
vt 0.741649 0.966727
vt 0.589705 0.966727
vt 0.560201 0.966727
vt 0.590442 0.966727
vt 0.559464 0.966727
vt 0.053397 0.232327
vt 0.052659 0.232327
vt 0.591180 0.966727
vt 0.740911 0.966727
vt 0.557988 0.966727
vt 0.558726 0.966727
vt 0.535123 0.966727
vt 0.051184 0.232327
vt 0.051922 0.232327
vt 0.029056 0.232327
vt 0.591918 0.966727
vt 0.556513 0.966727
vt 0.557251 0.966727
vt 0.535861 0.966727
vt 0.049709 0.232327
vt 0.050446 0.232327
vt 0.029794 0.232327
vt 0.740173 0.966727
vt 0.592655 0.966727
vt 0.048971 0.232327
vt 0.555038 0.966727
vt 0.536598 0.966727
vt 0.554300 0.966727
vt 0.234107 0.232327
vt 0.086588 0.232327
vt 0.087326 0.232327
vt 0.537336 0.966727
vt 0.553563 0.966727
vt 0.739436 0.966727
vt 0.593393 0.966727
vt 0.552825 0.966727
vt 0.233369 0.232327
vt 0.088064 0.232327
vt 0.538073 0.966727
vt 0.552088 0.966727
vt 0.594130 0.966727
vt 0.594868 0.966727
vt 0.738698 0.966727
vt 0.045283 0.232327
vt 0.046021 0.232327
vt 0.032007 0.232327
vt 0.032744 0.232327
vt 0.550612 0.966727
vt 0.551350 0.966727
vt 0.538811 0.966727
vt 0.595605 0.966727
vt 0.044546 0.232327
vt 0.033482 0.232327
vt 0.043808 0.232327
vt 0.737961 0.966727
vt 0.549137 0.966727
vt 0.549875 0.966727
vt 0.539548 0.966727
vt 0.540286 0.966727
vt 0.596343 0.966727
vt 0.042333 0.232327
vt 0.043071 0.232327
vt 0.034219 0.232327
vt 0.548400 0.966727
vt 0.541024 0.966727
vt 0.547662 0.966727
vt 0.737223 0.966727
vt 0.597081 0.966727
vt 0.546924 0.966727
vt 0.541761 0.966727
vt 0.040120 0.232327
vt 0.040858 0.232327
vt 0.035695 0.232327
vt 0.597818 0.966727
vt 0.736485 0.966727
vt 0.545449 0.966727
vt 0.546187 0.966727
vt 0.542499 0.966727
vt 0.544712 0.966727
vt 0.598556 0.966727
vt 0.543236 0.966727
vt 0.037907 0.232327
vt 0.038645 0.232327
vt 0.037170 0.232327
vt 0.735748 0.966727
vt 0.599293 0.966727
vt 0.600031 0.966727
vt 0.735010 0.966727
vt 0.600769 0.966727
vt 0.734273 0.966727
vt 0.601506 0.966727
vt 0.733535 0.966727
vt 0.602244 0.966727
vt 0.602981 0.966727
vt 0.732798 0.966727
vt 0.603719 0.966727
vt 0.732060 0.966727
vt 0.604457 0.966727
vt 0.731322 0.966727
vt 0.605194 0.966727
vt 0.730585 0.966727
vt 0.605932 0.966727
vt 0.729847 0.966727
vt 0.606669 0.966727
vt 0.607407 0.966727
vt 0.729110 0.966727
vt 0.608145 0.966727
vt 0.728372 0.966727
vt 0.608882 0.966727
vt 0.727634 0.966727
vt 0.609620 0.966727
vt 0.726897 0.966727
vt 0.610357 0.966727
vt 0.611095 0.966727
vt 0.726159 0.966727
vt 0.611832 0.966727
vt 0.725422 0.966727
vt 0.612570 0.966727
vt 0.724684 0.966727
vt 0.613308 0.966727
vt 0.667152 0.966727
vt 0.667889 0.966727
vt 0.668627 0.966727
vt 0.669365 0.966727
vt 0.614045 0.966727
vt 0.723947 0.966727
vt 0.160348 0.232327
vt 0.161085 0.232327
vt 0.163298 0.232327
vt 0.666414 0.966727
vt 0.670102 0.966727
vt 0.614783 0.966727
vt 0.665677 0.966727
vt 0.664939 0.966727
vt 0.670840 0.966727
vt 0.723209 0.966727
vt 0.615520 0.966727
vt 0.158135 0.232327
vt 0.158872 0.232327
vt 0.164773 0.232327
vt 0.664202 0.966727
vt 0.671577 0.966727
vt 0.663464 0.966727
vt 0.722471 0.966727
vt 0.616258 0.966727
vt 0.156660 0.232327
vt 0.157397 0.232327
vt 0.165511 0.232327
vt 0.662726 0.966727
vt 0.672315 0.966727
vt 0.661989 0.966727
vt 0.616996 0.966727
vt 0.673053 0.966727
vt 0.661251 0.966727
vt 0.721734 0.966727
vt 0.154447 0.232327
vt 0.155185 0.232327
vt 0.166986 0.232327
vt 0.660514 0.966727
vt 0.673790 0.966727
vt 0.617733 0.966727
vt 0.659776 0.966727
vt 0.153709 0.232327
vt 0.167724 0.232327
vt 0.168461 0.232327
vt 0.152972 0.232327
vt 0.720996 0.966727
vt 0.618471 0.966727
vt 0.658301 0.966727
vt 0.659038 0.966727
vt 0.674528 0.966727
vt 0.675265 0.966727
vt 0.151496 0.232327
vt 0.152234 0.232327
vt 0.169199 0.232327
vt 0.619208 0.966727
vt 0.656826 0.966727
vt 0.657563 0.966727
vt 0.720258 0.966727
vt 0.676003 0.966727
vt 0.150021 0.232327
vt 0.150759 0.232327
vt 0.169936 0.232327
vt 0.619946 0.966727
vt 0.655350 0.966727
vt 0.656088 0.966727
vt 0.676741 0.966727
vt 0.214192 0.232327
vt 0.113879 0.232327
vt 0.114617 0.232327
vt 0.148546 0.232327
vt 0.149284 0.232327
vt 0.170674 0.232327
vt 0.719521 0.966727
vt 0.620684 0.966727
vt 0.654613 0.966727
vt 0.677478 0.966727
vt 0.653875 0.966727
vt 0.621421 0.966727
vt 0.653138 0.966727
vt 0.678216 0.966727
vt 0.652400 0.966727
vt 0.718783 0.966727
vt 0.622159 0.966727
vt 0.651662 0.966727
vt 0.145596 0.232327
vt 0.172149 0.232327
vt 0.172887 0.232327
vt 0.144858 0.232327
vt 0.622896 0.966727
vt 0.144121 0.232327
vt 0.718046 0.966727
vt 0.650187 0.966727
vt 0.678953 0.966727
vt 0.679691 0.966727
vt 0.649450 0.966727
vt 0.623634 0.966727
vt 0.142645 0.232327
vt 0.143383 0.232327
vt 0.173624 0.232327
vt 0.648712 0.966727
vt 0.680429 0.966727
vt 0.647974 0.966727
vt 0.624372 0.966727
vt 0.647237 0.966727
vt 0.717308 0.966727
vt 0.625109 0.966727
vt 0.140433 0.232327
vt 0.141170 0.232327
vt 0.174362 0.232327
vt 0.646499 0.966727
vt 0.681166 0.966727
vt 0.645762 0.966727
vt 0.625847 0.966727
vt 0.645024 0.966727
vt 0.138957 0.232327
vt 0.175099 0.232327
vt 0.175837 0.232327
vt 0.138220 0.232327
vt 0.211242 0.232327
vt 0.119780 0.232327
vt 0.120518 0.232327
vt 0.716570 0.966727
vt 0.626584 0.966727
vt 0.137482 0.232327
vt 0.136745 0.232327
vt 0.627322 0.966727
vt 0.642811 0.966727
vt 0.681904 0.966727
vt 0.682641 0.966727
vt 0.642074 0.966727
vt 0.135269 0.232327
vt 0.136007 0.232327
vt 0.176575 0.232327
vt 0.210504 0.232327
vt 0.121255 0.232327
vt 0.121993 0.232327
vt 0.134532 0.232327
vt 0.133794 0.232327
vt 0.122730 0.232327
vt 0.639861 0.966727
vt 0.683379 0.966727
vt 0.715833 0.966727
vt 0.628797 0.966727
vt 0.639123 0.966727
vt 0.629535 0.966727
vt 0.638386 0.966727
vt 0.637648 0.966727
vt 0.630272 0.966727
vt 0.636911 0.966727
vt 0.130106 0.232327
vt 0.130844 0.232327
vt 0.177312 0.232327
vt 0.178050 0.232327
vt 0.209766 0.232327
vt 0.124206 0.232327
vt 0.124943 0.232327
vt 0.129369 0.232327
vt 0.128631 0.232327
vt 0.125681 0.232327
vt 0.127894 0.232327
vt 0.127156 0.232327
vt 0.126418 0.232327
vt 0.715095 0.966727
vt 0.684117 0.966727
vt 0.684854 0.966727
vt 0.209029 0.232327
vt 0.178787 0.232327
vt 0.179525 0.232327
vt 0.714358 0.966727
vt 0.685592 0.966727
vt 0.686329 0.966727
vt 0.208291 0.232327
vt 0.180263 0.232327
vt 0.181000 0.232327
vt 0.713620 0.966727
vt 0.687067 0.966727
vt 0.687804 0.966727
vt 0.712883 0.966727
vt 0.688542 0.966727
vt 0.689280 0.966727
vt 0.712145 0.966727
vt 0.690017 0.966727
vt 0.690755 0.966727
vt 0.205341 0.232327
vt 0.206078 0.232327
vt 0.184688 0.232327
vt 0.185426 0.232327
vt 0.711407 0.966727
vt 0.691492 0.966727
vt 0.692230 0.966727
vt 0.710670 0.966727
vt 0.204603 0.232327
vt 0.186163 0.232327
vt 0.186901 0.232327
vt 0.709932 0.966727
vt 0.692968 0.966727
vt 0.693705 0.966727
vt 0.694443 0.966727
vt 0.203128 0.232327
vt 0.203866 0.232327
vt 0.188376 0.232327
vt 0.189114 0.232327
vt 0.189851 0.232327
vt 0.202390 0.232327
vt 0.708457 0.966727
vt 0.695918 0.966727
vt 0.696656 0.966727
vt 0.707719 0.966727
vt 0.201653 0.232327
vt 0.190589 0.232327
vt 0.191326 0.232327
vt 0.192064 0.232327
vt 0.200915 0.232327
vt 0.192802 0.232327
vt 0.193539 0.232327
vt 0.200178 0.232327
vt 0.194277 0.232327
vt 0.705507 0.966727
vt 0.706244 0.966727
vt 0.700344 0.966727
vt 0.701081 0.966727
vt 0.199440 0.232327
vt 0.195014 0.232327
vt 0.195752 0.232327
vt 0.198702 0.232327
vt 0.196490 0.232327
vt 0.197227 0.232327
vt 0.197965 0.232327
vt 0.637956 0.966727
vt 0.658670 0.966727
vt 0.679384 0.966727
vt 0.720812 0.966727
vt 0.741526 0.966727
vt 0.762240 0.966727
vt 0.596527 0.966727
vt 0.575813 0.966727
vt 0.555099 0.966727
vt 0.049033 0.480895
vt 0.028319 0.480895
vt 0.069747 0.480895
vt 0.049033 0.232327
vt 0.090461 0.480895
vt 0.069747 0.232327
vt 0.111175 0.480895
vt 0.090461 0.232327
vt 0.131889 0.480895
vt 0.111175 0.232327
vt 0.152603 0.480895
vt 0.131889 0.232327
vt 0.173317 0.480895
vt 0.152603 0.232327
vt 0.194031 0.480895
vt 0.173317 0.232327
vt 0.214745 0.480895
vt 0.235459 0.480895
vt 0.214745 0.232327
vt 0.256173 0.480895
vt 0.235459 0.232327
vt 0.276887 0.480895
vt 0.256173 0.232327
vt 0.047439 0.480895
vt 0.066560 0.480895
vt 0.047439 0.232327
vt 0.085681 0.480895
vt 0.104801 0.480895
vt 0.123922 0.480895
vt 0.104801 0.232327
vt 0.143043 0.480895
vt 0.162163 0.480895
vt 0.181284 0.480895
vt 0.200405 0.480895
vt 0.219525 0.480895
vt 0.238646 0.480895
vt 0.257766 0.480895
vt 0.257766 0.232327
vt 0.029054 0.480895
vt 0.029790 0.480895
vt 0.029054 0.232327
vt 0.030525 0.480895
vt 0.029790 0.232327
vt 0.031260 0.480895
vt 0.030525 0.232327
vt 0.031996 0.480895
vt 0.031260 0.232327
vt 0.032731 0.480895
vt 0.031996 0.232327
vt 0.033467 0.480895
vt 0.032731 0.232327
vt 0.034202 0.480895
vt 0.033467 0.232327
vt 0.034937 0.480895
vt 0.034202 0.232327
vt 0.035673 0.480895
vt 0.034937 0.232327
vt 0.036408 0.480895
vt 0.035673 0.232327
vt 0.037144 0.480895
vt 0.036408 0.232327
vt 0.037879 0.480895
vt 0.037144 0.232327
vt 0.038614 0.480895
vt 0.037879 0.232327
vt 0.039350 0.480895
vt 0.038614 0.232327
vt 0.040085 0.480895
vt 0.039350 0.232327
vt 0.040821 0.480895
vt 0.040085 0.232327
vt 0.041556 0.480895
vt 0.040821 0.232327
vt 0.042291 0.480895
vt 0.041556 0.232327
vt 0.043027 0.480895
vt 0.042291 0.232327
vt 0.043762 0.480895
vt 0.043027 0.232327
vt 0.044498 0.480895
vt 0.043762 0.232327
vt 0.045233 0.480895
vt 0.044498 0.232327
vt 0.045969 0.480895
vt 0.045233 0.232327
vt 0.046704 0.480895
vt 0.045969 0.232327
vt 0.046704 0.232327
vt 0.048175 0.480895
vt 0.048910 0.480895
vt 0.048175 0.232327
vt 0.049646 0.480895
vt 0.048910 0.232327
vt 0.050381 0.480895
vt 0.049646 0.232327
vt 0.051116 0.480895
vt 0.050381 0.232327
vt 0.051852 0.480895
vt 0.051116 0.232327
vt 0.052587 0.480895
vt 0.051852 0.232327
vt 0.053323 0.480895
vt 0.052587 0.232327
vt 0.054058 0.480895
vt 0.053323 0.232327
vt 0.054793 0.480895
vt 0.054058 0.232327
vt 0.055529 0.480895
vt 0.054793 0.232327
vt 0.056264 0.480895
vt 0.055529 0.232327
vt 0.057000 0.480895
vt 0.056264 0.232327
vt 0.057735 0.480895
vt 0.057000 0.232327
vt 0.058470 0.480895
vt 0.057735 0.232327
vt 0.059206 0.480895
vt 0.058470 0.232327
vt 0.059941 0.480895
vt 0.059206 0.232327
vt 0.060677 0.480895
vt 0.059941 0.232327
vt 0.061412 0.480895
vt 0.060677 0.232327
vt 0.062148 0.480895
vt 0.061412 0.232327
vt 0.062883 0.480895
vt 0.062148 0.232327
vt 0.063618 0.480895
vt 0.062883 0.232327
vt 0.064354 0.480895
vt 0.063618 0.232327
vt 0.065089 0.480895
vt 0.064354 0.232327
vt 0.065825 0.480895
vt 0.065089 0.232327
vt 0.065825 0.232327
vt 0.067295 0.480895
vt 0.068031 0.480895
vt 0.067295 0.232327
vt 0.068766 0.480895
vt 0.068031 0.232327
vt 0.069502 0.480895
vt 0.068766 0.232327
vt 0.070237 0.480895
vt 0.069502 0.232327
vt 0.070973 0.480895
vt 0.070237 0.232327
vt 0.071708 0.480895
vt 0.070973 0.232327
vt 0.072443 0.480895
vt 0.071708 0.232327
vt 0.073179 0.480895
vt 0.072443 0.232327
vt 0.073914 0.480895
vt 0.073179 0.232327
vt 0.074650 0.480895
vt 0.073914 0.232327
vt 0.075385 0.480895
vt 0.074650 0.232327
vt 0.076120 0.480895
vt 0.075385 0.232327
vt 0.076856 0.480895
vt 0.076120 0.232327
vt 0.077591 0.480895
vt 0.076856 0.232327
vt 0.078327 0.480895
vt 0.077591 0.232327
vt 0.079062 0.480895
vt 0.078327 0.232327
vt 0.079797 0.480895
vt 0.079062 0.232327
vt 0.080533 0.480895
vt 0.079797 0.232327
vt 0.081268 0.480895
vt 0.080533 0.232327
vt 0.082004 0.480895
vt 0.081268 0.232327
vt 0.082739 0.480895
vt 0.082004 0.232327
vt 0.083474 0.480895
vt 0.082739 0.232327
vt 0.084210 0.480895
vt 0.083474 0.232327
vt 0.084945 0.480895
vt 0.084210 0.232327
vt 0.084945 0.232327
vt 0.086416 0.480895
vt 0.087151 0.480895
vt 0.086416 0.232327
vt 0.087887 0.480895
vt 0.087151 0.232327
vt 0.088622 0.480895
vt 0.087887 0.232327
vt 0.089358 0.480895
vt 0.088622 0.232327
vt 0.090093 0.480895
vt 0.089358 0.232327
vt 0.090829 0.480895
vt 0.090093 0.232327
vt 0.091564 0.480895
vt 0.090829 0.232327
vt 0.092299 0.480895
vt 0.091564 0.232327
vt 0.093035 0.480895
vt 0.092299 0.232327
vt 0.093770 0.480895
vt 0.093035 0.232327
vt 0.094506 0.480895
vt 0.093770 0.232327
vt 0.095241 0.480895
vt 0.094506 0.232327
vt 0.095976 0.480895
vt 0.095241 0.232327
vt 0.096712 0.480895
vt 0.095976 0.232327
vt 0.097447 0.480895
vt 0.096712 0.232327
vt 0.098183 0.480895
vt 0.097447 0.232327
vt 0.098918 0.480895
vt 0.098183 0.232327
vt 0.099653 0.480895
vt 0.098918 0.232327
vt 0.100389 0.480895
vt 0.099653 0.232327
vt 0.101124 0.480895
vt 0.100389 0.232327
vt 0.101860 0.480895
vt 0.101124 0.232327
vt 0.102595 0.480895
vt 0.101860 0.232327
vt 0.103330 0.480895
vt 0.102595 0.232327
vt 0.104066 0.480895
vt 0.103330 0.232327
vt 0.104066 0.232327
vt 0.105537 0.480895
vt 0.106272 0.480895
vt 0.105537 0.232327
vt 0.107008 0.480895
vt 0.106272 0.232327
vt 0.107743 0.480895
vt 0.107008 0.232327
vt 0.108478 0.480895
vt 0.107743 0.232327
vt 0.109214 0.480895
vt 0.108478 0.232327
vt 0.109949 0.480895
vt 0.109214 0.232327
vt 0.110685 0.480895
vt 0.109949 0.232327
vt 0.111420 0.480895
vt 0.110685 0.232327
vt 0.112155 0.480895
vt 0.111420 0.232327
vt 0.112891 0.480895
vt 0.112155 0.232327
vt 0.113626 0.480895
vt 0.112891 0.232327
vt 0.114362 0.480895
vt 0.113626 0.232327
vt 0.115097 0.480895
vt 0.114362 0.232327
vt 0.115832 0.480895
vt 0.115097 0.232327
vt 0.116568 0.480895
vt 0.115832 0.232327
vt 0.117303 0.480895
vt 0.116568 0.232327
vt 0.118039 0.480895
vt 0.117303 0.232327
vt 0.118774 0.480895
vt 0.118039 0.232327
vt 0.119510 0.480895
vt 0.118774 0.232327
vt 0.120245 0.480895
vt 0.119510 0.232327
vt 0.120980 0.480895
vt 0.120245 0.232327
vt 0.121716 0.480895
vt 0.120980 0.232327
vt 0.122451 0.480895
vt 0.121716 0.232327
vt 0.123187 0.480895
vt 0.122451 0.232327
vt 0.123187 0.232327
vt 0.124657 0.480895
vt 0.125393 0.480895
vt 0.124657 0.232327
vt 0.126128 0.480895
vt 0.125393 0.232327
vt 0.126864 0.480895
vt 0.126128 0.232327
vt 0.127599 0.480895
vt 0.126864 0.232327
vt 0.128334 0.480895
vt 0.127599 0.232327
vt 0.129070 0.480895
vt 0.128334 0.232327
vt 0.129805 0.480895
vt 0.129070 0.232327
vt 0.130541 0.480895
vt 0.129805 0.232327
vt 0.131276 0.480895
vt 0.130541 0.232327
vt 0.132012 0.480895
vt 0.131276 0.232327
vt 0.132747 0.480895
vt 0.132012 0.232327
vt 0.133482 0.480895
vt 0.132747 0.232327
vt 0.134218 0.480895
vt 0.133482 0.232327
vt 0.134953 0.480895
vt 0.134218 0.232327
vt 0.135688 0.480895
vt 0.134953 0.232327
vt 0.136424 0.480895
vt 0.135688 0.232327
vt 0.137159 0.480895
vt 0.136424 0.232327
vt 0.137895 0.480895
vt 0.137159 0.232327
vt 0.138630 0.480895
vt 0.137895 0.232327
vt 0.139366 0.480895
vt 0.138630 0.232327
vt 0.140101 0.480895
vt 0.139366 0.232327
vt 0.140836 0.480895
vt 0.140101 0.232327
vt 0.141572 0.480895
vt 0.140836 0.232327
vt 0.142307 0.480895
vt 0.141572 0.232327
vt 0.142307 0.232327
vt 0.143778 0.480895
vt 0.144513 0.480895
vt 0.143778 0.232327
vt 0.145249 0.480895
vt 0.144513 0.232327
vt 0.145984 0.480895
vt 0.145249 0.232327
vt 0.146720 0.480895
vt 0.145984 0.232327
vt 0.147455 0.480895
vt 0.146720 0.232327
vt 0.148191 0.480895
vt 0.147455 0.232327
vt 0.148926 0.480895
vt 0.148191 0.232327
vt 0.149661 0.480895
vt 0.148926 0.232327
vt 0.150397 0.480895
vt 0.149661 0.232327
vt 0.151132 0.480895
vt 0.150397 0.232327
vt 0.151867 0.480895
vt 0.151132 0.232327
vt 0.151867 0.232327
vt 0.153338 0.480895
vt 0.154074 0.480895
vt 0.153338 0.232327
vt 0.154809 0.480895
vt 0.154074 0.232327
vt 0.155545 0.480895
vt 0.154809 0.232327
vt 0.156280 0.480895
vt 0.155545 0.232327
vt 0.157015 0.480895
vt 0.156280 0.232327
vt 0.157751 0.480895
vt 0.157015 0.232327
vt 0.158486 0.480895
vt 0.157751 0.232327
vt 0.159222 0.480895
vt 0.158486 0.232327
vt 0.159957 0.480895
vt 0.159222 0.232327
vt 0.160692 0.480895
vt 0.159957 0.232327
vt 0.161428 0.480895
vt 0.160692 0.232327
vt 0.161428 0.232327
vt 0.162899 0.480895
vt 0.163634 0.480895
vt 0.162899 0.232327
vt 0.164369 0.480895
vt 0.163634 0.232327
vt 0.165105 0.480895
vt 0.164369 0.232327
vt 0.165840 0.480895
vt 0.165105 0.232327
vt 0.166576 0.480895
vt 0.165840 0.232327
vt 0.167311 0.480895
vt 0.166576 0.232327
vt 0.168047 0.480895
vt 0.167311 0.232327
vt 0.168782 0.480895
vt 0.168047 0.232327
vt 0.169517 0.480895
vt 0.168782 0.232327
vt 0.170253 0.480895
vt 0.169517 0.232327
vt 0.170988 0.480895
vt 0.170253 0.232327
vt 0.171724 0.480895
vt 0.170988 0.232327
vt 0.172459 0.480895
vt 0.171724 0.232327
vt 0.173194 0.480895
vt 0.172459 0.232327
vt 0.173930 0.480895
vt 0.173194 0.232327
vt 0.174665 0.480895
vt 0.173930 0.232327
vt 0.175401 0.480895
vt 0.174665 0.232327
vt 0.176136 0.480895
vt 0.175401 0.232327
vt 0.176871 0.480895
vt 0.176136 0.232327
vt 0.177607 0.480895
vt 0.176871 0.232327
vt 0.178342 0.480895
vt 0.177607 0.232327
vt 0.179078 0.480895
vt 0.178342 0.232327
vt 0.179813 0.480895
vt 0.179078 0.232327
vt 0.180549 0.480895
vt 0.179813 0.232327
vt 0.180549 0.232327
vt 0.182019 0.480895
vt 0.182755 0.480895
vt 0.182019 0.232327
vt 0.183490 0.480895
vt 0.182755 0.232327
vt 0.184226 0.480895
vt 0.183490 0.232327
vt 0.184961 0.480895
vt 0.184226 0.232327
vt 0.185696 0.480895
vt 0.184961 0.232327
vt 0.186432 0.480895
vt 0.185696 0.232327
vt 0.187167 0.480895
vt 0.186432 0.232327
vt 0.187903 0.480895
vt 0.187167 0.232327
vt 0.188638 0.480895
vt 0.187903 0.232327
vt 0.189373 0.480895
vt 0.188638 0.232327
vt 0.190109 0.480895
vt 0.189373 0.232327
vt 0.190844 0.480895
vt 0.190109 0.232327
vt 0.191580 0.480895
vt 0.190844 0.232327
vt 0.192315 0.480895
vt 0.191580 0.232327
vt 0.193050 0.480895
vt 0.192315 0.232327
vt 0.193786 0.480895
vt 0.193050 0.232327
vt 0.194521 0.480895
vt 0.193786 0.232327
vt 0.195257 0.480895
vt 0.194521 0.232327
vt 0.195992 0.480895
vt 0.195257 0.232327
vt 0.196728 0.480895
vt 0.195992 0.232327
vt 0.197463 0.480895
vt 0.196728 0.232327
vt 0.198198 0.480895
vt 0.197463 0.232327
vt 0.198934 0.480895
vt 0.198198 0.232327
vt 0.199669 0.480895
vt 0.198934 0.232327
vt 0.199669 0.232327
vt 0.201140 0.480895
vt 0.201875 0.480895
vt 0.201140 0.232327
vt 0.202611 0.480895
vt 0.201875 0.232327
vt 0.203346 0.480895
vt 0.202611 0.232327
vt 0.204082 0.480895
vt 0.203346 0.232327
vt 0.204817 0.480895
vt 0.204082 0.232327
vt 0.205553 0.480895
vt 0.204817 0.232327
vt 0.206288 0.480895
vt 0.205553 0.232327
vt 0.207023 0.480895
vt 0.206288 0.232327
vt 0.207759 0.480895
vt 0.207023 0.232327
vt 0.208494 0.480895
vt 0.207759 0.232327
vt 0.209229 0.480895
vt 0.208494 0.232327
vt 0.209965 0.480895
vt 0.209229 0.232327
vt 0.210700 0.480895
vt 0.209965 0.232327
vt 0.211436 0.480895
vt 0.210700 0.232327
vt 0.212171 0.480895
vt 0.211436 0.232327
vt 0.212907 0.480895
vt 0.212171 0.232327
vt 0.213642 0.480895
vt 0.212907 0.232327
vt 0.214377 0.480895
vt 0.213642 0.232327
vt 0.215113 0.480895
vt 0.214377 0.232327
vt 0.215848 0.480895
vt 0.215113 0.232327
vt 0.216584 0.480895
vt 0.215848 0.232327
vt 0.217319 0.480895
vt 0.216584 0.232327
vt 0.218054 0.480895
vt 0.217319 0.232327
vt 0.218790 0.480895
vt 0.218054 0.232327
vt 0.218790 0.232327
vt 0.220261 0.480895
vt 0.220996 0.480895
vt 0.220261 0.232327
vt 0.221731 0.480895
vt 0.220996 0.232327
vt 0.222467 0.480895
vt 0.221731 0.232327
vt 0.223202 0.480895
vt 0.222467 0.232327
vt 0.223938 0.480895
vt 0.223202 0.232327
vt 0.224673 0.480895
vt 0.223938 0.232327
vt 0.225408 0.480895
vt 0.224673 0.232327
vt 0.226144 0.480895
vt 0.225408 0.232327
vt 0.226879 0.480895
vt 0.226144 0.232327
vt 0.227615 0.480895
vt 0.226879 0.232327
vt 0.228350 0.480895
vt 0.227615 0.232327
vt 0.229086 0.480895
vt 0.228350 0.232327
vt 0.229821 0.480895
vt 0.229086 0.232327
vt 0.230556 0.480895
vt 0.229821 0.232327
vt 0.231292 0.480895
vt 0.230556 0.232327
vt 0.232027 0.480895
vt 0.231292 0.232327
vt 0.232763 0.480895
vt 0.232027 0.232327
vt 0.233498 0.480895
vt 0.232763 0.232327
vt 0.234233 0.480895
vt 0.233498 0.232327
vt 0.234969 0.480895
vt 0.234233 0.232327
vt 0.235704 0.480895
vt 0.234969 0.232327
vt 0.236440 0.480895
vt 0.235704 0.232327
vt 0.237175 0.480895
vt 0.236440 0.232327
vt 0.237910 0.480895
vt 0.237175 0.232327
vt 0.237910 0.232327
vt 0.239381 0.480895
vt 0.240117 0.480895
vt 0.239381 0.232327
vt 0.240852 0.480895
vt 0.240117 0.232327
vt 0.241587 0.480895
vt 0.240852 0.232327
vt 0.242323 0.480895
vt 0.241587 0.232327
vt 0.243058 0.480895
vt 0.242323 0.232327
vt 0.243794 0.480895
vt 0.243058 0.232327
vt 0.244529 0.480895
vt 0.243794 0.232327
vt 0.245265 0.480895
vt 0.244529 0.232327
vt 0.246000 0.480895
vt 0.245265 0.232327
vt 0.246735 0.480895
vt 0.246000 0.232327
vt 0.247471 0.480895
vt 0.246735 0.232327
vt 0.248206 0.480895
vt 0.247471 0.232327
vt 0.248942 0.480895
vt 0.248206 0.232327
vt 0.249677 0.480895
vt 0.248942 0.232327
vt 0.250412 0.480895
vt 0.249677 0.232327
vt 0.251148 0.480895
vt 0.250412 0.232327
vt 0.251883 0.480895
vt 0.251148 0.232327
vt 0.252619 0.480895
vt 0.251883 0.232327
vt 0.253354 0.480895
vt 0.252619 0.232327
vt 0.254089 0.480895
vt 0.253354 0.232327
vt 0.254825 0.480895
vt 0.254089 0.232327
vt 0.255560 0.480895
vt 0.254825 0.232327
vt 0.256296 0.480895
vt 0.255560 0.232327
vt 0.257031 0.480895
vt 0.256296 0.232327
vt 0.257031 0.232327
vt 0.258502 0.480895
vt 0.259237 0.480895
vt 0.258502 0.232327
vt 0.259973 0.480895
vt 0.259237 0.232327
vt 0.260708 0.480895
vt 0.259973 0.232327
vt 0.261444 0.480895
vt 0.260708 0.232327
vt 0.262179 0.480895
vt 0.261444 0.232327
vt 0.262914 0.480895
vt 0.262179 0.232327
vt 0.263650 0.480895
vt 0.262914 0.232327
vt 0.264385 0.480895
vt 0.263650 0.232327
vt 0.265121 0.480895
vt 0.264385 0.232327
vt 0.265856 0.480895
vt 0.265121 0.232327
vt 0.266591 0.480895
vt 0.265856 0.232327
vt 0.267327 0.480895
vt 0.266591 0.232327
vt 0.268062 0.480895
vt 0.267327 0.232327
vt 0.268798 0.480895
vt 0.268062 0.232327
vt 0.269533 0.480895
vt 0.268798 0.232327
vt 0.270268 0.480895
vt 0.269533 0.232327
vt 0.271004 0.480895
vt 0.270268 0.232327
vt 0.271739 0.480895
vt 0.271004 0.232327
vt 0.272475 0.480895
vt 0.271739 0.232327
vt 0.273210 0.480895
vt 0.272475 0.232327
vt 0.273946 0.480895
vt 0.273210 0.232327
vt 0.274681 0.480895
vt 0.273946 0.232327
vt 0.275416 0.480895
vt 0.274681 0.232327
vt 0.276152 0.480895
vt 0.275416 0.232327
vt 0.276152 0.232327
vt 0.059390 0.480895
vt 0.059390 0.232327
vt 0.121532 0.480895
vt 0.121532 0.232327
vt 0.183674 0.480895
vt 0.183674 0.232327
vt 0.245816 0.480895
vt 0.245816 0.232327
vt 0.030045 0.480895
vt 0.031771 0.480895
vt 0.030045 0.232327
vt 0.033497 0.480895
vt 0.031771 0.232327
vt 0.035223 0.480895
vt 0.033497 0.232327
vt 0.036950 0.480895
vt 0.035223 0.232327
vt 0.038676 0.480895
vt 0.036950 0.232327
vt 0.040402 0.480895
vt 0.038676 0.232327
vt 0.042128 0.480895
vt 0.040402 0.232327
vt 0.043854 0.480895
vt 0.042128 0.232327
vt 0.045580 0.480895
vt 0.043854 0.232327
vt 0.047307 0.480895
vt 0.045580 0.232327
vt 0.047307 0.232327
vt 0.050759 0.480895
vt 0.052485 0.480895
vt 0.050759 0.232327
vt 0.054211 0.480895
vt 0.052485 0.232327
vt 0.055937 0.480895
vt 0.054211 0.232327
vt 0.057664 0.480895
vt 0.055937 0.232327
vt 0.057664 0.232327
vt 0.061116 0.480895
vt 0.062842 0.480895
vt 0.061116 0.232327
vt 0.064568 0.480895
vt 0.062842 0.232327
vt 0.066294 0.480895
vt 0.064568 0.232327
vt 0.068021 0.480895
vt 0.066294 0.232327
vt 0.068021 0.232327
vt 0.071473 0.480895
vt 0.073199 0.480895
vt 0.071473 0.232327
vt 0.074925 0.480895
vt 0.073199 0.232327
vt 0.076651 0.480895
vt 0.074925 0.232327
vt 0.078378 0.480895
vt 0.076651 0.232327
vt 0.080104 0.480895
vt 0.078378 0.232327
vt 0.081830 0.480895
vt 0.080104 0.232327
vt 0.083556 0.480895
vt 0.081830 0.232327
vt 0.085282 0.480895
vt 0.083556 0.232327
vt 0.087008 0.480895
vt 0.085282 0.232327
vt 0.088735 0.480895
vt 0.087008 0.232327
vt 0.088735 0.232327
vt 0.092187 0.480895
vt 0.093913 0.480895
vt 0.092187 0.232327
vt 0.095639 0.480895
vt 0.093913 0.232327
vt 0.097365 0.480895
vt 0.095639 0.232327
vt 0.099092 0.480895
vt 0.097365 0.232327
vt 0.100818 0.480895
vt 0.099092 0.232327
vt 0.102544 0.480895
vt 0.100818 0.232327
vt 0.104270 0.480895
vt 0.102544 0.232327
vt 0.105996 0.480895
vt 0.104270 0.232327
vt 0.107722 0.480895
vt 0.105996 0.232327
vt 0.109449 0.480895
vt 0.107722 0.232327
vt 0.109449 0.232327
vt 0.112901 0.480895
vt 0.114627 0.480895
vt 0.112901 0.232327
vt 0.116353 0.480895
vt 0.114627 0.232327
vt 0.118079 0.480895
vt 0.116353 0.232327
vt 0.119806 0.480895
vt 0.118079 0.232327
vt 0.119806 0.232327
vt 0.123258 0.480895
vt 0.124984 0.480895
vt 0.123258 0.232327
vt 0.126710 0.480895
vt 0.124984 0.232327
vt 0.128437 0.480895
vt 0.126710 0.232327
vt 0.130163 0.480895
vt 0.128437 0.232327
vt 0.130163 0.232327
vt 0.133615 0.480895
vt 0.135341 0.480895
vt 0.133615 0.232327
vt 0.137067 0.480895
vt 0.135341 0.232327
vt 0.138794 0.480895
vt 0.137067 0.232327
vt 0.140520 0.480895
vt 0.138794 0.232327
vt 0.142246 0.480895
vt 0.140520 0.232327
vt 0.143972 0.480895
vt 0.142246 0.232327
vt 0.145698 0.480895
vt 0.143972 0.232327
vt 0.147424 0.480895
vt 0.145698 0.232327
vt 0.149151 0.480895
vt 0.147424 0.232327
vt 0.150877 0.480895
vt 0.149151 0.232327
vt 0.150877 0.232327
vt 0.154329 0.480895
vt 0.156055 0.480895
vt 0.154329 0.232327
vt 0.157781 0.480895
vt 0.156055 0.232327
vt 0.159508 0.480895
vt 0.157781 0.232327
vt 0.161234 0.480895
vt 0.159508 0.232327
vt 0.162960 0.480895
vt 0.161234 0.232327
vt 0.164686 0.480895
vt 0.162960 0.232327
vt 0.166412 0.480895
vt 0.164686 0.232327
vt 0.168139 0.480895
vt 0.166412 0.232327
vt 0.169865 0.480895
vt 0.168139 0.232327
vt 0.171591 0.480895
vt 0.169865 0.232327
vt 0.171591 0.232327
vt 0.175043 0.480895
vt 0.176769 0.480895
vt 0.175043 0.232327
vt 0.178495 0.480895
vt 0.176769 0.232327
vt 0.180222 0.480895
vt 0.178495 0.232327
vt 0.181948 0.480895
vt 0.180222 0.232327
vt 0.181948 0.232327
vt 0.185400 0.480895
vt 0.187126 0.480895
vt 0.185400 0.232327
vt 0.188853 0.480895
vt 0.187126 0.232327
vt 0.190579 0.480895
vt 0.188853 0.232327
vt 0.192305 0.480895
vt 0.190579 0.232327
vt 0.192305 0.232327
vt 0.195757 0.480895
vt 0.197483 0.480895
vt 0.195757 0.232327
vt 0.199210 0.480895
vt 0.197483 0.232327
vt 0.200936 0.480895
vt 0.199210 0.232327
vt 0.202662 0.480895
vt 0.200936 0.232327
vt 0.204388 0.480895
vt 0.202662 0.232327
vt 0.206114 0.480895
vt 0.204388 0.232327
vt 0.207840 0.480895
vt 0.206114 0.232327
vt 0.209567 0.480895
vt 0.207840 0.232327
vt 0.211293 0.480895
vt 0.209567 0.232327
vt 0.213019 0.480895
vt 0.211293 0.232327
vt 0.213019 0.232327
vt 0.216471 0.480895
vt 0.218197 0.480895
vt 0.216471 0.232327
vt 0.219924 0.480895
vt 0.218197 0.232327
vt 0.221650 0.480895
vt 0.219924 0.232327
vt 0.223376 0.480895
vt 0.221650 0.232327
vt 0.225102 0.480895
vt 0.223376 0.232327
vt 0.226828 0.480895
vt 0.225102 0.232327
vt 0.228554 0.480895
vt 0.226828 0.232327
vt 0.230281 0.480895
vt 0.228554 0.232327
vt 0.232007 0.480895
vt 0.230281 0.232327
vt 0.233733 0.480895
vt 0.232007 0.232327
vt 0.233733 0.232327
vt 0.237185 0.480895
vt 0.238911 0.480895
vt 0.237185 0.232327
vt 0.240638 0.480895
vt 0.238911 0.232327
vt 0.242364 0.480895
vt 0.240638 0.232327
vt 0.244090 0.480895
vt 0.242364 0.232327
vt 0.244090 0.232327
vt 0.247542 0.480895
vt 0.249268 0.480895
vt 0.247542 0.232327
vt 0.250995 0.480895
vt 0.249268 0.232327
vt 0.252721 0.480895
vt 0.250995 0.232327
vt 0.254447 0.480895
vt 0.252721 0.232327
vt 0.254447 0.232327
vt 0.257899 0.480895
vt 0.259625 0.480895
vt 0.257899 0.232327
vt 0.261352 0.480895
vt 0.259625 0.232327
vt 0.263078 0.480895
vt 0.261352 0.232327
vt 0.264804 0.480895
vt 0.263078 0.232327
vt 0.266530 0.480895
vt 0.264804 0.232327
vt 0.268256 0.480895
vt 0.266530 0.232327
vt 0.269982 0.480895
vt 0.268256 0.232327
vt 0.271709 0.480895
vt 0.269982 0.232327
vt 0.273435 0.480895
vt 0.271709 0.232327
vt 0.275161 0.480895
vt 0.273435 0.232327
vt 0.275161 0.232327
vt 0.029998 0.480895
vt 0.031678 0.480895
vt 0.029998 0.232327
vt 0.033357 0.480895
vt 0.031678 0.232327
vt 0.035037 0.480895
vt 0.033357 0.232327
vt 0.036716 0.480895
vt 0.035037 0.232327
vt 0.038396 0.480895
vt 0.036716 0.232327
vt 0.040075 0.480895
vt 0.038396 0.232327
vt 0.041755 0.480895
vt 0.040075 0.232327
vt 0.043434 0.480895
vt 0.041755 0.232327
vt 0.045114 0.480895
vt 0.043434 0.232327
vt 0.046793 0.480895
vt 0.045114 0.232327
vt 0.048473 0.480895
vt 0.046793 0.232327
vt 0.050152 0.480895
vt 0.048473 0.232327
vt 0.051832 0.480895
vt 0.050152 0.232327
vt 0.053511 0.480895
vt 0.051832 0.232327
vt 0.055191 0.480895
vt 0.053511 0.232327
vt 0.056870 0.480895
vt 0.055191 0.232327
vt 0.058550 0.480895
vt 0.056870 0.232327
vt 0.060230 0.480895
vt 0.058550 0.232327
vt 0.061909 0.480895
vt 0.060230 0.232327
vt 0.063589 0.480895
vt 0.061909 0.232327
vt 0.065268 0.480895
vt 0.063589 0.232327
vt 0.066948 0.480895
vt 0.065268 0.232327
vt 0.068627 0.480895
vt 0.066948 0.232327
vt 0.070307 0.480895
vt 0.068627 0.232327
vt 0.071986 0.480895
vt 0.070307 0.232327
vt 0.073666 0.480895
vt 0.071986 0.232327
vt 0.075345 0.480895
vt 0.073666 0.232327
vt 0.077025 0.480895
vt 0.075345 0.232327
vt 0.078704 0.480895
vt 0.077025 0.232327
vt 0.080384 0.480895
vt 0.078704 0.232327
vt 0.082063 0.480895
vt 0.080384 0.232327
vt 0.083743 0.480895
vt 0.082063 0.232327
vt 0.085422 0.480895
vt 0.083743 0.232327
vt 0.087102 0.480895
vt 0.085422 0.232327
vt 0.088781 0.480895
vt 0.087102 0.232327
vt 0.088781 0.232327
vt 0.092140 0.480895
vt 0.093820 0.480895
vt 0.092140 0.232327
vt 0.095499 0.480895
vt 0.093820 0.232327
vt 0.097179 0.480895
vt 0.095499 0.232327
vt 0.098858 0.480895
vt 0.097179 0.232327
vt 0.100538 0.480895
vt 0.098858 0.232327
vt 0.102217 0.480895
vt 0.100538 0.232327
vt 0.103897 0.480895
vt 0.102217 0.232327
vt 0.105576 0.480895
vt 0.103897 0.232327
vt 0.107256 0.480895
vt 0.105576 0.232327
vt 0.108935 0.480895
vt 0.107256 0.232327
vt 0.110615 0.480895
vt 0.108935 0.232327
vt 0.112294 0.480895
vt 0.110615 0.232327
vt 0.113974 0.480895
vt 0.112294 0.232327
vt 0.115654 0.480895
vt 0.113974 0.232327
vt 0.117333 0.480895
vt 0.115654 0.232327
vt 0.119013 0.480895
vt 0.117333 0.232327
vt 0.120692 0.480895
vt 0.119013 0.232327
vt 0.122372 0.480895
vt 0.120692 0.232327
vt 0.124051 0.480895
vt 0.122372 0.232327
vt 0.125731 0.480895
vt 0.124051 0.232327
vt 0.127410 0.480895
vt 0.125731 0.232327
vt 0.129090 0.480895
vt 0.127410 0.232327
vt 0.130769 0.480895
vt 0.129090 0.232327
vt 0.132449 0.480895
vt 0.130769 0.232327
vt 0.134128 0.480895
vt 0.132449 0.232327
vt 0.135808 0.480895
vt 0.134128 0.232327
vt 0.137487 0.480895
vt 0.135808 0.232327
vt 0.139167 0.480895
vt 0.137487 0.232327
vt 0.140846 0.480895
vt 0.139167 0.232327
vt 0.142526 0.480895
vt 0.140846 0.232327
vt 0.144205 0.480895
vt 0.142526 0.232327
vt 0.145885 0.480895
vt 0.144205 0.232327
vt 0.147564 0.480895
vt 0.145885 0.232327
vt 0.149244 0.480895
vt 0.147564 0.232327
vt 0.150923 0.480895
vt 0.149244 0.232327
vt 0.150923 0.232327
vt 0.154282 0.480895
vt 0.155962 0.480895
vt 0.154282 0.232327
vt 0.157642 0.480895
vt 0.155962 0.232327
vt 0.159321 0.480895
vt 0.157642 0.232327
vt 0.161000 0.480895
vt 0.159321 0.232327
vt 0.162680 0.480895
vt 0.161000 0.232327
vt 0.164360 0.480895
vt 0.162680 0.232327
vt 0.166039 0.480895
vt 0.164360 0.232327
vt 0.167719 0.480895
vt 0.166039 0.232327
vt 0.169398 0.480895
vt 0.167719 0.232327
vt 0.171078 0.480895
vt 0.169398 0.232327
vt 0.172757 0.480895
vt 0.171078 0.232327
vt 0.174437 0.480895
vt 0.172757 0.232327
vt 0.176116 0.480895
vt 0.174437 0.232327
vt 0.177796 0.480895
vt 0.176116 0.232327
vt 0.179475 0.480895
vt 0.177796 0.232327
vt 0.181155 0.480895
vt 0.179475 0.232327
vt 0.182834 0.480895
vt 0.181155 0.232327
vt 0.184514 0.480895
vt 0.182834 0.232327
vt 0.186193 0.480895
vt 0.184514 0.232327
vt 0.187873 0.480895
vt 0.186193 0.232327
vt 0.189552 0.480895
vt 0.187873 0.232327
vt 0.191232 0.480895
vt 0.189552 0.232327
vt 0.192911 0.480895
vt 0.191232 0.232327
vt 0.194591 0.480895
vt 0.192911 0.232327
vt 0.196270 0.480895
vt 0.194591 0.232327
vt 0.197950 0.480895
vt 0.196270 0.232327
vt 0.199629 0.480895
vt 0.197950 0.232327
vt 0.201309 0.480895
vt 0.199629 0.232327
vt 0.202988 0.480895
vt 0.201309 0.232327
vt 0.204668 0.480895
vt 0.202988 0.232327
vt 0.206347 0.480895
vt 0.204668 0.232327
vt 0.208027 0.480895
vt 0.206347 0.232327
vt 0.209706 0.480895
vt 0.208027 0.232327
vt 0.211386 0.480895
vt 0.209706 0.232327
vt 0.213066 0.480895
vt 0.211386 0.232327
vt 0.213066 0.232327
vt 0.216425 0.480895
vt 0.218104 0.480895
vt 0.216425 0.232327
vt 0.219784 0.480895
vt 0.218104 0.232327
vt 0.221463 0.480895
vt 0.219784 0.232327
vt 0.223143 0.480895
vt 0.221463 0.232327
vt 0.224822 0.480895
vt 0.223143 0.232327
vt 0.226502 0.480895
vt 0.224822 0.232327
vt 0.228181 0.480895
vt 0.226502 0.232327
vt 0.229861 0.480895
vt 0.228181 0.232327
vt 0.231540 0.480895
vt 0.229861 0.232327
vt 0.233220 0.480895
vt 0.231540 0.232327
vt 0.234899 0.480895
vt 0.233220 0.232327
vt 0.236579 0.480895
vt 0.234899 0.232327
vt 0.238258 0.480895
vt 0.236579 0.232327
vt 0.239938 0.480895
vt 0.238258 0.232327
vt 0.241617 0.480895
vt 0.239938 0.232327
vt 0.243297 0.480895
vt 0.241617 0.232327
vt 0.244976 0.480895
vt 0.243297 0.232327
vt 0.246656 0.480895
vt 0.244976 0.232327
vt 0.248335 0.480895
vt 0.246656 0.232327
vt 0.250015 0.480895
vt 0.248335 0.232327
vt 0.251694 0.480895
vt 0.250015 0.232327
vt 0.253374 0.480895
vt 0.251694 0.232327
vt 0.255053 0.480895
vt 0.253374 0.232327
vt 0.256733 0.480895
vt 0.255053 0.232327
vt 0.258413 0.480895
vt 0.256733 0.232327
vt 0.260092 0.480895
vt 0.258413 0.232327
vt 0.261772 0.480895
vt 0.260092 0.232327
vt 0.263451 0.480895
vt 0.261772 0.232327
vt 0.265131 0.480895
vt 0.263451 0.232327
vt 0.266810 0.480895
vt 0.265131 0.232327
vt 0.268490 0.480895
vt 0.266810 0.232327
vt 0.270169 0.480895
vt 0.268490 0.232327
vt 0.271849 0.480895
vt 0.270169 0.232327
vt 0.273528 0.480895
vt 0.271849 0.232327
vt 0.275208 0.480895
vt 0.273528 0.232327
vt 0.275208 0.232327
vt 0.032264 0.480895
vt 0.036210 0.480895
vt 0.032264 0.232327
vt 0.040155 0.480895
vt 0.036210 0.232327
vt 0.044101 0.480895
vt 0.040155 0.232327
vt 0.048046 0.480895
vt 0.044101 0.232327
vt 0.051992 0.480895
vt 0.048046 0.232327
vt 0.059883 0.480895
vt 0.063828 0.480895
vt 0.059883 0.232327
vt 0.067774 0.480895
vt 0.071720 0.480895
vt 0.067774 0.232327
vt 0.075665 0.480895
vt 0.071720 0.232327
vt 0.079611 0.480895
vt 0.079611 0.232327
vt 0.087502 0.480895
vt 0.091447 0.480895
vt 0.087502 0.232327
vt 0.095393 0.480895
vt 0.091447 0.232327
vt 0.099338 0.480895
vt 0.095393 0.232327
vt 0.103284 0.480895
vt 0.099338 0.232327
vt 0.107229 0.480895
vt 0.103284 0.232327
vt 0.107229 0.232327
vt 0.115120 0.480895
vt 0.119066 0.480895
vt 0.115120 0.232327
vt 0.123011 0.480895
vt 0.119066 0.232327
vt 0.126957 0.480895
vt 0.130902 0.480895
vt 0.126957 0.232327
vt 0.134848 0.480895
vt 0.130902 0.232327
vt 0.142739 0.480895
vt 0.146685 0.480895
vt 0.142739 0.232327
vt 0.150630 0.480895
vt 0.146685 0.232327
vt 0.154576 0.480895
vt 0.150630 0.232327
vt 0.158521 0.480895
vt 0.154576 0.232327
vt 0.162467 0.480895
vt 0.158521 0.232327
vt 0.162467 0.232327
vt 0.170358 0.480895
vt 0.174303 0.480895
vt 0.178249 0.480895
vt 0.174303 0.232327
vt 0.182194 0.480895
vt 0.178249 0.232327
vt 0.186140 0.480895
vt 0.190085 0.480895
vt 0.186140 0.232327
vt 0.190085 0.232327
vt 0.197976 0.480895
vt 0.201922 0.480895
vt 0.197976 0.232327
vt 0.205868 0.480895
vt 0.201922 0.232327
vt 0.209813 0.480895
vt 0.213759 0.480895
vt 0.209813 0.232327
vt 0.217704 0.480895
vt 0.213759 0.232327
vt 0.225595 0.480895
vt 0.229541 0.480895
vt 0.225595 0.232327
vt 0.233486 0.480895
vt 0.237432 0.480895
vt 0.233486 0.232327
vt 0.241377 0.480895
vt 0.237432 0.232327
vt 0.245323 0.480895
vt 0.245323 0.232327
vt 0.253214 0.480895
vt 0.257160 0.480895
vt 0.253214 0.232327
vt 0.261105 0.480895
vt 0.257160 0.232327
vt 0.265051 0.480895
vt 0.261105 0.232327
vt 0.268996 0.480895
vt 0.272942 0.480895
vt 0.268996 0.232327
vt 0.272942 0.232327
s 0
usemtl Material.003
f 3814/4293/990 4024/4294/990 3815/4295/990
f 4024/4294/990 3816/4296/990 3815/4295/990
f 4024/4294/990 3817/4297/990 3816/4296/990
f 4024/4294/990 3818/4298/990 3817/4297/990
f 4024/4294/990 3819/4299/990 3818/4298/990
f 4024/4294/990 3820/4300/990 3819/4299/990
f 4024/4294/990 3821/4301/990 3820/4300/990
f 4024/4294/990 3822/4302/990 3821/4301/990
f 4024/4294/990 3823/4303/990 3822/4302/990
f 4024/4294/990 3824/4304/990 3823/4303/990
f 4024/4294/990 3825/4305/990 3824/4304/990
f 4024/4294/990 3826/4306/990 3825/4305/990
f 4024/4294/990 3827/4307/990 3826/4306/990
f 4024/4294/990 3828/4308/990 3827/4307/990
f 4024/4294/990 3829/4309/990 3828/4308/990
f 4024/4294/990 3830/4310/990 3829/4309/990
f 4024/4294/990 3831/4311/990 3830/4310/990
f 4024/4294/990 3832/4312/990 3831/4311/990
f 4024/4294/990 3833/4313/990 3832/4312/990
f 4024/4294/990 3834/4314/990 3833/4313/990
f 4024/4294/990 3835/4315/990 3834/4314/990
f 4024/4294/990 3836/4316/990 3835/4315/990
f 4024/4294/990 3837/4317/990 3836/4316/990
f 4024/4318/990 4086/4319/990 3837/4320/990
f 4086/4319/990 4085/4321/990 3837/4320/990
f 4085/4321/990 3838/4322/990 3837/4320/990
f 3814/4293/990 4025/4323/990 4024/4294/990
f 4084/4324/990 3838/4325/990 4085/4326/990
f 4083/4327/990 3838/4325/990 4084/4324/990
f 4082/4328/990 3838/4325/990 4083/4327/990
f 4081/4329/990 3838/4330/990 4082/4331/990
f 4081/4332/990 3839/4333/990 3838/4334/990
f 4080/4335/990 3839/4336/990 4081/4337/990
f 4079/4338/990 3839/4339/990 4080/4340/990
f 4079/4341/990 3840/4342/990 3839/4333/990
f 4078/4343/990 3840/4342/990 4079/4341/990
f 4077/4344/990 3840/4345/990 4078/4346/990
f 4077/4347/990 3841/4348/990 3840/4342/990
f 4076/4349/990 3841/4348/990 4077/4347/990
f 4075/4350/990 3841/4351/990 4076/4352/990
f 4075/4353/990 3842/4354/990 3841/4348/990
f 4074/4355/990 3842/4354/990 4075/4353/990
f 4074/4356/990 3843/4357/990 3842/4358/990
f 4073/4359/990 3843/4357/990 4074/4356/990
f 4072/4360/990 3843/4361/990 4073/4362/990
f 4072/4363/990 3844/4364/990 3843/4357/990
f 4071/4365/990 3844/4366/990 4072/4367/990
f 4071/4365/990 3845/4368/990 3844/4366/990
f 4070/4369/990 3845/4370/990 4071/4371/990
f 4070/4372/990 3846/4373/990 3845/4368/990
f 4069/4374/990 3846/4373/990 4070/4372/990
f 4068/4375/990 3846/4373/990 4069/4374/990
f 4068/4375/990 3847/4376/990 3846/4373/990
f 4067/4377/990 3847/4378/990 4068/4379/990
f 4067/4380/990 3848/4381/990 3847/4376/990
f 4066/4382/990 3848/4383/990 4067/4377/990
f 4066/4384/990 3849/4385/990 3848/4381/990
f 4065/4386/990 3849/4385/990 4066/4384/990
f 4065/4386/990 3850/4387/990 3849/4385/990
f 4064/4388/990 3850/4387/990 4065/4386/990
f 4064/4388/990 3851/4389/990 3850/4387/990
f 4063/4390/990 3851/4389/990 4064/4388/990
f 4063/4390/990 3852/4391/990 3851/4389/990
f 4062/4392/990 3852/4391/990 4063/4390/990
f 4061/4393/990 3852/4394/990 4062/4395/990
f 4061/4396/990 3853/4397/990 3852/4398/990
f 4060/4399/990 3853/4400/990 4061/4401/990
f 4060/4399/990 3854/4402/990 3853/4400/990
f 4059/4403/990 3854/4402/990 4060/4399/990
f 4059/4404/990 3855/4405/990 3854/4406/990
f 4058/4407/990 3855/4408/990 4059/4409/990
f 4058/4410/990 3856/4411/990 3855/4405/990
f 4057/4412/990 3856/4413/990 4058/4414/990
f 4057/4415/990 3857/4416/990 3856/4417/990
f 4056/4418/990 3857/4419/990 4057/4420/990
f 4055/4421/990 3857/4422/990 4056/4423/990
f 4055/4424/990 3858/4425/990 3857/4416/990
f 4054/4426/990 3858/4427/990 4055/4421/990
f 4054/4426/990 3859/4428/990 3858/4427/990
f 4053/4429/990 3859/4430/990 4054/4431/990
f 4053/4432/990 3860/4433/990 3859/4428/990
f 4052/4434/990 3860/4433/990 4053/4432/990
f 4052/4435/990 3861/4436/990 3860/4437/990
f 4051/4438/990 3861/4436/990 4052/4435/990
f 4051/4439/990 3862/4440/990 3861/4441/990
f 4050/4442/990 3862/4440/990 4051/4439/990
f 4049/4443/990 3862/4444/990 4050/4445/990
f 4049/4443/990 3863/4446/990 3862/4444/990
f 4048/4447/990 3863/4448/990 4049/4449/990
f 4048/4450/990 3864/4451/990 3863/4452/990
f 4047/4453/990 3864/4454/990 4048/4455/990
f 4047/4456/990 3865/4457/990 3864/4458/990
f 4046/4459/990 3865/4460/990 4047/4461/990
f 4046/4462/990 3866/4463/990 3865/4464/990
f 4045/4465/990 3866/4466/990 4046/4467/990
f 4045/4468/990 3867/4469/990 3866/4470/990
f 4044/4471/990 3867/4469/990 4045/4468/990
f 4043/4472/990 3867/4473/990 4044/4474/990
f 4043/4472/990 3868/4475/990 3867/4473/990
f 4042/4476/990 3868/4475/990 4043/4472/990
f 4042/4477/990 3869/4478/990 3868/4479/990
f 4041/4480/990 3869/4478/990 4042/4477/990
f 4041/4481/990 3870/4482/990 3869/4483/990
f 4040/4484/990 3870/4482/990 4041/4481/990
f 4040/4485/990 3871/4486/990 3870/4487/990
f 4039/4488/990 3871/4486/990 4040/4485/990
f 4038/4489/990 3871/4490/990 4039/4491/990
f 4038/4489/990 3872/4492/990 3871/4490/990
f 4037/4493/990 3872/4494/990 4038/4495/990
f 4037/4496/990 3873/4497/990 3872/4498/990
f 4036/4499/990 3873/4497/990 4037/4496/990
f 4035/4500/990 3873/4501/990 4036/4502/990
f 4035/4503/990 3874/4504/990 3873/4505/990
f 4034/4506/990 3874/4504/990 4035/4503/990
f 4033/4507/990 3874/4508/990 4034/4509/990
f 4033/4510/990 3875/4511/990 3874/4512/990
f 4032/4513/990 3875/4511/990 4033/4510/990
f 4031/4514/990 3875/4515/990 4032/4516/990
f 4031/4514/990 3876/4517/990 3875/4515/990
f 4030/4518/990 3876/4517/990 4031/4514/990
f 4029/4519/990 3876/4517/990 4030/4518/990
f 4028/4520/990 3876/4517/990 4029/4519/990
f 4028/4521/990 3877/4522/990 3876/4523/990
f 4027/4524/990 3877/4525/990 4028/4520/990
f 4026/4526/990 3877/4525/990 4027/4524/990
f 3814/4293/990 3961/4527/990 4025/4323/990
f 3961/4527/990 4026/4528/990 4025/4323/990
f 3961/4527/990 3877/4529/990 4026/4528/990
f 3961/4527/990 3878/4530/990 3877/4529/990
f 3961/4527/990 3879/4531/990 3878/4530/990
f 3961/4527/990 3880/4532/990 3879/4531/990
f 3961/4527/990 3881/4533/990 3880/4532/990
f 3961/4527/990 3882/4534/990 3881/4533/990
f 3961/4527/990 3883/4535/990 3882/4534/990
f 3961/4536/990 3884/4537/990 3883/4538/990
f 3961/4539/990 3885/4540/990 3884/4541/990
f 3961/4527/990 3886/4542/990 3885/4543/990
f 3961/4536/990 3887/4544/990 3886/4545/990
f 3961/4527/990 3888/4546/990 3887/4547/990
f 3961/4527/990 3889/4548/990 3888/4546/990
f 3961/4527/990 3890/4549/990 3889/4548/990
f 3961/4527/990 3891/4550/990 3890/4549/990
f 3961/4527/990 3892/4551/990 3891/4550/990
f 3961/4527/990 3893/4552/990 3892/4551/990
f 3961/4527/990 3894/4553/990 3893/4552/990
f 3961/4527/990 3895/4554/990 3894/4553/990
f 3961/4527/990 3896/4555/990 3895/4554/990
f 3961/4527/990 3897/4556/990 3896/4555/990
f 3961/4527/990 3898/4557/990 3897/4556/990
f 3961/4527/990 3899/4558/990 3898/4557/990
f 3961/4527/990 3900/4559/990 3899/4558/990
f 3961/4527/990 3901/4560/990 3900/4559/990
f 3961/4527/990 3902/4561/990 3901/4560/990
f 3961/4527/990 3903/4562/990 3902/4561/990
f 3961/4527/990 3904/4563/990 3903/4562/990
f 3961/4527/990 3905/4564/990 3904/4563/990
f 3961/4539/990 4023/4565/990 3905/4566/990
f 4023/4565/990 3906/4567/990 3905/4566/990
f 3814/4293/990 3962/4568/990 3961/4527/990
f 4022/4569/990 3906/4570/990 4023/4571/990
f 4021/4572/990 3906/4570/990 4022/4569/990
f 4020/4573/990 3906/4570/990 4021/4572/990
f 4020/4574/990 3907/4575/990 3906/4576/990
f 4019/4577/990 3907/4575/990 4020/4574/990
f 4018/4578/990 3907/4575/990 4019/4577/990
f 4017/4579/990 3907/4580/990 4018/4581/990
f 4016/4582/990 3907/4580/990 4017/4579/990
f 4016/4583/990 3908/4584/990 3907/4585/990
f 4015/4586/990 3908/4584/990 4016/4583/990
f 4014/4587/990 3908/4588/990 4015/4589/990
f 4013/4590/990 3908/4591/990 4014/4592/990
f 4013/4590/990 3909/4593/990 3908/4591/990
f 4012/4594/990 3909/4595/990 4013/4596/990
f 4011/4597/990 3909/4598/990 4012/4599/990
f 4011/4597/990 3910/4600/990 3909/4598/990
f 4010/4601/990 3910/4602/990 4011/4603/990
f 4010/4604/990 3911/4605/990 3910/4600/990
f 4009/4606/990 3911/4605/990 4010/4604/990
f 4008/4607/990 3911/4605/990 4009/4606/990
f 4008/4608/990 3912/4609/990 3911/4610/990
f 4007/4611/990 3912/4612/990 4008/4613/990
f 4006/4614/990 3912/4615/990 4007/4616/990
f 4006/4617/990 3913/4618/990 3912/4619/990
f 4005/4620/990 3913/4621/990 4006/4622/990
f 4005/4623/990 3914/4624/990 3913/4625/990
f 4004/4626/990 3914/4624/990 4005/4623/990
f 4003/4627/990 3914/4628/990 4004/4629/990
f 4003/4630/990 3915/4631/990 3914/4624/990
f 4002/4632/990 3915/4633/990 4003/4634/990
f 4002/4635/990 3916/4636/990 3915/4637/990
f 4001/4638/990 3916/4636/990 4002/4635/990
f 4000/4639/990 3916/4640/990 4001/4641/990
f 4000/4642/990 3917/4643/990 3916/4644/990
f 3999/4645/990 3917/4646/990 4000/4647/990
f 3999/4648/990 3918/4649/990 3917/4643/990
f 3998/4650/990 3918/4649/990 3999/4648/990
f 3997/4651/990 3918/4652/990 3998/4653/990
f 3997/4654/990 3919/4655/990 3918/4649/990
f 3996/4656/990 3919/4657/990 3997/4658/990
f 3996/4659/990 3920/4660/990 3919/4655/990
f 3995/4661/990 3920/4660/990 3996/4659/990
f 3994/4662/990 3920/4663/990 3995/4664/990
f 3994/4665/990 3921/4666/990 3920/4660/990
f 3993/4667/990 3921/4668/990 3994/4669/990
f 3993/4670/990 3922/4671/990 3921/4666/990
f 3992/4672/990 3922/4671/990 3993/4670/990
f 3991/4673/990 3922/4671/990 3992/4672/990
f 3991/4673/990 3923/4674/990 3922/4671/990
f 3990/4675/990 3923/4674/990 3991/4673/990
f 3990/4675/990 3924/4676/990 3923/4674/990
f 3989/4677/990 3924/4676/990 3990/4675/990
f 3988/4678/990 3924/4676/990 3989/4677/990
f 3988/4678/990 3925/4679/990 3924/4676/990
f 3987/4680/990 3925/4679/990 3988/4678/990
f 3986/4681/990 3925/4682/990 3987/4683/990
f 3986/4684/990 3926/4685/990 3925/4679/990
f 3985/4686/990 3926/4687/990 3986/4681/990
f 3985/4688/990 3927/4689/990 3926/4685/990
f 3984/4690/990 3927/4689/990 3985/4688/990
f 3984/4690/990 3928/4691/990 3927/4689/990
f 3983/4692/990 3928/4691/990 3984/4690/990
f 3983/4693/990 3929/4694/990 3928/4695/990
f 3982/4696/990 3929/4697/990 3983/4692/990
f 3982/4696/990 3930/4698/990 3929/4697/990
f 3981/4699/990 3930/4700/990 3982/4701/990
f 3981/4702/990 3931/4703/990 3930/4698/990
f 3980/4704/990 3931/4705/990 3981/4699/990
f 3979/4706/990 3931/4703/990 3980/4707/990
f 3979/4706/990 3932/4708/990 3931/4703/990
f 3978/4709/990 3932/4710/990 3979/4711/990
f 3978/4712/990 3933/4713/990 3932/4708/990
f 3977/4714/990 3933/4715/990 3978/4716/990
f 3977/4717/990 3934/4718/990 3933/4713/990
f 3976/4719/990 3934/4718/990 3977/4717/990
f 3975/4720/990 3934/4721/990 3976/4722/990
f 3975/4723/990 3935/4724/990 3934/4718/990
f 3974/4725/990 3935/4726/990 3975/4727/990
f 3974/4728/990 3936/4729/990 3935/4724/990
f 3973/4730/990 3936/4729/990 3974/4728/990
f 3973/4731/990 3937/4732/990 3936/4733/990
f 3972/4734/990 3937/4732/990 3973/4731/990
f 3971/4735/990 3937/4736/990 3972/4737/990
f 3971/4738/990 3938/4739/990 3937/4740/990
f 3970/4741/990 3938/4742/990 3971/4743/990
f 3969/4744/990 3938/4745/990 3970/4746/990
f 3969/4747/990 3939/4748/990 3938/4739/990
f 3968/4749/990 3939/4748/990 3969/4747/990
f 3967/4750/990 3939/4751/990 3968/4752/990
f 3966/4753/990 3939/4754/990 3967/4755/990
f 3966/4756/990 3940/4757/990 3939/4748/990
f 3965/4758/990 3940/4757/990 3966/4756/990
f 3964/4759/990 3940/4757/990 3965/4758/990
f 3963/4760/990 3940/4761/990 3964/4762/990
f 3814/4293/990 3963/4763/990 3962/4568/990
f 3814/4293/990 3940/4757/990 3963/4763/990
f 3814/4293/990 3941/4764/990 3940/4757/990
f 3814/4293/990 3942/4765/990 3941/4764/990
f 3814/4293/990 3943/4766/990 3942/4765/990
f 3814/4293/990 3944/4767/990 3943/4766/990
f 3814/4293/990 3945/4768/990 3944/4767/990
f 3814/4293/990 3946/4769/990 3945/4768/990
f 3814/4293/990 3947/4770/990 3946/4769/990
f 3814/4293/990 3948/4771/990 3947/4770/990
f 3814/4293/990 3949/4772/990 3948/4771/990
f 3814/4293/990 3950/4773/990 3949/4772/990
f 3814/4293/990 3951/4774/990 3950/4773/990
f 3814/4293/990 3952/4775/990 3951/4774/990
f 3814/4293/990 3953/4776/990 3952/4775/990
f 3814/4293/990 3954/4777/990 3953/4776/990
f 3814/4293/990 3955/4778/990 3954/4777/990
f 3814/4293/990 3956/4779/990 3955/4778/990
f 3814/4780/990 3957/4781/990 3956/4782/990
f 3814/4780/990 3958/4783/990 3957/4781/990
f 3814/4780/990 3959/4784/990 3958/4783/990
f 3814/4785/990 3960/4786/990 3959/4787/990
f 3814/4785/990 3813/4788/990 3960/4786/990
f 4206/4789/990 4208/4790/990 4207/4791/990
f 4206/4789/990 4209/4792/990 4208/4790/990
f 4205/4793/990 4209/4792/990 4206/4789/990
f 4205/4793/990 4210/4794/990 4209/4792/990
f 4204/4795/990 4210/4794/990 4205/4793/990
f 4204/4796/990 4211/4797/990 4210/4700/990
f 4203/4798/990 4211/4797/990 4204/4796/990
f 4203/4799/990 4212/4800/990 4211/4801/990
f 4202/4802/990 4212/4800/990 4203/4799/990
f 4202/4803/990 4213/4804/990 4212/4805/990
f 4201/4806/990 4213/4804/990 4202/4803/990
f 4201/4807/990 4214/4808/990 4213/4809/990
f 4200/4810/990 4214/4808/990 4201/4807/990
f 4200/4811/990 4215/4812/990 4214/4813/990
f 4199/4814/990 4215/4812/990 4200/4811/990
f 4199/4815/990 4216/4816/990 4215/4817/990
f 4198/4818/990 4216/4816/990 4199/4815/990
f 4198/4819/990 4217/4820/990 4216/4821/990
f 4197/4822/990 4217/4820/990 4198/4819/990
f 4197/4822/990 4218/4823/990 4217/4820/990
f 4196/4824/990 4218/4823/990 4197/4822/990
f 4196/4825/990 4219/4826/990 4218/4827/990
f 4195/4828/990 4219/4826/990 4196/4825/990
f 4194/4829/990 4219/4830/990 4195/4831/990
f 4194/4829/990 4220/4832/990 4219/4830/990
f 4193/4833/990 4220/4832/990 4194/4829/990
f 4193/4833/990 4221/4834/990 4220/4832/990
f 4192/4835/990 4221/4834/990 4193/4833/990
f 4192/4835/990 4222/4836/990 4221/4834/990
f 4191/4837/990 4222/4836/990 4192/4835/990
f 4191/4837/990 4223/4838/990 4222/4836/990
f 4190/4839/990 4280/4840/990 4191/4837/990
f 4280/4841/990 4279/4842/990 4191/4843/990
f 4279/4842/990 4223/4844/990 4191/4843/990
f 4279/4842/990 4278/4845/990 4223/4844/990
f 4278/4846/990 4224/4847/990 4223/4838/990
f 4190/4848/990 4281/4849/990 4280/4850/990
f 4277/4851/990 4224/4847/990 4278/4846/990
f 4190/4852/990 4282/4853/990 4281/4854/990
f 4276/4855/990 4224/4856/990 4277/4857/990
f 4190/4852/990 4283/4858/990 4282/4853/990
f 4275/4859/990 4224/4856/990 4276/4855/990
f 4190/4852/990 4284/4860/990 4283/4858/990
f 4274/4861/990 4224/4856/990 4275/4859/990
f 4190/4862/990 4285/4863/990 4284/4864/990
f 4273/4865/990 4224/4866/990 4274/4867/990
f 4189/4868/990 4285/4869/990 4190/4839/990
f 4273/4870/990 4225/4871/990 4224/4847/990
f 4189/4868/990 4286/4872/990 4285/4869/990
f 4272/4873/990 4225/4871/990 4273/4870/990
f 4189/4874/990 4287/4875/990 4286/4876/990
f 4271/4877/990 4225/4878/990 4272/4879/990
f 4189/4880/990 4288/4881/990 4287/4882/990
f 4270/4883/990 4225/4884/990 4271/4885/990
f 4188/4886/990 4288/4887/990 4189/4868/990
f 4270/4888/990 4226/4889/990 4225/4871/990
f 4188/4886/990 4289/4890/990 4288/4887/990
f 4269/4891/990 4226/4889/990 4270/4888/990
f 4188/4886/990 4290/4892/990 4289/4890/990
f 4268/4893/990 4226/4889/990 4269/4891/990
f 4188/4886/990 4291/4894/990 4290/4892/990
f 4267/4895/990 4226/4889/990 4268/4893/990
f 4187/4896/990 4291/4894/990 4188/4886/990
f 4267/4895/990 4227/4897/990 4226/4889/990
f 4187/4896/990 4292/4607/990 4291/4894/990
f 4266/4898/990 4227/4897/990 4267/4895/990
f 4187/4899/990 4293/4900/990 4292/4613/990
f 4265/4901/990 4227/4902/990 4266/4903/990
f 4186/4904/990 4293/4905/990 4187/4896/990
f 4265/4906/990 4228/4907/990 4227/4897/990
f 4186/4904/990 4294/4908/990 4293/4905/990
f 4264/4909/990 4228/4907/990 4265/4906/990
f 4186/4910/990 4295/4911/990 4294/4912/990
f 4263/4913/990 4228/4907/990 4264/4909/990
f 4185/4914/990 4295/4915/990 4186/4904/990
f 4263/4913/990 4229/4916/990 4228/4907/990
f 4185/4914/990 4296/4917/990 4295/4915/990
f 4262/4918/990 4229/4916/990 4263/4913/990
f 4184/4919/990 4296/4917/990 4185/4914/990
f 4262/4918/990 4230/4920/990 4229/4916/990
f 4184/4919/990 4297/4921/990 4296/4917/990
f 4261/4922/990 4230/4920/990 4262/4918/990
f 4184/4923/990 4298/4924/990 4297/4925/990
f 4260/4926/990 4230/4927/990 4261/4928/990
f 4183/4929/990 4298/4930/990 4184/4919/990
f 4260/4931/990 4087/4932/990 4230/4920/990
f 4183/4933/990 4299/4934/990 4298/4924/990
f 4259/4935/990 4087/4936/990 4260/4926/990
f 4183/4929/990 4300/4937/990 4299/4938/990
f 4258/4939/990 4087/4932/990 4259/4940/990
f 4182/4941/990 4300/4937/990 4183/4929/990
f 4258/4939/990 4088/4942/990 4087/4932/990
f 4182/4941/990 4301/4943/990 4300/4937/990
f 4257/4944/990 4088/4942/990 4258/4939/990
f 4257/4944/990 4089/4945/990 4088/4942/990
f 4181/4946/990 4301/4943/990 4182/4941/990
f 4181/4946/990 4302/4947/990 4301/4943/990
f 4256/4948/990 4089/4945/990 4257/4944/990
f 4256/4948/990 4090/4949/990 4089/4945/990
f 4180/4950/990 4302/4947/990 4181/4946/990
f 4180/4950/990 4303/4951/990 4302/4947/990
f 4255/4952/990 4090/4949/990 4256/4948/990
f 4180/4950/990 4304/4953/990 4303/4951/990
f 4254/4954/990 4090/4949/990 4255/4952/990
f 4254/4954/990 4091/4955/990 4090/4949/990
f 4179/4956/990 4304/4953/990 4180/4950/990
f 4253/4957/990 4091/4955/990 4254/4954/990
f 4179/4956/990 4305/4958/990 4304/4953/990
f 4253/4957/990 4092/4959/990 4091/4955/990
f 4178/4960/990 4305/4958/990 4179/4956/990
f 4252/4961/990 4092/4959/990 4253/4957/990
f 4178/4960/990 4306/4962/990 4305/4958/990
f 4251/4747/990 4092/4959/990 4252/4961/990
f 4178/4960/990 4307/4963/990 4306/4962/990
f 4251/4747/990 4093/4964/990 4092/4959/990
f 4177/4965/990 4307/4963/990 4178/4960/990
f 4250/4966/990 4093/4964/990 4251/4747/990
f 4177/4965/990 4308/4967/990 4307/4963/990
f 4250/4966/990 4094/4968/990 4093/4964/990
f 4176/4969/990 4308/4967/990 4177/4965/990
f 4249/4970/990 4094/4968/990 4250/4966/990
f 4176/4969/990 4309/4971/990 4308/4967/990
f 4249/4970/990 4095/4972/990 4094/4968/990
f 4175/4973/990 4309/4971/990 4176/4969/990
f 4248/4974/990 4095/4972/990 4249/4970/990
f 4175/4973/990 4310/4975/990 4309/4971/990
f 4247/4976/990 4095/4972/990 4248/4974/990
f 4175/4973/990 4311/4977/990 4310/4975/990
f 4247/4976/990 4096/4978/990 4095/4972/990
f 4174/4979/990 4311/4977/990 4175/4973/990
f 4246/4980/990 4096/4978/990 4247/4976/990
f 4174/4979/990 4312/4981/990 4311/4977/990
f 4246/4980/990 4097/4982/990 4096/4978/990
f 4173/4983/990 4312/4981/990 4174/4979/990
f 4245/4984/990 4097/4982/990 4246/4980/990
f 4173/4983/990 4313/4985/990 4312/4981/990
f 4245/4984/990 4098/4986/990 4097/4982/990
f 4172/4987/990 4313/4985/990 4173/4983/990
f 4244/4988/990 4098/4986/990 4245/4984/990
f 4172/4987/990 4314/4989/990 4313/4985/990
f 4244/4988/990 4099/4990/990 4098/4986/990
f 4171/4991/990 4314/4989/990 4172/4987/990
f 4243/4992/990 4099/4990/990 4244/4988/990
f 4171/4991/990 4315/4993/990 4314/4989/990
f 4170/4994/990 4315/4993/990 4171/4991/990
f 4170/4994/990 4316/4995/990 4315/4993/990
f 4242/4996/990 4099/4990/990 4243/4992/990
f 4242/4996/990 4100/4997/990 4099/4990/990
f 4170/4994/990 4317/4998/990 4316/4995/990
f 4241/4999/990 4100/4997/990 4242/4996/990
f 4169/4550/990 4317/4998/990 4170/4994/990
f 4241/4999/990 4101/5000/990 4100/4997/990
f 4169/4550/990 4318/5001/990 4317/4998/990
f 4240/5002/990 4101/5000/990 4241/4999/990
f 4168/5003/990 4318/5001/990 4169/4550/990
f 4240/5002/990 4102/5004/990 4101/5000/990
f 4168/5003/990 4319/5005/990 4318/5001/990
f 4239/5006/990 4102/5004/990 4240/5002/990
f 4167/5007/990 4319/5005/990 4168/5003/990
f 4239/5006/990 4103/5008/990 4102/5004/990
f 4167/5007/990 4320/5009/990 4319/5005/990
f 4238/5010/990 4103/5008/990 4239/5006/990
f 4166/5011/990 4320/5009/990 4167/5007/990
f 4238/5010/990 4104/5012/990 4103/5008/990
f 4166/5011/990 4321/5013/990 4320/5009/990
f 4237/5014/990 4104/5012/990 4238/5010/990
f 4166/5011/990 4322/5015/990 4321/5013/990
f 4236/5016/990 4104/5012/990 4237/5014/990
f 4165/5017/990 4322/5015/990 4166/5011/990
f 4236/5016/990 4105/5018/990 4104/5012/990
f 4165/5017/990 4323/5019/990 4322/5015/990
f 4235/5020/990 4105/5018/990 4236/5016/990
f 4164/5021/990 4323/5019/990 4165/5017/990
f 4235/5020/990 4106/5022/990 4105/5018/990
f 4164/5021/990 4324/5023/990 4323/5019/990
f 4234/5024/990 4106/5022/990 4235/5020/990
f 4163/5025/990 4324/5023/990 4164/5021/990
f 4234/5024/990 4107/5026/990 4106/5022/990
f 4233/5027/990 4107/5026/990 4234/5024/990
f 4163/5025/990 4325/5028/990 4324/5023/990
f 4232/5029/990 4107/5026/990 4233/5027/990
f 4163/5025/990 4326/5030/990 4325/5028/990
f 4162/5031/990 4326/5030/990 4163/5025/990
f 4232/5029/990 4108/5032/990 4107/5026/990
f 4231/5033/990 4108/5032/990 4232/5029/990
f 4162/5031/990 4327/5034/990 4326/5030/990
f 4231/5033/990 4109/5035/990 4108/5032/990
f 4161/5036/990 4327/5034/990 4162/5031/990
f 4161/5036/990 4328/5037/990 4327/5034/990
f 4374/5038/990 4109/5035/990 4231/5033/990
f 4374/5038/990 4110/5039/990 4109/5035/990
f 4160/5040/990 4328/5037/990 4161/5036/990
f 4373/5041/990 4110/5039/990 4374/5038/990
f 4160/5040/990 4329/5042/990 4328/5037/990
f 4160/5040/990 4330/5043/990 4329/5042/990
f 4372/5044/990 4110/5039/990 4373/5041/990
f 4372/5044/990 4111/5045/990 4110/5039/990
f 4159/5046/990 4330/5043/990 4160/5040/990
f 4159/5046/990 4331/5047/990 4330/5043/990
f 4371/5048/990 4111/5045/990 4372/5044/990
f 4158/5049/990 4331/5047/990 4159/5046/990
f 4371/5048/990 4112/5050/990 4111/5045/990
f 4158/5049/990 4332/5051/990 4331/5047/990
f 4370/5052/990 4112/5050/990 4371/5048/990
f 4158/5049/990 4333/4461/990 4332/5051/990
f 4369/5053/990 4112/5050/990 4370/5052/990
f 4157/5054/990 4333/4461/990 4158/5049/990
f 4369/5053/990 4113/5055/990 4112/5050/990
f 4157/5054/990 4334/5056/990 4333/4461/990
f 4368/5057/990 4113/5055/990 4369/5053/990
f 4157/5058/990 4335/5059/990 4334/5060/990
f 4367/5061/990 4113/5062/990 4368/5063/990
f 4156/5064/990 4335/5065/990 4157/5054/990
f 4367/5066/990 4114/5067/990 4113/5055/990
f 4156/5064/990 4336/5068/990 4335/5065/990
f 4366/5069/990 4114/5067/990 4367/5066/990
f 4155/5070/990 4336/5068/990 4156/5064/990
f 4366/5069/990 4115/5071/990 4114/5067/990
f 4155/5070/990 4337/5072/990 4336/5068/990
f 4365/5073/990 4115/5071/990 4366/5069/990
f 4155/5070/990 4338/5074/990 4337/5072/990
f 4364/5075/990 4115/5071/990 4365/5073/990
f 4154/5076/990 4338/5074/990 4155/5070/990
f 4364/5075/990 4116/5077/990 4115/5071/990
f 4154/5076/990 4339/5078/990 4338/5074/990
f 4363/5079/990 4116/5077/990 4364/5075/990
f 4154/5076/990 4340/5080/990 4339/5078/990
f 4362/5081/990 4116/5082/990 4363/5083/990
f 4153/5084/990 4340/5080/990 4154/5076/990
f 4362/5085/990 4117/5086/990 4116/5077/990
f 4153/5084/990 4341/5087/990 4340/5080/990
f 4361/5088/990 4117/5086/990 4362/5085/990
f 4153/5089/990 4342/5090/990 4341/5091/990
f 4360/5092/990 4117/5093/990 4361/5094/990
f 4153/5095/990 4343/5096/990 4342/5097/990
f 4359/5098/990 4117/5099/990 4360/5100/990
f 4152/5101/990 4343/5102/990 4153/5084/990
f 4359/5103/990 4118/5104/990 4117/5086/990
f 4152/5101/990 4344/5105/990 4343/5102/990
f 4358/5106/990 4118/5104/990 4359/5103/990
f 4152/5107/990 4345/5108/990 4344/5109/990
f 4357/5110/990 4118/5111/990 4358/5112/990
f 4152/5113/990 4346/5114/990 4345/5115/990
f 4356/5116/990 4118/5117/990 4357/5118/990
f 4151/5119/990 4346/5120/990 4152/5101/990
f 4356/5121/990 4119/5122/990 4118/5104/990
f 4151/5119/990 4347/5123/990 4346/5120/990
f 4355/5124/990 4119/5122/990 4356/5121/990
f 4151/5119/990 4348/5125/990 4347/5123/990
f 4354/5126/990 4119/5122/990 4355/5124/990
f 4151/5127/990 4349/5128/990 4348/5129/990
f 4353/5130/990 4119/5131/990 4354/5132/990
f 4151/5127/990 4350/5133/990 4349/5128/990
f 4352/5134/990 4119/5131/990 4353/5130/990
f 4151/5127/990 4351/5135/990 4350/5133/990
f 4351/5135/990 4119/5131/990 4352/5134/990
f 4151/5127/990 4119/5131/990 4351/5135/990
f 4150/5136/990 4119/5122/990 4151/5119/990
f 4150/5136/990 4120/5137/990 4119/5122/990
f 4150/5136/990 4121/5138/990 4120/5137/990
f 4149/5139/990 4121/5138/990 4150/5136/990
f 4149/5139/990 4122/5140/990 4121/5138/990
f 4148/5141/990 4122/5140/990 4149/5139/990
f 4148/5141/990 4123/5142/990 4122/5140/990
f 4147/5143/990 4123/5142/990 4148/5141/990
f 4146/5144/990 4123/5142/990 4147/5143/990
f 4146/5144/990 4124/5145/990 4123/5142/990
f 4145/5146/990 4124/5147/990 4146/5148/990
f 4145/5146/990 4125/5149/990 4124/5147/990
f 4144/5150/990 4125/5151/990 4145/5152/990
f 4144/5150/990 4126/5153/990 4125/5151/990
f 4143/5154/990 4126/5153/990 4144/5150/990
f 4143/5154/990 4127/5155/990 4126/5153/990
f 4142/5156/990 4127/5157/990 4143/5158/990
f 4142/5156/990 4128/4398/990 4127/5157/990
f 4141/5159/990 4128/4394/990 4142/5160/990
f 4141/5159/990 4129/5161/990 4128/4394/990
f 4140/5162/990 4129/5163/990 4141/5164/990
f 4140/5165/990 4130/5166/990 4129/5167/990
f 4139/5168/990 4130/5169/990 4140/5170/990
f 4139/5168/990 4131/5171/990 4130/5169/990
f 4138/5172/990 4131/5171/990 4139/5168/990
f 4138/5172/990 4132/5173/990 4131/5171/990
f 4137/5174/990 4132/5175/990 4138/5176/990
f 4137/5174/990 4133/5177/990 4132/5175/990
f 4136/5178/990 4133/5179/990 4137/5180/990
f 4136/5178/990 4134/5181/990 4133/5179/990
f 4135/5182/990 4134/5183/990 4136/5184/990
f 4376/5185/990 4378/5186/990 4377/5187/990
f 4376/5185/990 4379/5188/990 4378/5186/990
f 4380/5189/990 4382/5190/990 4381/5191/990
f 4380/5189/990 4383/5192/990 4382/5190/990
f 4376/5185/990 4386/5038/990 4379/5188/990
f 4386/5038/990 4380/5189/990 4379/5188/990
f 4386/5038/990 4385/5193/990 4380/5189/990
f 4385/5193/990 4383/5192/990 4380/5189/990
f 4376/5185/990 4375/4932/990 4386/5038/990
f 4384/5194/990 4383/5192/990 4385/5193/990
f 4389/5187/990 4397/5193/990 4390/5186/990
f 4397/5193/990 4391/5188/990 4390/5186/990
f 4397/5193/990 4387/4932/990 4391/5188/990
f 4387/4932/990 4394/5190/990 4391/5188/990
f 4394/5190/990 4396/5194/990 4391/5188/990
f 4396/5194/990 4392/5189/990 4391/5188/990
f 4397/5193/990 4398/5038/990 4387/4932/990
f 4398/5038/990 4388/5185/990 4387/4932/990
f 4393/5191/990 4395/5192/990 4394/5190/990
f 4395/5192/990 4396/5194/990 4394/5190/990
f 4389/5187/990 4398/5038/990 4397/5193/990
f 4398/5038/990 4396/5194/990 4397/5193/990
f 4398/5038/990 4395/5192/990 4396/5194/990
f 4395/5192/990 4392/5189/990 4396/5194/990
f 4389/5187/990 4388/5185/990 4398/5038/990
f 4393/5191/990 4392/5189/990 4395/5192/990
f 4700/5195/990 4702/5196/990 4701/5197/990
f 4700/5195/990 4703/5198/990 4702/5196/990
f 4699/5199/990 4703/5198/990 4700/5195/990
f 4699/5199/990 4704/5200/990 4703/5198/990
f 4699/5199/990 4705/5201/990 4704/5200/990
f 4698/5202/990 4705/5201/990 4699/5199/990
f 4698/5202/990 4706/5203/990 4705/5201/990
f 4698/5204/990 4707/5205/990 4706/5206/990
f 4697/5207/990 4707/5205/990 4698/5204/990
f 4697/5208/990 4708/5209/990 4707/5210/990
f 4696/5211/990 4708/5209/990 4697/5208/990
f 4696/5211/990 4709/5212/990 4708/5209/990
f 4696/5211/990 4710/5213/990 4709/5212/990
f 4695/5214/990 4710/5215/990 4696/5216/990
f 4695/5214/990 4711/5217/990 4710/5215/990
f 4695/5218/990 4712/5219/990 4711/5220/990
f 4694/5221/990 4712/5219/990 4695/5218/990
f 4694/5221/990 4713/5222/990 4712/5219/990
f 4693/5223/990 4713/5224/990 4694/5225/990
f 4693/5223/990 4714/5226/990 4713/5224/990
f 4693/5227/990 4715/5228/990 4714/5229/990
f 4692/5230/990 4715/5228/990 4693/5227/990
f 4692/5230/990 4716/5231/990 4715/5228/990
f 4692/5232/990 4717/5233/990 4716/5234/990
f 4691/5235/990 4717/5233/990 4692/5232/990
f 4691/5236/990 4718/5237/990 4717/5238/990
f 4690/5239/990 4718/5240/990 4691/5235/990
f 4690/5239/990 4719/5241/990 4718/5240/990
f 4690/5242/990 4720/5243/990 4719/5244/990
f 4689/5245/990 4720/5246/990 4690/5247/990
f 4689/5245/990 4721/5248/990 4720/5246/990
f 4689/5249/990 4722/5250/990 4721/5251/990
f 4688/5252/990 4722/5253/990 4689/5254/990
f 4688/5255/990 4723/5256/990 4722/5257/990
f 4688/5252/990 4724/5258/990 4723/5259/990
f 4687/5260/990 4724/5258/990 4688/5252/990
f 4687/5261/990 4725/5262/990 4724/5263/990
f 4686/5264/990 4725/5265/990 4687/5260/990
f 4686/5264/990 4726/5266/990 4725/5265/990
f 4686/5267/990 4727/5268/990 4726/5269/990
f 4685/5270/990 4727/5271/990 4686/5264/990
f 4685/5270/990 4728/5272/990 4727/5271/990
f 4685/5273/990 4460/5274/990 4728/5275/990
f 4460/5276/990 4729/5277/990 4728/5272/990
f 4684/5278/990 4461/5279/990 4685/5270/990
f 4461/5280/990 4460/5281/990 4685/5282/990
f 4459/5283/990 4729/5284/990 4460/5281/990
f 4458/5285/990 4729/5286/990 4459/5287/990
f 4684/5278/990 4462/5288/990 4461/5279/990
f 4457/5289/990 4729/5286/990 4458/5285/990
f 4456/5290/990 4729/5286/990 4457/5289/990
f 4684/5291/990 4463/5292/990 4462/5293/990
f 4455/5294/990 4729/5284/990 4456/5295/990
f 4454/5296/990 4729/5284/990 4455/5294/990
f 4684/5291/990 4464/5297/990 4463/5292/990
f 4454/5298/990 4730/5299/990 4729/5300/990
f 4453/5301/990 4730/5299/990 4454/5298/990
f 4452/5302/990 4730/5299/990 4453/5301/990
f 4684/5291/990 4465/5303/990 4464/5297/990
f 4451/5304/990 4730/5299/990 4452/5302/990
f 4450/5305/990 4730/5306/990 4451/5307/990
f 4684/5308/990 4466/5309/990 4465/5310/990
f 4449/5311/990 4730/5306/990 4450/5305/990
f 4683/5312/990 4466/5313/990 4684/5278/990
f 4449/5314/990 4731/5315/990 4730/5316/990
f 4683/5312/990 4467/5317/990 4466/5313/990
f 4448/5318/990 4731/5315/990 4449/5314/990
f 4447/5319/990 4731/5320/990 4448/5321/990
f 4683/5322/990 4468/5323/990 4467/5324/990
f 4446/5325/990 4731/5320/990 4447/5319/990
f 4445/5326/990 4731/5327/990 4446/5328/990
f 4445/5329/990 4732/5330/990 4731/5331/990
f 4683/5332/990 4469/5333/990 4468/5334/990
f 4444/5335/990 4732/5330/990 4445/5329/990
f 4443/5336/990 4732/5330/990 4444/5335/990
f 4682/5337/990 4469/5338/990 4683/5312/990
f 4682/5337/990 4470/5339/990 4469/5338/990
f 4442/5340/990 4732/5341/990 4443/5342/990
f 4442/5343/990 4733/5344/990 4732/5345/990
f 4441/5346/990 4733/5344/990 4442/5343/990
f 4682/5337/990 4471/5347/990 4470/5339/990
f 4440/5348/990 4733/5344/990 4441/5346/990
f 4440/5349/990 4734/5350/990 4733/5351/990
f 4439/5352/990 4734/5350/990 4440/5349/990
f 4682/5337/990 4472/5353/990 4471/5347/990
f 4681/5354/990 4472/5353/990 4682/5337/990
f 4438/5355/990 4734/5356/990 4439/5357/990
f 4437/5358/990 4734/5359/990 4438/5360/990
f 4681/5354/990 4473/5361/990 4472/5353/990
f 4437/5362/990 4735/5363/990 4734/5350/990
f 4436/5364/990 4735/5365/990 4437/5366/990
f 4681/5367/990 4474/5368/990 4473/5369/990
f 4435/5370/990 4735/5371/990 4436/5372/990
f 4435/5373/990 4736/5038/990 4735/5363/990
f 4680/5374/990 4474/5375/990 4681/5354/990
f 4434/5376/990 4736/5038/990 4435/5373/990
f 4680/5374/990 4475/5377/990 4474/5375/990
f 4433/5378/990 4736/5379/990 4434/5380/990
f 4433/5381/990 4399/4936/990 4736/4319/990
f 4432/5382/990 4399/4936/990 4433/5381/990
f 4680/5374/990 4476/5383/990 4475/5377/990
f 4679/5384/990 4476/5383/990 4680/5374/990
f 4431/5385/990 4399/5386/990 4432/5387/990
f 4431/5388/990 4400/5389/990 4399/4932/990
f 4430/5390/990 4400/5391/990 4431/5392/990
f 4679/5384/990 4477/5393/990 4476/5383/990
f 4429/5394/990 4400/5395/990 4430/5396/990
f 4429/5397/990 4401/5398/990 4400/5389/990
f 4428/5399/990 4401/5400/990 4429/5401/990
f 4678/5402/990 4477/5393/990 4679/5384/990
f 4678/5402/990 4478/5403/990 4477/5393/990
f 4427/5404/990 4401/5405/990 4428/5406/990
f 4427/5407/990 4402/5408/990 4401/5398/990
f 4426/5409/990 4402/5408/990 4427/5407/990
f 4678/5410/990 4479/5411/990 4478/5412/990
f 4426/5409/990 4403/5413/990 4402/5408/990
f 4425/5414/990 4403/5413/990 4426/5409/990
f 4677/5415/990 4479/5416/990 4678/5402/990
f 4424/5417/990 4403/5418/990 4425/5419/990
f 4677/5420/990 4480/5421/990 4479/5411/990
f 4424/5422/990 4404/5423/990 4403/5413/990
f 4423/5424/990 4404/5423/990 4424/5422/990
f 4677/5415/990 4481/5425/990 4480/5426/990
f 4676/5427/990 4481/5425/990 4677/5415/990
f 4422/5428/990 4404/5429/990 4423/5430/990
f 4422/5428/990 4405/5431/990 4404/5429/990
f 4421/5432/990 4405/5433/990 4422/5434/990
f 4676/5427/990 4482/5435/990 4481/5425/990
f 4421/5436/990 4406/5437/990 4405/5431/990
f 4420/5438/990 4406/5437/990 4421/5436/990
f 4675/5439/990 4482/5435/990 4676/5427/990
f 4419/5440/990 4406/5441/990 4420/5442/990
f 4419/5440/990 4407/5443/990 4406/5441/990
f 4675/5439/990 4483/5444/990 4482/5435/990
f 4418/5445/990 4407/5446/990 4419/5447/990
f 4418/5448/990 4408/5449/990 4407/5443/990
f 4417/5450/990 4408/5449/990 4418/5448/990
f 4674/5451/990 4483/5444/990 4675/5439/990
f 4674/5451/990 4484/5452/990 4483/5444/990
f 4416/5453/990 4408/5449/990 4417/5450/990
f 4416/5453/990 4409/5454/990 4408/5449/990
f 4415/5455/990 4409/5456/990 4416/5457/990
f 4674/5451/990 4485/5458/990 4484/5452/990
f 4673/5459/990 4485/5458/990 4674/5451/990
f 4414/5460/990 4409/5461/990 4415/5462/990
f 4414/5463/990 4410/5464/990 4409/5454/990
f 4413/5465/990 4410/5464/990 4414/5463/990
f 4673/5459/990 4486/5466/990 4485/5458/990
f 4413/5465/990 4411/5467/990 4410/5464/990
f 4412/5468/990 4411/5469/990 4413/5470/990
f 4672/5471/990 4486/5466/990 4673/5459/990
f 4672/5471/990 4487/5472/990 4486/5466/990
f 4672/5471/990 4488/5473/990 4487/5472/990
f 4671/5474/990 4488/5473/990 4672/5471/990
f 4671/5474/990 4489/5475/990 4488/5473/990
f 4670/5476/990 4489/5475/990 4671/5474/990
f 4670/5476/990 4490/5477/990 4489/5475/990
f 4669/5478/990 4490/5477/990 4670/5476/990
f 4669/5478/990 4491/5479/990 4490/5477/990
f 4669/5478/990 4492/5480/990 4491/5479/990
f 4668/5481/990 4492/5480/990 4669/5478/990
f 4668/5481/990 4493/5482/990 4492/5480/990
f 4667/5483/990 4493/5482/990 4668/5481/990
f 4667/5483/990 4494/5484/990 4493/5482/990
f 4666/5485/990 4494/5484/990 4667/5483/990
f 4666/5485/990 4495/5486/990 4494/5484/990
f 4665/5487/990 4495/5486/990 4666/5485/990
f 4665/5487/990 4496/5488/990 4495/5486/990
f 4664/5489/990 4496/5488/990 4665/5487/990
f 4664/5489/990 4497/5490/990 4496/5488/990
f 4664/5489/990 4498/5491/990 4497/5490/990
f 4663/5492/990 4498/5491/990 4664/5489/990
f 4663/5492/990 4499/5493/990 4498/5491/990
f 4662/5494/990 4499/5493/990 4663/5492/990
f 4662/5494/990 4500/5495/990 4499/5493/990
f 4661/5496/990 4500/5495/990 4662/5494/990
f 4661/5496/990 4501/5497/990 4500/5495/990
f 4660/5498/990 4501/5497/990 4661/5496/990
f 4660/5498/990 4502/5499/990 4501/5497/990
f 4660/5498/990 4503/5500/990 4502/5499/990
f 4659/5501/990 4503/5500/990 4660/5498/990
f 4659/5501/990 4504/5502/990 4503/5500/990
f 4658/5503/990 4504/5502/990 4659/5501/990
f 4658/5503/990 4505/5504/990 4504/5502/990
f 4657/5505/990 4505/5504/990 4658/5503/990
f 4657/5505/990 4506/5506/990 4505/5504/990
f 4579/5507/990 4581/5508/990 4580/5509/990
f 4579/5510/990 4582/5511/990 4581/5512/990
f 4657/5505/990 4507/5513/990 4506/5506/990
f 4656/5514/990 4507/5513/990 4657/5505/990
f 4578/5515/990 4582/5516/990 4579/5517/990
f 4578/5518/990 4583/5519/990 4582/5511/990
f 4656/5514/990 4508/5520/990 4507/5513/990
f 4577/5521/990 4583/5519/990 4578/5518/990
f 4576/5522/990 4583/5519/990 4577/5521/990
f 4576/5522/990 4584/5523/990 4583/5519/990
f 4655/5524/990 4508/5520/990 4656/5514/990
f 4655/5524/990 4509/5525/990 4508/5520/990
f 4575/5526/990 4584/5527/990 4576/5528/990
f 4575/5529/990 4585/5530/990 4584/5523/990
f 4574/5531/990 4585/5532/990 4575/5533/990
f 4654/5534/990 4509/5525/990 4655/5524/990
f 4654/5534/990 4510/5535/990 4509/5525/990
f 4573/5536/990 4585/5537/990 4574/5538/990
f 4573/5539/990 4586/5540/990 4585/5530/990
f 4572/5541/990 4586/5540/990 4573/5539/990
f 4654/5534/990 4511/5542/990 4510/5535/990
f 4572/5541/990 4587/5543/990 4586/5540/990
f 4571/5544/990 4587/5545/990 4572/5546/990
f 4653/5547/990 4511/5542/990 4654/5534/990
f 4570/5548/990 4587/5549/990 4571/5550/990
f 4570/5551/990 4588/5552/990 4587/5543/990
f 4653/5547/990 4512/5553/990 4511/5542/990
f 4569/5554/990 4588/5552/990 4570/5551/990
f 4569/5555/990 4589/5556/990 4588/5557/990
f 4568/5558/990 4589/5556/990 4569/5555/990
f 4652/5559/990 4512/5553/990 4653/5547/990
f 4652/5559/990 4513/5560/990 4512/5553/990
f 4567/5561/990 4589/5562/990 4568/5563/990
f 4567/5561/990 4590/5564/990 4589/5562/990
f 4566/5565/990 4590/5566/990 4567/5567/990
f 4652/5559/990 4514/5568/990 4513/5560/990
f 4565/5569/990 4590/5564/990 4566/5570/990
f 4651/5571/990 4514/5568/990 4652/5559/990
f 4565/5569/990 4591/5572/990 4590/5564/990
f 4564/5573/990 4591/5574/990 4565/5575/990
f 4651/5571/990 4515/5576/990 4514/5568/990
f 4563/5577/990 4591/5578/990 4564/5579/990
f 4563/5580/990 4592/5581/990 4591/5572/990
f 4651/5582/990 4516/5583/990 4515/5584/990
f 4562/5585/990 4592/5586/990 4563/5587/990
f 4650/5588/990 4516/5589/990 4651/5571/990
f 4562/5590/990 4593/5591/990 4592/5581/990
f 4561/5592/990 4593/5591/990 4562/5590/990
f 4650/5588/990 4517/5593/990 4516/5589/990
f 4560/5594/990 4593/5591/990 4561/5592/990
f 4560/5594/990 4594/5595/990 4593/5591/990
f 4559/5596/990 4594/5595/990 4560/5594/990
f 4649/5597/990 4517/5593/990 4650/5588/990
f 4649/5597/990 4518/5598/990 4517/5593/990
f 4558/5599/990 4594/5595/990 4559/5596/990
f 4558/5600/990 4595/5601/990 4594/5602/990
f 4557/5603/990 4595/5601/990 4558/5600/990
f 4649/5597/990 4519/5604/990 4518/5598/990
f 4556/5605/990 4595/5606/990 4557/5607/990
f 4648/5608/990 4519/5604/990 4649/5597/990
f 4556/5609/990 4596/5610/990 4595/5611/990
f 4555/5612/990 4596/5610/990 4556/5609/990
f 4648/5608/990 4520/5613/990 4519/5604/990
f 4554/5614/990 4596/5615/990 4555/5616/990
f 4554/5617/990 4597/5618/990 4596/5619/990
f 4553/5620/990 4597/5618/990 4554/5617/990
f 4648/5621/990 4521/5622/990 4520/5623/990
f 4552/5624/990 4597/5625/990 4553/5626/990
f 4647/5627/990 4521/5628/990 4648/5608/990
f 4647/5627/990 4522/5629/990 4521/5628/990
f 4551/5630/990 4597/5631/990 4552/5632/990
f 4551/5633/990 4598/5634/990 4597/5618/990
f 4550/5635/990 4598/5636/990 4551/5637/990
f 4647/5638/990 4523/5639/990 4522/5640/990
f 4549/5641/990 4598/5636/990 4550/5635/990
f 4549/5642/990 4599/5643/990 4598/5644/990
f 4548/5645/990 4599/5643/990 4549/5642/990
f 4647/5646/990 4524/5647/990 4523/5648/990
f 4646/5649/990 4524/5650/990 4647/5627/990
f 4547/5651/990 4599/5652/990 4548/5653/990
f 4546/5654/990 4599/5652/990 4547/5651/990
f 4646/5649/990 4525/5655/990 4524/5650/990
f 4546/5656/990 4600/5657/990 4599/5658/990
f 4545/5659/990 4600/5657/990 4546/5656/990
f 4544/5660/990 4600/5661/990 4545/5662/990
f 4646/5663/990 4526/5664/990 4525/5665/990
f 4543/5666/990 4600/5667/990 4544/5668/990
f 4542/5669/990 4600/5667/990 4543/5666/990
f 4646/5670/990 4527/5671/990 4526/5672/990
f 4542/5673/990 4601/5674/990 4600/5657/990
f 4645/5675/990 4527/5676/990 4646/5649/990
f 4541/5677/990 4601/5674/990 4542/5673/990
f 4645/5675/990 4528/5678/990 4527/5676/990
f 4540/5679/990 4601/5674/990 4541/5677/990
f 4539/5680/990 4601/5674/990 4540/5679/990
f 4645/5675/990 4529/5681/990 4528/5678/990
f 4538/5682/990 4601/5674/990 4539/5680/990
f 4537/5683/990 4601/5684/990 4538/5685/990
f 4537/5683/990 4602/5686/990 4601/5684/990
f 4645/5687/990 4530/5688/990 4529/5689/990
f 4536/5690/990 4602/5686/990 4537/5683/990
f 4535/5691/990 4602/5686/990 4536/5690/990
f 4645/5687/990 4531/5692/990 4530/5688/990
f 4534/5693/990 4602/5686/990 4535/5691/990
f 4533/5694/990 4602/5686/990 4534/5693/990
f 4645/5687/990 4532/5695/990 4531/5692/990
f 4532/5695/990 4602/5686/990 4533/5694/990
f 4645/5687/990 4602/5686/990 4532/5695/990
f 4644/5696/990 4602/5697/990 4645/5675/990
f 4644/5696/990 4603/5698/990 4602/5697/990
f 4644/5699/990 4604/5700/990 4603/5701/990
f 4643/5702/990 4604/5703/990 4644/5696/990
f 4643/5702/990 4605/5704/990 4604/5703/990
f 4643/5705/990 4606/5706/990 4605/5707/990
f 4642/5708/990 4606/5709/990 4643/5702/990
f 4642/5708/990 4607/5710/990 4606/5709/990
f 4641/5711/990 4607/5710/990 4642/5708/990
f 4641/5711/990 4608/5712/990 4607/5710/990
f 4641/5711/990 4609/5713/990 4608/5712/990
f 4640/5714/990 4609/5713/990 4641/5711/990
f 4640/5714/990 4610/5715/990 4609/5713/990
f 4640/5714/990 4611/5716/990 4610/5715/990
f 4639/5717/990 4611/5718/990 4640/5719/990
f 4639/5717/990 4612/5720/990 4611/5718/990
f 4639/5721/990 4613/5722/990 4612/5723/990
f 4638/5724/990 4613/5722/990 4639/5721/990
f 4638/5725/990 4614/5726/990 4613/5727/990
f 4637/5728/990 4614/5729/990 4638/5724/990
f 4637/5728/990 4615/5730/990 4614/5729/990
f 4637/5731/990 4616/5732/990 4615/5733/990
f 4636/5734/990 4616/5735/990 4637/5736/990
f 4636/5734/990 4617/5737/990 4616/5735/990
f 4636/5734/990 4618/5738/990 4617/5737/990
f 4635/5739/990 4618/5740/990 4636/5741/990
f 4635/5742/990 4619/5743/990 4618/5744/990
f 4634/5745/990 4619/5746/990 4635/5747/990
f 4634/5748/990 4620/5749/990 4619/5750/990
f 4634/5748/990 4621/5751/990 4620/5749/990
f 4633/5752/990 4621/5753/990 4634/5754/990
f 4633/5752/990 4622/5755/990 4621/5753/990
f 4633/5752/990 4623/5756/990 4622/5755/990
f 4632/5757/990 4623/5756/990 4633/5752/990
f 4632/5757/990 4624/5758/990 4623/5756/990
f 4631/5759/990 4624/5760/990 4632/5761/990
f 4631/5759/990 4625/5762/990 4624/5760/990
f 4631/5763/990 4626/5764/990 4625/5765/990
f 4630/5766/990 4626/5767/990 4631/5768/990
f 4630/5766/990 4627/5769/990 4626/5767/990
f 4630/5770/990 4628/5771/990 4627/5772/990
f 4629/5773/990 4628/5771/990 4630/5770/990
f 4742/5774/990 4744/5775/990 4743/5776/990
f 4742/5774/990 4745/4661/990 4744/5775/990
f 4746/5777/990 4748/5778/990 4747/5779/990
f 4746/5777/990 4749/5038/990 4748/5778/990
f 4742/5774/990 4740/5780/990 4745/4661/990
f 4740/5780/990 4746/5777/990 4745/4661/990
f 4740/5780/990 4749/5038/990 4746/5777/990
f 4740/5780/990 4739/5781/990 4749/5038/990
f 4739/5781/990 4737/4932/990 4749/5038/990
f 4742/5774/990 4741/4563/990 4740/5780/990
f 4738/5782/990 4737/4932/990 4739/5781/990
f 4750/4932/990 4752/5187/990 4751/5185/990
f 4750/4932/990 4753/5186/990 4752/5187/990
f 4754/5188/990 4756/5191/990 4755/5189/990
f 4754/5188/990 4760/5193/990 4756/5191/990
f 4760/5193/990 4759/5194/990 4756/5191/990
f 4759/5194/990 4757/5190/990 4756/5191/990
f 4754/5188/990 4761/5038/990 4760/5193/990
f 4758/5192/990 4757/5190/990 4759/5194/990
f 4750/4932/990 4754/5188/990 4753/5186/990
f 4750/4932/990 4761/5038/990 4754/5188/990
f 4763/5783/991 4764/5784/991 4973/5785/991
f 4973/5785/991 4764/5784/991 4765/5786/991
f 4973/5785/991 4765/5786/991 4766/5787/991
f 4973/5785/991 4766/5787/991 4767/5788/991
f 4973/5785/991 4767/5788/991 4768/5789/991
f 4973/5785/991 4768/5789/991 4769/5790/991
f 4973/5785/991 4769/5790/991 4770/5791/991
f 4973/5785/991 4770/5791/991 4771/5792/991
f 4973/5785/991 4771/5792/991 4772/5793/991
f 4973/5785/991 4772/5793/991 4773/5794/991
f 4973/5785/991 4773/5794/991 4774/5795/991
f 4973/5785/991 4774/5795/991 4775/5796/991
f 4973/5785/991 4775/5796/991 4776/5797/991
f 4973/5785/991 4776/5797/991 4777/5798/991
f 4973/5785/991 4777/5798/991 4778/5799/991
f 4973/5785/991 4778/5799/991 4779/5800/991
f 4973/5785/991 4779/5800/991 4780/5801/991
f 4973/5785/991 4780/5801/991 4781/5802/991
f 4973/5785/991 4781/5802/991 4782/5803/991
f 4973/5785/991 4782/5803/991 4783/5804/991
f 4973/5785/991 4783/5804/991 4784/5805/991
f 4973/5785/991 4784/5805/991 4785/5806/991
f 4973/5785/991 4785/5806/991 4786/5807/991
f 4973/5808/991 4786/5809/991 5035/5810/991
f 5035/5810/991 4786/5809/991 5034/5811/991
f 5034/5811/991 4786/5809/991 4787/5812/991
f 4763/5783/991 4973/5785/991 4974/5813/991
f 5033/5814/991 5034/5811/991 4787/5812/991
f 5032/5815/991 5033/5814/991 4787/5812/991
f 5031/5816/991 5032/5815/991 4787/5812/991
f 5030/5817/991 5031/5818/991 4787/5819/991
f 5030/5817/991 4787/5819/991 4788/5820/991
f 5029/5821/991 5030/5822/991 4788/5823/991
f 5028/5824/991 5029/5821/991 4788/5823/991
f 5028/5825/991 4788/5820/991 4789/5826/991
f 5027/5827/991 5028/5825/991 4789/5826/991
f 5026/5828/991 5027/5829/991 4789/5830/991
f 5026/5831/991 4789/5826/991 4790/5832/991
f 5025/5833/991 5026/5831/991 4790/5832/991
f 5024/5834/991 5025/5835/991 4790/5836/991
f 5024/5837/991 4790/5832/991 4791/5838/991
f 5023/5839/991 5024/5837/991 4791/5838/991
f 5023/5840/991 4791/5841/991 4792/5842/991
f 5022/5843/991 5023/5840/991 4792/5842/991
f 5021/5844/991 5022/5845/991 4792/5846/991
f 5021/5847/991 4792/5842/991 4793/5848/991
f 5020/5849/991 5021/5844/991 4793/5850/991
f 5020/5849/991 4793/5850/991 4794/5851/991
f 5019/5852/991 5020/5853/991 4794/5854/991
f 5019/5855/991 4794/5851/991 4795/5856/991
f 5018/5857/991 5019/5855/991 4795/5856/991
f 5017/5858/991 5018/5857/991 4795/5856/991
f 5017/5858/991 4795/5856/991 4796/5859/991
f 5016/5860/991 5017/5861/991 4796/5862/991
f 5016/5863/991 4796/5859/991 4797/5864/991
f 5015/5865/991 5016/5860/991 4797/5866/991
f 5015/5867/991 4797/5864/991 4798/5868/991
f 5014/5869/991 5015/5867/991 4798/5868/991
f 5014/5869/991 4798/5868/991 4799/5870/991
f 5013/5871/991 5014/5869/991 4799/5870/991
f 5013/5871/991 4799/5870/991 4800/5872/991
f 5012/5873/991 5013/5871/991 4800/5872/991
f 5012/5873/991 4800/5872/991 4801/5874/991
f 5011/5875/991 5012/5873/991 4801/5874/991
f 5010/5876/991 5011/5877/991 4801/5878/991
f 5010/5876/991 4801/5878/991 4802/5879/991
f 5009/5880/991 5010/5881/991 4802/5882/991
f 5009/5880/991 4802/5882/991 4803/5883/991
f 5008/5884/991 5009/5880/991 4803/5883/991
f 5008/5884/991 4803/5883/991 4804/5885/991
f 5007/5886/991 5008/5887/991 4804/5888/991
f 5007/5889/991 4804/5885/991 4805/5890/991
f 5006/5891/991 5007/5889/991 4805/5890/991
f 5006/5892/991 4805/5893/991 4806/5894/991
f 5005/5895/991 5006/5891/991 4806/5896/991
f 5004/5897/991 5005/5895/991 4806/5896/991
f 5004/5898/991 4806/5894/991 4807/5899/991
f 5003/5900/991 5004/5897/991 4807/5901/991
f 5003/5900/991 4807/5901/991 4808/5902/991
f 5002/5903/991 5003/5904/991 4808/5905/991
f 5002/5906/991 4808/5902/991 4809/5907/991
f 5001/5908/991 5002/5906/991 4809/5907/991
f 5001/5909/991 4809/5910/991 4810/5911/991
f 5000/5912/991 5001/5909/991 4810/5911/991
f 5000/5913/991 4810/5914/991 4811/5915/991
f 4999/5916/991 5000/5913/991 4811/5915/991
f 4998/5917/991 4999/5918/991 4811/5919/991
f 4998/5917/991 4811/5919/991 4812/5920/991
f 4997/5921/991 4998/5922/991 4812/5923/991
f 4997/5921/991 4812/5923/991 4813/5924/991
f 4996/5925/991 4997/5926/991 4813/5927/991
f 4996/5928/991 4813/5924/991 4814/5929/991
f 4995/5930/991 4996/5928/991 4814/5929/991
f 4995/5931/991 4814/5932/991 4815/5933/991
f 4994/5934/991 4995/5931/991 4815/5933/991
f 4994/5935/991 4815/5936/991 4816/5937/991
f 4993/5938/991 4994/5935/991 4816/5937/991
f 4992/5939/991 4993/5940/991 4816/5941/991
f 4992/5939/991 4816/5941/991 4817/5942/991
f 4991/5943/991 4992/5939/991 4817/5942/991
f 4991/5944/991 4817/5945/991 4818/5946/991
f 4990/5947/991 4991/5944/991 4818/5946/991
f 4990/5948/991 4818/5949/991 4819/5950/991
f 4989/5951/991 4990/5948/991 4819/5950/991
f 4989/5951/991 4819/5950/991 4820/5952/991
f 4988/5953/991 4989/5951/991 4820/5952/991
f 4987/5954/991 4988/5955/991 4820/5956/991
f 4987/5954/991 4820/5956/991 4821/5957/991
f 4986/5958/991 4987/5959/991 4821/5960/991
f 4986/5958/991 4821/5960/991 4822/5961/991
f 4985/5962/991 4986/5958/991 4822/5961/991
f 4984/5963/991 4985/5962/991 4822/5961/991
f 4984/5964/991 4822/5965/991 4823/5966/991
f 4983/5967/991 4984/5964/991 4823/5966/991
f 4982/5968/991 4983/5969/991 4823/5970/991
f 4982/5968/991 4823/5970/991 4824/5971/991
f 4981/5972/991 4982/5968/991 4824/5971/991
f 4980/5973/991 4981/5972/991 4824/5971/991
f 4980/5973/991 4824/5971/991 4825/5974/991
f 4979/5975/991 4980/5973/991 4825/5974/991
f 4978/5976/991 4979/5975/991 4825/5974/991
f 4977/5977/991 4978/5976/991 4825/5974/991
f 4977/5978/991 4825/5979/991 4826/5980/991
f 4976/5981/991 4977/5977/991 4826/5982/991
f 4975/5983/991 4976/5981/991 4826/5982/991
f 4763/5783/991 4974/5813/991 4910/5984/991
f 4910/5984/991 4974/5813/991 4975/5985/991
f 4910/5984/991 4975/5985/991 4826/5980/991
f 4910/5984/991 4826/5980/991 4827/5986/991
f 4910/5984/991 4827/5986/991 4828/5987/991
f 4910/5984/991 4828/5987/991 4829/5988/991
f 4910/5984/991 4829/5988/991 4830/5989/991
f 4910/5984/991 4830/5989/991 4831/5990/991
f 4910/5984/991 4831/5990/991 4832/5991/991
f 4910/5992/991 4832/5993/991 4833/5994/991
f 4910/5984/991 4833/5995/991 4834/5996/991
f 4910/5984/991 4834/5996/991 4835/5997/991
f 4910/5992/991 4835/5998/991 4836/5999/991
f 4910/5984/991 4836/6000/991 4837/6001/991
f 4910/5984/991 4837/6001/991 4838/6002/991
f 4910/5984/991 4838/6002/991 4839/6003/991
f 4910/5984/991 4839/6003/991 4840/6004/991
f 4910/5984/991 4840/6004/991 4841/6005/991
f 4910/5984/991 4841/6005/991 4842/6006/991
f 4910/5984/991 4842/6006/991 4843/6007/991
f 4910/5984/991 4843/6007/991 4844/6008/991
f 4910/5984/991 4844/6008/991 4845/6009/991
f 4910/5984/991 4845/6009/991 4846/6010/991
f 4910/5984/991 4846/6010/991 4847/6011/991
f 4910/5984/991 4847/6011/991 4848/6012/991
f 4910/5984/991 4848/6012/991 4849/6013/991
f 4910/5984/991 4849/6013/991 4850/6014/991
f 4910/5984/991 4850/6014/991 4851/6015/991
f 4910/5984/991 4851/6015/991 4852/6016/991
f 4910/5984/991 4852/6016/991 4853/6017/991
f 4910/5984/991 4853/6017/991 4854/6018/991
f 4910/5984/991 4854/6018/991 4972/6019/991
f 4972/6019/991 4854/6018/991 4855/6020/991
f 4763/5783/991 4910/5984/991 4911/6021/991
f 4971/6022/991 4972/6023/991 4855/6024/991
f 4970/6025/991 4971/6022/991 4855/6024/991
f 4969/6026/991 4970/6025/991 4855/6024/991
f 4969/6026/991 4855/6024/991 4856/6027/991
f 4968/6028/991 4969/6026/991 4856/6027/991
f 4967/6029/991 4968/6028/991 4856/6027/991
f 4966/6030/991 4967/6029/991 4856/6027/991
f 4965/6031/991 4966/6030/991 4856/6027/991
f 4965/6032/991 4856/6033/991 4857/6034/991
f 4964/6035/991 4965/6032/991 4857/6034/991
f 4963/6036/991 4964/6037/991 4857/6038/991
f 4962/6039/991 4963/6036/991 4857/6038/991
f 4962/6039/991 4857/6038/991 4858/6040/991
f 4961/6041/991 4962/6039/991 4858/6040/991
f 4960/6042/991 4961/6043/991 4858/6044/991
f 4960/6042/991 4858/6044/991 4859/6045/991
f 4959/6046/991 4960/6047/991 4859/6048/991
f 4959/6049/991 4859/6045/991 4860/6050/991
f 4958/6051/991 4959/6049/991 4860/6050/991
f 4957/6052/991 4958/6051/991 4860/6050/991
f 4957/6053/991 4860/6054/991 4861/6055/991
f 4956/6056/991 4957/6053/991 4861/6055/991
f 4955/6057/991 4956/6058/991 4861/6059/991
f 4955/6057/991 4861/6059/991 4862/6060/991
f 4954/6061/991 4955/6062/991 4862/6063/991
f 4954/6064/991 4862/6060/991 4863/6065/991
f 4953/6066/991 4954/6064/991 4863/6065/991
f 4952/6067/991 4953/6068/991 4863/6069/991
f 4952/6070/991 4863/6065/991 4864/6071/991
f 4951/6072/991 4952/6070/991 4864/6071/991
f 4951/6073/991 4864/6074/991 4865/6075/991
f 4950/6076/991 4951/6073/991 4865/6075/991
f 4949/6077/991 4950/6078/991 4865/6079/991
f 4949/6077/991 4865/6079/991 4866/6080/991
f 4948/6081/991 4949/6082/991 4866/6083/991
f 4948/6084/991 4866/6080/991 4867/6085/991
f 4947/6086/991 4948/6084/991 4867/6085/991
f 4946/6087/991 4947/6088/991 4867/6089/991
f 4946/6090/991 4867/6085/991 4868/6091/991
f 4945/6092/991 4946/6090/991 4868/6091/991
f 4945/6092/991 4868/6091/991 4869/6093/991
f 4944/6094/991 4945/6092/991 4869/6093/991
f 4943/6095/991 4944/6096/991 4869/6097/991
f 4943/6098/991 4869/6093/991 4870/6099/991
f 4942/6100/991 4943/6098/991 4870/6099/991
f 4942/6100/991 4870/6099/991 4871/6101/991
f 4941/6102/991 4942/6100/991 4871/6101/991
f 4940/6103/991 4941/6102/991 4871/6101/991
f 4940/6103/991 4871/6101/991 4872/6104/991
f 4939/6105/991 4940/6103/991 4872/6104/991
f 4939/6105/991 4872/6104/991 4873/6106/991
f 4938/6107/991 4939/6105/991 4873/6106/991
f 4937/6108/991 4938/6107/991 4873/6106/991
f 4937/6108/991 4873/6106/991 4874/6109/991
f 4936/6110/991 4937/6108/991 4874/6109/991
f 4935/6111/991 4936/6112/991 4874/6113/991
f 4935/6114/991 4874/6109/991 4875/6115/991
f 4934/6116/991 4935/6111/991 4875/6117/991
f 4934/6118/991 4875/6115/991 4876/6119/991
f 4933/6120/991 4934/6118/991 4876/6119/991
f 4933/6120/991 4876/6119/991 4877/6121/991
f 4932/6122/991 4933/6120/991 4877/6121/991
f 4932/6123/991 4877/6124/991 4878/6125/991
f 4931/6126/991 4932/6122/991 4878/6127/991
f 4931/6126/991 4878/6127/991 4879/6128/991
f 4930/6129/991 4931/6130/991 4879/6131/991
f 4930/6132/991 4879/6128/991 4880/6133/991
f 4929/6134/991 4930/6129/991 4880/6135/991
f 4928/6136/991 4929/6137/991 4880/6133/991
f 4928/6136/991 4880/6133/991 4881/6138/991
f 4927/6139/991 4928/6136/991 4881/6138/991
f 4927/6139/991 4881/6138/991 4882/6140/991
f 4926/6141/991 4927/6142/991 4882/6143/991
f 4926/6144/991 4882/6140/991 4883/6145/991
f 4925/6146/991 4926/6144/991 4883/6145/991
f 4924/6147/991 4925/6148/991 4883/6149/991
f 4924/6150/991 4883/6145/991 4884/6151/991
f 4923/6152/991 4924/6147/991 4884/6153/991
f 4923/6154/991 4884/6151/991 4885/6155/991
f 4922/6156/991 4923/6154/991 4885/6155/991
f 4922/6157/991 4885/6158/991 4886/6159/991
f 4921/6160/991 4922/6157/991 4886/6159/991
f 4920/6161/991 4921/6162/991 4886/6163/991
f 4920/6161/991 4886/6163/991 4887/6164/991
f 4919/6165/991 4920/6166/991 4887/6167/991
f 4918/6168/991 4919/6165/991 4887/6167/991
f 4918/6169/991 4887/6164/991 4888/6170/991
f 4917/6171/991 4918/6169/991 4888/6170/991
f 4916/6172/991 4917/6173/991 4888/6174/991
f 4915/6175/991 4916/6172/991 4888/6174/991
f 4915/6176/991 4888/6170/991 4889/6177/991
f 4914/6178/991 4915/6176/991 4889/6177/991
f 4913/6179/991 4914/6178/991 4889/6177/991
f 4912/6180/991 4913/6181/991 4889/6182/991
f 4763/5783/991 4911/6021/991 4912/6183/991
f 4763/5783/991 4912/6183/991 4889/6177/991
f 4763/5783/991 4889/6177/991 4890/6184/991
f 4763/5783/991 4890/6184/991 4891/6185/991
f 4763/5783/991 4891/6185/991 4892/6186/991
f 4763/5783/991 4892/6186/991 4893/6187/991
f 4763/5783/991 4893/6187/991 4894/6188/991
f 4763/5783/991 4894/6188/991 4895/6189/991
f 4763/5783/991 4895/6189/991 4896/6190/991
f 4763/5783/991 4896/6190/991 4897/6191/991
f 4763/5783/991 4897/6191/991 4898/6192/991
f 4763/5783/991 4898/6192/991 4899/6193/991
f 4763/5783/991 4899/6193/991 4900/6194/991
f 4763/5783/991 4900/6194/991 4901/6195/991
f 4763/5783/991 4901/6195/991 4902/6196/991
f 4763/5783/991 4902/6196/991 4903/6197/991
f 4763/5783/991 4903/6197/991 4904/6198/991
f 4763/5783/991 4904/6198/991 4905/6199/991
f 4763/5783/991 4905/6199/991 4906/6200/991
f 4763/5783/991 4906/6200/991 4907/6201/991
f 4763/5783/991 4907/6201/991 4908/6202/991
f 4763/4785/991 4908/4787/991 4909/4786/991
f 4763/4785/991 4909/4786/991 4762/4788/991
f 5155/6203/991 5156/6204/991 5157/6205/991
f 5155/6203/991 5157/6205/991 5158/6206/991
f 5154/6207/991 5155/6203/991 5158/6206/991
f 5154/6207/991 5158/6206/991 5159/6131/991
f 5153/6208/991 5154/6207/991 5159/6131/991
f 5153/6208/991 5159/6131/991 5160/6209/991
f 5152/6210/991 5153/6208/991 5160/6209/991
f 5152/6210/991 5160/6209/991 5161/6211/991
f 5151/6212/991 5152/6210/991 5161/6211/991
f 5151/6213/991 5161/6214/991 5162/6215/991
f 5150/6216/991 5151/6213/991 5162/6215/991
f 5150/6217/991 5162/6218/991 5163/6219/991
f 5149/6220/991 5150/6217/991 5163/6219/991
f 5149/6221/991 5163/6222/991 5164/6223/991
f 5148/6224/991 5149/6221/991 5164/6223/991
f 5148/6225/991 5164/6226/991 5165/6227/991
f 5147/6228/991 5148/6225/991 5165/6227/991
f 5147/6229/991 5165/6230/991 5166/6231/991
f 5146/6232/991 5147/6229/991 5166/6231/991
f 5146/6232/991 5166/6231/991 5167/6233/991
f 5145/6234/991 5146/6232/991 5167/6233/991
f 5145/6235/991 5167/6236/991 5168/6237/991
f 5144/6238/991 5145/6235/991 5168/6237/991
f 5143/6239/991 5144/6240/991 5168/6241/991
f 5143/6239/991 5168/6241/991 5169/6242/991
f 5142/6243/991 5143/6239/991 5169/6242/991
f 5142/6243/991 5169/6242/991 5170/6244/991
f 5141/6245/991 5142/6243/991 5170/6244/991
f 5141/6245/991 5170/6244/991 5171/6246/991
f 5140/6247/991 5141/6245/991 5171/6246/991
f 5140/6247/991 5171/6246/991 5172/6248/991
f 5139/6249/991 5140/6247/991 5229/6250/991
f 5229/6251/991 5140/6252/991 5228/6253/991
f 5228/6253/991 5140/6252/991 5172/6254/991
f 5228/6253/991 5172/6254/991 5227/6255/991
f 5227/6256/991 5172/6248/991 5173/6257/991
f 5139/6249/991 5229/6250/991 5230/6258/991
f 5226/6259/991 5227/6256/991 5173/6257/991
f 5139/6260/991 5230/6261/991 5231/6262/991
f 5225/6263/991 5226/6264/991 5173/6265/991
f 5139/6260/991 5231/6262/991 5232/6266/991
f 5224/6267/991 5225/6263/991 5173/6265/991
f 5139/6260/991 5232/6266/991 5233/6268/991
f 5223/6269/991 5224/6267/991 5173/6265/991
f 5139/6260/991 5233/6268/991 5234/6270/991
f 5222/6271/991 5223/6269/991 5173/6265/991
f 5138/6272/991 5139/6249/991 5234/6273/991
f 5222/6274/991 5173/6257/991 5174/6275/991
f 5138/6272/991 5234/6273/991 5235/6276/991
f 5221/6277/991 5222/6274/991 5174/6275/991
f 5138/6278/991 5235/6279/991 5236/6280/991
f 5220/6281/991 5221/6282/991 5174/6283/991
f 5138/6278/991 5236/6280/991 5237/6284/991
f 5219/6285/991 5220/6281/991 5174/6283/991
f 5137/6286/991 5138/6272/991 5237/6287/991
f 5219/6288/991 5174/6275/991 5175/6289/991
f 5137/6286/991 5237/6287/991 5238/6290/991
f 5218/6291/991 5219/6288/991 5175/6289/991
f 5137/6286/991 5238/6290/991 5239/6292/991
f 5217/6293/991 5218/6291/991 5175/6289/991
f 5137/6286/991 5239/6292/991 5240/6294/991
f 5216/6295/991 5217/6293/991 5175/6289/991
f 5136/6296/991 5137/6286/991 5240/6294/991
f 5216/6295/991 5175/6289/991 5176/6297/991
f 5136/6296/991 5240/6294/991 5241/6052/991
f 5215/6298/991 5216/6295/991 5176/6297/991
f 5136/6299/991 5241/6053/991 5242/6300/991
f 5214/6301/991 5215/6302/991 5176/6303/991
f 5135/6304/991 5136/6296/991 5242/6305/991
f 5214/6306/991 5176/6297/991 5177/6307/991
f 5135/6304/991 5242/6305/991 5243/6308/991
f 5213/6309/991 5214/6306/991 5177/6307/991
f 5135/6304/991 5243/6308/991 5244/6310/991
f 5212/6311/991 5213/6309/991 5177/6307/991
f 5134/6312/991 5135/6304/991 5244/6310/991
f 5212/6311/991 5177/6307/991 5178/6313/991
f 5134/6312/991 5244/6310/991 5245/6314/991
f 5211/6315/991 5212/6311/991 5178/6313/991
f 5133/6316/991 5134/6312/991 5245/6314/991
f 5211/6315/991 5178/6313/991 5179/6317/991
f 5133/6316/991 5245/6314/991 5246/6318/991
f 5210/6319/991 5211/6315/991 5179/6317/991
f 5133/6320/991 5246/6321/991 5247/6322/991
f 5209/6323/991 5210/6324/991 5179/6325/991
f 5132/6326/991 5133/6316/991 5247/6327/991
f 5209/6328/991 5179/6317/991 5036/6329/991
f 5132/6330/991 5247/6322/991 5248/6331/991
f 5208/6332/991 5209/6323/991 5036/4788/991
f 5132/6326/991 5248/6333/991 5249/6334/991
f 5207/6335/991 5208/6336/991 5036/6329/991
f 5131/6337/991 5132/6326/991 5249/6334/991
f 5207/6335/991 5036/6329/991 5037/6338/991
f 5131/6337/991 5249/6334/991 5250/6339/991
f 5206/6340/991 5207/6335/991 5037/6338/991
f 5206/6340/991 5037/6338/991 5038/6341/991
f 5130/6342/991 5131/6337/991 5250/6339/991
f 5130/6342/991 5250/6339/991 5251/6343/991
f 5205/6344/991 5206/6340/991 5038/6341/991
f 5205/6344/991 5038/6341/991 5039/6345/991
f 5129/6346/991 5130/6342/991 5251/6343/991
f 5129/6346/991 5251/6343/991 5252/6347/991
f 5204/6348/991 5205/6344/991 5039/6345/991
f 5129/6346/991 5252/6347/991 5253/6349/991
f 5203/6350/991 5204/6348/991 5039/6345/991
f 5203/6350/991 5039/6345/991 5040/6351/991
f 5128/6352/991 5129/6346/991 5253/6349/991
f 5202/6353/991 5203/6350/991 5040/6351/991
f 5128/6352/991 5253/6349/991 5254/6354/991
f 5202/6353/991 5040/6351/991 5041/6355/991
f 5127/6356/991 5128/6352/991 5254/6354/991
f 5201/6357/991 5202/6353/991 5041/6355/991
f 5127/6356/991 5254/6354/991 5255/6358/991
f 5200/6169/991 5201/6357/991 5041/6355/991
f 5127/6356/991 5255/6358/991 5256/6359/991
f 5200/6169/991 5041/6355/991 5042/6360/991
f 5126/6361/991 5127/6356/991 5256/6359/991
f 5199/6362/991 5200/6169/991 5042/6360/991
f 5126/6361/991 5256/6359/991 5257/6363/991
f 5199/6362/991 5042/6360/991 5043/6364/991
f 5125/6365/991 5126/6361/991 5257/6363/991
f 5198/6366/991 5199/6362/991 5043/6364/991
f 5125/6365/991 5257/6363/991 5258/6367/991
f 5198/6366/991 5043/6364/991 5044/6368/991
f 5124/6369/991 5125/6365/991 5258/6367/991
f 5197/6370/991 5198/6366/991 5044/6368/991
f 5124/6369/991 5258/6367/991 5259/6371/991
f 5196/6372/991 5197/6370/991 5044/6368/991
f 5124/6369/991 5259/6371/991 5260/6373/991
f 5196/6372/991 5044/6368/991 5045/6374/991
f 5123/6375/991 5124/6369/991 5260/6373/991
f 5195/6376/991 5196/6372/991 5045/6374/991
f 5123/6375/991 5260/6373/991 5261/6377/991
f 5195/6376/991 5045/6374/991 5046/6378/991
f 5122/6379/991 5123/6375/991 5261/6377/991
f 5194/6380/991 5195/6376/991 5046/6378/991
f 5122/6379/991 5261/6377/991 5262/6381/991
f 5194/6380/991 5046/6378/991 5047/6382/991
f 5121/6383/991 5122/6379/991 5262/6381/991
f 5193/6384/991 5194/6380/991 5047/6382/991
f 5121/6383/991 5262/6381/991 5263/6385/991
f 5193/6384/991 5047/6382/991 5048/6386/991
f 5120/6387/991 5121/6383/991 5263/6385/991
f 5192/6388/991 5193/6384/991 5048/6386/991
f 5120/6387/991 5263/6385/991 5264/6389/991
f 5119/6390/991 5120/6387/991 5264/6389/991
f 5119/6390/991 5264/6389/991 5265/6391/991
f 5191/6392/991 5192/6388/991 5048/6386/991
f 5191/6392/991 5048/6386/991 5049/6393/991
f 5119/6390/991 5265/6391/991 5266/6394/991
f 5190/6395/991 5191/6392/991 5049/6393/991
f 5118/6004/991 5119/6390/991 5266/6394/991
f 5190/6395/991 5049/6393/991 5050/6396/991
f 5118/6004/991 5266/6394/991 5267/6397/991
f 5189/6398/991 5190/6395/991 5050/6396/991
f 5117/6399/991 5118/6004/991 5267/6397/991
f 5189/6398/991 5050/6396/991 5051/6400/991
f 5117/6399/991 5267/6397/991 5268/6401/991
f 5188/6402/991 5189/6398/991 5051/6400/991
f 5116/6403/991 5117/6399/991 5268/6401/991
f 5188/6402/991 5051/6400/991 5052/6404/991
f 5116/6403/991 5268/6401/991 5269/6405/991
f 5187/6406/991 5188/6402/991 5052/6404/991
f 5115/6407/991 5116/6403/991 5269/6405/991
f 5187/6406/991 5052/6404/991 5053/6408/991
f 5115/6407/991 5269/6405/991 5270/6409/991
f 5186/6410/991 5187/6406/991 5053/6408/991
f 5115/6407/991 5270/6409/991 5271/6411/991
f 5185/6412/991 5186/6410/991 5053/6408/991
f 5114/6413/991 5115/6407/991 5271/6411/991
f 5185/6412/991 5053/6408/991 5054/6414/991
f 5114/6413/991 5271/6411/991 5272/6415/991
f 5184/6416/991 5185/6412/991 5054/6414/991
f 5113/6417/991 5114/6413/991 5272/6415/991
f 5184/6416/991 5054/6414/991 5055/6418/991
f 5113/6417/991 5272/6415/991 5273/6419/991
f 5183/6420/991 5184/6416/991 5055/6418/991
f 5112/6421/991 5113/6417/991 5273/6419/991
f 5183/6420/991 5055/6418/991 5056/6422/991
f 5182/6423/991 5183/6420/991 5056/6422/991
f 5112/6421/991 5273/6419/991 5274/6424/991
f 5181/6425/991 5182/6423/991 5056/6422/991
f 5112/6421/991 5274/6424/991 5275/6426/991
f 5111/6427/991 5112/6421/991 5275/6426/991
f 5181/6425/991 5056/6422/991 5057/6428/991
f 5180/6429/991 5181/6425/991 5057/6428/991
f 5111/6427/991 5275/6426/991 5276/6430/991
f 5180/6429/991 5057/6428/991 5058/6431/991
f 5110/6432/991 5111/6427/991 5276/6430/991
f 5110/6432/991 5276/6430/991 5277/6433/991
f 5323/6434/991 5180/6429/991 5058/6431/991
f 5323/6434/991 5058/6431/991 5059/6435/991
f 5109/6436/991 5110/6432/991 5277/6433/991
f 5322/6437/991 5323/6434/991 5059/6435/991
f 5109/6436/991 5277/6433/991 5278/6438/991
f 5109/6436/991 5278/6438/991 5279/6439/991
f 5321/6440/991 5322/6437/991 5059/6435/991
f 5321/6440/991 5059/6435/991 5060/6441/991
f 5108/6442/991 5109/6436/991 5279/6439/991
f 5108/6442/991 5279/6439/991 5280/6443/991
f 5320/6444/991 5321/6440/991 5060/6441/991
f 5107/6445/991 5108/6442/991 5280/6443/991
f 5320/6444/991 5060/6441/991 5061/6446/991
f 5107/6445/991 5280/6443/991 5281/6447/991
f 5319/6448/991 5320/6444/991 5061/6446/991
f 5107/6445/991 5281/6447/991 5282/5928/991
f 5318/6449/991 5319/6448/991 5061/6446/991
f 5106/6450/991 5107/6445/991 5282/5928/991
f 5318/6449/991 5061/6446/991 5062/6451/991
f 5106/6450/991 5282/5928/991 5283/6452/991
f 5317/6453/991 5318/6449/991 5062/6451/991
f 5106/6454/991 5283/6455/991 5284/6456/991
f 5316/6457/991 5317/6458/991 5062/6459/991
f 5105/6460/991 5106/6450/991 5284/6461/991
f 5316/6462/991 5062/6451/991 5063/6463/991
f 5105/6460/991 5284/6461/991 5285/6464/991
f 5315/6465/991 5316/6462/991 5063/6463/991
f 5104/6466/991 5105/6460/991 5285/6464/991
f 5315/6465/991 5063/6463/991 5064/6467/991
f 5104/6466/991 5285/6464/991 5286/6468/991
f 5314/6469/991 5315/6465/991 5064/6467/991
f 5104/6466/991 5286/6468/991 5287/6470/991
f 5313/6471/991 5314/6469/991 5064/6467/991
f 5103/6472/991 5104/6466/991 5287/6470/991
f 5313/6471/991 5064/6467/991 5065/6473/991
f 5103/6472/991 5287/6470/991 5288/6474/991
f 5312/6475/991 5313/6471/991 5065/6473/991
f 5103/6472/991 5288/6474/991 5289/6476/991
f 5311/6477/991 5312/6475/991 5065/6473/991
f 5102/6478/991 5103/6472/991 5289/6476/991
f 5311/6477/991 5065/6473/991 5066/6479/991
f 5102/6478/991 5289/6476/991 5290/6480/991
f 5310/6481/991 5311/6477/991 5066/6479/991
f 5102/6478/991 5290/6480/991 5291/6482/991
f 5309/6483/991 5310/6481/991 5066/6479/991
f 5102/6484/991 5291/6485/991 5292/6486/991
f 5308/6487/991 5309/6488/991 5066/6489/991
f 5101/6490/991 5102/6478/991 5292/6491/991
f 5308/6492/991 5066/6479/991 5067/6493/991
f 5101/6490/991 5292/6491/991 5293/6494/991
f 5307/6495/991 5308/6492/991 5067/6493/991
f 5101/6496/991 5293/6497/991 5294/6498/991
f 5306/6499/991 5307/6500/991 5067/6501/991
f 5101/6496/991 5294/6498/991 5295/6502/991
f 5305/6503/991 5306/6499/991 5067/6501/991
f 5100/6504/991 5101/6490/991 5295/6505/991
f 5305/6506/991 5067/6493/991 5068/6507/991
f 5100/6504/991 5295/6505/991 5296/6508/991
f 5304/6509/991 5305/6506/991 5068/6507/991
f 5100/6504/991 5296/6508/991 5297/6510/991
f 5303/6511/991 5304/6509/991 5068/6507/991
f 5100/6512/991 5297/6513/991 5298/6514/991
f 5302/6515/991 5303/6516/991 5068/6517/991
f 5100/6512/991 5298/6514/991 5299/6518/991
f 5301/6519/991 5302/6515/991 5068/6517/991
f 5100/6512/991 5299/6518/991 5300/6520/991
f 5300/6520/991 5301/6519/991 5068/6517/991
f 5100/6512/991 5300/6520/991 5068/6517/991
f 5099/6521/991 5100/6504/991 5068/6507/991
f 5099/6521/991 5068/6507/991 5069/6522/991
f 5099/6521/991 5069/6522/991 5070/6523/991
f 5098/6524/991 5099/6521/991 5070/6523/991
f 5098/6524/991 5070/6523/991 5071/6525/991
f 5097/6526/991 5098/6524/991 5071/6525/991
f 5097/6526/991 5071/6525/991 5072/6527/991
f 5096/6528/991 5097/6526/991 5072/6527/991
f 5095/6529/991 5096/6528/991 5072/6527/991
f 5095/6529/991 5072/6527/991 5073/6530/991
f 5094/6531/991 5095/6532/991 5073/6533/991
f 5094/6531/991 5073/6533/991 5074/6534/991
f 5093/6535/991 5094/6536/991 5074/6537/991
f 5093/6535/991 5074/6537/991 5075/6538/991
f 5092/6539/991 5093/6535/991 5075/6538/991
f 5092/6539/991 5075/6538/991 5076/6540/991
f 5091/6541/991 5092/6542/991 5076/6543/991
f 5091/6541/991 5076/6543/991 5077/5878/991
f 5090/6544/991 5091/6541/991 5077/5878/991
f 5090/6544/991 5077/5878/991 5078/6545/991
f 5089/6546/991 5090/6547/991 5078/6548/991
f 5089/6549/991 5078/6545/991 5079/6550/991
f 5088/6551/991 5089/6549/991 5079/6550/991
f 5088/6551/991 5079/6550/991 5080/6552/991
f 5087/6553/991 5088/6551/991 5080/6552/991
f 5087/6553/991 5080/6552/991 5081/6554/991
f 5086/6555/991 5087/6556/991 5081/6557/991
f 5086/6555/991 5081/6557/991 5082/6558/991
f 5085/5184/991 5086/6559/991 5082/6560/991
f 5085/5184/991 5082/6560/991 5083/5183/991
f 5084/5182/991 5085/5184/991 5083/5183/991
f 5325/6561/991 5326/6562/991 5327/6563/991
f 5325/6561/991 5327/6563/991 5328/6564/991
f 5329/6565/991 5330/6566/991 5331/6567/991
f 5329/6565/991 5331/6567/991 5332/6568/991
f 5325/6561/991 5328/6564/991 5335/6434/991
f 5335/6434/991 5328/6564/991 5329/6565/991
f 5335/6434/991 5329/6565/991 5334/6569/991
f 5334/6569/991 5329/6565/991 5332/6568/991
f 5325/6561/991 5335/6434/991 5324/6329/991
f 5333/6570/991 5334/6569/991 5332/6568/991
f 5338/6562/991 5339/6563/991 5346/6569/991
f 5346/6569/991 5339/6563/991 5340/6564/991
f 5346/6569/991 5340/6564/991 5336/6329/991
f 5336/6329/991 5340/6564/991 5343/6567/991
f 5343/6567/991 5340/6564/991 5345/6570/991
f 5345/6570/991 5340/6564/991 5341/6565/991
f 5346/6569/991 5336/6329/991 5347/6434/991
f 5347/6434/991 5336/6329/991 5337/6561/991
f 5342/6566/991 5343/6567/991 5344/6568/991
f 5344/6568/991 5343/6567/991 5345/6570/991
f 5338/6562/991 5346/6569/991 5347/6434/991
f 5347/6434/991 5346/6569/991 5345/6570/991
f 5347/6434/991 5345/6570/991 5344/6568/991
f 5344/6568/991 5345/6570/991 5341/6565/991
f 5338/6562/991 5347/6434/991 5337/6561/991
f 5342/6566/991 5344/6568/991 5341/6565/991
f 5649/6571/991 5650/6572/991 5651/6573/991
f 5649/6571/991 5651/6573/991 5652/6574/991
f 5648/6575/991 5649/6571/991 5652/6574/991
f 5648/6575/991 5652/6574/991 5653/6576/991
f 5648/6575/991 5653/6576/991 5654/6577/991
f 5647/6578/991 5648/6575/991 5654/6577/991
f 5647/6578/991 5654/6577/991 5655/6579/991
f 5647/6578/991 5655/6579/991 5656/6580/991
f 5646/6581/991 5647/6578/991 5656/6580/991
f 5646/6581/991 5656/6580/991 5657/6582/991
f 5645/6583/991 5646/6581/991 5657/6582/991
f 5645/6583/991 5657/6582/991 5658/6584/991
f 5645/6583/991 5658/6584/991 5659/6585/991
f 5644/6586/991 5645/6587/991 5659/6588/991
f 5644/6586/991 5659/6588/991 5660/6589/991
f 5644/6590/991 5660/6591/991 5661/6592/991
f 5643/6593/991 5644/6590/991 5661/6592/991
f 5643/6593/991 5661/6592/991 5662/6594/991
f 5642/6595/991 5643/6596/991 5662/6597/991
f 5642/6595/991 5662/6597/991 5663/6598/991
f 5642/6599/991 5663/6600/991 5664/6601/991
f 5641/6602/991 5642/6599/991 5664/6601/991
f 5641/6602/991 5664/6601/991 5665/6603/991
f 5641/6604/991 5665/6605/991 5666/6606/991
f 5640/6607/991 5641/6604/991 5666/6606/991
f 5640/6608/991 5666/6609/991 5667/6610/991
f 5639/6611/991 5640/6607/991 5667/6612/991
f 5639/6611/991 5667/6612/991 5668/6613/991
f 5639/6611/991 5668/6613/991 5669/6614/991
f 5638/6615/991 5639/6616/991 5669/6617/991
f 5638/6615/991 5669/6617/991 5670/6618/991
f 5638/6619/991 5670/6620/991 5671/6621/991
f 5637/6622/991 5638/6619/991 5671/6621/991
f 5637/6623/991 5671/6624/991 5672/6625/991
f 5637/6622/991 5672/6626/991 5673/6627/991
f 5636/6628/991 5637/6622/991 5673/6627/991
f 5636/6629/991 5673/6630/991 5674/6631/991
f 5635/6632/991 5636/6628/991 5674/6633/991
f 5635/6632/991 5674/6633/991 5675/6634/991
f 5635/6635/991 5675/6636/991 5676/6637/991
f 5634/6638/991 5635/6632/991 5676/6639/991
f 5634/6638/991 5676/6639/991 5677/6640/991
f 5634/6641/991 5677/6642/991 5409/6643/991
f 5409/6644/991 5677/6640/991 5678/6645/991
f 5633/6646/991 5634/6638/991 5410/6647/991
f 5410/6648/991 5634/6641/991 5409/6643/991
f 5408/6649/991 5409/6643/991 5678/6650/991
f 5407/6651/991 5408/6652/991 5678/6645/991
f 5633/6646/991 5410/6647/991 5411/6653/991
f 5406/6654/991 5407/6651/991 5678/6645/991
f 5405/6655/991 5406/6654/991 5678/6645/991
f 5633/6656/991 5411/6657/991 5412/6658/991
f 5404/6659/991 5405/6660/991 5678/6650/991
f 5403/6661/991 5404/6659/991 5678/6650/991
f 5633/6656/991 5412/6658/991 5413/6662/991
f 5403/6661/991 5678/6650/991 5679/6663/991
f 5402/6664/991 5403/6661/991 5679/6663/991
f 5401/6665/991 5402/6664/991 5679/6663/991
f 5633/6656/991 5413/6662/991 5414/6666/991
f 5400/6667/991 5401/6665/991 5679/6663/991
f 5399/6668/991 5400/6667/991 5679/6663/991
f 5633/6656/991 5414/6666/991 5415/6669/991
f 5398/6670/991 5399/6668/991 5679/6663/991
f 5632/6671/991 5633/6646/991 5415/6672/991
f 5398/6673/991 5679/6674/991 5680/6675/991
f 5632/6671/991 5415/6672/991 5416/6676/991
f 5397/6677/991 5398/6673/991 5680/6675/991
f 5396/6678/991 5397/6679/991 5680/6680/991
f 5632/6681/991 5416/6682/991 5417/6683/991
f 5395/6684/991 5396/6678/991 5680/6680/991
f 5394/6685/991 5395/6684/991 5680/6680/991
f 5394/6686/991 5680/6675/991 5681/6687/991
f 5632/6681/991 5417/6683/991 5418/6688/991
f 5393/6689/991 5394/6686/991 5681/6687/991
f 5392/6690/991 5393/6689/991 5681/6687/991
f 5631/6691/991 5632/6671/991 5418/6692/991
f 5631/6691/991 5418/6692/991 5419/6693/991
f 5391/6694/991 5392/6695/991 5681/6696/991
f 5391/6694/991 5681/6696/991 5682/6697/991
f 5390/6698/991 5391/6694/991 5682/6697/991
f 5631/6691/991 5419/6693/991 5420/6699/991
f 5389/6700/991 5390/6698/991 5682/6697/991
f 5389/6701/991 5682/6702/991 5683/6703/991
f 5388/6704/991 5389/6701/991 5683/6703/991
f 5631/6691/991 5420/6699/991 5421/6705/991
f 5630/6706/991 5631/6691/991 5421/6705/991
f 5387/6707/991 5388/6708/991 5683/6709/991
f 5386/6710/991 5387/6707/991 5683/6709/991
f 5630/6706/991 5421/6705/991 5422/6711/991
f 5386/6712/991 5683/6703/991 5684/6713/991
f 5385/6714/991 5386/6712/991 5684/6713/991
f 5630/6715/991 5422/6716/991 5423/6717/991
f 5384/6718/991 5385/6719/991 5684/6720/991
f 5384/6721/991 5684/6713/991 5685/6434/991
f 5629/6722/991 5630/6706/991 5423/6723/991
f 5383/6724/991 5384/6721/991 5685/6434/991
f 5629/6722/991 5423/6723/991 5424/6725/991
f 5382/6726/991 5383/6724/991 5685/6434/991
f 5382/6727/991 5685/5810/991 5348/4788/991
f 5381/6728/991 5382/6727/991 5348/4788/991
f 5629/6722/991 5424/6725/991 5425/6729/991
f 5628/6730/991 5629/6722/991 5425/6729/991
f 5380/6731/991 5381/6732/991 5348/6329/991
f 5380/6731/991 5348/6329/991 5349/6733/991
f 5379/6734/991 5380/6735/991 5349/6736/991
f 5628/6730/991 5425/6729/991 5426/6737/991
f 5378/6738/991 5379/6739/991 5349/6733/991
f 5378/6738/991 5349/6733/991 5350/6740/991
f 5377/6741/991 5378/6742/991 5350/6743/991
f 5627/6744/991 5628/6730/991 5426/6737/991
f 5627/6744/991 5426/6737/991 5427/6745/991
f 5376/6746/991 5377/6741/991 5350/6743/991
f 5376/6747/991 5350/6740/991 5351/6748/991
f 5375/6749/991 5376/6747/991 5351/6748/991
f 5627/6750/991 5427/6751/991 5428/6752/991
f 5375/6749/991 5351/6748/991 5352/6753/991
f 5374/6754/991 5375/6749/991 5352/6753/991
f 5626/6755/991 5627/6744/991 5428/6756/991
f 5373/6757/991 5374/6754/991 5352/6753/991
f 5626/6758/991 5428/6752/991 5429/6759/991
f 5373/6757/991 5352/6753/991 5353/6760/991
f 5372/6761/991 5373/6757/991 5353/6760/991
f 5626/6755/991 5429/6762/991 5430/6763/991
f 5625/6764/991 5626/6755/991 5430/6763/991
f 5371/6765/991 5372/6766/991 5353/6767/991
f 5371/6765/991 5353/6767/991 5354/6768/991
f 5370/6769/991 5371/6770/991 5354/6771/991
f 5625/6764/991 5430/6763/991 5431/6772/991
f 5370/6773/991 5354/6768/991 5355/6774/991
f 5369/6775/991 5370/6773/991 5355/6774/991
f 5624/6776/991 5625/6764/991 5431/6772/991
f 5368/6777/991 5369/6778/991 5355/6779/991
f 5368/6777/991 5355/6779/991 5356/6780/991
f 5624/6776/991 5431/6772/991 5432/6781/991
f 5367/6782/991 5368/6783/991 5356/6784/991
f 5367/6785/991 5356/6780/991 5357/6786/991
f 5366/6787/991 5367/6785/991 5357/6786/991
f 5623/6788/991 5624/6776/991 5432/6781/991
f 5623/6788/991 5432/6781/991 5433/6789/991
f 5365/6790/991 5366/6787/991 5357/6786/991
f 5365/6790/991 5357/6786/991 5358/6791/991
f 5364/6792/991 5365/6793/991 5358/6794/991
f 5623/6788/991 5433/6789/991 5434/6795/991
f 5622/6796/991 5623/6788/991 5434/6795/991
f 5363/6797/991 5364/6798/991 5358/6791/991
f 5363/6797/991 5358/6791/991 5359/6799/991
f 5362/6800/991 5363/6797/991 5359/6799/991
f 5622/6796/991 5434/6795/991 5435/6801/991
f 5362/6800/991 5359/6799/991 5360/6802/991
f 5361/6803/991 5362/6804/991 5360/6805/991
f 5621/6806/991 5622/6796/991 5435/6801/991
f 5621/6806/991 5435/6801/991 5436/6807/991
f 5621/6806/991 5436/6807/991 5437/6808/991
f 5620/6809/991 5621/6806/991 5437/6808/991
f 5620/6809/991 5437/6808/991 5438/6810/991
f 5619/6811/991 5620/6809/991 5438/6810/991
f 5619/6811/991 5438/6810/991 5439/6812/991
f 5618/6813/991 5619/6811/991 5439/6812/991
f 5618/6813/991 5439/6812/991 5440/6814/991
f 5618/6813/991 5440/6814/991 5441/6815/991
f 5617/6816/991 5618/6813/991 5441/6815/991
f 5617/6816/991 5441/6815/991 5442/6817/991
f 5616/6818/991 5617/6816/991 5442/6817/991
f 5616/6818/991 5442/6817/991 5443/6819/991
f 5615/6820/991 5616/6818/991 5443/6819/991
f 5615/6820/991 5443/6819/991 5444/6821/991
f 5614/6822/991 5615/6820/991 5444/6821/991
f 5614/6822/991 5444/6821/991 5445/6823/991
f 5613/6824/991 5614/6822/991 5445/6823/991
f 5613/6824/991 5445/6823/991 5446/6825/991
f 5613/6824/991 5446/6825/991 5447/6826/991
f 5612/6827/991 5613/6824/991 5447/6826/991
f 5612/6827/991 5447/6826/991 5448/6828/991
f 5611/6829/991 5612/6827/991 5448/6828/991
f 5611/6829/991 5448/6828/991 5449/6830/991
f 5610/6831/991 5611/6829/991 5449/6830/991
f 5610/6831/991 5449/6830/991 5450/6832/991
f 5609/6833/991 5610/6831/991 5450/6832/991
f 5609/6833/991 5450/6832/991 5451/6834/991
f 5609/6833/991 5451/6834/991 5452/6835/991
f 5608/6836/991 5609/6833/991 5452/6835/991
f 5608/6836/991 5452/6835/991 5453/6837/991
f 5607/6838/991 5608/6836/991 5453/6837/991
f 5607/6838/991 5453/6837/991 5454/6839/991
f 5606/6840/991 5607/6838/991 5454/6839/991
f 5606/6840/991 5454/6839/991 5455/6841/991
f 5528/6842/991 5529/6843/991 5530/6844/991
f 5528/6842/991 5530/6844/991 5531/6845/991
f 5606/6840/991 5455/6841/991 5456/6846/991
f 5605/6847/991 5606/6840/991 5456/6846/991
f 5527/6848/991 5528/6849/991 5531/6850/991
f 5527/6851/991 5531/6845/991 5532/6852/991
f 5605/6847/991 5456/6846/991 5457/6853/991
f 5526/6854/991 5527/6851/991 5532/6852/991
f 5525/6855/991 5526/6854/991 5532/6852/991
f 5525/6855/991 5532/6852/991 5533/6856/991
f 5604/6857/991 5605/6847/991 5457/6853/991
f 5604/6857/991 5457/6853/991 5458/6858/991
f 5524/6859/991 5525/6860/991 5533/6861/991
f 5524/6862/991 5533/6856/991 5534/6863/991
f 5523/6864/991 5524/6862/991 5534/6863/991
f 5603/6865/991 5604/6857/991 5458/6858/991
f 5603/6865/991 5458/6858/991 5459/6866/991
f 5522/6867/991 5523/6868/991 5534/6869/991
f 5522/6870/991 5534/6863/991 5535/6871/991
f 5521/6872/991 5522/6870/991 5535/6871/991
f 5603/6865/991 5459/6866/991 5460/6873/991
f 5521/6872/991 5535/6871/991 5536/6874/991
f 5520/6875/991 5521/6872/991 5536/6874/991
f 5602/6876/991 5603/6865/991 5460/6873/991
f 5519/6877/991 5520/6878/991 5536/6879/991
f 5519/6880/991 5536/6874/991 5537/6881/991
f 5602/6876/991 5460/6873/991 5461/6882/991
f 5518/6883/991 5519/6880/991 5537/6881/991
f 5518/6884/991 5537/6885/991 5538/6886/991
f 5517/6887/991 5518/6884/991 5538/6886/991
f 5601/6888/991 5602/6876/991 5461/6882/991
f 5601/6888/991 5461/6882/991 5462/6889/991
f 5516/6890/991 5517/6891/991 5538/6892/991
f 5516/6890/991 5538/6892/991 5539/6893/991
f 5515/6894/991 5516/6895/991 5539/6896/991
f 5601/6888/991 5462/6889/991 5463/6897/991
f 5514/6898/991 5515/6899/991 5539/6893/991
f 5600/6900/991 5601/6888/991 5463/6897/991
f 5514/6898/991 5539/6893/991 5540/6901/991
f 5513/6902/991 5514/6903/991 5540/6904/991
f 5600/6900/991 5463/6897/991 5464/6905/991
f 5512/6906/991 5513/6907/991 5540/6901/991
f 5512/6906/991 5540/6901/991 5541/6908/991
f 5600/6909/991 5464/6910/991 5465/6911/991
f 5511/6912/991 5512/6913/991 5541/6914/991
f 5599/6915/991 5600/6900/991 5465/6916/991
f 5511/6917/991 5541/6908/991 5542/6918/991
f 5510/6919/991 5511/6917/991 5542/6918/991
f 5599/6915/991 5465/6916/991 5466/6920/991
f 5509/6921/991 5510/6919/991 5542/6918/991
f 5509/6921/991 5542/6918/991 5543/6922/991
f 5508/6923/991 5509/6921/991 5543/6922/991
f 5598/6924/991 5599/6915/991 5466/6920/991
f 5598/6924/991 5466/6920/991 5467/6925/991
f 5507/6926/991 5508/6923/991 5543/6922/991
f 5507/6927/991 5543/6928/991 5544/6929/991
f 5506/6930/991 5507/6927/991 5544/6929/991
f 5598/6924/991 5467/6925/991 5468/6931/991
f 5505/6932/991 5506/6930/991 5544/6929/991
f 5597/6933/991 5598/6924/991 5468/6931/991
f 5505/6934/991 5544/6935/991 5545/6936/991
f 5504/6937/991 5505/6934/991 5545/6936/991
f 5597/6933/991 5468/6931/991 5469/6938/991
f 5503/6939/991 5504/6940/991 5545/6941/991
f 5503/6942/991 5545/6936/991 5546/6943/991
f 5502/6944/991 5503/6942/991 5546/6943/991
f 5597/6933/991 5469/6938/991 5470/6945/991
f 5501/6946/991 5502/6944/991 5546/6943/991
f 5596/6947/991 5597/6933/991 5470/6945/991
f 5596/6947/991 5470/6945/991 5471/6948/991
f 5500/6949/991 5501/6950/991 5546/6951/991
f 5500/6952/991 5546/6943/991 5547/6953/991
f 5499/6954/991 5500/6952/991 5547/6953/991
f 5596/6947/991 5471/6948/991 5472/6955/991
f 5498/6956/991 5499/6954/991 5547/6953/991
f 5498/6957/991 5547/6958/991 5548/6959/991
f 5497/6960/991 5498/6957/991 5548/6959/991
f 5596/6961/991 5472/6962/991 5473/6963/991
f 5595/6964/991 5596/6947/991 5473/6965/991
f 5496/6966/991 5497/6960/991 5548/6959/991
f 5495/6967/991 5496/6966/991 5548/6959/991
f 5595/6964/991 5473/6965/991 5474/6968/991
f 5495/6969/991 5548/6970/991 5549/6971/991
f 5494/6972/991 5495/6969/991 5549/6971/991
f 5493/6973/991 5494/6974/991 5549/6975/991
f 5595/6976/991 5474/6977/991 5475/6978/991
f 5492/6979/991 5493/6973/991 5549/6975/991
f 5491/6980/991 5492/6979/991 5549/6975/991
f 5595/6976/991 5475/6978/991 5476/6981/991
f 5491/6982/991 5549/6971/991 5550/6983/991
f 5594/6984/991 5595/6964/991 5476/6985/991
f 5490/6986/991 5491/6982/991 5550/6983/991
f 5594/6984/991 5476/6985/991 5477/6987/991
f 5489/6988/991 5490/6986/991 5550/6983/991
f 5488/6989/991 5489/6988/991 5550/6983/991
f 5594/6984/991 5477/6987/991 5478/6990/991
f 5487/6991/991 5488/6989/991 5550/6983/991
f 5486/6992/991 5487/6993/991 5550/6994/991
f 5486/6992/991 5550/6994/991 5551/6995/991
f 5594/6996/991 5478/6997/991 5479/6998/991
f 5485/6999/991 5486/6992/991 5551/6995/991
f 5484/7000/991 5485/6999/991 5551/6995/991
f 5594/6996/991 5479/6998/991 5480/7001/991
f 5483/7002/991 5484/7000/991 5551/6995/991
f 5482/7003/991 5483/7002/991 5551/6995/991
f 5594/6996/991 5480/7001/991 5481/7004/991
f 5481/7004/991 5482/7003/991 5551/6995/991
f 5594/6996/991 5481/7004/991 5551/6995/991
f 5593/7005/991 5594/6984/991 5551/7006/991
f 5593/7005/991 5551/7006/991 5552/7007/991
f 5593/7008/991 5552/7009/991 5553/7010/991
f 5592/7011/991 5593/7005/991 5553/7012/991
f 5592/7011/991 5553/7012/991 5554/7013/991
f 5592/7014/991 5554/7015/991 5555/7016/991
f 5591/7017/991 5592/7011/991 5555/7018/991
f 5591/7017/991 5555/7018/991 5556/7019/991
f 5590/7020/991 5591/7017/991 5556/7019/991
f 5590/7020/991 5556/7019/991 5557/7021/991
f 5590/7020/991 5557/7021/991 5558/7022/991
f 5589/7023/991 5590/7020/991 5558/7022/991
f 5589/7023/991 5558/7022/991 5559/7024/991
f 5589/7023/991 5559/7024/991 5560/7025/991
f 5588/7026/991 5589/7027/991 5560/7028/991
f 5588/7026/991 5560/7028/991 5561/7029/991
f 5588/7030/991 5561/7031/991 5562/7032/991
f 5587/7033/991 5588/7030/991 5562/7032/991
f 5587/7034/991 5562/7035/991 5563/7036/991
f 5586/7037/991 5587/7033/991 5563/7038/991
f 5586/7037/991 5563/7038/991 5564/7039/991
f 5586/7037/991 5564/7039/991 5565/7040/991
f 5585/7041/991 5586/7042/991 5565/7043/991
f 5585/7041/991 5565/7043/991 5566/7044/991
f 5585/7041/991 5566/7044/991 5567/7045/991
f 5584/7046/991 5585/7041/991 5567/7045/991
f 5584/7047/991 5567/7048/991 5568/7049/991
f 5583/7050/991 5584/7047/991 5568/7049/991
f 5583/7051/991 5568/7052/991 5569/7053/991
f 5583/7051/991 5569/7053/991 5570/7054/991
f 5582/7055/991 5583/7051/991 5570/7054/991
f 5582/7055/991 5570/7054/991 5571/7056/991
f 5582/7055/991 5571/7056/991 5572/7057/991
f 5581/7058/991 5582/7055/991 5572/7057/991
f 5581/7058/991 5572/7057/991 5573/7059/991
f 5580/7060/991 5581/7061/991 5573/7062/991
f 5580/7060/991 5573/7062/991 5574/7063/991
f 5580/7064/991 5574/7065/991 5575/7066/991
f 5579/7067/991 5580/7064/991 5575/7066/991
f 5579/7067/991 5575/7066/991 5576/7068/991
f 5579/7067/991 5576/7068/991 5577/7069/991
f 5578/7070/991 5579/7067/991 5577/7069/991
f 5691/7071/991 5692/7072/991 5693/7073/991
f 5691/7071/991 5693/7073/991 5694/6094/991
f 5695/7074/991 5696/7075/991 5697/7076/991
f 5695/7074/991 5697/7076/991 5698/6434/991
f 5691/7071/991 5694/6094/991 5689/7077/991
f 5689/7077/991 5694/6094/991 5695/7074/991
f 5689/7077/991 5695/7074/991 5698/6434/991
f 5689/7077/991 5698/6434/991 5688/7078/991
f 5688/7078/991 5698/6434/991 5686/6329/991
f 5691/7071/991 5689/7077/991 5690/6017/991
f 5687/7079/991 5688/7078/991 5686/6329/991
f 5699/6329/991 5700/6561/991 5701/6562/991
f 5699/6329/991 5701/6562/991 5702/6563/991
f 5703/6564/991 5704/6565/991 5705/6566/991
f 5703/6564/991 5705/6566/991 5709/6569/991
f 5709/6569/991 5705/6566/991 5708/6570/991
f 5708/6570/991 5705/6566/991 5706/6567/991
f 5703/6564/991 5709/6569/991 5710/6434/991
f 5707/6568/991 5708/6570/991 5706/6567/991
f 5699/6329/991 5702/6563/991 5703/6564/991
f 5699/6329/991 5703/6564/991 5710/6434/991
s 1
f 5714/7080/992 5711/4788/993 5712/7081/993
f 5716/7082/994 5713/7083/992 5714/7080/992
f 5718/7084/994 5715/7085/994 5716/7082/994
f 5720/7086/995 5717/7087/994 5718/7084/994
f 5722/7088/996 5719/7089/996 5720/7086/995
f 5724/7090/994 5721/7091/995 5722/7088/996
f 5726/7092/997 5723/7093/994 5724/7090/994
f 5728/7094/993 5725/7095/997 5726/7092/997
f 5730/7096/993 5727/6096/993 5728/7094/993
f 5732/7097/998 5729/7098/993 5730/7096/993
f 5734/7099/998 5731/7100/998 5732/7097/998
f 5712/7101/993 5733/7102/998 5734/7099/998
f 5738/7103/999 5735/4788/1000 5736/7081/1001
f 5740/7104/1002 5737/7105/1002 5738/7103/999
f 5742/7106/997 5739/5888/999 5740/7104/1002
f 5744/7107/997 5741/5974/997 5742/7106/997
f 5746/7108/993 5743/7109/997 5744/7107/997
f 5748/7110/992 5745/6089/993 5746/7108/993
f 5750/7111/994 5747/6174/992 5748/7110/992
f 5752/7112/994 5749/4786/994 5750/7111/994
f 5754/7113/1003 5751/6129/994 5752/7112/994
f 5756/7114/1003 5753/6073/1003 5754/7113/1003
f 5758/7115/1004 5755/6023/1003 5756/7114/1003
f 5760/7116/1005 5757/5940/1004 5758/7115/1004
f 5736/7101/1001 5759/7117/1005 5760/7116/1005
f 5764/7118/1006 5761/4788/1007 5762/7081/1007
f 5766/7119/1008 5763/7120/1006 5764/7118/1006
f 5768/7121/1009 5765/7122/1008 5766/7119/1008
f 5770/7123/1010 5767/7124/1009 5768/7121/1009
f 5772/7125/1011 5769/7126/1010 5770/7123/1010
f 5774/7127/1012 5771/7128/1011 5772/7125/1011
f 5776/7129/1013 5773/7130/1012 5774/7127/1012
f 5778/7131/1014 5775/7132/1013 5776/7129/1013
f 5780/7133/1015 5777/7134/1014 5778/7131/1014
f 5782/7135/1016 5779/7136/1015 5780/7133/1015
f 5784/7137/1017 5781/7138/1016 5782/7135/1016
f 5786/7139/1018 5783/7140/1017 5784/7137/1017
f 5788/7141/1019 5785/7142/1018 5786/7139/1018
f 5790/7143/1020 5787/7144/1019 5788/7141/1019
f 5792/7145/1021 5789/7146/1020 5790/7143/1020
f 5794/7147/1022 5791/7148/1021 5792/7145/1021
f 5796/7149/1023 5793/7150/1022 5794/7147/1022
f 5798/7151/1024 5795/7152/1023 5796/7149/1023
f 5800/7153/1025 5797/7154/1024 5798/7151/1024
f 5802/7155/1026 5799/7156/1025 5800/7153/1025
f 5804/7157/1027 5801/7158/1026 5802/7155/1026
f 5806/7159/1028 5803/7160/1027 5804/7157/1027
f 5808/7161/1029 5805/7162/1028 5806/7159/1028
f 5810/7163/1030 5807/7164/1029 5808/7161/1029
f 5812/7165/1031 5809/7166/1030 5810/7163/1030
f 5814/7103/1032 5811/7167/1031 5812/7165/1031
f 5816/7168/1033 5813/7105/1032 5814/7103/1032
f 5818/7169/1034 5815/7170/1033 5816/7168/1033
f 5820/7171/1035 5817/7172/1034 5818/7169/1034
f 5822/7173/1036 5819/7174/1035 5820/7171/1035
f 5824/7175/1037 5821/7176/1036 5822/7173/1036
f 5826/7177/1038 5823/7178/1037 5824/7175/1037
f 5828/7179/1039 5825/7180/1038 5826/7177/1038
f 5830/7181/1040 5827/7182/1039 5828/7179/1039
f 5832/7183/1041 5829/7184/1040 5830/7181/1040
f 5834/7185/1042 5831/7186/1041 5832/7183/1041
f 5836/7187/1043 5833/7188/1042 5834/7185/1042
f 5838/7189/1044 5835/7190/1043 5836/7187/1043
f 5840/7191/1045 5837/7192/1044 5838/7189/1044
f 5842/7193/1046 5839/7194/1045 5840/7191/1045
f 5844/7195/1047 5841/7196/1046 5842/7193/1046
f 5846/7197/1048 5843/7198/1047 5844/7195/1047
f 5848/7199/1049 5845/7200/1048 5846/7197/1048
f 5850/7201/1050 5847/7202/1049 5848/7199/1049
f 5852/7203/1051 5849/7204/1050 5850/7201/1050
f 5854/7205/1052 5851/7206/1051 5852/7203/1051
f 5856/7207/1053 5853/7208/1052 5854/7205/1052
f 5858/7209/1054 5855/7210/1053 5856/7207/1053
f 5860/7211/1055 5857/7212/1056 5858/7209/1054
f 5862/7213/1057 5859/7214/1055 5860/7211/1055
f 5864/7215/1058 5861/7216/1057 5862/7213/1057
f 5866/7104/1059 5863/7217/1060 5864/7215/1058
f 5868/7218/1061 5865/5888/1059 5866/7104/1059
f 5870/7219/1062 5867/7220/1061 5868/7218/1061
f 5872/7221/1063 5869/7222/1062 5870/7219/1062
f 5874/7223/1064 5871/7224/1063 5872/7221/1063
f 5876/7225/1065 5873/7226/1064 5874/7223/1064
f 5878/7227/1066 5875/7228/1065 5876/7225/1065
f 5880/7229/1067 5877/7230/1066 5878/7227/1066
f 5882/7231/1068 5879/7232/1067 5880/7229/1067
f 5884/7233/1069 5881/7234/1068 5882/7231/1068
f 5886/7235/1070 5883/7236/1069 5884/7233/1069
f 5888/7237/1071 5885/7238/1070 5886/7235/1070
f 5890/7239/1072 5887/7240/1071 5888/7237/1071
f 5892/7241/1073 5889/7242/1072 5890/7239/1072
f 5894/7243/1074 5891/7244/1073 5892/7241/1073
f 5896/7245/1075 5893/7246/1074 5894/7243/1074
f 5898/7247/1076 5895/7248/1075 5896/7245/1075
f 5900/7249/1077 5897/7250/1076 5898/7247/1076
f 5902/7251/1078 5899/7252/1077 5900/7249/1077
f 5904/7253/1079 5901/7254/1078 5902/7251/1078
f 5906/7255/1080 5903/7256/1079 5904/7253/1079
f 5908/7257/1081 5905/7258/1080 5906/7255/1080
f 5910/7259/1082 5907/7260/1081 5908/7257/1081
f 5912/7261/1083 5909/7262/1082 5910/7259/1082
f 5914/7263/1084 5911/7264/1083 5912/7261/1083
f 5916/7265/1085 5913/7266/1084 5914/7263/1084
f 5918/7106/1086 5915/7267/1085 5916/7265/1085
f 5920/7268/1087 5917/5974/1086 5918/7106/1086
f 5922/7269/1088 5919/7270/1087 5920/7268/1087
f 5924/7271/1089 5921/7272/1088 5922/7269/1088
f 5926/7273/1090 5923/7274/1089 5924/7271/1089
f 5928/7275/1091 5925/7276/1090 5926/7273/1090
f 5930/7277/1092 5927/7278/1091 5928/7275/1091
f 5932/7279/1093 5929/7280/1092 5930/7277/1092
f 5934/7281/1094 5931/7282/1093 5932/7279/1093
f 5936/7283/1095 5933/7284/1094 5934/7281/1094
f 5938/7285/1096 5935/7286/1095 5936/7283/1095
f 5940/7287/1097 5937/7288/1096 5938/7285/1096
f 5942/7289/1098 5939/7290/1099 5940/7287/1097
f 5944/7291/1100 5941/7292/1098 5942/7289/1098
f 5946/7293/1101 5943/7294/1100 5944/7291/1100
f 5948/7295/1102 5945/7296/1101 5946/7293/1101
f 5950/7297/1103 5947/7298/1102 5948/7295/1102
f 5952/7299/1104 5949/7300/1103 5950/7297/1103
f 5954/7301/1105 5951/7302/1104 5952/7299/1104
f 5956/7303/1106 5953/7304/1105 5954/7301/1105
f 5958/7305/1107 5955/7306/1106 5956/7303/1106
f 5960/7307/1108 5957/7308/1107 5958/7305/1107
f 5962/7309/1109 5959/7310/1108 5960/7307/1108
f 5964/7311/1110 5961/7312/1109 5962/7309/1109
f 5966/7313/1111 5963/7314/1110 5964/7311/1110
f 5968/7315/1112 5965/7316/1111 5966/7313/1111
f 5970/7107/1113 5967/7317/1112 5968/7315/1112
f 5972/7318/1114 5969/7109/1113 5970/7107/1113
f 5974/7319/1115 5971/7320/1116 5972/7318/1114
f 5976/7321/1117 5973/7322/1115 5974/7319/1115
f 5978/7323/1118 5975/7324/1117 5976/7321/1117
f 5980/7325/1119 5977/7326/1118 5978/7323/1118
f 5982/7327/1120 5979/7328/1119 5980/7325/1119
f 5984/7329/1121 5981/7330/1120 5982/7327/1120
f 5986/7331/1122 5983/7332/1121 5984/7329/1121
f 5988/7333/1123 5985/7334/1122 5986/7331/1122
f 5990/7335/1124 5987/7336/1123 5988/7333/1123
f 5992/7337/1125 5989/7338/1124 5990/7335/1124
f 5994/7339/1126 5991/7340/1125 5992/7337/1125
f 5996/7341/1127 5993/7342/1126 5994/7339/1126
f 5998/7343/1128 5995/7344/1129 5996/7341/1127
f 6000/7345/1130 5997/7346/1128 5998/7343/1128
f 6002/7347/1131 5999/7348/1130 6000/7345/1130
f 6004/7349/1132 6001/7350/1131 6002/7347/1131
f 6006/7351/1133 6003/7352/1132 6004/7349/1132
f 6008/7353/1134 6005/7354/1133 6006/7351/1133
f 6010/7355/1135 6007/7356/1134 6008/7353/1134
f 6012/7357/1136 6009/7358/1135 6010/7355/1135
f 6014/7359/1137 6011/7360/1136 6012/7357/1136
f 6016/7361/1138 6013/7362/1137 6014/7359/1137
f 6018/7363/1139 6015/7364/1138 6016/7361/1138
f 6020/7365/1140 6017/7366/1141 6018/7363/1139
f 6022/7108/1142 6019/7367/1140 6020/7365/1140
f 6024/7368/1143 6021/6089/1144 6022/7108/1142
f 6026/7369/1145 6023/7370/1143 6024/7368/1143
f 6028/7371/1146 6025/7372/1145 6026/7369/1145
f 6030/7373/1147 6027/7374/1146 6028/7371/1146
f 6032/7375/1148 6029/7376/1147 6030/7373/1147
f 6034/7377/1149 6031/7378/1148 6032/7375/1148
f 6036/7379/1150 6033/7380/1149 6034/7377/1149
f 6038/7381/1151 6035/7382/1150 6036/7379/1150
f 6040/7383/1152 6037/7384/1151 6038/7381/1151
f 6042/7385/1153 6039/7386/1152 6040/7383/1152
f 6044/7387/1154 6041/7388/1153 6042/7385/1153
f 6046/7389/1155 6043/7390/1154 6044/7387/1154
f 6048/7391/1156 6045/7392/1155 6046/7389/1155
f 6050/7393/1157 6047/7394/1156 6048/7391/1156
f 6052/7395/1158 6049/7396/1157 6050/7393/1157
f 6054/7397/1159 6051/7398/1158 6052/7395/1158
f 6056/7399/1160 6053/7400/1159 6054/7397/1159
f 6058/7401/1161 6055/7402/1160 6056/7399/1160
f 6060/7403/1162 6057/7404/1161 6058/7401/1161
f 6062/7405/1163 6059/7406/1162 6060/7403/1162
f 6064/7407/1164 6061/7408/1163 6062/7405/1163
f 6066/7409/1165 6063/7410/1164 6064/7407/1164
f 6068/7411/1166 6065/7412/1165 6066/7409/1165
f 6070/7413/1167 6067/7414/1166 6068/7411/1166
f 6072/7415/1168 6069/7416/1167 6070/7413/1167
f 6074/7110/1169 6071/7417/1168 6072/7415/1168
f 6076/7418/1170 6073/6174/1169 6074/7110/1169
f 6078/7419/1171 6075/7420/1170 6076/7418/1170
f 6080/7421/1172 6077/7422/1171 6078/7419/1171
f 6082/7423/1173 6079/7424/1172 6080/7421/1172
f 6084/7425/1174 6081/7426/1173 6082/7423/1173
f 6086/7427/1175 6083/7428/1174 6084/7425/1174
f 6088/7429/1176 6085/7430/1175 6086/7427/1175
f 6090/7431/1177 6087/7432/1176 6088/7429/1176
f 6092/7433/1178 6089/7434/1177 6090/7431/1177
f 6094/7435/1179 6091/7436/1178 6092/7433/1178
f 6096/7437/1180 6093/7438/1179 6094/7435/1179
f 6098/7439/1181 6095/7440/1180 6096/7437/1180
f 6100/7090/1182 6097/7441/1181 6098/7439/1181
f 6102/7442/1183 6099/7093/1182 6100/7090/1182
f 6104/7443/1184 6101/7444/1183 6102/7442/1183
f 6106/7445/1185 6103/7446/1186 6104/7443/1184
f 6108/7447/1187 6105/7448/1185 6106/7445/1185
f 6110/7449/1188 6107/7450/1187 6108/7447/1187
f 6112/7451/1189 6109/7452/1188 6110/7449/1188
f 6114/7453/1190 6111/7454/1189 6112/7451/1189
f 6116/7455/1191 6113/7456/1190 6114/7453/1190
f 6118/7457/1192 6115/7458/1191 6116/7455/1191
f 6120/7459/1193 6117/7460/1192 6118/7457/1192
f 6122/7461/1194 6119/7462/1193 6120/7459/1193
f 6124/7463/1195 6121/7464/1194 6122/7461/1194
f 6126/7111/1196 6123/7465/1195 6124/7463/1195
f 6128/7466/1197 6125/4786/1196 6126/7111/1196
f 6130/7467/1198 6127/7468/1197 6128/7466/1197
f 6132/7469/1199 6129/7470/1198 6130/7467/1198
f 6134/7471/1200 6131/7472/1199 6132/7469/1199
f 6136/7473/1201 6133/7474/1200 6134/7471/1200
f 6138/7475/1202 6135/7476/1201 6136/7473/1201
f 6140/7477/1203 6137/7478/1202 6138/7475/1202
f 6142/7479/1204 6139/7480/1203 6140/7477/1203
f 6144/7481/1205 6141/7482/1204 6142/7479/1204
f 6146/7483/1206 6143/7484/1205 6144/7481/1205
f 6148/7485/1207 6145/7486/1206 6146/7483/1206
f 6150/7487/1208 6147/7488/1207 6148/7485/1207
f 6152/7489/1209 6149/7490/1208 6150/7487/1208
f 6154/7491/1210 6151/7492/1209 6152/7489/1209
f 6156/7493/1211 6153/7494/1210 6154/7491/1210
f 6158/7495/1212 6155/7496/1211 6156/7493/1211
f 6160/7497/1213 6157/7498/1212 6158/7495/1212
f 6162/7499/1214 6159/7500/1213 6160/7497/1213
f 6164/7501/1215 6161/7502/1214 6162/7499/1214
f 6166/7503/1216 6163/7504/1215 6164/7501/1215
f 6168/7505/1217 6165/7506/1216 6166/7503/1216
f 6170/7507/1218 6167/7508/1217 6168/7505/1217
f 6172/7509/1219 6169/7510/1218 6170/7507/1218
f 6174/7511/1220 6171/7512/1219 6172/7509/1219
f 6176/7513/1221 6173/7514/1220 6174/7511/1220
f 6178/7112/1222 6175/7515/1221 6176/7513/1221
f 6180/7516/1223 6177/6129/1222 6178/7112/1222
f 6182/7517/1224 6179/7518/1223 6180/7516/1223
f 6184/7519/1225 6181/7520/1224 6182/7517/1224
f 6186/7521/1226 6183/7522/1225 6184/7519/1225
f 6188/7523/1227 6185/7524/1228 6186/7521/1226
f 6190/7525/1229 6187/7526/1227 6188/7523/1227
f 6192/7527/1230 6189/7528/1229 6190/7525/1229
f 6194/7529/1231 6191/7530/1230 6192/7527/1230
f 6196/7531/1232 6193/7532/1231 6194/7529/1231
f 6198/7533/1233 6195/7534/1232 6196/7531/1232
f 6200/7535/1234 6197/7536/1235 6198/7533/1233
f 6202/7537/1236 6199/7538/1234 6200/7535/1234
f 6204/7539/1237 6201/7540/1236 6202/7537/1236
f 6206/7541/1238 6203/7542/1237 6204/7539/1237
f 6208/7543/1239 6205/7544/1238 6206/7541/1238
f 6210/7545/1240 6207/7546/1239 6208/7543/1239
f 6212/7547/1241 6209/7548/1240 6210/7545/1240
f 6214/7549/1242 6211/7550/1241 6212/7547/1241
f 6216/7551/1243 6213/7552/1242 6214/7549/1242
f 6218/7553/1244 6215/7554/1243 6216/7551/1243
f 6220/7555/1245 6217/7556/1244 6218/7553/1244
f 6222/7557/1246 6219/7558/1245 6220/7555/1245
f 6224/7559/1247 6221/7560/1246 6222/7557/1246
f 6226/7561/1248 6223/7562/1247 6224/7559/1247
f 6228/7563/1249 6225/7564/1248 6226/7561/1248
f 6230/7113/1250 6227/7565/1249 6228/7563/1249
f 6232/7566/1251 6229/6073/1250 6230/7113/1250
f 6234/7567/1252 6231/7568/1251 6232/7566/1251
f 6236/7569/1253 6233/7570/1252 6234/7567/1252
f 6238/7571/1254 6235/7572/1253 6236/7569/1253
f 6240/7573/1255 6237/7574/1254 6238/7571/1254
f 6242/7575/1256 6239/7576/1257 6240/7573/1255
f 6244/7577/1258 6241/7578/1256 6242/7575/1256
f 6246/7579/1259 6243/7580/1258 6244/7577/1258
f 6248/7581/1260 6245/7582/1259 6246/7579/1259
f 6250/7583/1261 6247/7584/1260 6248/7581/1260
f 6252/7585/1262 6249/7586/1261 6250/7583/1261
f 6254/7587/1263 6251/7588/1262 6252/7585/1262
f 6256/7589/1264 6253/7590/1263 6254/7587/1263
f 6258/7591/1265 6255/7592/1264 6256/7589/1264
f 6260/7593/1266 6257/7594/1265 6258/7591/1265
f 6262/7595/1267 6259/7596/1266 6260/7593/1266
f 6264/7597/1268 6261/7598/1267 6262/7595/1267
f 6266/7599/1269 6263/7600/1268 6264/7597/1268
f 6268/7601/1270 6265/7602/1269 6266/7599/1269
f 6270/7603/1271 6267/7604/1270 6268/7601/1270
f 6272/7605/1272 6269/7606/1271 6270/7603/1271
f 6274/7607/1273 6271/7608/1272 6272/7605/1272
f 6276/7609/1274 6273/7610/1273 6274/7607/1273
f 6278/7611/1275 6275/7612/1274 6276/7609/1274
f 6280/7613/1276 6277/7614/1275 6278/7611/1275
f 6282/7114/1277 6279/7615/1276 6280/7613/1276
f 6284/7616/1278 6281/6023/1277 6282/7114/1277
f 6286/7617/1279 6283/7618/1278 6284/7616/1278
f 6288/7619/1280 6285/7620/1279 6286/7617/1279
f 6290/7621/1281 6287/7622/1280 6288/7619/1280
f 6292/7623/1282 6289/7624/1281 6290/7621/1281
f 6294/7625/1283 6291/7626/1282 6292/7623/1282
f 6296/7627/1284 6293/7628/1283 6294/7625/1283
f 6298/7629/1285 6295/7630/1284 6296/7627/1284
f 6300/7631/1286 6297/7632/1285 6298/7629/1285
f 6302/7633/1287 6299/7634/1286 6300/7631/1286
f 6304/7635/1288 6301/7636/1287 6302/7633/1287
f 6306/7637/1289 6303/7638/1288 6304/7635/1288
f 6308/7639/1290 6305/7640/1289 6306/7637/1289
f 6310/7641/1291 6307/7642/1290 6308/7639/1290
f 6312/7643/1292 6309/7644/1291 6310/7641/1291
f 6314/7645/1293 6311/7646/1292 6312/7643/1292
f 6316/7647/1294 6313/7648/1293 6314/7645/1293
f 6318/7649/1295 6315/7650/1294 6316/7647/1294
f 6320/7651/1296 6317/7652/1295 6318/7649/1295
f 6322/7653/1297 6319/7654/1296 6320/7651/1296
f 6324/7655/1298 6321/7656/1297 6322/7653/1297
f 6326/7657/1299 6323/7658/1298 6324/7655/1298
f 6328/7659/1300 6325/7660/1299 6326/7657/1299
f 6330/7661/1301 6327/7662/1300 6328/7659/1300
f 6332/7663/1302 6329/7664/1301 6330/7661/1301
f 6334/7115/1303 6331/7665/1302 6332/7663/1302
f 6336/7666/1304 6333/5940/1303 6334/7115/1303
f 6338/7667/1305 6335/7668/1304 6336/7666/1304
f 6340/7669/1306 6337/7670/1305 6338/7667/1305
f 6342/7671/1307 6339/7672/1306 6340/7669/1306
f 6344/7673/1308 6341/7674/1307 6342/7671/1307
f 6346/7675/1309 6343/7676/1308 6344/7673/1308
f 6348/7677/1310 6345/7678/1309 6346/7675/1309
f 6350/7679/1311 6347/7680/1310 6348/7677/1310
f 6352/7681/1312 6349/7682/1311 6350/7679/1311
f 6354/7683/1313 6351/7684/1312 6352/7681/1312
f 6356/7685/1314 6353/7686/1313 6354/7683/1313
f 6358/7687/1315 6355/7688/1314 6356/7685/1314
f 6360/7689/1316 6357/7690/1315 6358/7687/1315
f 6362/7691/1317 6359/7692/1316 6360/7689/1316
f 6364/7693/1318 6361/7694/1317 6362/7691/1317
f 6366/7695/1319 6363/7696/1318 6364/7693/1318
f 6368/7697/1320 6365/7698/1319 6366/7695/1319
f 6370/7699/1321 6367/7700/1320 6368/7697/1320
f 6372/7701/1322 6369/7702/1321 6370/7699/1321
f 6374/7703/1323 6371/7704/1322 6372/7701/1322
f 6376/7705/1324 6373/7706/1323 6374/7703/1323
f 6378/7707/1325 6375/7708/1324 6376/7705/1324
f 6380/7709/1326 6377/7710/1325 6378/7707/1325
f 6382/7711/1327 6379/7712/1326 6380/7709/1326
f 6384/7713/1328 6381/7714/1327 6382/7711/1327
f 6386/7116/1329 6383/7715/1328 6384/7713/1328
f 6388/7716/1330 6385/7117/1329 6386/7116/1329
f 6390/7717/1331 6387/7718/1330 6388/7716/1330
f 6392/7719/1332 6389/7720/1331 6390/7717/1331
f 6394/7721/1333 6391/7722/1332 6392/7719/1332
f 6396/7723/1334 6393/7724/1333 6394/7721/1333
f 6398/7725/1335 6395/7726/1334 6396/7723/1334
f 6400/7727/1336 6397/7728/1335 6398/7725/1335
f 6402/7729/1337 6399/7730/1336 6400/7727/1336
f 6404/7731/1338 6401/7732/1339 6402/7729/1337
f 6406/7733/1340 6403/7734/1338 6404/7731/1338
f 6408/7735/1341 6405/7736/1340 6406/7733/1340
f 6410/7737/1342 6407/7738/1341 6408/7735/1341
f 6412/7739/1343 6409/7740/1342 6410/7737/1342
f 6414/7741/1344 6411/7742/1343 6412/7739/1343
f 6416/7743/1345 6413/7744/1344 6414/7741/1344
f 6418/7745/1346 6415/7746/1345 6416/7743/1345
f 6420/7747/1347 6417/7748/1346 6418/7745/1346
f 6422/7749/1348 6419/7750/1347 6420/7747/1347
f 6424/7751/1349 6421/7752/1348 6422/7749/1348
f 6426/7753/1350 6423/7754/1349 6424/7751/1349
f 6428/7755/1351 6425/7756/1350 6426/7753/1350
f 6430/7757/1352 6427/7758/1351 6428/7755/1351
f 6432/7759/1353 6429/7760/1352 6430/7757/1352
f 6434/7761/1354 6431/7762/1353 6432/7759/1353
f 6436/7763/1355 6433/7764/1354 6434/7761/1354
f 5762/7101/1007 6435/7765/1355 6436/7763/1355
f 6440/7766/1356 6437/4788/1356 6438/7081/1356
f 6442/7084/1357 6439/7767/1358 6440/7766/1356
f 6444/7768/1359 6441/7087/1357 6442/7084/1357
f 6446/7090/1360 6443/7769/1359 6444/7768/1359
f 6448/7770/1361 6445/7093/1360 6446/7090/1360
f 6450/7096/1362 6447/7771/1361 6448/7770/1361
f 6452/7772/1363 6449/7098/1363 6450/7096/1362
f 6438/7101/1356 6451/7773/1363 6452/7772/1363
f 6456/7084/993 6453/4788/992 6454/7081/992
f 6458/7090/997 6455/7087/993 6456/7084/993
f 6460/7096/994 6457/7093/997 6458/7090/997
f 6454/7101/992 6459/7098/994 6460/7096/994
f 6464/7080/993 6461/4788/997 6462/7081/997
f 6466/7082/992 6463/7083/993 6464/7080/993
f 6468/7084/994 6465/7085/992 6466/7082/992
f 6470/7086/994 6467/7087/994 6468/7084/994
f 6472/7088/992 6469/7089/994 6470/7086/994
f 6474/7090/992 6471/7091/992 6472/7088/992
f 6476/7092/994 6473/7093/992 6474/7090/992
f 6478/7094/997 6475/7095/994 6476/7092/994
f 6480/7096/993 6477/6096/997 6478/7094/997
f 6482/7097/993 6479/7098/993 6480/7096/993
f 6484/7099/997 6481/7100/993 6482/7097/993
f 6462/7101/997 6483/7102/997 6484/7099/997
f 6488/7774/1364 6485/4788/1365 6486/7081/1365
f 6490/7775/1366 6487/7776/1364 6488/7774/1364
f 6492/7777/1367 6489/7778/1366 6490/7775/1366
f 6494/7779/1368 6491/7780/1367 6492/7777/1367
f 6496/7781/1369 6493/7782/1368 6494/7779/1368
f 6498/7783/1370 6495/7784/1369 6496/7781/1369
f 6500/7785/1371 6497/7786/1370 6498/7783/1370
f 6502/7787/1372 6499/7788/1371 6500/7785/1371
f 6504/7789/1373 6501/7790/1372 6502/7787/1372
f 6506/7791/1374 6503/7792/1373 6504/7789/1373
f 6508/7793/1375 6505/7794/1374 6506/7791/1374
f 6510/7080/1376 6507/7795/1375 6508/7793/1375
f 6512/7796/1377 6509/7083/1376 6510/7080/1376
f 6514/7797/1378 6511/7798/1377 6512/7796/1377
f 6516/7799/1379 6513/7800/1378 6514/7797/1378
f 6518/7801/1380 6515/7802/1379 6516/7799/1379
f 6520/7803/1381 6517/7804/1380 6518/7801/1380
f 6522/7766/1382 6519/7805/1381 6520/7803/1381
f 6524/7806/1383 6521/7767/1382 6522/7766/1382
f 6526/7807/1384 6523/7808/1383 6524/7806/1383
f 6528/7809/1385 6525/7810/1384 6526/7807/1384
f 6530/7811/1386 6527/7812/1385 6528/7809/1385
f 6532/7813/1387 6529/7814/1386 6530/7811/1386
f 6534/7082/1388 6531/7815/1387 6532/7813/1387
f 6536/7816/1389 6533/7085/1388 6534/7082/1388
f 6538/7817/1390 6535/7818/1389 6536/7816/1389
f 6540/7819/1391 6537/7820/1390 6538/7817/1390
f 6542/7821/1392 6539/7822/1391 6540/7819/1391
f 6544/7823/1393 6541/7824/1394 6542/7821/1392
f 6546/7825/1395 6543/7826/1393 6544/7823/1393
f 6548/7827/1396 6545/7828/1395 6546/7825/1395
f 6550/7829/1397 6547/7830/1396 6548/7827/1396
f 6552/7831/1398 6549/7832/1397 6550/7829/1397
f 6554/7833/1399 6551/7834/1398 6552/7831/1398
f 6556/7835/1400 6553/7836/1399 6554/7833/1399
f 6558/7084/1401 6555/7837/1400 6556/7835/1400
f 6560/7838/1402 6557/7087/1401 6558/7084/1401
f 6562/7839/1403 6559/7840/1402 6560/7838/1402
f 6564/7841/1404 6561/7842/1403 6562/7839/1403
f 6566/7843/1405 6563/7844/1406 6564/7841/1404
f 6568/7845/1407 6565/7846/1405 6566/7843/1405
f 6570/7847/1408 6567/7848/1407 6568/7845/1407
f 6572/7849/1409 6569/7850/1408 6570/7847/1408
f 6574/7851/1410 6571/7852/1409 6572/7849/1409
f 6576/7853/1411 6573/7854/1410 6574/7851/1410
f 6578/7855/1412 6575/7856/1411 6576/7853/1411
f 6580/7857/1413 6577/7858/1412 6578/7855/1412
f 6582/7086/1414 6579/7859/1413 6580/7857/1413
f 6584/7860/1247 6581/7089/1414 6582/7086/1414
f 6586/7861/1248 6583/7862/1247 6584/7860/1247
f 6588/7863/1249 6585/7864/1248 6586/7861/1248
f 6590/7865/1250 6587/7866/1249 6588/7863/1249
f 6592/7867/1251 6589/7868/1250 6590/7865/1250
f 6594/7768/1252 6591/7869/1251 6592/7867/1251
f 6596/7870/1253 6593/7769/1252 6594/7768/1252
f 6598/7871/1254 6595/7872/1253 6596/7870/1253
f 6600/7873/1255 6597/7874/1254 6598/7871/1254
f 6602/7875/1256 6599/7876/1257 6600/7873/1255
f 6604/7877/1258 6601/7878/1256 6602/7875/1256
f 6606/7088/1259 6603/7879/1258 6604/7877/1258
f 6608/7880/1415 6605/7091/1259 6606/7088/1259
f 6610/7881/1261 6607/7882/1415 6608/7880/1415
f 6612/7883/1416 6609/7884/1261 6610/7881/1261
f 6614/7885/1263 6611/7886/1262 6612/7883/1416
f 6616/7887/1264 6613/7888/1263 6614/7885/1263
f 6618/7889/1265 6615/7890/1264 6616/7887/1264
f 6620/7891/1266 6617/7892/1265 6618/7889/1265
f 6622/7893/1267 6619/7894/1266 6620/7891/1266
f 6624/7895/1268 6621/7896/1267 6622/7893/1267
f 6626/7897/1269 6623/7898/1268 6624/7895/1268
f 6628/7899/1417 6625/7900/1269 6626/7897/1269
f 6630/7090/1271 6627/7901/1417 6628/7899/1417
f 6632/7902/1418 6629/7093/1271 6630/7090/1271
f 6634/7903/1273 6631/7904/1418 6632/7902/1418
f 6636/7905/1274 6633/7906/1273 6634/7903/1273
f 6638/7907/1275 6635/7908/1274 6636/7905/1274
f 6640/7909/1419 6637/7910/1275 6638/7907/1275
f 6642/7911/1277 6639/7912/1419 6640/7909/1419
f 6644/7913/1278 6641/7914/1277 6642/7911/1277
f 6646/7915/1279 6643/7916/1278 6644/7913/1278
f 6648/7917/1280 6645/7918/1279 6646/7915/1279
f 6650/7919/1281 6647/7920/1280 6648/7917/1280
f 6652/7921/1282 6649/7922/1281 6650/7919/1281
f 6654/7092/1283 6651/7923/1282 6652/7921/1282
f 6656/7924/1284 6653/7095/1283 6654/7092/1283
f 6658/7925/1285 6655/7926/1284 6656/7924/1284
f 6660/7927/1286 6657/7928/1285 6658/7925/1285
f 6662/7929/1287 6659/7930/1286 6660/7927/1286
f 6664/7931/1288 6661/7932/1287 6662/7929/1287
f 6666/7770/1289 6663/7933/1288 6664/7931/1288
f 6668/7934/1290 6665/7771/1289 6666/7770/1289
f 6670/7935/1291 6667/7936/1290 6668/7934/1290
f 6672/7937/1292 6669/7938/1291 6670/7935/1291
f 6674/7939/1293 6671/7940/1292 6672/7937/1292
f 6676/7941/1294 6673/7942/1293 6674/7939/1293
f 6678/7094/1295 6675/7943/1294 6676/7941/1294
f 6680/7944/1296 6677/6096/1295 6678/7094/1295
f 6682/7945/1297 6679/7946/1296 6680/7944/1296
f 6684/7947/1298 6681/7948/1297 6682/7945/1297
f 6686/7949/1420 6683/7950/1298 6684/7947/1298
f 6688/7951/1300 6685/7952/1420 6686/7949/1420
f 6690/7953/1301 6687/7954/1300 6688/7951/1300
f 6692/7955/1302 6689/7956/1301 6690/7953/1301
f 6694/7957/1303 6691/7958/1302 6692/7955/1302
f 6696/7959/1304 6693/7960/1421 6694/7957/1303
f 6698/7961/1305 6695/7962/1304 6696/7959/1304
f 6700/7963/1306 6697/7964/1305 6698/7961/1305
f 6702/7096/1307 6699/7965/1306 6700/7963/1306
f 6704/7966/1308 6701/7098/1307 6702/7096/1307
f 6706/7967/1309 6703/7968/1308 6704/7966/1308
f 6708/7969/1422 6705/7970/1309 6706/7967/1309
f 6710/7971/1311 6707/7972/1422 6708/7969/1422
f 6712/7973/1312 6709/7974/1311 6710/7971/1311
f 6714/7975/1313 6711/7976/1312 6712/7973/1312
f 6716/7977/1314 6713/7978/1313 6714/7975/1313
f 6718/7979/1315 6715/7980/1314 6716/7977/1314
f 6720/7981/1316 6717/7982/1315 6718/7979/1315
f 6722/7983/1317 6719/7984/1316 6720/7981/1316
f 6724/7985/1318 6721/7986/1317 6722/7983/1317
f 6726/7097/1423 6723/7987/1318 6724/7985/1318
f 6728/7988/1424 6725/7100/1423 6726/7097/1423
f 6730/7989/1425 6727/7990/1424 6728/7988/1424
f 6732/7991/1426 6729/7992/1425 6730/7989/1425
f 6734/7993/1427 6731/7994/1426 6732/7991/1426
f 6736/7995/1428 6733/7996/1427 6734/7993/1427
f 6738/7772/1429 6735/7997/1428 6736/7995/1428
f 6740/7998/1430 6737/7773/1429 6738/7772/1429
f 6742/7999/1431 6739/8000/1430 6740/7998/1430
f 6744/8001/1432 6741/8002/1431 6742/7999/1431
f 6746/8003/1433 6743/8004/1434 6744/8001/1432
f 6748/8005/1435 6745/8006/1433 6746/8003/1433
f 6750/7099/1436 6747/8007/1435 6748/8005/1435
f 6752/8008/1437 6749/7102/1436 6750/7099/1436
f 6754/8009/1438 6751/8010/1437 6752/8008/1437
f 6756/8011/1439 6753/8012/1438 6754/8009/1438
f 6758/8013/1440 6755/8014/1439 6756/8011/1439
f 6760/8015/1441 6757/8016/1440 6758/8013/1440
f 6762/8017/1442 6759/8018/1441 6760/8015/1441
f 6764/8019/1443 6761/8020/1442 6762/8017/1442
f 6766/8021/1444 6763/8022/1443 6764/8019/1443
f 6768/8023/1445 6765/8024/1444 6766/8021/1444
f 6770/8025/1446 6767/8026/1445 6768/8023/1445
f 6772/8027/1447 6769/8028/1446 6770/8025/1446
f 6486/7101/1365 6771/8029/1447 6772/8027/1447
f 6776/7774/1448 6773/4788/1449 6774/7081/1449
f 6778/7775/1450 6775/7776/1448 6776/7774/1448
f 6780/7777/1451 6777/7778/1450 6778/7775/1450
f 6782/7779/1193 6779/7780/1451 6780/7777/1451
f 6784/7781/1452 6781/7782/1193 6782/7779/1193
f 6786/7783/1453 6783/7784/1452 6784/7781/1452
f 6788/7785/1454 6785/7786/1453 6786/7783/1453
f 6790/7787/1455 6787/7788/1454 6788/7785/1454
f 6792/7789/1456 6789/7790/1455 6790/7787/1455
f 6794/7791/1457 6791/7792/1456 6792/7789/1456
f 6796/7793/1458 6793/7794/1457 6794/7791/1457
f 6798/7080/1459 6795/7795/1458 6796/7793/1458
f 6800/7796/1460 6797/7083/1459 6798/7080/1459
f 6802/7797/1461 6799/7798/1460 6800/7796/1460
f 6804/7799/1462 6801/7800/1461 6802/7797/1461
f 6806/7801/1463 6803/7802/1462 6804/7799/1462
f 6808/7803/1464 6805/7804/1463 6806/7801/1463
f 6810/7766/1465 6807/7805/1466 6808/7803/1464
f 6812/7806/1467 6809/7767/1465 6810/7766/1465
f 6814/7807/1468 6811/7808/1467 6812/7806/1467
f 6816/7809/1469 6813/7810/1468 6814/7807/1468
f 6818/7811/1470 6815/7812/1469 6816/7809/1469
f 6820/7813/1471 6817/7814/1470 6818/7811/1470
f 6822/7082/1472 6819/7815/1471 6820/7813/1471
f 6824/7816/1473 6821/7085/1474 6822/7082/1472
f 6826/7817/1475 6823/7818/1473 6824/7816/1473
f 6828/7819/1476 6825/7820/1475 6826/7817/1475
f 6830/7821/1477 6827/7822/1476 6828/7819/1476
f 6832/7823/1478 6829/7824/1479 6830/7821/1477
f 6834/7825/1480 6831/7826/1478 6832/7823/1478
f 6836/7827/1481 6833/7828/1480 6834/7825/1480
f 6838/7829/1482 6835/7830/1481 6836/7827/1481
f 6840/7831/1483 6837/7832/1482 6838/7829/1482
f 6842/7833/1484 6839/7834/1485 6840/7831/1483
f 6844/7835/1486 6841/7836/1487 6842/7833/1484
f 6846/7084/1488 6843/7837/1489 6844/7835/1486
f 6848/7838/1490 6845/7087/1491 6846/7084/1488
f 6850/7839/1492 6847/7840/1490 6848/7838/1490
f 6852/7841/1493 6849/7842/1492 6850/7839/1492
f 6854/7843/1494 6851/7844/1493 6852/7841/1493
f 6856/7845/1495 6853/7846/1494 6854/7843/1494
f 6858/7847/1496 6855/7848/1495 6856/7845/1495
f 6860/7849/1497 6857/7850/1496 6858/7847/1496
f 6862/7851/1498 6859/7852/1497 6860/7849/1497
f 6864/7853/1499 6861/7854/1498 6862/7851/1498
f 6866/7855/1500 6863/7856/1499 6864/7853/1499
f 6868/7857/1501 6865/7858/1500 6866/7855/1500
f 6870/7086/1414 6867/7859/1501 6868/7857/1501
f 6872/7860/1070 6869/7089/1414 6870/7086/1414
f 6874/7861/1071 6871/7862/1070 6872/7860/1070
f 6876/7863/1072 6873/7864/1071 6874/7861/1071
f 6878/7865/1502 6875/7866/1072 6876/7863/1072
f 6880/7867/1074 6877/7868/1073 6878/7865/1502
f 6882/7768/1075 6879/7869/1074 6880/7867/1074
f 6884/7870/1076 6881/7769/1075 6882/7768/1075
f 6886/7871/1077 6883/7872/1076 6884/7870/1076
f 6888/7873/1078 6885/7874/1077 6886/7871/1077
f 6890/7875/1079 6887/7876/1078 6888/7873/1078
f 6892/7877/1080 6889/7878/1079 6890/7875/1079
f 6894/7088/1081 6891/7879/1080 6892/7877/1080
f 6896/7880/1082 6893/7091/1081 6894/7088/1081
f 6898/7881/1083 6895/7882/1082 6896/7880/1082
f 6900/7883/1084 6897/7884/1083 6898/7881/1083
f 6902/7885/1503 6899/7886/1084 6900/7883/1084
f 6904/7887/1086 6901/7888/1085 6902/7885/1503
f 6906/7889/1087 6903/7890/1086 6904/7887/1086
f 6908/7891/1088 6905/7892/1087 6906/7889/1087
f 6910/7893/1504 6907/7894/1088 6908/7891/1088
f 6912/7895/1090 6909/7896/1504 6910/7893/1504
f 6914/7897/1091 6911/7898/1090 6912/7895/1090
f 6916/7899/1092 6913/7900/1091 6914/7897/1091
f 6918/7090/1505 6915/7901/1092 6916/7899/1092
f 6920/7902/1094 6917/7093/1506 6918/7090/1505
f 6922/7903/1095 6919/7904/1094 6920/7902/1094
f 6924/7905/1096 6921/7906/1095 6922/7903/1095
f 6926/7907/1097 6923/7908/1096 6924/7905/1096
f 6928/7909/1098 6925/7910/1097 6926/7907/1097
f 6930/7911/1100 6927/7912/1098 6928/7909/1098
f 6932/7913/1101 6929/7914/1507 6930/7911/1100
f 6934/7915/1102 6931/7916/1508 6932/7913/1101
f 6936/7917/1103 6933/7918/1102 6934/7915/1102
f 6938/7919/1104 6935/7920/1103 6936/7917/1103
f 6940/7921/1105 6937/7922/1104 6938/7919/1104
f 6942/7092/1376 6939/7923/1105 6940/7921/1105
f 6944/7924/1107 6941/7095/1376 6942/7092/1376
f 6946/7925/1108 6943/7926/1509 6944/7924/1107
f 6948/7927/1510 6945/7928/1108 6946/7925/1108
f 6950/7929/1110 6947/7930/1510 6948/7927/1510
f 6952/7931/1111 6949/7932/1110 6950/7929/1110
f 6954/7770/1112 6951/7933/1111 6952/7931/1111
f 6956/7934/1113 6953/7771/1112 6954/7770/1112
f 6958/7935/1114 6955/7936/1113 6956/7934/1113
f 6960/7937/1115 6957/7938/1116 6958/7935/1114
f 6962/7939/1117 6959/7940/1115 6960/7937/1115
f 6964/7941/1511 6961/7942/1512 6962/7939/1117
f 6966/7094/1119 6963/7943/1118 6964/7941/1511
f 6968/7944/1120 6965/6096/1119 6966/7094/1119
f 6970/7945/1121 6967/7946/1120 6968/7944/1120
f 6972/7947/1122 6969/7948/1121 6970/7945/1121
f 6974/7949/1123 6971/7950/1122 6972/7947/1122
f 6976/7951/1124 6973/7952/1513 6974/7949/1123
f 6978/7953/1514 6975/7954/1124 6976/7951/1124
f 6980/7955/1126 6977/7956/1514 6978/7953/1514
f 6982/7957/1127 6979/7958/1126 6980/7955/1126
f 6984/7959/1128 6981/7960/1515 6982/7957/1127
f 6986/7961/1130 6983/7962/1128 6984/7959/1128
f 6988/7963/1131 6985/7964/1130 6986/7961/1130
f 6990/7096/1132 6987/7965/1131 6988/7963/1131
f 6992/7966/1133 6989/7098/1132 6990/7096/1132
f 6994/7967/1134 6991/7968/1133 6992/7966/1133
f 6996/7969/1135 6993/7970/1134 6994/7967/1134
f 6998/7971/1136 6995/7972/1135 6996/7969/1135
f 7000/7973/1137 6997/7974/1136 6998/7971/1136
f 7002/7975/1138 6999/7976/1137 7000/7973/1137
f 7004/7977/1139 7001/7978/1138 7002/7975/1138
f 7006/7979/1140 7003/7980/1141 7004/7977/1139
f 7008/7981/1142 7005/7982/1140 7006/7979/1140
f 7010/7983/1143 7007/7984/1144 7008/7981/1142
f 7012/7985/1145 7009/7986/1143 7010/7983/1143
f 7014/7097/1423 7011/7987/1145 7012/7985/1145
f 7016/7988/1516 7013/7100/1423 7014/7097/1423
f 7018/7989/1517 7015/7990/1516 7016/7988/1516
f 7020/7991/1518 7017/7992/1517 7018/7989/1517
f 7022/7993/1519 7019/7994/1520 7020/7991/1518
f 7024/7995/1521 7021/7996/1519 7022/7993/1519
f 7026/7772/1522 7023/7997/1523 7024/7995/1521
f 7028/7998/1524 7025/7773/1522 7026/7772/1522
f 7030/7999/1525 7027/8000/1524 7028/7998/1524
f 7032/8001/1526 7029/8002/1525 7030/7999/1525
f 7034/8003/1527 7031/8004/1526 7032/8001/1526
f 7036/8005/1528 7033/8006/1527 7034/8003/1527
f 7038/7099/1529 7035/8007/1528 7036/8005/1528
f 7040/8008/1530 7037/7102/1529 7038/7099/1529
f 7042/8009/1531 7039/8010/1532 7040/8008/1530
f 7044/8011/1533 7041/8012/1531 7042/8009/1531
f 7046/8013/1534 7043/8014/1533 7044/8011/1533
f 7048/8015/1535 7045/8016/1534 7046/8013/1534
f 7050/8017/1536 7047/8018/1535 7048/8015/1535
f 7052/8019/1537 7049/8020/1536 7050/8017/1536
f 7054/8021/1538 7051/8022/1537 7052/8019/1537
f 7056/8023/1539 7053/8024/1538 7054/8021/1538
f 7058/8025/1540 7055/8026/1539 7056/8023/1539
f 7060/8027/1541 7057/8028/1540 7058/8025/1540
f 6774/7101/1449 7059/8029/1541 7060/8027/1541
f 7064/8030/993 7061/4788/1542 7062/7081/1542
f 7066/8031/992 7063/8032/993 7064/8030/993
f 7068/8033/1543 7065/8034/992 7066/8031/992
f 7070/8035/1544 7067/8036/1543 7068/8033/1543
f 7072/8037/1545 7069/8038/1544 7070/8035/1544
f 7074/8039/1546 7071/8040/1545 7072/8037/1545
f 7076/8041/1547 7073/8042/1546 7074/8039/1546
f 7078/8043/1548 7075/8044/1547 7076/8041/1547
f 7080/8045/1549 7077/8046/1548 7078/8043/1548
f 7082/8047/1550 7079/8048/1549 7080/8045/1549
f 7084/8049/1551 7081/8050/1550 7082/8047/1550
f 7086/8051/1552 7083/8052/1551 7084/8049/1551
f 7088/8053/1553 7085/8054/1554 7086/8051/1552
f 7090/8055/1555 7087/8056/1553 7088/8053/1553
f 7092/8057/1556 7089/8058/1557 7090/8055/1555
f 7094/8059/1558 7091/8060/1556 7092/8057/1556
f 7096/8061/1559 7093/8062/1558 7094/8059/1558
f 7098/8063/1560 7095/8064/1559 7096/8061/1559
f 7100/8065/1561 7097/8066/1560 7098/8063/1560
f 7102/8067/1562 7099/8068/1561 7100/8065/1561
f 7104/8069/1563 7101/8070/1562 7102/8067/1562
f 7106/8071/1564 7103/8072/1515 7104/8069/1563
f 7108/8073/1565 7105/8074/1564 7106/8071/1564
f 7110/8075/1566 7107/8076/1565 7108/8073/1565
f 7112/8077/1567 7109/8078/1568 7110/8075/1566
f 7114/8079/1569 7111/8080/1567 7112/8077/1567
f 7116/8081/1570 7113/8082/1571 7114/8079/1569
f 7118/8083/1572 7115/8084/1573 7116/8081/1570
f 7120/8085/1574 7117/8086/1575 7118/8083/1572
f 7122/8087/1576 7119/8088/1574 7120/8085/1574
f 7124/8089/1577 7121/8090/1576 7122/8087/1576
f 7126/8091/1578 7123/8092/1579 7124/8089/1577
f 7128/8093/1580 7125/8094/1578 7126/8091/1578
f 7130/8095/1581 7127/8096/1582 7128/8093/1580
f 7132/8097/1583 7129/8098/1581 7130/8095/1581
f 7134/8099/1584 7131/8100/1583 7132/8097/1583
f 7136/7084/1585 7133/8101/1584 7134/8099/1584
f 7138/8102/1586 7135/7087/1585 7136/7084/1585
f 7140/8103/1587 7137/8104/1586 7138/8102/1586
f 7142/8105/1588 7139/8106/1587 7140/8103/1587
f 7144/8107/1589 7141/8108/1588 7142/8105/1588
f 7146/8109/1590 7143/8110/1589 7144/8107/1589
f 7148/8111/1591 7145/8112/1590 7146/8109/1590
f 7150/8113/1592 7147/8114/1591 7148/8111/1591
f 7152/8115/1593 7149/8116/1592 7150/8113/1592
f 7154/8117/1594 7151/8118/1593 7152/8115/1593
f 7156/8119/1595 7153/8120/1594 7154/8117/1594
f 7158/8121/1596 7155/8122/1597 7156/8119/1595
f 7160/8123/1598 7157/8124/1596 7158/8121/1596
f 7162/8125/1599 7159/8126/1600 7160/8123/1598
f 7164/8127/1601 7161/8128/1599 7162/8125/1599
f 7166/8129/1602 7163/8130/1603 7164/8127/1601
f 7168/8131/1604 7165/8132/1602 7166/8129/1602
f 7170/8133/1605 7167/8134/1604 7168/8131/1604
f 7172/8135/1606 7169/8136/1607 7170/8133/1605
f 7174/8137/1608 7171/8138/1606 7172/8135/1606
f 7176/8139/1609 7173/8140/1608 7174/8137/1608
f 7178/8141/1610 7175/8142/1611 7176/8139/1609
f 7180/8143/1612 7177/8144/1613 7178/8141/1610
f 7182/8145/1614 7179/8146/1615 7180/8143/1612
f 7184/8147/1616 7181/8148/1614 7182/8145/1614
f 7186/8149/1617 7183/8150/1618 7184/8147/1616
f 7188/8151/1619 7185/8152/1617 7186/8149/1617
f 7190/8153/1620 7187/8154/1621 7188/8151/1619
f 7192/8155/1622 7189/8156/1620 7190/8153/1620
f 7194/8157/1623 7191/8158/1624 7192/8155/1622
f 7196/8159/1625 7193/8160/1623 7194/8157/1623
f 7198/8161/1626 7195/8162/1625 7196/8159/1625
f 7200/8163/1627 7197/8164/1626 7198/8161/1626
f 7202/8165/1628 7199/8166/1627 7200/8163/1627
f 7204/8167/1629 7201/8168/1628 7202/8165/1628
f 7206/8169/1630 7203/8170/1631 7204/8167/1629
f 7208/8171/1632 7205/8172/1630 7206/8169/1630
f 7210/7090/1633 7207/8173/1634 7208/8171/1632
f 7212/8174/1635 7209/7093/1633 7210/7090/1633
f 7214/8175/1636 7211/8176/1635 7212/8174/1635
f 7216/8177/1637 7213/8178/1638 7214/8175/1636
f 7218/8179/1639 7215/8180/1637 7216/8177/1637
f 7220/8181/1640 7217/8182/1639 7218/8179/1639
f 7222/8183/1641 7219/8184/1640 7220/8181/1640
f 7224/8185/1642 7221/8186/1641 7222/8183/1641
f 7226/8187/1643 7223/8188/1642 7224/8185/1642
f 7228/8189/1644 7225/8190/1643 7226/8187/1643
f 7230/8191/1645 7227/8192/1646 7228/8189/1644
f 7232/8193/1647 7229/8194/1648 7230/8191/1645
f 7234/8195/1649 7231/8196/1647 7232/8193/1647
f 7236/8197/1650 7233/8198/1651 7234/8195/1649
f 7238/8199/1652 7235/8200/1650 7236/8197/1650
f 7240/8201/1653 7237/8202/1654 7238/8199/1652
f 7242/8203/1655 7239/8204/1656 7240/8201/1653
f 7244/8205/1657 7241/8206/1655 7242/8203/1655
f 7246/8207/1658 7243/8208/1657 7244/8205/1657
f 7248/8209/1659 7245/8210/1660 7246/8207/1658
f 7250/8211/1661 7247/8212/1659 7248/8209/1659
f 7252/8213/1662 7249/8214/1661 7250/8211/1661
f 7254/8215/1663 7251/8216/1662 7252/8213/1662
f 7256/8217/1664 7253/8218/1663 7254/8215/1663
f 7258/8219/1665 7255/8220/1664 7256/8217/1664
f 7260/8221/1666 7257/8222/1665 7258/8219/1665
f 7262/8223/1667 7259/8224/1666 7260/8221/1666
f 7264/8225/1668 7261/8226/1669 7262/8223/1667
f 7266/8227/1670 7263/8228/1668 7264/8225/1668
f 7268/8229/1671 7265/8230/1672 7266/8227/1670
f 7270/8231/1673 7267/8232/1671 7268/8229/1671
f 7272/8233/1674 7269/8234/1673 7270/8231/1673
f 7274/8235/1675 7271/8236/1676 7272/8233/1674
f 7276/8237/1677 7273/8238/1675 7274/8235/1675
f 7278/8239/1678 7275/8240/1679 7276/8237/1677
f 7280/8241/1680 7277/8242/1678 7278/8239/1678
f 7282/8243/1681 7279/8244/1682 7280/8241/1680
f 7284/7096/1683 7281/8245/1681 7282/8243/1681
f 7286/8246/1684 7283/7098/1685 7284/7096/1683
f 7288/8247/1686 7285/8248/1684 7286/8246/1684
f 7290/8249/1687 7287/8250/1688 7288/8247/1686
f 7292/8251/1689 7289/8252/1690 7290/8249/1687
f 7294/8253/1691 7291/8254/1689 7292/8251/1689
f 7296/8255/1692 7293/8256/1691 7294/8253/1691
f 7298/8257/1693 7295/8258/1694 7296/8255/1692
f 7300/8259/1695 7297/8260/1693 7298/8257/1693
f 7302/8261/1696 7299/8262/1697 7300/8259/1695
f 7304/8263/1698 7301/8264/1696 7302/8261/1696
f 7306/8265/1699 7303/8266/1700 7304/8263/1698
f 7308/8267/1701 7305/8268/1699 7306/8265/1699
f 7310/8269/1702 7307/8270/1703 7308/8267/1701
f 7312/8271/1704 7309/8272/1702 7310/8269/1702
f 7314/8273/1705 7311/8274/1704 7312/8271/1704
f 7316/8275/1706 7313/8276/1707 7314/8273/1705
f 7318/8277/1708 7315/8278/1706 7316/8275/1706
f 7320/8279/1709 7317/8280/1710 7318/8277/1708
f 7322/8281/1711 7319/8282/1709 7320/8279/1709
f 7324/8283/1712 7321/8284/1711 7322/8281/1711
f 7326/8285/1713 7323/8286/1712 7324/8283/1712
f 7328/8287/1714 7325/8288/1713 7326/8285/1713
f 7330/8289/1715 7327/8290/1714 7328/8287/1714
f 7332/8291/1716 7329/8292/1715 7330/8289/1715
f 7334/8293/1717 7331/8294/1716 7332/8291/1716
f 7336/8295/1718 7333/8296/1717 7334/8293/1717
f 7338/8297/1719 7335/8298/1718 7336/8295/1718
f 7340/8299/1720 7337/8300/1719 7338/8297/1719
f 7342/8301/1721 7339/8302/1720 7340/8299/1720
f 7344/8303/1722 7341/8304/1721 7342/8301/1721
f 7346/8305/1723 7343/8306/1722 7344/8303/1722
f 7348/8307/1724 7345/8308/1723 7346/8305/1723
f 7350/8309/1725 7347/8310/1724 7348/8307/1724
f 7352/8311/1726 7349/8312/1725 7350/8309/1725
f 7354/8313/1727 7351/8314/1726 7352/8311/1726
f 7356/8315/1728 7353/8316/1727 7354/8313/1727
f 7062/7101/1542 7355/8317/1728 7356/8315/1728
f 7360/8318/994 7357/4788/997 7358/7081/997
f 7362/8319/1729 7359/8320/994 7360/8318/994
f 7364/8321/1730 7361/8322/1729 7362/8319/1729
f 7366/8323/1731 7363/8324/1730 7364/8321/1730
f 7368/8325/1732 7365/8326/1731 7366/8323/1731
f 7370/8327/1733 7367/8328/1732 7368/8325/1732
f 7372/7801/1734 7369/5823/1733 7370/8327/1733
f 7374/8329/1735 7371/7804/1734 7372/7801/1734
f 7376/8330/1736 7373/8331/1735 7374/8329/1735
f 7378/8332/1737 7375/5878/1736 7376/8330/1736
f 7380/8333/1738 7377/8334/1737 7378/8332/1737
f 7382/8335/1739 7379/8336/1738 7380/8333/1738
f 7384/8337/1740 7381/5932/1739 7382/8335/1739
f 7386/7829/1741 7383/8338/1740 7384/8337/1740
f 7388/8339/1742 7385/7832/1743 7386/7829/1741
f 7390/8340/1744 7387/8341/1745 7388/8339/1742
f 7392/8342/1746 7389/8343/1744 7390/8340/1744
f 7394/8344/1747 7391/8345/1746 7392/8342/1746
f 7396/8346/1748 7393/8347/1749 7394/8344/1747
f 7398/8348/1750 7395/8349/1748 7396/8346/1748
f 7400/7086/1751 7397/8350/1752 7398/8348/1750
f 7402/8351/1753 7399/7089/1751 7400/7086/1751
f 7404/8352/1754 7401/8353/1753 7402/8351/1753
f 7406/8354/1755 7403/8355/1756 7404/8352/1754
f 7408/8356/1757 7405/6083/1755 7406/8354/1755
f 7410/8357/1758 7407/8358/1757 7408/8356/1757
f 7412/8359/1759 7409/8360/1760 7410/8357/1758
f 7414/7885/1761 7411/6131/1762 7412/8359/1759
f 7416/8361/1763 7413/7888/1761 7414/7885/1761
f 7418/8362/1764 7415/8363/1763 7416/8361/1763
f 7420/8364/1765 7417/8365/1764 7418/8362/1764
f 7422/8366/1766 7419/8367/1765 7420/8364/1765
f 7424/8368/1767 7421/8369/1766 7422/8366/1766
f 7426/8370/1768 7423/8371/1769 7424/8368/1767
f 7428/7915/1770 7425/8372/1768 7426/8370/1768
f 7430/8373/1771 7427/7918/1770 7428/7915/1770
f 7432/8374/1772 7429/6168/1771 7430/8373/1771
f 7434/8375/1773 7431/8376/1772 7432/8374/1772
f 7436/8377/1774 7433/8378/1773 7434/8375/1773
f 7438/8379/1775 7435/6130/1774 7436/8377/1774
f 7440/8380/1776 7437/8381/1775 7438/8379/1775
f 7442/7094/1777 7439/8382/1778 7440/8380/1776
f 7444/8383/1779 7441/6096/1780 7442/7094/1777
f 7446/8384/1781 7443/8385/1264 7444/8383/1779
f 7448/8386/1782 7445/8387/1783 7446/8384/1781
f 7450/8388/1784 7447/6053/1785 7448/8386/1782
f 7452/8389/1786 7449/8390/1787 7450/8388/1784
f 7454/8391/1788 7451/8392/1786 7452/8389/1786
f 7456/7971/1789 7453/6025/1788 7454/8391/1788
f 7458/8393/1790 7455/7974/1789 7456/7971/1789
f 7460/8394/1791 7457/8395/1790 7458/8393/1790
f 7462/8396/1792 7459/5969/1791 7460/8394/1791
f 7464/8397/1793 7461/8398/1792 7462/8396/1792
f 7466/8399/1794 7463/8400/1793 7464/8397/1793
f 7468/8401/1795 7465/5925/1794 7466/8399/1794
f 7470/7999/1796 7467/8402/1795 7468/8401/1795
f 7472/8403/1797 7469/8002/1796 7470/7999/1796
f 7474/8404/1798 7471/8405/1797 7472/8403/1797
f 7476/8406/1799 7473/8407/1798 7474/8404/1798
f 7478/8408/1800 7475/8409/1799 7476/8406/1799
f 7480/8410/1801 7477/5843/1800 7478/8408/1800
f 7482/8411/1802 7479/8412/1801 7480/8410/1801
f 7358/7101/997 7481/8413/1802 7482/8411/1802
f 7486/8318/994 7483/4788/997 7484/7081/997
f 7488/8319/1803 7485/8320/994 7486/8318/994
f 7490/8321/1804 7487/8322/1803 7488/8319/1803
f 7492/8323/1805 7489/8324/1804 7490/8321/1804
f 7494/8325/1806 7491/8326/1805 7492/8323/1805
f 7496/8327/1807 7493/8328/1806 7494/8325/1806
f 7498/7801/1808 7495/5823/1807 7496/8327/1807
f 7500/8329/1809 7497/7804/1808 7498/7801/1808
f 7502/8330/1810 7499/8331/1809 7500/8329/1809
f 7504/8332/1811 7501/5878/1812 7502/8330/1810
f 7506/8333/1813 7503/8334/1811 7504/8332/1811
f 7508/8335/1814 7505/8336/1813 7506/8333/1813
f 7510/8337/1815 7507/5932/1814 7508/8335/1814
f 7512/7829/1816 7509/8338/1815 7510/8337/1815
f 7514/8339/1817 7511/7832/1816 7512/7829/1816
f 7516/8340/1818 7513/8341/1817 7514/8339/1817
f 7518/8342/1819 7515/8343/1818 7516/8340/1818
f 7520/8344/1820 7517/8345/1819 7518/8342/1819
f 7522/8346/1821 7519/8347/1820 7520/8344/1820
f 7524/8348/1822 7521/8349/1823 7522/8346/1821
f 7526/7086/1824 7523/8350/1822 7524/8348/1822
f 7528/8351/1825 7525/7089/1826 7526/7086/1824
f 7530/8352/1827 7527/8353/1825 7528/8351/1825
f 7532/8354/1828 7529/8355/1827 7530/8352/1827
f 7534/8356/1829 7531/6083/1828 7532/8354/1828
f 7536/8357/1830 7533/8358/1829 7534/8356/1829
f 7538/8359/1831 7535/8360/1830 7536/8357/1830
f 7540/7885/1832 7537/6131/1831 7538/8359/1831
f 7542/8361/1833 7539/7888/1834 7540/7885/1832
f 7544/8362/1835 7541/8363/1836 7542/8361/1833
f 7546/8364/1837 7543/8365/1835 7544/8362/1835
f 7548/8366/1838 7545/8367/1837 7546/8364/1837
f 7550/8368/1839 7547/8369/1838 7548/8366/1838
f 7552/8370/1840 7549/8371/1839 7550/8368/1839
f 7554/7915/1841 7551/8372/1842 7552/8370/1840
f 7556/8373/1843 7553/7918/1841 7554/7915/1841
f 7558/8374/1844 7555/6168/1845 7556/8373/1843
f 7560/8375/1846 7557/8376/1847 7558/8374/1844
f 7562/8377/1848 7559/8378/1849 7560/8375/1846
f 7564/8379/1850 7561/6130/1848 7562/8377/1848
f 7566/8380/1851 7563/8381/1852 7564/8379/1850
f 7568/7094/1853 7565/8382/1854 7566/8380/1851
f 7570/8383/1855 7567/6096/1856 7568/7094/1853
f 7572/8384/1857 7569/8385/1855 7570/8383/1855
f 7574/8386/1858 7571/8387/1857 7572/8384/1857
f 7576/8388/1859 7573/6053/1858 7574/8386/1858
f 7578/8389/1860 7575/8390/1859 7576/8388/1859
f 7580/8391/1861 7577/8392/1860 7578/8389/1860
f 7582/7971/1780 7579/6025/1862 7580/8391/1861
f 7584/8393/1863 7581/7974/1864 7582/7971/1780
f 7586/8394/1865 7583/8395/1863 7584/8393/1863
f 7588/8396/1866 7585/5969/1865 7586/8394/1865
f 7590/8397/1867 7587/8398/1866 7588/8396/1866
f 7592/8399/1868 7589/8400/1867 7590/8397/1867
f 7594/8401/1869 7591/5925/1870 7592/8399/1868
f 7596/7999/1871 7593/8402/1872 7594/8401/1869
f 7598/8403/1873 7595/8002/1871 7596/7999/1871
f 7600/8404/1874 7597/8405/1873 7598/8403/1873
f 7602/8406/1875 7599/8407/1874 7600/8404/1874
f 7604/8408/1876 7601/8409/1875 7602/8406/1875
f 7606/8410/1877 7603/5843/1876 7604/8408/1876
f 7608/8411/1878 7605/8412/1877 7606/8410/1877
f 7484/7101/997 7607/8413/1878 7608/8411/1878
f 5714/7080/992 5713/7083/992 5711/4788/993
f 5716/7082/994 5715/7085/994 5713/7083/992
f 5718/7084/994 5717/7087/994 5715/7085/994
f 5720/7086/995 5719/7089/996 5717/7087/994
f 5722/7088/996 5721/7091/995 5719/7089/996
f 5724/7090/994 5723/7093/994 5721/7091/995
f 5726/7092/997 5725/7095/997 5723/7093/994
f 5728/7094/993 5727/6096/993 5725/7095/997
f 5730/7096/993 5729/7098/993 5727/6096/993
f 5732/7097/998 5731/7100/998 5729/7098/993
f 5734/7099/998 5733/7102/998 5731/7100/998
f 5712/7101/993 5711/5810/993 5733/7102/998
f 5738/7103/999 5737/7105/1002 5735/4788/1000
f 5740/7104/1002 5739/5888/999 5737/7105/1002
f 5742/7106/997 5741/5974/997 5739/5888/999
f 5744/7107/997 5743/7109/997 5741/5974/997
f 5746/7108/993 5745/6089/993 5743/7109/997
f 5748/7110/992 5747/6174/992 5745/6089/993
f 5750/7111/994 5749/4786/994 5747/6174/992
f 5752/7112/994 5751/6129/994 5749/4786/994
f 5754/7113/1003 5753/6073/1003 5751/6129/994
f 5756/7114/1003 5755/6023/1003 5753/6073/1003
f 5758/7115/1004 5757/5940/1004 5755/6023/1003
f 5760/7116/1005 5759/7117/1005 5757/5940/1004
f 5736/7101/1001 5735/5810/1000 5759/7117/1005
f 5764/7118/1006 5763/7120/1006 5761/4788/1007
f 5766/7119/1008 5765/7122/1008 5763/7120/1006
f 5768/7121/1009 5767/7124/1009 5765/7122/1008
f 5770/7123/1010 5769/7126/1010 5767/7124/1009
f 5772/7125/1011 5771/7128/1011 5769/7126/1010
f 5774/7127/1012 5773/7130/1012 5771/7128/1011
f 5776/7129/1013 5775/7132/1013 5773/7130/1012
f 5778/7131/1014 5777/7134/1014 5775/7132/1013
f 5780/7133/1015 5779/7136/1015 5777/7134/1014
f 5782/7135/1016 5781/7138/1016 5779/7136/1015
f 5784/7137/1017 5783/7140/1017 5781/7138/1016
f 5786/7139/1018 5785/7142/1018 5783/7140/1017
f 5788/7141/1019 5787/7144/1019 5785/7142/1018
f 5790/7143/1020 5789/7146/1020 5787/7144/1019
f 5792/7145/1021 5791/7148/1021 5789/7146/1020
f 5794/7147/1022 5793/7150/1022 5791/7148/1021
f 5796/7149/1023 5795/7152/1023 5793/7150/1022
f 5798/7151/1024 5797/7154/1024 5795/7152/1023
f 5800/7153/1025 5799/7156/1025 5797/7154/1024
f 5802/7155/1026 5801/7158/1026 5799/7156/1025
f 5804/7157/1027 5803/7160/1027 5801/7158/1026
f 5806/7159/1028 5805/7162/1028 5803/7160/1027
f 5808/7161/1029 5807/7164/1029 5805/7162/1028
f 5810/7163/1030 5809/7166/1030 5807/7164/1029
f 5812/7165/1031 5811/7167/1031 5809/7166/1030
f 5814/7103/1032 5813/7105/1032 5811/7167/1031
f 5816/7168/1033 5815/7170/1033 5813/7105/1032
f 5818/7169/1034 5817/7172/1034 5815/7170/1033
f 5820/7171/1035 5819/7174/1035 5817/7172/1034
f 5822/7173/1036 5821/7176/1036 5819/7174/1035
f 5824/7175/1037 5823/7178/1037 5821/7176/1036
f 5826/7177/1038 5825/7180/1038 5823/7178/1037
f 5828/7179/1039 5827/7182/1039 5825/7180/1038
f 5830/7181/1040 5829/7184/1040 5827/7182/1039
f 5832/7183/1041 5831/7186/1041 5829/7184/1040
f 5834/7185/1042 5833/7188/1042 5831/7186/1041
f 5836/7187/1043 5835/7190/1043 5833/7188/1042
f 5838/7189/1044 5837/7192/1044 5835/7190/1043
f 5840/7191/1045 5839/7194/1045 5837/7192/1044
f 5842/7193/1046 5841/7196/1046 5839/7194/1045
f 5844/7195/1047 5843/7198/1047 5841/7196/1046
f 5846/7197/1048 5845/7200/1048 5843/7198/1047
f 5848/7199/1049 5847/7202/1049 5845/7200/1048
f 5850/7201/1050 5849/7204/1050 5847/7202/1049
f 5852/7203/1051 5851/7206/1051 5849/7204/1050
f 5854/7205/1052 5853/7208/1052 5851/7206/1051
f 5856/7207/1053 5855/7210/1053 5853/7208/1052
f 5858/7209/1054 5857/7212/1056 5855/7210/1053
f 5860/7211/1055 5859/7214/1055 5857/7212/1056
f 5862/7213/1057 5861/7216/1057 5859/7214/1055
f 5864/7215/1058 5863/7217/1060 5861/7216/1057
f 5866/7104/1059 5865/5888/1059 5863/7217/1060
f 5868/7218/1061 5867/7220/1061 5865/5888/1059
f 5870/7219/1062 5869/7222/1062 5867/7220/1061
f 5872/7221/1063 5871/7224/1063 5869/7222/1062
f 5874/7223/1064 5873/7226/1064 5871/7224/1063
f 5876/7225/1065 5875/7228/1065 5873/7226/1064
f 5878/7227/1066 5877/7230/1066 5875/7228/1065
f 5880/7229/1067 5879/7232/1067 5877/7230/1066
f 5882/7231/1068 5881/7234/1068 5879/7232/1067
f 5884/7233/1069 5883/7236/1069 5881/7234/1068
f 5886/7235/1070 5885/7238/1070 5883/7236/1069
f 5888/7237/1071 5887/7240/1071 5885/7238/1070
f 5890/7239/1072 5889/7242/1072 5887/7240/1071
f 5892/7241/1073 5891/7244/1073 5889/7242/1072
f 5894/7243/1074 5893/7246/1074 5891/7244/1073
f 5896/7245/1075 5895/7248/1075 5893/7246/1074
f 5898/7247/1076 5897/7250/1076 5895/7248/1075
f 5900/7249/1077 5899/7252/1077 5897/7250/1076
f 5902/7251/1078 5901/7254/1078 5899/7252/1077
f 5904/7253/1079 5903/7256/1079 5901/7254/1078
f 5906/7255/1080 5905/7258/1080 5903/7256/1079
f 5908/7257/1081 5907/7260/1081 5905/7258/1080
f 5910/7259/1082 5909/7262/1082 5907/7260/1081
f 5912/7261/1083 5911/7264/1083 5909/7262/1082
f 5914/7263/1084 5913/7266/1084 5911/7264/1083
f 5916/7265/1085 5915/7267/1085 5913/7266/1084
f 5918/7106/1086 5917/5974/1086 5915/7267/1085
f 5920/7268/1087 5919/7270/1087 5917/5974/1086
f 5922/7269/1088 5921/7272/1088 5919/7270/1087
f 5924/7271/1089 5923/7274/1089 5921/7272/1088
f 5926/7273/1090 5925/7276/1090 5923/7274/1089
f 5928/7275/1091 5927/7278/1091 5925/7276/1090
f 5930/7277/1092 5929/7280/1092 5927/7278/1091
f 5932/7279/1093 5931/7282/1093 5929/7280/1092
f 5934/7281/1094 5933/7284/1094 5931/7282/1093
f 5936/7283/1095 5935/7286/1095 5933/7284/1094
f 5938/7285/1096 5937/7288/1096 5935/7286/1095
f 5940/7287/1097 5939/7290/1099 5937/7288/1096
f 5942/7289/1098 5941/7292/1098 5939/7290/1099
f 5944/7291/1100 5943/7294/1100 5941/7292/1098
f 5946/7293/1101 5945/7296/1101 5943/7294/1100
f 5948/7295/1102 5947/7298/1102 5945/7296/1101
f 5950/7297/1103 5949/7300/1103 5947/7298/1102
f 5952/7299/1104 5951/7302/1104 5949/7300/1103
f 5954/7301/1105 5953/7304/1105 5951/7302/1104
f 5956/7303/1106 5955/7306/1106 5953/7304/1105
f 5958/7305/1107 5957/7308/1107 5955/7306/1106
f 5960/7307/1108 5959/7310/1108 5957/7308/1107
f 5962/7309/1109 5961/7312/1109 5959/7310/1108
f 5964/7311/1110 5963/7314/1110 5961/7312/1109
f 5966/7313/1111 5965/7316/1111 5963/7314/1110
f 5968/7315/1112 5967/7317/1112 5965/7316/1111
f 5970/7107/1113 5969/7109/1113 5967/7317/1112
f 5972/7318/1114 5971/7320/1116 5969/7109/1113
f 5974/7319/1115 5973/7322/1115 5971/7320/1116
f 5976/7321/1117 5975/7324/1117 5973/7322/1115
f 5978/7323/1118 5977/7326/1118 5975/7324/1117
f 5980/7325/1119 5979/7328/1119 5977/7326/1118
f 5982/7327/1120 5981/7330/1120 5979/7328/1119
f 5984/7329/1121 5983/7332/1121 5981/7330/1120
f 5986/7331/1122 5985/7334/1122 5983/7332/1121
f 5988/7333/1123 5987/7336/1123 5985/7334/1122
f 5990/7335/1124 5989/7338/1124 5987/7336/1123
f 5992/7337/1125 5991/7340/1125 5989/7338/1124
f 5994/7339/1126 5993/7342/1126 5991/7340/1125
f 5996/7341/1127 5995/7344/1129 5993/7342/1126
f 5998/7343/1128 5997/7346/1128 5995/7344/1129
f 6000/7345/1130 5999/7348/1130 5997/7346/1128
f 6002/7347/1131 6001/7350/1131 5999/7348/1130
f 6004/7349/1132 6003/7352/1132 6001/7350/1131
f 6006/7351/1133 6005/7354/1133 6003/7352/1132
f 6008/7353/1134 6007/7356/1134 6005/7354/1133
f 6010/7355/1135 6009/7358/1135 6007/7356/1134
f 6012/7357/1136 6011/7360/1136 6009/7358/1135
f 6014/7359/1137 6013/7362/1137 6011/7360/1136
f 6016/7361/1138 6015/7364/1138 6013/7362/1137
f 6018/7363/1139 6017/7366/1141 6015/7364/1138
f 6020/7365/1140 6019/7367/1140 6017/7366/1141
f 6022/7108/1142 6021/6089/1144 6019/7367/1140
f 6024/7368/1143 6023/7370/1143 6021/6089/1144
f 6026/7369/1145 6025/7372/1145 6023/7370/1143
f 6028/7371/1146 6027/7374/1146 6025/7372/1145
f 6030/7373/1147 6029/7376/1147 6027/7374/1146
f 6032/7375/1148 6031/7378/1148 6029/7376/1147
f 6034/7377/1149 6033/7380/1149 6031/7378/1148
f 6036/7379/1150 6035/7382/1150 6033/7380/1149
f 6038/7381/1151 6037/7384/1151 6035/7382/1150
f 6040/7383/1152 6039/7386/1152 6037/7384/1151
f 6042/7385/1153 6041/7388/1153 6039/7386/1152
f 6044/7387/1154 6043/7390/1154 6041/7388/1153
f 6046/7389/1155 6045/7392/1155 6043/7390/1154
f 6048/7391/1156 6047/7394/1156 6045/7392/1155
f 6050/7393/1157 6049/7396/1157 6047/7394/1156
f 6052/7395/1158 6051/7398/1158 6049/7396/1157
f 6054/7397/1159 6053/7400/1159 6051/7398/1158
f 6056/7399/1160 6055/7402/1160 6053/7400/1159
f 6058/7401/1161 6057/7404/1161 6055/7402/1160
f 6060/7403/1162 6059/7406/1162 6057/7404/1161
f 6062/7405/1163 6061/7408/1163 6059/7406/1162
f 6064/7407/1164 6063/7410/1164 6061/7408/1163
f 6066/7409/1165 6065/7412/1165 6063/7410/1164
f 6068/7411/1166 6067/7414/1166 6065/7412/1165
f 6070/7413/1167 6069/7416/1167 6067/7414/1166
f 6072/7415/1168 6071/7417/1168 6069/7416/1167
f 6074/7110/1169 6073/6174/1169 6071/7417/1168
f 6076/7418/1170 6075/7420/1170 6073/6174/1169
f 6078/7419/1171 6077/7422/1171 6075/7420/1170
f 6080/7421/1172 6079/7424/1172 6077/7422/1171
f 6082/7423/1173 6081/7426/1173 6079/7424/1172
f 6084/7425/1174 6083/7428/1174 6081/7426/1173
f 6086/7427/1175 6085/7430/1175 6083/7428/1174
f 6088/7429/1176 6087/7432/1176 6085/7430/1175
f 6090/7431/1177 6089/7434/1177 6087/7432/1176
f 6092/7433/1178 6091/7436/1178 6089/7434/1177
f 6094/7435/1179 6093/7438/1179 6091/7436/1178
f 6096/7437/1180 6095/7440/1180 6093/7438/1179
f 6098/7439/1181 6097/7441/1181 6095/7440/1180
f 6100/7090/1182 6099/7093/1182 6097/7441/1181
f 6102/7442/1183 6101/7444/1183 6099/7093/1182
f 6104/7443/1184 6103/7446/1186 6101/7444/1183
f 6106/7445/1185 6105/7448/1185 6103/7446/1186
f 6108/7447/1187 6107/7450/1187 6105/7448/1185
f 6110/7449/1188 6109/7452/1188 6107/7450/1187
f 6112/7451/1189 6111/7454/1189 6109/7452/1188
f 6114/7453/1190 6113/7456/1190 6111/7454/1189
f 6116/7455/1191 6115/7458/1191 6113/7456/1190
f 6118/7457/1192 6117/7460/1192 6115/7458/1191
f 6120/7459/1193 6119/7462/1193 6117/7460/1192
f 6122/7461/1194 6121/7464/1194 6119/7462/1193
f 6124/7463/1195 6123/7465/1195 6121/7464/1194
f 6126/7111/1196 6125/4786/1196 6123/7465/1195
f 6128/7466/1197 6127/7468/1197 6125/4786/1196
f 6130/7467/1198 6129/7470/1198 6127/7468/1197
f 6132/7469/1199 6131/7472/1199 6129/7470/1198
f 6134/7471/1200 6133/7474/1200 6131/7472/1199
f 6136/7473/1201 6135/7476/1201 6133/7474/1200
f 6138/7475/1202 6137/7478/1202 6135/7476/1201
f 6140/7477/1203 6139/7480/1203 6137/7478/1202
f 6142/7479/1204 6141/7482/1204 6139/7480/1203
f 6144/7481/1205 6143/7484/1205 6141/7482/1204
f 6146/7483/1206 6145/7486/1206 6143/7484/1205
f 6148/7485/1207 6147/7488/1207 6145/7486/1206
f 6150/7487/1208 6149/7490/1208 6147/7488/1207
f 6152/7489/1209 6151/7492/1209 6149/7490/1208
f 6154/7491/1210 6153/7494/1210 6151/7492/1209
f 6156/7493/1211 6155/7496/1211 6153/7494/1210
f 6158/7495/1212 6157/7498/1212 6155/7496/1211
f 6160/7497/1213 6159/7500/1213 6157/7498/1212
f 6162/7499/1214 6161/7502/1214 6159/7500/1213
f 6164/7501/1215 6163/7504/1215 6161/7502/1214
f 6166/7503/1216 6165/7506/1216 6163/7504/1215
f 6168/7505/1217 6167/7508/1217 6165/7506/1216
f 6170/7507/1218 6169/7510/1218 6167/7508/1217
f 6172/7509/1219 6171/7512/1219 6169/7510/1218
f 6174/7511/1220 6173/7514/1220 6171/7512/1219
f 6176/7513/1221 6175/7515/1221 6173/7514/1220
f 6178/7112/1222 6177/6129/1222 6175/7515/1221
f 6180/7516/1223 6179/7518/1223 6177/6129/1222
f 6182/7517/1224 6181/7520/1224 6179/7518/1223
f 6184/7519/1225 6183/7522/1225 6181/7520/1224
f 6186/7521/1226 6185/7524/1228 6183/7522/1225
f 6188/7523/1227 6187/7526/1227 6185/7524/1228
f 6190/7525/1229 6189/7528/1229 6187/7526/1227
f 6192/7527/1230 6191/7530/1230 6189/7528/1229
f 6194/7529/1231 6193/7532/1231 6191/7530/1230
f 6196/7531/1232 6195/7534/1232 6193/7532/1231
f 6198/7533/1233 6197/7536/1235 6195/7534/1232
f 6200/7535/1234 6199/7538/1234 6197/7536/1235
f 6202/7537/1236 6201/7540/1236 6199/7538/1234
f 6204/7539/1237 6203/7542/1237 6201/7540/1236
f 6206/7541/1238 6205/7544/1238 6203/7542/1237
f 6208/7543/1239 6207/7546/1239 6205/7544/1238
f 6210/7545/1240 6209/7548/1240 6207/7546/1239
f 6212/7547/1241 6211/7550/1241 6209/7548/1240
f 6214/7549/1242 6213/7552/1242 6211/7550/1241
f 6216/7551/1243 6215/7554/1243 6213/7552/1242
f 6218/7553/1244 6217/7556/1244 6215/7554/1243
f 6220/7555/1245 6219/7558/1245 6217/7556/1244
f 6222/7557/1246 6221/7560/1246 6219/7558/1245
f 6224/7559/1247 6223/7562/1247 6221/7560/1246
f 6226/7561/1248 6225/7564/1248 6223/7562/1247
f 6228/7563/1249 6227/7565/1249 6225/7564/1248
f 6230/7113/1250 6229/6073/1250 6227/7565/1249
f 6232/7566/1251 6231/7568/1251 6229/6073/1250
f 6234/7567/1252 6233/7570/1252 6231/7568/1251
f 6236/7569/1253 6235/7572/1253 6233/7570/1252
f 6238/7571/1254 6237/7574/1254 6235/7572/1253
f 6240/7573/1255 6239/7576/1257 6237/7574/1254
f 6242/7575/1256 6241/7578/1256 6239/7576/1257
f 6244/7577/1258 6243/7580/1258 6241/7578/1256
f 6246/7579/1259 6245/7582/1259 6243/7580/1258
f 6248/7581/1260 6247/7584/1260 6245/7582/1259
f 6250/7583/1261 6249/7586/1261 6247/7584/1260
f 6252/7585/1262 6251/7588/1262 6249/7586/1261
f 6254/7587/1263 6253/7590/1263 6251/7588/1262
f 6256/7589/1264 6255/7592/1264 6253/7590/1263
f 6258/7591/1265 6257/7594/1265 6255/7592/1264
f 6260/7593/1266 6259/7596/1266 6257/7594/1265
f 6262/7595/1267 6261/7598/1267 6259/7596/1266
f 6264/7597/1268 6263/7600/1268 6261/7598/1267
f 6266/7599/1269 6265/7602/1269 6263/7600/1268
f 6268/7601/1270 6267/7604/1270 6265/7602/1269
f 6270/7603/1271 6269/7606/1271 6267/7604/1270
f 6272/7605/1272 6271/7608/1272 6269/7606/1271
f 6274/7607/1273 6273/7610/1273 6271/7608/1272
f 6276/7609/1274 6275/7612/1274 6273/7610/1273
f 6278/7611/1275 6277/7614/1275 6275/7612/1274
f 6280/7613/1276 6279/7615/1276 6277/7614/1275
f 6282/7114/1277 6281/6023/1277 6279/7615/1276
f 6284/7616/1278 6283/7618/1278 6281/6023/1277
f 6286/7617/1279 6285/7620/1279 6283/7618/1278
f 6288/7619/1280 6287/7622/1280 6285/7620/1279
f 6290/7621/1281 6289/7624/1281 6287/7622/1280
f 6292/7623/1282 6291/7626/1282 6289/7624/1281
f 6294/7625/1283 6293/7628/1283 6291/7626/1282
f 6296/7627/1284 6295/7630/1284 6293/7628/1283
f 6298/7629/1285 6297/7632/1285 6295/7630/1284
f 6300/7631/1286 6299/7634/1286 6297/7632/1285
f 6302/7633/1287 6301/7636/1287 6299/7634/1286
f 6304/7635/1288 6303/7638/1288 6301/7636/1287
f 6306/7637/1289 6305/7640/1289 6303/7638/1288
f 6308/7639/1290 6307/7642/1290 6305/7640/1289
f 6310/7641/1291 6309/7644/1291 6307/7642/1290
f 6312/7643/1292 6311/7646/1292 6309/7644/1291
f 6314/7645/1293 6313/7648/1293 6311/7646/1292
f 6316/7647/1294 6315/7650/1294 6313/7648/1293
f 6318/7649/1295 6317/7652/1295 6315/7650/1294
f 6320/7651/1296 6319/7654/1296 6317/7652/1295
f 6322/7653/1297 6321/7656/1297 6319/7654/1296
f 6324/7655/1298 6323/7658/1298 6321/7656/1297
f 6326/7657/1299 6325/7660/1299 6323/7658/1298
f 6328/7659/1300 6327/7662/1300 6325/7660/1299
f 6330/7661/1301 6329/7664/1301 6327/7662/1300
f 6332/7663/1302 6331/7665/1302 6329/7664/1301
f 6334/7115/1303 6333/5940/1303 6331/7665/1302
f 6336/7666/1304 6335/7668/1304 6333/5940/1303
f 6338/7667/1305 6337/7670/1305 6335/7668/1304
f 6340/7669/1306 6339/7672/1306 6337/7670/1305
f 6342/7671/1307 6341/7674/1307 6339/7672/1306
f 6344/7673/1308 6343/7676/1308 6341/7674/1307
f 6346/7675/1309 6345/7678/1309 6343/7676/1308
f 6348/7677/1310 6347/7680/1310 6345/7678/1309
f 6350/7679/1311 6349/7682/1311 6347/7680/1310
f 6352/7681/1312 6351/7684/1312 6349/7682/1311
f 6354/7683/1313 6353/7686/1313 6351/7684/1312
f 6356/7685/1314 6355/7688/1314 6353/7686/1313
f 6358/7687/1315 6357/7690/1315 6355/7688/1314
f 6360/7689/1316 6359/7692/1316 6357/7690/1315
f 6362/7691/1317 6361/7694/1317 6359/7692/1316
f 6364/7693/1318 6363/7696/1318 6361/7694/1317
f 6366/7695/1319 6365/7698/1319 6363/7696/1318
f 6368/7697/1320 6367/7700/1320 6365/7698/1319
f 6370/7699/1321 6369/7702/1321 6367/7700/1320
f 6372/7701/1322 6371/7704/1322 6369/7702/1321
f 6374/7703/1323 6373/7706/1323 6371/7704/1322
f 6376/7705/1324 6375/7708/1324 6373/7706/1323
f 6378/7707/1325 6377/7710/1325 6375/7708/1324
f 6380/7709/1326 6379/7712/1326 6377/7710/1325
f 6382/7711/1327 6381/7714/1327 6379/7712/1326
f 6384/7713/1328 6383/7715/1328 6381/7714/1327
f 6386/7116/1329 6385/7117/1329 6383/7715/1328
f 6388/7716/1330 6387/7718/1330 6385/7117/1329
f 6390/7717/1331 6389/7720/1331 6387/7718/1330
f 6392/7719/1332 6391/7722/1332 6389/7720/1331
f 6394/7721/1333 6393/7724/1333 6391/7722/1332
f 6396/7723/1334 6395/7726/1334 6393/7724/1333
f 6398/7725/1335 6397/7728/1335 6395/7726/1334
f 6400/7727/1336 6399/7730/1336 6397/7728/1335
f 6402/7729/1337 6401/7732/1339 6399/7730/1336
f 6404/7731/1338 6403/7734/1338 6401/7732/1339
f 6406/7733/1340 6405/7736/1340 6403/7734/1338
f 6408/7735/1341 6407/7738/1341 6405/7736/1340
f 6410/7737/1342 6409/7740/1342 6407/7738/1341
f 6412/7739/1343 6411/7742/1343 6409/7740/1342
f 6414/7741/1344 6413/7744/1344 6411/7742/1343
f 6416/7743/1345 6415/7746/1345 6413/7744/1344
f 6418/7745/1346 6417/7748/1346 6415/7746/1345
f 6420/7747/1347 6419/7750/1347 6417/7748/1346
f 6422/7749/1348 6421/7752/1348 6419/7750/1347
f 6424/7751/1349 6423/7754/1349 6421/7752/1348
f 6426/7753/1350 6425/7756/1350 6423/7754/1349
f 6428/7755/1351 6427/7758/1351 6425/7756/1350
f 6430/7757/1352 6429/7760/1352 6427/7758/1351
f 6432/7759/1353 6431/7762/1353 6429/7760/1352
f 6434/7761/1354 6433/7764/1354 6431/7762/1353
f 6436/7763/1355 6435/7765/1355 6433/7764/1354
f 5762/7101/1007 5761/5810/1007 6435/7765/1355
f 6440/7766/1356 6439/7767/1358 6437/4788/1356
f 6442/7084/1357 6441/7087/1357 6439/7767/1358
f 6444/7768/1359 6443/7769/1359 6441/7087/1357
f 6446/7090/1360 6445/7093/1360 6443/7769/1359
f 6448/7770/1361 6447/7771/1361 6445/7093/1360
f 6450/7096/1362 6449/7098/1363 6447/7771/1361
f 6452/7772/1363 6451/7773/1363 6449/7098/1363
f 6438/7101/1356 6437/5810/1356 6451/7773/1363
f 6456/7084/993 6455/7087/993 6453/4788/992
f 6458/7090/997 6457/7093/997 6455/7087/993
f 6460/7096/994 6459/7098/994 6457/7093/997
f 6454/7101/992 6453/5810/992 6459/7098/994
f 6464/7080/993 6463/7083/993 6461/4788/997
f 6466/7082/992 6465/7085/992 6463/7083/993
f 6468/7084/994 6467/7087/994 6465/7085/992
f 6470/7086/994 6469/7089/994 6467/7087/994
f 6472/7088/992 6471/7091/992 6469/7089/994
f 6474/7090/992 6473/7093/992 6471/7091/992
f 6476/7092/994 6475/7095/994 6473/7093/992
f 6478/7094/997 6477/6096/997 6475/7095/994
f 6480/7096/993 6479/7098/993 6477/6096/997
f 6482/7097/993 6481/7100/993 6479/7098/993
f 6484/7099/997 6483/7102/997 6481/7100/993
f 6462/7101/997 6461/5810/997 6483/7102/997
f 6488/7774/1364 6487/7776/1364 6485/4788/1365
f 6490/7775/1366 6489/7778/1366 6487/7776/1364
f 6492/7777/1367 6491/7780/1367 6489/7778/1366
f 6494/7779/1368 6493/7782/1368 6491/7780/1367
f 6496/7781/1369 6495/7784/1369 6493/7782/1368
f 6498/7783/1370 6497/7786/1370 6495/7784/1369
f 6500/7785/1371 6499/7788/1371 6497/7786/1370
f 6502/7787/1372 6501/7790/1372 6499/7788/1371
f 6504/7789/1373 6503/7792/1373 6501/7790/1372
f 6506/7791/1374 6505/7794/1374 6503/7792/1373
f 6508/7793/1375 6507/7795/1375 6505/7794/1374
f 6510/7080/1376 6509/7083/1376 6507/7795/1375
f 6512/7796/1377 6511/7798/1377 6509/7083/1376
f 6514/7797/1378 6513/7800/1378 6511/7798/1377
f 6516/7799/1379 6515/7802/1379 6513/7800/1378
f 6518/7801/1380 6517/7804/1380 6515/7802/1379
f 6520/7803/1381 6519/7805/1381 6517/7804/1380
f 6522/7766/1382 6521/7767/1382 6519/7805/1381
f 6524/7806/1383 6523/7808/1383 6521/7767/1382
f 6526/7807/1384 6525/7810/1384 6523/7808/1383
f 6528/7809/1385 6527/7812/1385 6525/7810/1384
f 6530/7811/1386 6529/7814/1386 6527/7812/1385
f 6532/7813/1387 6531/7815/1387 6529/7814/1386
f 6534/7082/1388 6533/7085/1388 6531/7815/1387
f 6536/7816/1389 6535/7818/1389 6533/7085/1388
f 6538/7817/1390 6537/7820/1390 6535/7818/1389
f 6540/7819/1391 6539/7822/1391 6537/7820/1390
f 6542/7821/1392 6541/7824/1394 6539/7822/1391
f 6544/7823/1393 6543/7826/1393 6541/7824/1394
f 6546/7825/1395 6545/7828/1395 6543/7826/1393
f 6548/7827/1396 6547/7830/1396 6545/7828/1395
f 6550/7829/1397 6549/7832/1397 6547/7830/1396
f 6552/7831/1398 6551/7834/1398 6549/7832/1397
f 6554/7833/1399 6553/7836/1399 6551/7834/1398
f 6556/7835/1400 6555/7837/1400 6553/7836/1399
f 6558/7084/1401 6557/7087/1401 6555/7837/1400
f 6560/7838/1402 6559/7840/1402 6557/7087/1401
f 6562/7839/1403 6561/7842/1403 6559/7840/1402
f 6564/7841/1404 6563/7844/1406 6561/7842/1403
f 6566/7843/1405 6565/7846/1405 6563/7844/1406
f 6568/7845/1407 6567/7848/1407 6565/7846/1405
f 6570/7847/1408 6569/7850/1408 6567/7848/1407
f 6572/7849/1409 6571/7852/1409 6569/7850/1408
f 6574/7851/1410 6573/7854/1410 6571/7852/1409
f 6576/7853/1411 6575/7856/1411 6573/7854/1410
f 6578/7855/1412 6577/7858/1412 6575/7856/1411
f 6580/7857/1413 6579/7859/1413 6577/7858/1412
f 6582/7086/1414 6581/7089/1414 6579/7859/1413
f 6584/7860/1247 6583/7862/1247 6581/7089/1414
f 6586/7861/1248 6585/7864/1248 6583/7862/1247
f 6588/7863/1249 6587/7866/1249 6585/7864/1248
f 6590/7865/1250 6589/7868/1250 6587/7866/1249
f 6592/7867/1251 6591/7869/1251 6589/7868/1250
f 6594/7768/1252 6593/7769/1252 6591/7869/1251
f 6596/7870/1253 6595/7872/1253 6593/7769/1252
f 6598/7871/1254 6597/7874/1254 6595/7872/1253
f 6600/7873/1255 6599/7876/1257 6597/7874/1254
f 6602/7875/1256 6601/7878/1256 6599/7876/1257
f 6604/7877/1258 6603/7879/1258 6601/7878/1256
f 6606/7088/1259 6605/7091/1259 6603/7879/1258
f 6608/7880/1415 6607/7882/1415 6605/7091/1259
f 6610/7881/1261 6609/7884/1261 6607/7882/1415
f 6612/7883/1416 6611/7886/1262 6609/7884/1261
f 6614/7885/1263 6613/7888/1263 6611/7886/1262
f 6616/7887/1264 6615/7890/1264 6613/7888/1263
f 6618/7889/1265 6617/7892/1265 6615/7890/1264
f 6620/7891/1266 6619/7894/1266 6617/7892/1265
f 6622/7893/1267 6621/7896/1267 6619/7894/1266
f 6624/7895/1268 6623/7898/1268 6621/7896/1267
f 6626/7897/1269 6625/7900/1269 6623/7898/1268
f 6628/7899/1417 6627/7901/1417 6625/7900/1269
f 6630/7090/1271 6629/7093/1271 6627/7901/1417
f 6632/7902/1418 6631/7904/1418 6629/7093/1271
f 6634/7903/1273 6633/7906/1273 6631/7904/1418
f 6636/7905/1274 6635/7908/1274 6633/7906/1273
f 6638/7907/1275 6637/7910/1275 6635/7908/1274
f 6640/7909/1419 6639/7912/1419 6637/7910/1275
f 6642/7911/1277 6641/7914/1277 6639/7912/1419
f 6644/7913/1278 6643/7916/1278 6641/7914/1277
f 6646/7915/1279 6645/7918/1279 6643/7916/1278
f 6648/7917/1280 6647/7920/1280 6645/7918/1279
f 6650/7919/1281 6649/7922/1281 6647/7920/1280
f 6652/7921/1282 6651/7923/1282 6649/7922/1281
f 6654/7092/1283 6653/7095/1283 6651/7923/1282
f 6656/7924/1284 6655/7926/1284 6653/7095/1283
f 6658/7925/1285 6657/7928/1285 6655/7926/1284
f 6660/7927/1286 6659/7930/1286 6657/7928/1285
f 6662/7929/1287 6661/7932/1287 6659/7930/1286
f 6664/7931/1288 6663/7933/1288 6661/7932/1287
f 6666/7770/1289 6665/7771/1289 6663/7933/1288
f 6668/7934/1290 6667/7936/1290 6665/7771/1289
f 6670/7935/1291 6669/7938/1291 6667/7936/1290
f 6672/7937/1292 6671/7940/1292 6669/7938/1291
f 6674/7939/1293 6673/7942/1293 6671/7940/1292
f 6676/7941/1294 6675/7943/1294 6673/7942/1293
f 6678/7094/1295 6677/6096/1295 6675/7943/1294
f 6680/7944/1296 6679/7946/1296 6677/6096/1295
f 6682/7945/1297 6681/7948/1297 6679/7946/1296
f 6684/7947/1298 6683/7950/1298 6681/7948/1297
f 6686/7949/1420 6685/7952/1420 6683/7950/1298
f 6688/7951/1300 6687/7954/1300 6685/7952/1420
f 6690/7953/1301 6689/7956/1301 6687/7954/1300
f 6692/7955/1302 6691/7958/1302 6689/7956/1301
f 6694/7957/1303 6693/7960/1421 6691/7958/1302
f 6696/7959/1304 6695/7962/1304 6693/7960/1421
f 6698/7961/1305 6697/7964/1305 6695/7962/1304
f 6700/7963/1306 6699/7965/1306 6697/7964/1305
f 6702/7096/1307 6701/7098/1307 6699/7965/1306
f 6704/7966/1308 6703/7968/1308 6701/7098/1307
f 6706/7967/1309 6705/7970/1309 6703/7968/1308
f 6708/7969/1422 6707/7972/1422 6705/7970/1309
f 6710/7971/1311 6709/7974/1311 6707/7972/1422
f 6712/7973/1312 6711/7976/1312 6709/7974/1311
f 6714/7975/1313 6713/7978/1313 6711/7976/1312
f 6716/7977/1314 6715/7980/1314 6713/7978/1313
f 6718/7979/1315 6717/7982/1315 6715/7980/1314
f 6720/7981/1316 6719/7984/1316 6717/7982/1315
f 6722/7983/1317 6721/7986/1317 6719/7984/1316
f 6724/7985/1318 6723/7987/1318 6721/7986/1317
f 6726/7097/1423 6725/7100/1423 6723/7987/1318
f 6728/7988/1424 6727/7990/1424 6725/7100/1423
f 6730/7989/1425 6729/7992/1425 6727/7990/1424
f 6732/7991/1426 6731/7994/1426 6729/7992/1425
f 6734/7993/1427 6733/7996/1427 6731/7994/1426
f 6736/7995/1428 6735/7997/1428 6733/7996/1427
f 6738/7772/1429 6737/7773/1429 6735/7997/1428
f 6740/7998/1430 6739/8000/1430 6737/7773/1429
f 6742/7999/1431 6741/8002/1431 6739/8000/1430
f 6744/8001/1432 6743/8004/1434 6741/8002/1431
f 6746/8003/1433 6745/8006/1433 6743/8004/1434
f 6748/8005/1435 6747/8007/1435 6745/8006/1433
f 6750/7099/1436 6749/7102/1436 6747/8007/1435
f 6752/8008/1437 6751/8010/1437 6749/7102/1436
f 6754/8009/1438 6753/8012/1438 6751/8010/1437
f 6756/8011/1439 6755/8014/1439 6753/8012/1438
f 6758/8013/1440 6757/8016/1440 6755/8014/1439
f 6760/8015/1441 6759/8018/1441 6757/8016/1440
f 6762/8017/1442 6761/8020/1442 6759/8018/1441
f 6764/8019/1443 6763/8022/1443 6761/8020/1442
f 6766/8021/1444 6765/8024/1444 6763/8022/1443
f 6768/8023/1445 6767/8026/1445 6765/8024/1444
f 6770/8025/1446 6769/8028/1446 6767/8026/1445
f 6772/8027/1447 6771/8029/1447 6769/8028/1446
f 6486/7101/1365 6485/5810/1365 6771/8029/1447
f 6776/7774/1448 6775/7776/1448 6773/4788/1449
f 6778/7775/1450 6777/7778/1450 6775/7776/1448
f 6780/7777/1451 6779/7780/1451 6777/7778/1450
f 6782/7779/1193 6781/7782/1193 6779/7780/1451
f 6784/7781/1452 6783/7784/1452 6781/7782/1193
f 6786/7783/1453 6785/7786/1453 6783/7784/1452
f 6788/7785/1454 6787/7788/1454 6785/7786/1453
f 6790/7787/1455 6789/7790/1455 6787/7788/1454
f 6792/7789/1456 6791/7792/1456 6789/7790/1455
f 6794/7791/1457 6793/7794/1457 6791/7792/1456
f 6796/7793/1458 6795/7795/1458 6793/7794/1457
f 6798/7080/1459 6797/7083/1459 6795/7795/1458
f 6800/7796/1460 6799/7798/1460 6797/7083/1459
f 6802/7797/1461 6801/7800/1461 6799/7798/1460
f 6804/7799/1462 6803/7802/1462 6801/7800/1461
f 6806/7801/1463 6805/7804/1463 6803/7802/1462
f 6808/7803/1464 6807/7805/1466 6805/7804/1463
f 6810/7766/1465 6809/7767/1465 6807/7805/1466
f 6812/7806/1467 6811/7808/1467 6809/7767/1465
f 6814/7807/1468 6813/7810/1468 6811/7808/1467
f 6816/7809/1469 6815/7812/1469 6813/7810/1468
f 6818/7811/1470 6817/7814/1470 6815/7812/1469
f 6820/7813/1471 6819/7815/1471 6817/7814/1470
f 6822/7082/1472 6821/7085/1474 6819/7815/1471
f 6824/7816/1473 6823/7818/1473 6821/7085/1474
f 6826/7817/1475 6825/7820/1475 6823/7818/1473
f 6828/7819/1476 6827/7822/1476 6825/7820/1475
f 6830/7821/1477 6829/7824/1479 6827/7822/1476
f 6832/7823/1478 6831/7826/1478 6829/7824/1479
f 6834/7825/1480 6833/7828/1480 6831/7826/1478
f 6836/7827/1481 6835/7830/1481 6833/7828/1480
f 6838/7829/1482 6837/7832/1482 6835/7830/1481
f 6840/7831/1483 6839/7834/1485 6837/7832/1482
f 6842/7833/1484 6841/7836/1487 6839/7834/1485
f 6844/7835/1486 6843/7837/1489 6841/7836/1487
f 6846/7084/1488 6845/7087/1491 6843/7837/1489
f 6848/7838/1490 6847/7840/1490 6845/7087/1491
f 6850/7839/1492 6849/7842/1492 6847/7840/1490
f 6852/7841/1493 6851/7844/1493 6849/7842/1492
f 6854/7843/1494 6853/7846/1494 6851/7844/1493
f 6856/7845/1495 6855/7848/1495 6853/7846/1494
f 6858/7847/1496 6857/7850/1496 6855/7848/1495
f 6860/7849/1497 6859/7852/1497 6857/7850/1496
f 6862/7851/1498 6861/7854/1498 6859/7852/1497
f 6864/7853/1499 6863/7856/1499 6861/7854/1498
f 6866/7855/1500 6865/7858/1500 6863/7856/1499
f 6868/7857/1501 6867/7859/1501 6865/7858/1500
f 6870/7086/1414 6869/7089/1414 6867/7859/1501
f 6872/7860/1070 6871/7862/1070 6869/7089/1414
f 6874/7861/1071 6873/7864/1071 6871/7862/1070
f 6876/7863/1072 6875/7866/1072 6873/7864/1071
f 6878/7865/1502 6877/7868/1073 6875/7866/1072
f 6880/7867/1074 6879/7869/1074 6877/7868/1073
f 6882/7768/1075 6881/7769/1075 6879/7869/1074
f 6884/7870/1076 6883/7872/1076 6881/7769/1075
f 6886/7871/1077 6885/7874/1077 6883/7872/1076
f 6888/7873/1078 6887/7876/1078 6885/7874/1077
f 6890/7875/1079 6889/7878/1079 6887/7876/1078
f 6892/7877/1080 6891/7879/1080 6889/7878/1079
f 6894/7088/1081 6893/7091/1081 6891/7879/1080
f 6896/7880/1082 6895/7882/1082 6893/7091/1081
f 6898/7881/1083 6897/7884/1083 6895/7882/1082
f 6900/7883/1084 6899/7886/1084 6897/7884/1083
f 6902/7885/1503 6901/7888/1085 6899/7886/1084
f 6904/7887/1086 6903/7890/1086 6901/7888/1085
f 6906/7889/1087 6905/7892/1087 6903/7890/1086
f 6908/7891/1088 6907/7894/1088 6905/7892/1087
f 6910/7893/1504 6909/7896/1504 6907/7894/1088
f 6912/7895/1090 6911/7898/1090 6909/7896/1504
f 6914/7897/1091 6913/7900/1091 6911/7898/1090
f 6916/7899/1092 6915/7901/1092 6913/7900/1091
f 6918/7090/1505 6917/7093/1506 6915/7901/1092
f 6920/7902/1094 6919/7904/1094 6917/7093/1506
f 6922/7903/1095 6921/7906/1095 6919/7904/1094
f 6924/7905/1096 6923/7908/1096 6921/7906/1095
f 6926/7907/1097 6925/7910/1097 6923/7908/1096
f 6928/7909/1098 6927/7912/1098 6925/7910/1097
f 6930/7911/1100 6929/7914/1507 6927/7912/1098
f 6932/7913/1101 6931/7916/1508 6929/7914/1507
f 6934/7915/1102 6933/7918/1102 6931/7916/1508
f 6936/7917/1103 6935/7920/1103 6933/7918/1102
f 6938/7919/1104 6937/7922/1104 6935/7920/1103
f 6940/7921/1105 6939/7923/1105 6937/7922/1104
f 6942/7092/1376 6941/7095/1376 6939/7923/1105
f 6944/7924/1107 6943/7926/1509 6941/7095/1376
f 6946/7925/1108 6945/7928/1108 6943/7926/1509
f 6948/7927/1510 6947/7930/1510 6945/7928/1108
f 6950/7929/1110 6949/7932/1110 6947/7930/1510
f 6952/7931/1111 6951/7933/1111 6949/7932/1110
f 6954/7770/1112 6953/7771/1112 6951/7933/1111
f 6956/7934/1113 6955/7936/1113 6953/7771/1112
f 6958/7935/1114 6957/7938/1116 6955/7936/1113
f 6960/7937/1115 6959/7940/1115 6957/7938/1116
f 6962/7939/1117 6961/7942/1512 6959/7940/1115
f 6964/7941/1511 6963/7943/1118 6961/7942/1512
f 6966/7094/1119 6965/6096/1119 6963/7943/1118
f 6968/7944/1120 6967/7946/1120 6965/6096/1119
f 6970/7945/1121 6969/7948/1121 6967/7946/1120
f 6972/7947/1122 6971/7950/1122 6969/7948/1121
f 6974/7949/1123 6973/7952/1513 6971/7950/1122
f 6976/7951/1124 6975/7954/1124 6973/7952/1513
f 6978/7953/1514 6977/7956/1514 6975/7954/1124
f 6980/7955/1126 6979/7958/1126 6977/7956/1514
f 6982/7957/1127 6981/7960/1515 6979/7958/1126
f 6984/7959/1128 6983/7962/1128 6981/7960/1515
f 6986/7961/1130 6985/7964/1130 6983/7962/1128
f 6988/7963/1131 6987/7965/1131 6985/7964/1130
f 6990/7096/1132 6989/7098/1132 6987/7965/1131
f 6992/7966/1133 6991/7968/1133 6989/7098/1132
f 6994/7967/1134 6993/7970/1134 6991/7968/1133
f 6996/7969/1135 6995/7972/1135 6993/7970/1134
f 6998/7971/1136 6997/7974/1136 6995/7972/1135
f 7000/7973/1137 6999/7976/1137 6997/7974/1136
f 7002/7975/1138 7001/7978/1138 6999/7976/1137
f 7004/7977/1139 7003/7980/1141 7001/7978/1138
f 7006/7979/1140 7005/7982/1140 7003/7980/1141
f 7008/7981/1142 7007/7984/1144 7005/7982/1140
f 7010/7983/1143 7009/7986/1143 7007/7984/1144
f 7012/7985/1145 7011/7987/1145 7009/7986/1143
f 7014/7097/1423 7013/7100/1423 7011/7987/1145
f 7016/7988/1516 7015/7990/1516 7013/7100/1423
f 7018/7989/1517 7017/7992/1517 7015/7990/1516
f 7020/7991/1518 7019/7994/1520 7017/7992/1517
f 7022/7993/1519 7021/7996/1519 7019/7994/1520
f 7024/7995/1521 7023/7997/1523 7021/7996/1519
f 7026/7772/1522 7025/7773/1522 7023/7997/1523
f 7028/7998/1524 7027/8000/1524 7025/7773/1522
f 7030/7999/1525 7029/8002/1525 7027/8000/1524
f 7032/8001/1526 7031/8004/1526 7029/8002/1525
f 7034/8003/1527 7033/8006/1527 7031/8004/1526
f 7036/8005/1528 7035/8007/1528 7033/8006/1527
f 7038/7099/1529 7037/7102/1529 7035/8007/1528
f 7040/8008/1530 7039/8010/1532 7037/7102/1529
f 7042/8009/1531 7041/8012/1531 7039/8010/1532
f 7044/8011/1533 7043/8014/1533 7041/8012/1531
f 7046/8013/1534 7045/8016/1534 7043/8014/1533
f 7048/8015/1535 7047/8018/1535 7045/8016/1534
f 7050/8017/1536 7049/8020/1536 7047/8018/1535
f 7052/8019/1537 7051/8022/1537 7049/8020/1536
f 7054/8021/1538 7053/8024/1538 7051/8022/1537
f 7056/8023/1539 7055/8026/1539 7053/8024/1538
f 7058/8025/1540 7057/8028/1540 7055/8026/1539
f 7060/8027/1541 7059/8029/1541 7057/8028/1540
f 6774/7101/1449 6773/5810/1449 7059/8029/1541
f 7064/8030/993 7063/8032/993 7061/4788/1542
f 7066/8031/992 7065/8034/992 7063/8032/993
f 7068/8033/1543 7067/8036/1543 7065/8034/992
f 7070/8035/1544 7069/8038/1544 7067/8036/1543
f 7072/8037/1545 7071/8040/1545 7069/8038/1544
f 7074/8039/1546 7073/8042/1546 7071/8040/1545
f 7076/8041/1547 7075/8044/1547 7073/8042/1546
f 7078/8043/1548 7077/8046/1548 7075/8044/1547
f 7080/8045/1549 7079/8048/1549 7077/8046/1548
f 7082/8047/1550 7081/8050/1550 7079/8048/1549
f 7084/8049/1551 7083/8052/1551 7081/8050/1550
f 7086/8051/1552 7085/8054/1554 7083/8052/1551
f 7088/8053/1553 7087/8056/1553 7085/8054/1554
f 7090/8055/1555 7089/8058/1557 7087/8056/1553
f 7092/8057/1556 7091/8060/1556 7089/8058/1557
f 7094/8059/1558 7093/8062/1558 7091/8060/1556
f 7096/8061/1559 7095/8064/1559 7093/8062/1558
f 7098/8063/1560 7097/8066/1560 7095/8064/1559
f 7100/8065/1561 7099/8068/1561 7097/8066/1560
f 7102/8067/1562 7101/8070/1562 7099/8068/1561
f 7104/8069/1563 7103/8072/1515 7101/8070/1562
f 7106/8071/1564 7105/8074/1564 7103/8072/1515
f 7108/8073/1565 7107/8076/1565 7105/8074/1564
f 7110/8075/1566 7109/8078/1568 7107/8076/1565
f 7112/8077/1567 7111/8080/1567 7109/8078/1568
f 7114/8079/1569 7113/8082/1571 7111/8080/1567
f 7116/8081/1570 7115/8084/1573 7113/8082/1571
f 7118/8083/1572 7117/8086/1575 7115/8084/1573
f 7120/8085/1574 7119/8088/1574 7117/8086/1575
f 7122/8087/1576 7121/8090/1576 7119/8088/1574
f 7124/8089/1577 7123/8092/1579 7121/8090/1576
f 7126/8091/1578 7125/8094/1578 7123/8092/1579
f 7128/8093/1580 7127/8096/1582 7125/8094/1578
f 7130/8095/1581 7129/8098/1581 7127/8096/1582
f 7132/8097/1583 7131/8100/1583 7129/8098/1581
f 7134/8099/1584 7133/8101/1584 7131/8100/1583
f 7136/7084/1585 7135/7087/1585 7133/8101/1584
f 7138/8102/1586 7137/8104/1586 7135/7087/1585
f 7140/8103/1587 7139/8106/1587 7137/8104/1586
f 7142/8105/1588 7141/8108/1588 7139/8106/1587
f 7144/8107/1589 7143/8110/1589 7141/8108/1588
f 7146/8109/1590 7145/8112/1590 7143/8110/1589
f 7148/8111/1591 7147/8114/1591 7145/8112/1590
f 7150/8113/1592 7149/8116/1592 7147/8114/1591
f 7152/8115/1593 7151/8118/1593 7149/8116/1592
f 7154/8117/1594 7153/8120/1594 7151/8118/1593
f 7156/8119/1595 7155/8122/1597 7153/8120/1594
f 7158/8121/1596 7157/8124/1596 7155/8122/1597
f 7160/8123/1598 7159/8126/1600 7157/8124/1596
f 7162/8125/1599 7161/8128/1599 7159/8126/1600
f 7164/8127/1601 7163/8130/1603 7161/8128/1599
f 7166/8129/1602 7165/8132/1602 7163/8130/1603
f 7168/8131/1604 7167/8134/1604 7165/8132/1602
f 7170/8133/1605 7169/8136/1607 7167/8134/1604
f 7172/8135/1606 7171/8138/1606 7169/8136/1607
f 7174/8137/1608 7173/8140/1608 7171/8138/1606
f 7176/8139/1609 7175/8142/1611 7173/8140/1608
f 7178/8141/1610 7177/8144/1613 7175/8142/1611
f 7180/8143/1612 7179/8146/1615 7177/8144/1613
f 7182/8145/1614 7181/8148/1614 7179/8146/1615
f 7184/8147/1616 7183/8150/1618 7181/8148/1614
f 7186/8149/1617 7185/8152/1617 7183/8150/1618
f 7188/8151/1619 7187/8154/1621 7185/8152/1617
f 7190/8153/1620 7189/8156/1620 7187/8154/1621
f 7192/8155/1622 7191/8158/1624 7189/8156/1620
f 7194/8157/1623 7193/8160/1623 7191/8158/1624
f 7196/8159/1625 7195/8162/1625 7193/8160/1623
f 7198/8161/1626 7197/8164/1626 7195/8162/1625
f 7200/8163/1627 7199/8166/1627 7197/8164/1626
f 7202/8165/1628 7201/8168/1628 7199/8166/1627
f 7204/8167/1629 7203/8170/1631 7201/8168/1628
f 7206/8169/1630 7205/8172/1630 7203/8170/1631
f 7208/8171/1632 7207/8173/1634 7205/8172/1630
f 7210/7090/1633 7209/7093/1633 7207/8173/1634
f 7212/8174/1635 7211/8176/1635 7209/7093/1633
f 7214/8175/1636 7213/8178/1638 7211/8176/1635
f 7216/8177/1637 7215/8180/1637 7213/8178/1638
f 7218/8179/1639 7217/8182/1639 7215/8180/1637
f 7220/8181/1640 7219/8184/1640 7217/8182/1639
f 7222/8183/1641 7221/8186/1641 7219/8184/1640
f 7224/8185/1642 7223/8188/1642 7221/8186/1641
f 7226/8187/1643 7225/8190/1643 7223/8188/1642
f 7228/8189/1644 7227/8192/1646 7225/8190/1643
f 7230/8191/1645 7229/8194/1648 7227/8192/1646
f 7232/8193/1647 7231/8196/1647 7229/8194/1648
f 7234/8195/1649 7233/8198/1651 7231/8196/1647
f 7236/8197/1650 7235/8200/1650 7233/8198/1651
f 7238/8199/1652 7237/8202/1654 7235/8200/1650
f 7240/8201/1653 7239/8204/1656 7237/8202/1654
f 7242/8203/1655 7241/8206/1655 7239/8204/1656
f 7244/8205/1657 7243/8208/1657 7241/8206/1655
f 7246/8207/1658 7245/8210/1660 7243/8208/1657
f 7248/8209/1659 7247/8212/1659 7245/8210/1660
f 7250/8211/1661 7249/8214/1661 7247/8212/1659
f 7252/8213/1662 7251/8216/1662 7249/8214/1661
f 7254/8215/1663 7253/8218/1663 7251/8216/1662
f 7256/8217/1664 7255/8220/1664 7253/8218/1663
f 7258/8219/1665 7257/8222/1665 7255/8220/1664
f 7260/8221/1666 7259/8224/1666 7257/8222/1665
f 7262/8223/1667 7261/8226/1669 7259/8224/1666
f 7264/8225/1668 7263/8228/1668 7261/8226/1669
f 7266/8227/1670 7265/8230/1672 7263/8228/1668
f 7268/8229/1671 7267/8232/1671 7265/8230/1672
f 7270/8231/1673 7269/8234/1673 7267/8232/1671
f 7272/8233/1674 7271/8236/1676 7269/8234/1673
f 7274/8235/1675 7273/8238/1675 7271/8236/1676
f 7276/8237/1677 7275/8240/1679 7273/8238/1675
f 7278/8239/1678 7277/8242/1678 7275/8240/1679
f 7280/8241/1680 7279/8244/1682 7277/8242/1678
f 7282/8243/1681 7281/8245/1681 7279/8244/1682
f 7284/7096/1683 7283/7098/1685 7281/8245/1681
f 7286/8246/1684 7285/8248/1684 7283/7098/1685
f 7288/8247/1686 7287/8250/1688 7285/8248/1684
f 7290/8249/1687 7289/8252/1690 7287/8250/1688
f 7292/8251/1689 7291/8254/1689 7289/8252/1690
f 7294/8253/1691 7293/8256/1691 7291/8254/1689
f 7296/8255/1692 7295/8258/1694 7293/8256/1691
f 7298/8257/1693 7297/8260/1693 7295/8258/1694
f 7300/8259/1695 7299/8262/1697 7297/8260/1693
f 7302/8261/1696 7301/8264/1696 7299/8262/1697
f 7304/8263/1698 7303/8266/1700 7301/8264/1696
f 7306/8265/1699 7305/8268/1699 7303/8266/1700
f 7308/8267/1701 7307/8270/1703 7305/8268/1699
f 7310/8269/1702 7309/8272/1702 7307/8270/1703
f 7312/8271/1704 7311/8274/1704 7309/8272/1702
f 7314/8273/1705 7313/8276/1707 7311/8274/1704
f 7316/8275/1706 7315/8278/1706 7313/8276/1707
f 7318/8277/1708 7317/8280/1710 7315/8278/1706
f 7320/8279/1709 7319/8282/1709 7317/8280/1710
f 7322/8281/1711 7321/8284/1711 7319/8282/1709
f 7324/8283/1712 7323/8286/1712 7321/8284/1711
f 7326/8285/1713 7325/8288/1713 7323/8286/1712
f 7328/8287/1714 7327/8290/1714 7325/8288/1713
f 7330/8289/1715 7329/8292/1715 7327/8290/1714
f 7332/8291/1716 7331/8294/1716 7329/8292/1715
f 7334/8293/1717 7333/8296/1717 7331/8294/1716
f 7336/8295/1718 7335/8298/1718 7333/8296/1717
f 7338/8297/1719 7337/8300/1719 7335/8298/1718
f 7340/8299/1720 7339/8302/1720 7337/8300/1719
f 7342/8301/1721 7341/8304/1721 7339/8302/1720
f 7344/8303/1722 7343/8306/1722 7341/8304/1721
f 7346/8305/1723 7345/8308/1723 7343/8306/1722
f 7348/8307/1724 7347/8310/1724 7345/8308/1723
f 7350/8309/1725 7349/8312/1725 7347/8310/1724
f 7352/8311/1726 7351/8314/1726 7349/8312/1725
f 7354/8313/1727 7353/8316/1727 7351/8314/1726
f 7356/8315/1728 7355/8317/1728 7353/8316/1727
f 7062/7101/1542 7061/5810/1542 7355/8317/1728
f 7360/8318/994 7359/8320/994 7357/4788/997
f 7362/8319/1729 7361/8322/1729 7359/8320/994
f 7364/8321/1730 7363/8324/1730 7361/8322/1729
f 7366/8323/1731 7365/8326/1731 7363/8324/1730
f 7368/8325/1732 7367/8328/1732 7365/8326/1731
f 7370/8327/1733 7369/5823/1733 7367/8328/1732
f 7372/7801/1734 7371/7804/1734 7369/5823/1733
f 7374/8329/1735 7373/8331/1735 7371/7804/1734
f 7376/8330/1736 7375/5878/1736 7373/8331/1735
f 7378/8332/1737 7377/8334/1737 7375/5878/1736
f 7380/8333/1738 7379/8336/1738 7377/8334/1737
f 7382/8335/1739 7381/5932/1739 7379/8336/1738
f 7384/8337/1740 7383/8338/1740 7381/5932/1739
f 7386/7829/1741 7385/7832/1743 7383/8338/1740
f 7388/8339/1742 7387/8341/1745 7385/7832/1743
f 7390/8340/1744 7389/8343/1744 7387/8341/1745
f 7392/8342/1746 7391/8345/1746 7389/8343/1744
f 7394/8344/1747 7393/8347/1749 7391/8345/1746
f 7396/8346/1748 7395/8349/1748 7393/8347/1749
f 7398/8348/1750 7397/8350/1752 7395/8349/1748
f 7400/7086/1751 7399/7089/1751 7397/8350/1752
f 7402/8351/1753 7401/8353/1753 7399/7089/1751
f 7404/8352/1754 7403/8355/1756 7401/8353/1753
f 7406/8354/1755 7405/6083/1755 7403/8355/1756
f 7408/8356/1757 7407/8358/1757 7405/6083/1755
f 7410/8357/1758 7409/8360/1760 7407/8358/1757
f 7412/8359/1759 7411/6131/1762 7409/8360/1760
f 7414/7885/1761 7413/7888/1761 7411/6131/1762
f 7416/8361/1763 7415/8363/1763 7413/7888/1761
f 7418/8362/1764 7417/8365/1764 7415/8363/1763
f 7420/8364/1765 7419/8367/1765 7417/8365/1764
f 7422/8366/1766 7421/8369/1766 7419/8367/1765
f 7424/8368/1767 7423/8371/1769 7421/8369/1766
f 7426/8370/1768 7425/8372/1768 7423/8371/1769
f 7428/7915/1770 7427/7918/1770 7425/8372/1768
f 7430/8373/1771 7429/6168/1771 7427/7918/1770
f 7432/8374/1772 7431/8376/1772 7429/6168/1771
f 7434/8375/1773 7433/8378/1773 7431/8376/1772
f 7436/8377/1774 7435/6130/1774 7433/8378/1773
f 7438/8379/1775 7437/8381/1775 7435/6130/1774
f 7440/8380/1776 7439/8382/1778 7437/8381/1775
f 7442/7094/1777 7441/6096/1780 7439/8382/1778
f 7444/8383/1779 7443/8385/1264 7441/6096/1780
f 7446/8384/1781 7445/8387/1783 7443/8385/1264
f 7448/8386/1782 7447/6053/1785 7445/8387/1783
f 7450/8388/1784 7449/8390/1787 7447/6053/1785
f 7452/8389/1786 7451/8392/1786 7449/8390/1787
f 7454/8391/1788 7453/6025/1788 7451/8392/1786
f 7456/7971/1789 7455/7974/1789 7453/6025/1788
f 7458/8393/1790 7457/8395/1790 7455/7974/1789
f 7460/8394/1791 7459/5969/1791 7457/8395/1790
f 7462/8396/1792 7461/8398/1792 7459/5969/1791
f 7464/8397/1793 7463/8400/1793 7461/8398/1792
f 7466/8399/1794 7465/5925/1794 7463/8400/1793
f 7468/8401/1795 7467/8402/1795 7465/5925/1794
f 7470/7999/1796 7469/8002/1796 7467/8402/1795
f 7472/8403/1797 7471/8405/1797 7469/8002/1796
f 7474/8404/1798 7473/8407/1798 7471/8405/1797
f 7476/8406/1799 7475/8409/1799 7473/8407/1798
f 7478/8408/1800 7477/5843/1800 7475/8409/1799
f 7480/8410/1801 7479/8412/1801 7477/5843/1800
f 7482/8411/1802 7481/8413/1802 7479/8412/1801
f 7358/7101/997 7357/5810/997 7481/8413/1802
f 7486/8318/994 7485/8320/994 7483/4788/997
f 7488/8319/1803 7487/8322/1803 7485/8320/994
f 7490/8321/1804 7489/8324/1804 7487/8322/1803
f 7492/8323/1805 7491/8326/1805 7489/8324/1804
f 7494/8325/1806 7493/8328/1806 7491/8326/1805
f 7496/8327/1807 7495/5823/1807 7493/8328/1806
f 7498/7801/1808 7497/7804/1808 7495/5823/1807
f 7500/8329/1809 7499/8331/1809 7497/7804/1808
f 7502/8330/1810 7501/5878/1812 7499/8331/1809
f 7504/8332/1811 7503/8334/1811 7501/5878/1812
f 7506/8333/1813 7505/8336/1813 7503/8334/1811
f 7508/8335/1814 7507/5932/1814 7505/8336/1813
f 7510/8337/1815 7509/8338/1815 7507/5932/1814
f 7512/7829/1816 7511/7832/1816 7509/8338/1815
f 7514/8339/1817 7513/8341/1817 7511/7832/1816
f 7516/8340/1818 7515/8343/1818 7513/8341/1817
f 7518/8342/1819 7517/8345/1819 7515/8343/1818
f 7520/8344/1820 7519/8347/1820 7517/8345/1819
f 7522/8346/1821 7521/8349/1823 7519/8347/1820
f 7524/8348/1822 7523/8350/1822 7521/8349/1823
f 7526/7086/1824 7525/7089/1826 7523/8350/1822
f 7528/8351/1825 7527/8353/1825 7525/7089/1826
f 7530/8352/1827 7529/8355/1827 7527/8353/1825
f 7532/8354/1828 7531/6083/1828 7529/8355/1827
f 7534/8356/1829 7533/8358/1829 7531/6083/1828
f 7536/8357/1830 7535/8360/1830 7533/8358/1829
f 7538/8359/1831 7537/6131/1831 7535/8360/1830
f 7540/7885/1832 7539/7888/1834 7537/6131/1831
f 7542/8361/1833 7541/8363/1836 7539/7888/1834
f 7544/8362/1835 7543/8365/1835 7541/8363/1836
f 7546/8364/1837 7545/8367/1837 7543/8365/1835
f 7548/8366/1838 7547/8369/1838 7545/8367/1837
f 7550/8368/1839 7549/8371/1839 7547/8369/1838
f 7552/8370/1840 7551/8372/1842 7549/8371/1839
f 7554/7915/1841 7553/7918/1841 7551/8372/1842
f 7556/8373/1843 7555/6168/1845 7553/7918/1841
f 7558/8374/1844 7557/8376/1847 7555/6168/1845
f 7560/8375/1846 7559/8378/1849 7557/8376/1847
f 7562/8377/1848 7561/6130/1848 7559/8378/1849
f 7564/8379/1850 7563/8381/1852 7561/6130/1848
f 7566/8380/1851 7565/8382/1854 7563/8381/1852
f 7568/7094/1853 7567/6096/1856 7565/8382/1854
f 7570/8383/1855 7569/8385/1855 7567/6096/1856
f 7572/8384/1857 7571/8387/1857 7569/8385/1855
f 7574/8386/1858 7573/6053/1858 7571/8387/1857
f 7576/8388/1859 7575/8390/1859 7573/6053/1858
f 7578/8389/1860 7577/8392/1860 7575/8390/1859
f 7580/8391/1861 7579/6025/1862 7577/8392/1860
f 7582/7971/1780 7581/7974/1864 7579/6025/1862
f 7584/8393/1863 7583/8395/1863 7581/7974/1864
f 7586/8394/1865 7585/5969/1865 7583/8395/1863
f 7588/8396/1866 7587/8398/1866 7585/5969/1865
f 7590/8397/1867 7589/8400/1867 7587/8398/1866
f 7592/8399/1868 7591/5925/1870 7589/8400/1867
f 7594/8401/1869 7593/8402/1872 7591/5925/1870
f 7596/7999/1871 7595/8002/1871 7593/8402/1872
f 7598/8403/1873 7597/8405/1873 7595/8002/1871
f 7600/8404/1874 7599/8407/1874 7597/8405/1873
f 7602/8406/1875 7601/8409/1875 7599/8407/1874
f 7604/8408/1876 7603/5843/1876 7601/8409/1875
f 7606/8410/1877 7605/8412/1877 7603/5843/1876
f 7608/8411/1878 7607/8413/1878 7605/8412/1877
f 7484/7101/997 7483/5810/997 7607/8413/1878
