timestamp,open,high,low,close,volume
2026-01-01 00:00:00,2971.65,2980.59,2971.15,2976.22,2799.8913
2026-01-01 00:15:00,2976.22,2980.31,2976.22,2979.75,449.4384
2026-01-01 00:30:00,2979.74,2980.6,2978.42,2979.63,587.7843
2026-01-01 00:45:00,2979.64,2982.83,2979.11,2979.81,648.135
2026-01-01 01:00:00,2979.81,2986.83,2979.8,2986.07,1235.3958
2026-01-01 01:15:00,2986.07,2988.96,2982.42,2982.43,1354.8989
2026-01-01 01:30:00,2982.42,2986.45,2979.18,2986.44,1627.454
2026-01-01 01:45:00,2986.45,2988.0,2984.2,2984.32,1349.3636
2026-01-01 02:00:00,2984.33,2987.0,2983.33,2985.46,575.5575
2026-01-01 02:15:00,2985.45,2987.82,2982.93,2984.43,714.1262
2026-01-01 02:30:00,2984.43,2986.57,2982.22,2982.79,596.2448
2026-01-01 02:45:00,2982.79,2983.62,2980.9,2982.49,546.8199
2026-01-01 03:00:00,2982.5,2984.39,2981.62,2984.39,468.771
2026-01-01 03:15:00,2984.39,2986.18,2982.54,2983.32,580.9699
2026-01-01 03:30:00,2983.31,2983.9,2982.01,2983.0,273.5019
2026-01-01 03:45:00,2983.0,2983.0,2979.53,2980.0,469.3512
2026-01-01 04:00:00,2979.99,2980.97,2976.01,2976.76,643.9541
2026-01-01 04:15:00,2976.76,2978.28,2974.49,2977.86,957.1238
2026-01-01 04:30:00,2977.87,2979.69,2972.99,2973.54,6974.4759
2026-01-01 04:45:00,2973.54,2976.97,2973.3,2975.35,1082.1735
2026-01-01 05:00:00,2975.36,2980.85,2975.36,2979.61,597.9039
2026-01-01 05:15:00,2979.62,2982.15,2979.49,2982.15,733.1221
2026-01-01 05:30:00,2982.14,2983.79,2980.02,2982.24,2003.1643
2026-01-01 05:45:00,2982.24,2983.09,2981.48,2981.49,596.6436
2026-01-01 06:00:00,2981.49,2981.49,2978.05,2980.46,2352.8162
2026-01-01 06:15:00,2980.46,2980.96,2978.0,2979.3,616.5991
2026-01-01 06:30:00,2979.29,2979.5,2977.7,2978.0,875.0524
2026-01-01 06:45:00,2978.0,2978.45,2975.89,2975.89,1889.8522
2026-01-01 07:00:00,2975.9,2980.47,2975.89,2978.0,1830.0329
2026-01-01 07:15:00,2978.0,2979.89,2977.3,2977.52,702.3086
2026-01-01 07:30:00,2977.52,2980.89,2977.52,2980.39,1415.7774
2026-01-01 07:45:00,2980.39,2980.75,2978.07,2978.53,848.3745
2026-01-01 08:00:00,2978.52,2981.76,2977.8,2980.53,1642.1282
2026-01-01 08:15:00,2980.52,2982.3,2980.52,2981.44,404.4696
2026-01-01 08:30:00,2981.44,2983.0,2980.0,2980.01,582.2427
2026-01-01 08:45:00,2980.01,2982.75,2980.01,2982.59,1402.6164
2026-01-01 09:00:00,2982.59,2985.73,2982.15,2984.45,1542.8564
2026-01-01 09:15:00,2984.46,2987.41,2984.25,2984.26,1108.2683
2026-01-01 09:30:00,2984.26,2985.5,2982.69,2985.49,916.0128
2026-01-01 09:45:00,2985.49,2985.49,2983.34,2984.0,834.3282
2026-01-01 10:00:00,2984.0,2985.77,2983.99,2985.77,629.4561
2026-01-01 10:15:00,2985.76,2985.77,2982.14,2983.28,915.4355
2026-01-01 10:30:00,2983.28,2983.44,2982.59,2982.92,1136.2486
2026-01-01 10:45:00,2982.92,2985.0,2982.91,2985.0,338.2442
2026-01-01 11:00:00,2984.99,2987.7,2984.99,2986.27,1436.1735
2026-01-01 11:15:00,2986.26,2993.2,2986.26,2987.09,2286.6896
2026-01-01 11:30:00,2987.09,2988.19,2985.16,2985.64,1080.4613
2026-01-01 11:45:00,2985.64,2989.7,2985.63,2989.69,2403.0698
2026-01-01 12:00:00,2989.7,2990.45,2987.16,2988.46,1579.3013
2026-01-01 12:15:00,2988.45,2988.95,2984.0,2986.02,1094.0831
2026-01-01 12:30:00,2986.02,2986.03,2983.36,2984.5,1093.5894
2026-01-01 12:45:00,2984.5,2988.28,2984.5,2987.69,1252.2364
2026-01-01 13:00:00,2987.7,2990.09,2986.01,2988.97,1471.5131
2026-01-01 13:15:00,2988.97,2988.98,2983.8,2983.8,1419.2009
2026-01-01 13:30:00,2983.81,2986.0,2982.02,2984.99,868.554
2026-01-01 13:45:00,2984.99,2984.99,2982.53,2982.96,1583.3302
2026-01-01 14:00:00,2982.96,2984.62,2978.13,2982.59,4151.1138
2026-01-01 14:15:00,2982.59,2984.03,2978.99,2979.99,1275.1005
2026-01-01 14:30:00,2979.99,2982.09,2977.74,2981.16,990.3125
2026-01-01 14:45:00,2981.15,2986.45,2981.15,2985.15,1293.6965
2026-01-01 15:00:00,2985.16,2986.02,2980.75,2982.75,1098.805
2026-01-01 15:15:00,2982.75,2987.3,2982.14,2985.02,547.7248
2026-01-01 15:30:00,2985.03,2994.59,2983.84,2988.47,3130.4439
2026-01-01 15:45:00,2988.48,2994.87,2987.14,2989.87,1371.7805
2026-01-01 16:00:00,2989.87,2990.84,2984.45,2984.46,2684.3379
2026-01-01 16:15:00,2984.45,2986.32,2980.75,2985.42,982.1367
2026-01-01 16:30:00,2985.42,2986.95,2981.76,2981.77,1767.8128
2026-01-01 16:45:00,2981.78,2984.44,2981.04,2982.29,1404.7316
2026-01-01 17:00:00,2982.28,2985.98,2980.89,2985.55,1550.8052
2026-01-01 17:15:00,2985.56,2992.0,2985.37,2991.84,1945.0915
2026-01-01 17:30:00,2991.85,3005.98,2990.44,2991.13,7410.2329
2026-01-01 17:45:00,2991.12,2995.0,2986.92,2990.44,1849.4251
2026-01-01 18:00:00,2990.44,2992.64,2985.15,2987.5,2049.3333
2026-01-01 18:15:00,2987.5,2991.95,2986.19,2986.61,1518.3326
2026-01-01 18:30:00,2986.61,2990.4,2986.61,2990.39,1416.5827
2026-01-01 18:45:00,2990.39,2992.74,2988.19,2990.41,791.7596
2026-01-01 19:00:00,2990.4,2990.41,2987.23,2987.53,620.4952
2026-01-01 19:15:00,2987.53,2988.91,2987.24,2988.41,800.5978
2026-01-01 19:30:00,2988.41,2994.46,2987.78,2993.78,770.2575
2026-01-01 19:45:00,2993.78,2998.04,2992.64,2995.42,995.3272
2026-01-01 20:00:00,2995.42,2997.15,2992.68,2992.69,1073.9355
2026-01-01 20:15:00,2992.68,2993.4,2990.82,2992.85,597.3168
2026-01-01 20:30:00,2992.85,2992.86,2989.06,2989.07,979.5153
2026-01-01 20:45:00,2989.07,2989.81,2987.54,2989.08,1115.9523
2026-01-01 21:00:00,2989.09,2993.06,2988.0,2992.17,573.1518
2026-01-01 21:15:00,2992.17,2992.95,2990.87,2992.61,374.5371
2026-01-01 21:30:00,2992.61,2992.62,2988.24,2988.24,571.1769
2026-01-01 21:45:00,2988.24,2990.33,2987.66,2989.66,480.6784
2026-01-01 22:00:00,2989.66,2994.26,2989.65,2991.45,818.1096
2026-01-01 22:15:00,2991.45,2993.01,2990.44,2992.71,574.2237
2026-01-01 22:30:00,2992.71,2994.42,2987.57,2991.25,1360.0074
2026-01-01 22:45:00,2991.25,3000.26,2991.25,2999.3,2736.5103
2026-01-01 23:00:00,2999.29,3003.73,2990.98,2997.53,2601.6613
2026-01-01 23:15:00,2997.54,3007.31,2997.54,3004.89,7919.0252
2026-01-01 23:30:00,3004.89,3010.0,3004.18,3009.12,2572.0819
2026-01-01 23:45:00,3009.11,3010.0,3002.47,3004.19,1906.8123
2026-01-02 00:00:00,3004.19,3006.38,2995.38,2999.99,2659.2188
2026-01-02 00:15:00,3000.0,3003.06,2999.04,3002.32,1224.7118
2026-01-02 00:30:00,3002.31,3008.48,2997.42,2999.02,1644.6992
2026-01-02 00:45:00,2999.02,3006.15,2999.02,3006.14,1354.3486
2026-01-02 01:00:00,3006.15,3008.08,3003.56,3005.37,1025.5462
2026-01-02 01:15:00,3005.36,3006.0,3001.97,3002.48,796.3771
2026-01-02 01:30:00,3002.47,3003.5,2998.46,3000.68,947.1544
2026-01-02 01:45:00,3000.69,3003.95,2999.44,3002.98,495.9195
2026-01-02 02:00:00,3002.99,3002.99,2996.89,2997.6,915.1779
2026-01-02 02:15:00,2997.61,2998.49,2992.49,2994.92,1218.1646
2026-01-02 02:30:00,2994.92,2998.23,2994.26,2997.16,1457.834
2026-01-02 02:45:00,2997.17,3003.65,2996.71,3002.29,1678.0287
2026-01-02 03:00:00,3002.29,3017.67,3000.0,3015.92,5358.5998
2026-01-02 03:15:00,3015.92,3017.67,3010.03,3013.63,2751.2674
2026-01-02 03:30:00,3013.62,3035.0,3012.21,3023.98,10417.6703
2026-01-02 03:45:00,3023.99,3031.03,3019.25,3022.53,6300.8885
2026-01-02 04:00:00,3022.53,3024.61,3018.22,3019.7,2041.4527
2026-01-02 04:15:00,3019.7,3021.54,3013.46,3015.99,1500.8179
2026-01-02 04:30:00,3015.99,3018.97,3015.27,3015.28,819.2254
2026-01-02 04:45:00,3015.29,3017.43,3010.5,3011.84,1136.095
2026-01-02 05:00:00,3011.83,3016.27,3011.76,3014.49,785.2444
2026-01-02 05:15:00,3014.49,3018.63,3009.02,3010.2,1822.2219
2026-01-02 05:30:00,3010.19,3013.93,3009.46,3013.28,625.5686
2026-01-02 05:45:00,3013.28,3018.0,3013.28,3016.56,887.9536
2026-01-02 06:00:00,3016.55,3019.62,3014.49,3017.68,832.5262
2026-01-02 06:15:00,3017.69,3024.18,3017.69,3023.58,992.8125
2026-01-02 06:30:00,3023.57,3039.54,3022.7,3033.46,6396.4619
2026-01-02 06:45:00,3033.46,3036.68,3026.52,3026.9,1620.8593
2026-01-02 07:00:00,3026.91,3032.41,3026.91,3030.34,1471.9287
2026-01-02 07:15:00,3030.33,3030.82,3022.51,3025.14,2489.7406
2026-01-02 07:30:00,3025.14,3025.14,3017.86,3019.01,933.0369
2026-01-02 07:45:00,3019.02,3020.01,3016.89,3018.33,1225.6424
2026-01-02 08:00:00,3018.32,3028.89,3015.95,3028.34,2322.5809
2026-01-02 08:15:00,3028.35,3028.35,3024.8,3026.0,1094.1785
2026-01-02 08:30:00,3026.01,3029.98,3022.61,3027.6,1324.3189
2026-01-02 08:45:00,3027.61,3033.88,3027.12,3032.28,2538.3185
2026-01-02 09:00:00,3032.27,3048.74,3030.15,3041.22,6240.3986
2026-01-02 09:15:00,3041.23,3043.74,3034.8,3040.06,3029.433
2026-01-02 09:30:00,3040.06,3044.69,3036.0,3044.54,2574.8143
2026-01-02 09:45:00,3044.53,3055.0,3040.29,3048.15,7978.9546
2026-01-02 10:00:00,3048.16,3067.56,3045.71,3061.89,10239.8135
2026-01-02 10:15:00,3061.88,3069.71,3054.54,3054.54,12799.5205
2026-01-02 10:30:00,3054.54,3063.58,3054.13,3059.52,3523.6273
2026-01-02 10:45:00,3059.52,3062.02,3056.01,3057.25,1745.3623
2026-01-02 11:00:00,3057.25,3057.91,3046.0,3048.43,3322.7234
2026-01-02 11:15:00,3048.44,3055.53,3040.89,3047.38,5049.3864
2026-01-02 11:30:00,3047.39,3052.53,3045.31,3049.18,2008.946
2026-01-02 11:45:00,3049.19,3049.19,3044.21,3047.82,1354.507
2026-01-02 12:00:00,3047.81,3050.0,3043.2,3047.73,1621.7933
2026-01-02 12:15:00,3047.72,3053.31,3046.18,3050.36,2282.8042
2026-01-02 12:30:00,3050.35,3057.97,3049.5,3054.99,2799.2697
2026-01-02 12:45:00,3054.99,3055.21,3048.66,3048.67,1144.9774
2026-01-02 13:00:00,3048.66,3054.1,3046.35,3051.51,2886.3059
2026-01-02 13:15:00,3051.51,3058.42,3051.05,3053.55,2241.5489
2026-01-02 13:30:00,3053.55,3054.24,3048.31,3051.13,1250.9601
2026-01-02 13:45:00,3051.13,3057.81,3047.64,3050.27,1618.2593
2026-01-02 14:00:00,3050.28,3054.56,3039.67,3041.73,2667.576
2026-01-02 14:15:00,3041.73,3044.86,3023.02,3035.41,8100.573
2026-01-02 14:30:00,3035.41,3066.66,3020.79,3059.19,13851.8133
2026-01-02 14:45:00,3059.19,3109.0,3050.22,3082.85,32412.9253
2026-01-02 15:00:00,3082.84,3095.0,3068.97,3075.0,10073.9812
2026-01-02 15:15:00,3075.0,3083.07,3055.13,3071.6,9263.6442
2026-01-02 15:30:00,3071.59,3097.53,3068.57,3095.45,5798.6099
2026-01-02 15:45:00,3095.44,3097.65,3080.37,3086.64,5764.6131
2026-01-02 16:00:00,3086.64,3098.0,3079.23,3097.99,6177.0814
2026-01-02 16:15:00,3097.99,3117.33,3096.36,3106.33,16341.972
2026-01-02 16:30:00,3106.33,3146.97,3105.28,3125.89,21500.3056
2026-01-02 16:45:00,3125.9,3134.3,3112.89,3132.22,6733.7103
2026-01-02 17:00:00,3132.21,3144.63,3131.22,3138.59,8435.5926
2026-01-02 17:15:00,3138.59,3150.01,3128.41,3133.09,7714.5823
2026-01-02 17:30:00,3133.08,3135.5,3122.83,3128.83,4179.0357
2026-01-02 17:45:00,3128.84,3130.95,3110.83,3123.0,4449.8621
2026-01-02 18:00:00,3122.99,3127.34,3117.91,3123.8,4291.2206
2026-01-02 18:15:00,3123.8,3132.2,3121.28,3123.49,3464.9439
2026-01-02 18:30:00,3123.49,3123.49,3109.99,3112.1,4627.2328
2026-01-02 18:45:00,3112.1,3117.31,3097.13,3110.56,5753.7969
2026-01-02 19:00:00,3110.56,3120.31,3107.62,3118.34,2980.6729
2026-01-02 19:15:00,3118.33,3124.28,3115.17,3120.79,2438.9158
2026-01-02 19:30:00,3120.79,3127.87,3119.72,3125.14,2485.5007
2026-01-02 19:45:00,3125.14,3127.7,3121.39,3123.62,1936.8144
2026-01-02 20:00:00,3123.63,3129.75,3119.19,3129.52,3348.2203
2026-01-02 20:15:00,3129.52,3129.52,3120.0,3121.6,1698.2939
2026-01-02 20:30:00,3121.6,3126.07,3115.64,3123.67,1615.7283
2026-01-02 20:45:00,3123.67,3124.31,3111.52,3117.99,2873.3728
2026-01-02 21:00:00,3117.99,3122.92,3117.72,3120.59,1015.5284
2026-01-02 21:15:00,3120.59,3126.23,3116.31,3125.39,1286.0348
2026-01-02 21:30:00,3125.39,3127.42,3122.76,3125.75,1140.3745
2026-01-02 21:45:00,3125.74,3134.0,3122.76,3130.96,2567.9938
2026-01-02 22:00:00,3130.96,3146.0,3128.09,3134.05,4029.6651
2026-01-02 22:15:00,3134.04,3140.68,3132.39,3132.4,1872.3472
2026-01-02 22:30:00,3132.39,3141.79,3130.33,3137.17,1866.6881
2026-01-02 22:45:00,3137.17,3142.73,3132.23,3133.81,1424.5636
2026-01-02 23:00:00,3133.82,3135.66,3129.64,3130.42,939.0828
2026-01-02 23:15:00,3130.43,3132.6,3123.31,3123.95,1164.274
2026-01-02 23:30:00,3123.95,3128.07,3122.0,3126.45,1255.9064
2026-01-02 23:45:00,3126.46,3126.46,3120.3,3125.45,1528.1976
2026-01-03 00:00:00,3125.46,3131.54,3124.48,3129.0,1932.8523
2026-01-03 00:15:00,3128.99,3131.65,3122.26,3131.42,1658.4388
2026-01-03 00:30:00,3131.42,3131.48,3127.5,3130.42,1052.8777
2026-01-03 00:45:00,3130.42,3136.71,3129.73,3131.0,1094.3293
2026-01-03 01:00:00,3130.99,3131.7,3127.04,3131.49,980.7816
2026-01-03 01:15:00,3131.48,3131.8,3123.43,3124.94,1123.5185
2026-01-03 01:30:00,3124.94,3130.75,3124.93,3129.97,861.8269
2026-01-03 01:45:00,3129.98,3131.85,3128.01,3130.81,766.4389
2026-01-03 02:00:00,3130.81,3130.81,3120.17,3122.0,2502.2175
2026-01-03 02:15:00,3122.0,3127.22,3120.28,3127.06,1005.793
2026-01-03 02:30:00,3127.06,3128.43,3124.0,3125.27,2947.899
2026-01-03 02:45:00,3125.28,3129.27,3125.27,3126.27,1502.9288
2026-01-03 03:00:00,3126.26,3127.21,3121.0,3122.84,1632.0104
2026-01-03 03:15:00,3122.84,3126.64,3119.26,3121.37,1299.4134
2026-01-03 03:30:00,3121.38,3124.76,3120.94,3124.75,656.1639
2026-01-03 03:45:00,3124.76,3127.35,3124.0,3125.56,622.4451
2026-01-03 04:00:00,3125.56,3127.79,3119.78,3119.79,1127.8652
2026-01-03 04:15:00,3119.79,3123.35,3119.79,3121.68,676.5768
2026-01-03 04:30:00,3121.68,3121.68,3115.6,3115.65,2040.296
2026-01-03 04:45:00,3115.64,3118.43,3115.01,3116.61,944.3639
2026-01-03 05:00:00,3116.61,3119.09,3114.57,3114.57,674.0262
2026-01-03 05:15:00,3114.57,3117.15,3111.2,3112.48,1356.1799
2026-01-03 05:30:00,3112.48,3112.48,3104.89,3107.32,2275.4912
2026-01-03 05:45:00,3107.33,3113.21,3105.66,3112.12,1774.5715
2026-01-03 06:00:00,3112.12,3117.76,3110.29,3115.45,1838.0426
2026-01-03 06:15:00,3115.44,3116.3,3108.0,3108.37,1443.9028
2026-01-03 06:30:00,3108.36,3111.99,3102.58,3102.88,1227.7673
2026-01-03 06:45:00,3102.88,3104.8,3098.34,3098.34,3229.9424
2026-01-03 07:00:00,3098.33,3105.31,3093.76,3095.48,3284.6687
2026-01-03 07:15:00,3095.49,3097.08,3076.0,3082.5,10247.608
2026-01-03 07:30:00,3082.49,3096.39,3077.55,3091.98,4067.1364
2026-01-03 07:45:00,3091.98,3094.07,3087.84,3090.5,1640.1379
2026-01-03 08:00:00,3090.49,3097.29,3083.86,3090.99,2137.6971
2026-01-03 08:15:00,3091.0,3105.72,3090.56,3100.23,3462.4655
2026-01-03 08:30:00,3100.22,3102.95,3097.18,3100.99,1398.5112
2026-01-03 08:45:00,3101.0,3102.0,3094.66,3095.48,1554.4493
2026-01-03 09:00:00,3095.48,3098.5,3094.93,3095.65,688.5685
2026-01-03 09:15:00,3095.65,3100.89,3091.96,3099.58,1500.5508
2026-01-03 09:30:00,3099.57,3110.56,3098.3,3107.5,2412.0186
2026-01-03 09:45:00,3107.5,3108.68,3100.89,3100.9,1792.6459
2026-01-03 10:00:00,3100.9,3101.67,3097.42,3098.16,1353.8124
2026-01-03 10:15:00,3098.16,3101.7,3098.16,3101.41,1023.5997
2026-01-03 10:30:00,3101.42,3105.53,3099.04,3103.49,964.9228
2026-01-03 10:45:00,3103.49,3103.5,3097.05,3097.31,1090.7629
2026-01-03 11:00:00,3097.31,3097.98,3093.48,3094.53,1230.9114
2026-01-03 11:15:00,3094.53,3096.94,3093.14,3094.41,810.9861
2026-01-03 11:30:00,3094.41,3098.65,3091.99,3098.65,1128.6372
2026-01-03 11:45:00,3098.65,3100.22,3096.22,3098.49,1635.9015
2026-01-03 12:00:00,3098.5,3098.8,3093.47,3094.92,799.9646
2026-01-03 12:15:00,3094.91,3101.27,3094.91,3101.27,1092.0644
2026-01-03 12:30:00,3101.27,3101.27,3096.0,3100.34,705.0919
2026-01-03 12:45:00,3100.34,3105.58,3099.13,3105.04,3383.3866
2026-01-03 13:00:00,3105.04,3106.69,3100.89,3101.07,1485.8157
2026-01-03 13:15:00,3101.07,3107.5,3101.07,3103.82,1585.0047
2026-01-03 13:30:00,3103.82,3107.99,3103.39,3103.39,701.3506
2026-01-03 13:45:00,3103.4,3104.81,3101.5,3103.03,590.1799
2026-01-03 14:00:00,3103.03,3106.56,3101.5,3106.56,972.8346
2026-01-03 14:15:00,3106.55,3114.61,3104.44,3110.46,2650.5408
2026-01-03 14:30:00,3110.47,3112.75,3106.55,3106.55,2233.4016
2026-01-03 14:45:00,3106.55,3108.5,3102.48,3106.0,1436.2166
2026-01-03 15:00:00,3106.0,3106.0,3100.59,3102.11,1218.776
2026-01-03 15:15:00,3102.1,3106.5,3100.66,3104.98,774.5951
2026-01-03 15:30:00,3104.98,3107.5,3104.3,3105.11,772.058
2026-01-03 15:45:00,3105.11,3106.56,3100.28,3101.31,1196.2499
2026-01-03 16:00:00,3101.32,3105.81,3100.28,3103.15,665.2565
2026-01-03 16:15:00,3103.16,3105.5,3098.33,3103.41,1483.2339
2026-01-03 16:30:00,3103.42,3112.16,3103.33,3109.29,1655.0265
2026-01-03 16:45:00,3109.29,3112.17,3107.03,3107.03,659.379
2026-01-03 17:00:00,3107.04,3108.81,3105.62,3105.98,583.3776
2026-01-03 17:15:00,3105.98,3109.26,3105.98,3107.85,667.6061
2026-01-03 17:30:00,3107.84,3110.42,3107.84,3110.26,636.7966
2026-01-03 17:45:00,3110.26,3110.27,3107.77,3108.46,635.9649
2026-01-03 18:00:00,3108.47,3109.07,3105.08,3107.01,796.6658
2026-01-03 18:15:00,3107.0,3118.55,3106.22,3116.14,2264.0916
2026-01-03 18:30:00,3116.14,3116.5,3113.01,3114.72,648.0942
2026-01-03 18:45:00,3114.71,3116.46,3113.1,3116.46,664.6328
2026-01-03 19:00:00,3116.46,3116.46,3110.66,3111.56,645.4814
2026-01-03 19:15:00,3111.56,3113.08,3110.5,3112.93,534.9344
2026-01-03 19:30:00,3112.92,3115.04,3111.57,3114.18,884.0099
2026-01-03 19:45:00,3114.18,3114.99,3112.32,3113.13,533.7386
2026-01-03 20:00:00,3113.13,3114.02,3107.49,3108.29,872.6161
2026-01-03 20:15:00,3108.28,3110.67,3108.28,3110.45,381.3029
2026-01-03 20:30:00,3110.45,3116.33,3110.45,3115.4,678.7412
2026-01-03 20:45:00,3115.39,3116.89,3114.62,3115.65,530.2395
2026-01-03 21:00:00,3115.65,3115.87,3113.04,3114.78,372.9127
2026-01-03 21:15:00,3114.78,3123.92,3114.77,3121.03,2302.1234
2026-01-03 21:30:00,3121.02,3129.22,3120.24,3121.87,2545.2819
2026-01-03 21:45:00,3121.86,3121.98,3118.88,3120.87,620.0405
2026-01-03 22:00:00,3120.87,3120.88,3113.92,3113.93,849.1449
2026-01-03 22:15:00,3113.93,3123.37,3113.93,3120.08,831.1682
2026-01-03 22:30:00,3120.08,3126.2,3119.72,3122.31,676.6765
2026-01-03 22:45:00,3122.32,3123.68,3119.51,3122.78,654.8379
2026-01-03 23:00:00,3122.78,3126.07,3120.89,3123.4,634.8885
2026-01-03 23:15:00,3123.41,3131.0,3123.39,3130.43,1389.8532
2026-01-03 23:30:00,3130.43,3131.0,3125.86,3126.38,993.9302
2026-01-03 23:45:00,3126.37,3127.88,3125.09,3127.11,840.6946
2026-01-04 00:00:00,3127.11,3159.0,3126.35,3147.97,14230.6563
2026-01-04 00:15:00,3147.98,3150.27,3139.27,3139.96,3725.1365
2026-01-04 00:30:00,3139.95,3153.09,3139.76,3146.05,5781.87
2026-01-04 00:45:00,3146.04,3167.22,3144.77,3157.75,5011.1649
2026-01-04 01:00:00,3157.75,3162.33,3152.63,3157.03,2442.0051
2026-01-04 01:15:00,3157.04,3158.95,3147.04,3148.51,2486.8
2026-01-04 01:30:00,3148.52,3151.18,3144.42,3146.4,1036.3669
2026-01-04 01:45:00,3146.41,3152.35,3141.5,3150.17,2039.9694
2026-01-04 02:00:00,3150.17,3151.02,3140.12,3142.24,2065.5719
2026-01-04 02:15:00,3142.24,3146.84,3142.24,3146.59,968.2227
2026-01-04 02:30:00,3146.6,3148.89,3142.57,3142.78,1244.0198
2026-01-04 02:45:00,3142.79,3143.55,3137.6,3141.12,1328.4032
2026-01-04 03:00:00,3141.12,3150.41,3140.01,3148.73,1331.2043
2026-01-04 03:15:00,3148.72,3150.58,3143.18,3143.2,1141.3755
2026-01-04 03:30:00,3143.21,3148.22,3141.72,3147.8,2167.4327
2026-01-04 03:45:00,3147.8,3150.86,3147.35,3147.36,1314.5064
2026-01-04 04:00:00,3147.36,3150.02,3144.89,3147.59,886.9978
2026-01-04 04:15:00,3147.59,3155.51,3147.58,3150.07,2150.9347
2026-01-04 04:30:00,3150.06,3156.0,3150.06,3153.15,1422.2119
2026-01-04 04:45:00,3153.15,3153.95,3147.84,3148.25,808.1438
2026-01-04 05:00:00,3148.26,3149.55,3144.48,3147.39,982.797
2026-01-04 05:15:00,3147.39,3152.3,3146.7,3151.38,1542.9597
2026-01-04 05:30:00,3151.39,3152.01,3145.55,3147.42,1046.8445
2026-01-04 05:45:00,3147.42,3151.37,3147.22,3151.36,383.7563
2026-01-04 06:00:00,3151.36,3159.6,3149.57,3154.55,2413.4521
2026-01-04 06:15:00,3154.55,3163.19,3148.8,3149.77,5124.4022
2026-01-04 06:30:00,3149.77,3152.34,3140.62,3141.99,2620.7345
2026-01-04 06:45:00,3142.0,3146.24,3139.37,3140.0,3090.8302
2026-01-04 07:00:00,3140.0,3145.92,3139.55,3143.81,1076.2351
2026-01-04 07:15:00,3143.81,3144.81,3133.57,3139.83,9082.4367
2026-01-04 07:30:00,3139.83,3143.56,3136.4,3143.25,5521.3987
2026-01-04 07:45:00,3143.25,3144.0,3140.03,3141.29,1010.4998
2026-01-04 08:00:00,3141.29,3141.98,3126.0,3133.75,4691.701
2026-01-04 08:15:00,3133.75,3137.32,3129.57,3133.48,1143.6076
2026-01-04 08:30:00,3133.47,3139.31,3133.0,3138.52,1678.4674
2026-01-04 08:45:00,3138.52,3140.26,3136.93,3138.61,934.2311
2026-01-04 09:00:00,3138.62,3140.0,3134.9,3137.75,696.348
2026-01-04 09:15:00,3137.76,3148.0,3135.16,3135.92,4769.1999
2026-01-04 09:30:00,3135.92,3143.61,3135.92,3143.16,1001.3968
2026-01-04 09:45:00,3143.15,3145.38,3141.22,3143.78,1810.9335
2026-01-04 10:00:00,3143.79,3148.3,3143.02,3146.64,829.3144
2026-01-04 10:15:00,3146.64,3146.94,3142.66,3143.55,767.5617
2026-01-04 10:30:00,3143.54,3146.87,3142.7,3146.87,720.9241
2026-01-04 10:45:00,3146.88,3147.39,3145.02,3146.34,1106.8958
2026-01-04 11:00:00,3146.34,3146.34,3140.41,3140.99,1499.6129
2026-01-04 11:15:00,3140.99,3142.75,3139.21,3140.14,728.2873
2026-01-04 11:30:00,3140.14,3142.0,3135.88,3138.86,1277.7064
2026-01-04 11:45:00,3138.86,3139.59,3135.32,3139.54,1669.2536
2026-01-04 12:00:00,3139.55,3140.9,3135.32,3138.1,1931.5878
2026-01-04 12:15:00,3138.09,3144.72,3137.4,3144.56,1164.2182
2026-01-04 12:30:00,3144.55,3147.26,3134.22,3134.23,1682.9985
2026-01-04 12:45:00,3134.23,3137.63,3133.59,3136.8,1265.8185
2026-01-04 13:00:00,3136.81,3139.84,3134.13,3138.44,1006.4645
2026-01-04 13:15:00,3138.44,3139.44,3131.8,3138.89,1595.1104
2026-01-04 13:30:00,3138.9,3141.51,3135.56,3137.74,1188.4312
2026-01-04 13:45:00,3137.75,3140.76,3137.49,3140.76,808.3893
2026-01-04 14:00:00,3140.75,3143.3,3137.52,3142.3,2225.0401
2026-01-04 14:15:00,3142.3,3142.49,3134.0,3136.91,1555.829
2026-01-04 14:30:00,3136.91,3138.03,3132.0,3134.94,1284.0591
2026-01-04 14:45:00,3134.94,3138.77,3132.16,3137.26,1459.9808
2026-01-04 15:00:00,3137.25,3139.6,3136.11,3138.97,1021.3538
2026-01-04 15:15:00,3138.97,3138.97,3135.32,3136.62,699.0243
2026-01-04 15:30:00,3136.62,3137.42,3128.77,3131.21,1839.4527
2026-01-04 15:45:00,3131.21,3135.55,3118.75,3135.55,4843.2954
2026-01-04 16:00:00,3135.55,3139.97,3131.76,3133.44,2165.7741
2026-01-04 16:15:00,3133.43,3135.95,3131.03,3133.11,881.8603
2026-01-04 16:30:00,3133.12,3139.88,3131.74,3136.11,1191.8943
2026-01-04 16:45:00,3136.11,3139.44,3136.11,3139.11,513.5025
2026-01-04 17:00:00,3139.12,3143.6,3136.66,3136.8,1535.5211
2026-01-04 17:15:00,3136.81,3140.77,3135.68,3137.73,505.4486
2026-01-04 17:30:00,3137.74,3142.01,3137.73,3138.46,699.9993
2026-01-04 17:45:00,3138.45,3141.36,3136.55,3137.5,799.1101
2026-01-04 18:00:00,3137.49,3137.88,3131.63,3132.41,751.2495
2026-01-04 18:15:00,3132.42,3132.78,3126.24,3130.08,1304.2679
2026-01-04 18:30:00,3130.07,3133.88,3123.01,3133.84,1908.82
2026-01-04 18:45:00,3133.85,3135.6,3131.82,3135.03,1196.8384
2026-01-04 19:00:00,3135.04,3135.04,3118.98,3126.79,3912.184
2026-01-04 19:15:00,3126.78,3134.41,3126.03,3131.3,1861.1303
2026-01-04 19:30:00,3131.3,3133.71,3128.3,3128.73,1267.3339
2026-01-04 19:45:00,3128.73,3135.14,3128.73,3132.72,1561.4251
2026-01-04 20:00:00,3132.72,3139.44,3130.85,3138.7,973.1023
2026-01-04 20:15:00,3138.7,3140.22,3137.31,3139.92,419.0541
2026-01-04 20:30:00,3139.92,3143.0,3137.19,3139.23,900.711
2026-01-04 20:45:00,3139.22,3142.3,3138.14,3142.09,656.799
2026-01-04 21:00:00,3142.09,3155.85,3139.64,3149.37,4483.6397
2026-01-04 21:15:00,3149.37,3150.75,3141.91,3141.91,1500.3482
2026-01-04 21:30:00,3141.92,3146.58,3138.17,3138.86,924.8681
2026-01-04 21:45:00,3138.87,3145.45,3137.75,3145.44,853.0845
2026-01-04 22:00:00,3145.44,3150.36,3137.79,3141.11,1499.6181
2026-01-04 22:15:00,3141.1,3143.38,3136.89,3141.32,930.0815
2026-01-04 22:30:00,3141.32,3142.0,3137.0,3137.07,1114.6516
2026-01-04 22:45:00,3137.06,3141.4,3136.44,3139.37,690.8689
2026-01-04 23:00:00,3139.37,3153.7,3137.44,3139.43,2629.8362
2026-01-04 23:15:00,3139.44,3148.26,3136.41,3142.96,1370.6919
2026-01-04 23:30:00,3142.96,3144.89,3138.0,3138.94,1046.4003
2026-01-04 23:45:00,3138.95,3146.57,3134.67,3144.7,1150.1181
2026-01-05 00:00:00,3144.71,3162.55,3143.93,3153.81,6584.167
2026-01-05 00:15:00,3153.81,3160.3,3143.54,3152.3,3228.4142
2026-01-05 00:30:00,3152.3,3155.81,3143.7,3155.28,2299.2641
2026-01-05 00:45:00,3155.28,3175.32,3152.89,3168.19,10049.9203
2026-01-05 01:00:00,3168.2,3197.99,3163.12,3190.28,13346.4004
2026-01-05 01:15:00,3190.29,3191.85,3178.01,3186.65,4520.0256
2026-01-05 01:30:00,3186.65,3220.82,3180.01,3210.86,15796.4521
2026-01-05 01:45:00,3210.87,3214.0,3196.89,3197.91,4955.9072
2026-01-05 02:00:00,3197.92,3204.34,3185.56,3191.98,5135.9559
2026-01-05 02:15:00,3191.99,3196.85,3182.95,3185.23,2749.7384
2026-01-05 02:30:00,3185.24,3192.56,3184.31,3189.03,2230.5706
2026-01-05 02:45:00,3189.03,3195.14,3189.02,3193.07,1626.0228
2026-01-05 03:00:00,3193.07,3197.51,3187.17,3188.52,1937.9791
2026-01-05 03:15:00,3188.51,3191.98,3184.61,3190.06,2041.5413
2026-01-05 03:30:00,3190.06,3195.0,3186.28,3186.88,1554.4791
2026-01-05 03:45:00,3186.88,3189.15,3185.05,3185.86,691.2242
2026-01-05 04:00:00,3185.86,3188.35,3174.47,3174.48,2919.9628
2026-01-05 04:15:00,3174.47,3178.82,3162.33,3165.25,6606.9341
2026-01-05 04:30:00,3165.26,3167.8,3157.46,3163.29,3811.2108
2026-01-05 04:45:00,3163.3,3168.32,3162.95,3167.11,2178.6603
2026-01-05 05:00:00,3167.12,3169.63,3161.73,3163.03,1240.5358
2026-01-05 05:15:00,3163.03,3167.34,3162.07,3166.57,1594.7559
2026-01-05 05:30:00,3166.56,3166.56,3156.15,3156.22,2745.1664
2026-01-05 05:45:00,3156.22,3158.68,3148.0,3149.93,4992.8802
2026-01-05 06:00:00,3149.93,3156.22,3148.79,3153.94,2269.1254
2026-01-05 06:15:00,3153.95,3156.64,3144.35,3145.03,2929.1379
2026-01-05 06:30:00,3145.03,3156.64,3135.31,3156.5,6407.0672
2026-01-05 06:45:00,3156.5,3159.11,3152.61,3157.68,1823.238
2026-01-05 07:00:00,3157.68,3161.88,3155.31,3161.58,1849.3901
2026-01-05 07:15:00,3161.58,3163.24,3156.42,3158.01,1129.8948
2026-01-05 07:30:00,3158.01,3160.48,3156.72,3160.16,1775.7537
2026-01-05 07:45:00,3160.16,3160.8,3157.33,3157.33,2119.7178
2026-01-05 08:00:00,3157.24,3164.71,3155.73,3164.71,1554.5906
2026-01-05 08:15:00,3164.7,3172.01,3162.4,3167.0,2014.5781
2026-01-05 08:30:00,3167.0,3169.0,3160.33,3161.14,1611.6833
2026-01-05 08:45:00,3161.15,3167.55,3160.76,3163.62,2157.6394
2026-01-05 09:00:00,3163.62,3164.73,3154.32,3154.9,3113.0659
2026-01-05 09:15:00,3154.91,3164.27,3153.12,3162.32,2947.9178
2026-01-05 09:30:00,3162.32,3169.75,3159.61,3167.26,3708.4846
2026-01-05 09:45:00,3167.26,3175.17,3166.79,3168.18,2605.9241
2026-01-05 10:00:00,3168.17,3179.04,3166.86,3176.68,2230.2399
2026-01-05 10:15:00,3176.68,3178.62,3171.64,3175.01,1945.5465
2026-01-05 10:30:00,3175.0,3178.66,3162.52,3167.18,3027.6564
2026-01-05 10:45:00,3167.19,3178.92,3167.18,3173.19,1586.1813
2026-01-05 11:00:00,3173.19,3173.44,3169.01,3169.61,1046.4817
2026-01-05 11:15:00,3169.61,3183.56,3168.21,3173.44,2490.6414
2026-01-05 11:30:00,3173.45,3178.5,3172.66,3175.65,1878.4961
2026-01-05 11:45:00,3175.66,3183.64,3175.66,3180.27,1098.6976
2026-01-05 12:00:00,3180.28,3182.64,3176.66,3180.89,1354.7055
2026-01-05 12:15:00,3180.88,3183.91,3173.12,3174.4,1627.2621
2026-01-05 12:30:00,3174.4,3175.95,3167.31,3167.92,1778.0879
2026-01-05 12:45:00,3167.93,3172.71,3166.33,3170.5,1411.7252
2026-01-05 13:00:00,3170.51,3175.32,3166.73,3171.02,1366.0447
2026-01-05 13:15:00,3171.02,3171.02,3156.5,3160.31,3997.6156
2026-01-05 13:30:00,3160.3,3160.31,3143.67,3146.64,5418.3366
2026-01-05 13:45:00,3146.63,3155.64,3145.71,3154.39,4164.3925
2026-01-05 14:00:00,3154.39,3160.78,3150.43,3152.15,2620.4155
2026-01-05 14:15:00,3152.15,3156.26,3150.01,3154.33,1708.6405
2026-01-05 14:30:00,3154.33,3171.6,3135.02,3169.46,12643.1539
2026-01-05 14:45:00,3169.47,3178.34,3149.05,3167.0,9381.69
2026-01-05 15:00:00,3167.0,3171.95,3152.4,3162.54,6651.8638
2026-01-05 15:15:00,3162.55,3174.81,3156.21,3164.79,4927.4942
2026-01-05 15:30:00,3164.79,3205.0,3162.89,3192.92,11924.0408
2026-01-05 15:45:00,3192.91,3199.61,3186.35,3195.57,4481.7494
2026-01-05 16:00:00,3195.58,3202.68,3185.51,3189.91,6080.474
2026-01-05 16:15:00,3189.9,3194.9,3172.81,3180.89,8123.0645
2026-01-05 16:30:00,3180.9,3187.11,3178.02,3179.72,2900.2588
2026-01-05 16:45:00,3179.72,3185.92,3175.64,3183.9,2539.1762
2026-01-05 17:00:00,3183.9,3187.61,3179.89,3182.78,1305.2697
2026-01-05 17:15:00,3182.77,3183.98,3159.48,3166.51,4831.5052
2026-01-05 17:30:00,3166.51,3190.5,3166.17,3187.43,3846.4666
2026-01-05 17:45:00,3187.42,3229.99,3187.42,3213.38,14116.6428
2026-01-05 18:00:00,3213.39,3218.81,3201.99,3210.56,6549.9606
2026-01-05 18:15:00,3210.57,3211.11,3186.39,3201.54,11099.2152
2026-01-05 18:30:00,3201.54,3206.28,3193.03,3201.77,2737.1949
2026-01-05 18:45:00,3201.76,3228.95,3201.35,3228.3,7242.5845
2026-01-05 19:00:00,3228.31,3228.52,3215.4,3221.0,5331.3264
2026-01-05 19:15:00,3221.01,3226.46,3216.01,3223.56,4026.0349
2026-01-05 19:30:00,3223.56,3226.82,3214.82,3219.73,2758.7254
2026-01-05 19:45:00,3219.73,3224.48,3215.31,3223.07,1212.0841
2026-01-05 20:00:00,3223.07,3245.78,3220.0,3237.45,10775.4741
2026-01-05 20:15:00,3237.45,3265.66,3231.89,3260.96,11312.0301
2026-01-05 20:30:00,3260.95,3260.95,3238.61,3243.34,8697.8332
2026-01-05 20:45:00,3243.33,3247.7,3233.78,3241.93,5181.0817
2026-01-05 21:00:00,3241.94,3248.27,3235.54,3236.21,3180.3977
2026-01-05 21:15:00,3236.21,3244.89,3232.88,3232.88,2312.4692
2026-01-05 21:30:00,3232.89,3242.56,3231.76,3240.48,2012.8919
2026-01-05 21:45:00,3240.48,3244.69,3236.91,3238.32,1678.3411
2026-01-05 22:00:00,3238.32,3238.76,3233.71,3237.12,1733.367
2026-01-05 22:15:00,3237.12,3248.22,3237.12,3242.0,1933.3413
2026-01-05 22:30:00,3242.0,3249.75,3240.55,3245.56,1961.6753
2026-01-05 22:45:00,3245.56,3245.6,3229.59,3240.19,2748.9351
2026-01-05 23:00:00,3240.2,3241.39,3232.14,3233.12,1290.1085
2026-01-05 23:15:00,3233.12,3237.89,3228.23,3231.51,1971.0339
2026-01-05 23:30:00,3231.52,3234.72,3225.22,3231.18,3907.9831
2026-01-05 23:45:00,3231.19,3232.44,3224.86,3224.99,1433.1784
2026-01-06 00:00:00,3224.99,3231.21,3217.0,3217.24,2166.7626
2026-01-06 00:15:00,3217.24,3221.63,3215.03,3221.19,2408.9321
2026-01-06 00:30:00,3221.19,3221.19,3203.34,3206.73,4126.5259
2026-01-06 00:45:00,3206.74,3216.56,3204.47,3216.1,2136.4785
2026-01-06 01:00:00,3216.1,3226.91,3215.83,3223.38,4799.3333
2026-01-06 01:15:00,3223.39,3247.3,3222.19,3243.2,6135.0328
2026-01-06 01:30:00,3243.2,3244.17,3226.89,3227.69,2698.122
2026-01-06 01:45:00,3227.7,3231.0,3216.76,3218.32,2824.4131
2026-01-06 02:00:00,3218.33,3224.36,3213.55,3217.35,2471.4769
2026-01-06 02:15:00,3217.35,3221.6,3215.3,3219.01,1550.4835
2026-01-06 02:30:00,3219.01,3220.87,3208.72,3215.21,1924.572
2026-01-06 02:45:00,3215.2,3219.0,3213.14,3217.1,1212.4111
2026-01-06 03:00:00,3217.1,3222.33,3214.12,3219.86,1368.9133
2026-01-06 03:15:00,3219.86,3225.0,3216.84,3224.28,2237.3221
2026-01-06 03:30:00,3224.28,3233.5,3222.8,3225.92,2490.0889
2026-01-06 03:45:00,3225.93,3228.9,3222.72,3225.1,1109.3364
2026-01-06 04:00:00,3225.1,3232.89,3223.37,3231.53,1664.844
2026-01-06 04:15:00,3231.52,3233.52,3225.28,3226.93,1360.4411
2026-01-06 04:30:00,3226.94,3231.76,3225.25,3225.26,1216.2801
2026-01-06 04:45:00,3225.26,3225.82,3222.95,3222.96,1007.7143
2026-01-06 05:00:00,3222.95,3227.37,3221.75,3225.36,1503.8247
2026-01-06 05:15:00,3225.36,3229.51,3221.89,3223.63,1861.11
2026-01-06 05:30:00,3223.63,3227.37,3217.15,3219.28,1796.6267
2026-01-06 05:45:00,3219.29,3222.09,3217.12,3218.72,1229.8227
2026-01-06 06:00:00,3218.71,3225.22,3218.07,3223.83,3141.7561
2026-01-06 06:15:00,3223.83,3224.76,3218.18,3224.53,1567.6208
2026-01-06 06:30:00,3224.53,3251.27,3224.53,3247.87,7244.7263
2026-01-06 06:45:00,3247.88,3253.76,3241.14,3241.15,7193.5641
2026-01-06 07:00:00,3241.15,3242.75,3233.63,3233.96,1889.0661
2026-01-06 07:15:00,3233.96,3235.74,3219.19,3221.4,2805.4436
2026-01-06 07:30:00,3221.4,3221.97,3211.67,3218.82,4257.3886
2026-01-06 07:45:00,3218.82,3223.19,3211.37,3219.24,3684.3366
2026-01-06 08:00:00,3219.24,3228.48,3219.08,3221.57,3159.9298
2026-01-06 08:15:00,3221.58,3223.35,3214.52,3218.72,1641.5585
2026-01-06 08:30:00,3218.72,3220.82,3215.52,3220.0,1226.705
2026-01-06 08:45:00,3220.01,3222.6,3216.41,3220.14,1683.7294
2026-01-06 09:00:00,3220.13,3227.37,3217.5,3222.74,2331.7964
2026-01-06 09:15:00,3222.75,3229.6,3222.74,3225.11,983.447
2026-01-06 09:30:00,3225.11,3226.94,3217.59,3221.99,1706.4713
2026-01-06 09:45:00,3222.0,3227.37,3220.81,3223.0,1474.1369
2026-01-06 10:00:00,3223.0,3230.74,3221.42,3227.21,2096.437
2026-01-06 10:15:00,3227.21,3231.24,3224.52,3228.67,2305.6777
2026-01-06 10:30:00,3228.66,3230.45,3227.15,3227.99,894.8779
2026-01-06 10:45:00,3228.0,3231.72,3227.22,3228.94,1095.7544
2026-01-06 11:00:00,3228.94,3239.37,3227.03,3237.96,2409.8663
2026-01-06 11:15:00,3237.96,3242.98,3233.51,3241.4,3786.0018
2026-01-06 11:30:00,3241.4,3241.55,3237.43,3240.39,2660.948
2026-01-06 11:45:00,3240.38,3242.7,3236.66,3238.08,2334.2374
2026-01-06 12:00:00,3238.09,3245.87,3236.28,3241.35,2307.2359
2026-01-06 12:15:00,3241.35,3243.44,3238.57,3242.16,2047.5909
2026-01-06 12:30:00,3242.16,3242.9,3237.35,3239.72,2252.6812
2026-01-06 12:45:00,3239.73,3242.03,3237.56,3238.67,818.3286
2026-01-06 13:00:00,3238.66,3239.31,3230.0,3235.86,3089.964
2026-01-06 13:15:00,3235.85,3237.37,3232.0,3235.49,1456.0129
2026-01-06 13:30:00,3235.49,3237.27,3232.62,3235.44,1137.7928
2026-01-06 13:45:00,3235.44,3239.61,3230.84,3238.3,2099.5513
2026-01-06 14:00:00,3238.3,3284.0,3238.3,3275.18,20695.2618
2026-01-06 14:15:00,3275.19,3308.86,3275.18,3306.0,29488.4051
2026-01-06 14:30:00,3306.01,3306.17,3286.62,3291.61,17503.2817
2026-01-06 14:45:00,3291.61,3293.15,3264.87,3278.09,14839.6922
2026-01-06 15:00:00,3278.1,3293.0,3271.21,3281.17,9820.6142
2026-01-06 15:15:00,3281.18,3301.99,3281.18,3297.14,7797.6412
2026-01-06 15:30:00,3297.13,3299.37,3261.43,3271.07,8735.4793
2026-01-06 15:45:00,3271.06,3273.44,3263.38,3272.32,4210.1993
2026-01-06 16:00:00,3272.31,3279.36,3261.42,3267.95,12961.2656
2026-01-06 16:15:00,3267.95,3270.5,3247.0,3248.82,10571.9274
2026-01-06 16:30:00,3248.82,3257.3,3234.32,3242.85,14195.9834
2026-01-06 16:45:00,3242.86,3253.28,3235.01,3251.97,6949.2281
2026-01-06 17:00:00,3251.96,3254.28,3244.19,3247.27,5154.1508
2026-01-06 17:15:00,3247.27,3252.7,3238.99,3248.81,2934.1415
2026-01-06 17:30:00,3248.81,3259.62,3239.37,3240.99,5764.2899
2026-01-06 17:45:00,3240.99,3241.25,3190.01,3196.43,22606.4515
2026-01-06 18:00:00,3196.43,3219.86,3183.27,3216.42,15528.163
2026-01-06 18:15:00,3216.41,3224.33,3213.74,3220.8,4103.0356
2026-01-06 18:30:00,3220.79,3226.88,3216.5,3221.47,3501.8097
2026-01-06 18:45:00,3221.47,3232.63,3218.72,3218.91,3722.0963
2026-01-06 19:00:00,3218.92,3228.64,3213.5,3227.39,2306.3832
2026-01-06 19:15:00,3227.39,3229.31,3222.4,3224.72,1265.5801
2026-01-06 19:30:00,3224.73,3229.8,3221.48,3224.1,1741.2376
2026-01-06 19:45:00,3224.1,3227.79,3220.47,3223.57,771.2103
2026-01-06 20:00:00,3223.57,3237.65,3223.11,3236.64,3710.6466
2026-01-06 20:15:00,3236.64,3244.35,3234.36,3240.65,2270.8801
2026-01-06 20:30:00,3240.65,3250.89,3240.11,3245.96,2711.2664
2026-01-06 20:45:00,3245.97,3248.47,3241.71,3241.71,2362.2975
2026-01-06 21:00:00,3241.72,3255.69,3238.47,3255.12,2781.6789
2026-01-06 21:15:00,3255.12,3289.14,3254.5,3282.99,10303.1333
2026-01-06 21:30:00,3283.0,3300.35,3283.0,3291.13,5881.4096
2026-01-06 21:45:00,3291.14,3293.65,3273.26,3276.18,3753.0118
2026-01-06 22:00:00,3276.18,3290.55,3274.45,3274.53,3291.2996
2026-01-06 22:15:00,3274.53,3279.12,3268.06,3272.92,2231.4542
2026-01-06 22:30:00,3272.93,3274.1,3265.52,3270.88,1615.4635
2026-01-06 22:45:00,3270.88,3280.28,3270.71,3277.63,1821.9101
2026-01-06 23:00:00,3277.62,3289.07,3275.8,3288.65,2254.6515
2026-01-06 23:15:00,3288.64,3291.7,3281.18,3288.34,1818.7223
2026-01-06 23:30:00,3288.34,3293.79,3287.5,3291.49,1806.7503
2026-01-06 23:45:00,3291.49,3301.6,3291.05,3296.84,4635.8994
2026-01-07 00:00:00,3296.83,3296.84,3285.47,3287.19,2244.5649
2026-01-07 00:15:00,3287.2,3289.88,3280.18,3280.95,1945.8653
2026-01-07 00:30:00,3280.93,3281.87,3271.37,3274.21,2954.2038
2026-01-07 00:45:00,3274.22,3275.95,3255.36,3257.99,3053.6335
2026-01-07 01:00:00,3258.0,3272.34,3257.94,3267.57,2072.2641
2026-01-07 01:15:00,3267.58,3267.58,3247.1,3255.68,6301.1904
2026-01-07 01:30:00,3255.68,3257.14,3245.76,3245.88,4887.988
2026-01-07 01:45:00,3245.88,3248.92,3239.44,3245.04,2889.1918
2026-01-07 02:00:00,3245.05,3253.66,3239.73,3252.62,2744.8606
2026-01-07 02:15:00,3252.62,3255.14,3246.07,3250.53,1586.286
2026-01-07 02:30:00,3250.52,3265.0,3247.1,3264.99,2510.6186
2026-01-07 02:45:00,3265.0,3274.03,3261.16,3270.08,2399.27
2026-01-07 03:00:00,3270.08,3275.76,3268.72,3272.47,1859.5504
2026-01-07 03:15:00,3272.47,3282.14,3270.67,3275.17,1752.4682
2026-01-07 03:30:00,3275.17,3276.53,3265.57,3267.08,2093.3878
2026-01-07 03:45:00,3267.08,3269.4,3265.13,3266.83,998.6509
2026-01-07 04:00:00,3266.84,3271.81,3260.47,3264.95,1756.5702
2026-01-07 04:15:00,3264.95,3266.5,3260.65,3262.96,1222.509
2026-01-07 04:30:00,3262.96,3264.1,3252.94,3262.55,1850.4799
2026-01-07 04:45:00,3262.54,3262.54,3256.21,3256.21,1643.9148
2026-01-07 05:00:00,3256.21,3256.8,3250.0,3256.0,2520.6723
2026-01-07 05:15:00,3256.0,3260.0,3251.66,3253.57,931.0186
2026-01-07 05:30:00,3253.58,3262.57,3253.58,3256.36,1279.756
2026-01-07 05:45:00,3256.36,3256.36,3246.75,3248.63,1718.3514
2026-01-07 06:00:00,3248.62,3253.61,3247.81,3252.32,665.4011
2026-01-07 06:15:00,3252.33,3257.76,3250.52,3256.85,936.1125
2026-01-07 06:30:00,3256.84,3259.91,3249.13,3249.13,1595.8071
2026-01-07 06:45:00,3249.13,3254.49,3249.0,3250.97,610.9879
2026-01-07 07:00:00,3250.97,3258.16,3250.78,3257.75,868.9472
2026-01-07 07:15:00,3257.76,3261.5,3257.75,3259.83,955.5853
2026-01-07 07:30:00,3259.84,3262.61,3255.82,3255.82,1943.1601
2026-01-07 07:45:00,3255.82,3256.32,3253.34,3255.31,1650.1182
2026-01-07 08:00:00,3255.31,3261.96,3253.9,3258.24,1740.0861
2026-01-07 08:15:00,3258.24,3263.37,3253.01,3256.31,1230.7888
2026-01-07 08:30:00,3256.3,3260.98,3253.32,3254.35,1051.759
2026-01-07 08:45:00,3254.34,3261.09,3253.04,3254.45,1443.5097
2026-01-07 09:00:00,3254.45,3254.58,3234.46,3234.74,5789.7467
2026-01-07 09:15:00,3234.75,3239.89,3221.84,3228.75,6658.8432
2026-01-07 09:30:00,3228.75,3230.7,3203.53,3209.81,10956.3781
2026-01-07 09:45:00,3209.81,3209.81,3198.54,3200.18,8046.717
2026-01-07 10:00:00,3200.17,3210.88,3196.23,3210.36,6885.7156
2026-01-07 10:15:00,3210.36,3212.1,3207.13,3210.73,2345.1754
2026-01-07 10:30:00,3210.74,3221.91,3210.56,3213.9,3646.6738
2026-01-07 10:45:00,3213.9,3222.24,3212.1,3218.44,3182.7468
2026-01-07 11:00:00,3218.44,3225.0,3216.84,3223.6,3595.5373
2026-01-07 11:15:00,3223.6,3227.11,3223.02,3226.13,5245.5484
2026-01-07 11:30:00,3226.14,3227.84,3221.2,3225.05,1461.3604
2026-01-07 11:45:00,3225.05,3225.49,3217.36,3220.24,1646.8524
2026-01-07 12:00:00,3220.25,3222.56,3211.36,3215.15,2428.1445
2026-01-07 12:15:00,3215.15,3220.25,3213.78,3215.94,1159.6747
2026-01-07 12:30:00,3215.94,3219.1,3212.48,3213.54,1023.8622
2026-01-07 12:45:00,3213.54,3217.41,3213.13,3213.14,1081.2155
2026-01-07 13:00:00,3213.14,3216.87,3203.25,3203.87,2476.0871
2026-01-07 13:15:00,3203.86,3229.05,3202.24,3223.55,2749.2758
2026-01-07 13:30:00,3223.55,3224.42,3215.18,3217.57,1921.0193
2026-01-07 13:45:00,3217.57,3218.7,3209.71,3212.04,1792.9077
2026-01-07 14:00:00,3212.05,3212.05,3188.12,3195.62,7643.9929
2026-01-07 14:15:00,3195.61,3198.52,3188.8,3194.11,5937.3152
2026-01-07 14:30:00,3194.11,3203.96,3166.14,3191.35,22371.15
2026-01-07 14:45:00,3191.34,3200.78,3186.04,3191.54,5073.4648
2026-01-07 15:00:00,3191.54,3193.26,3159.76,3168.36,12455.2142
2026-01-07 15:15:00,3168.37,3169.45,3144.37,3161.26,14093.5128
2026-01-07 15:30:00,3161.25,3166.89,3152.94,3161.94,4575.3405
2026-01-07 15:45:00,3161.94,3173.88,3159.58,3164.7,4903.4055
2026-01-07 16:00:00,3164.71,3174.64,3162.33,3172.91,3309.2023
2026-01-07 16:15:00,3172.91,3179.69,3165.37,3168.88,3474.9131
2026-01-07 16:30:00,3168.88,3170.69,3149.95,3166.3,5756.4916
2026-01-07 16:45:00,3166.29,3168.75,3156.0,3157.31,2067.2099
2026-01-07 17:00:00,3157.31,3162.45,3151.5,3157.32,2905.3499
2026-01-07 17:15:00,3157.32,3170.15,3157.32,3169.11,2277.0586
2026-01-07 17:30:00,3169.11,3171.27,3159.38,3162.93,2433.8382
2026-01-07 17:45:00,3162.94,3164.5,3146.43,3152.06,2963.3068
2026-01-07 18:00:00,3152.06,3155.37,3147.01,3153.72,1829.2811
2026-01-07 18:15:00,3153.72,3155.06,3133.68,3151.87,6836.5983
2026-01-07 18:30:00,3151.88,3165.36,3151.88,3152.83,4533.4219
2026-01-07 18:45:00,3152.82,3156.59,3137.58,3146.37,3661.7584
2026-01-07 19:00:00,3146.38,3155.59,3137.88,3139.18,4134.0261
2026-01-07 19:15:00,3139.18,3141.35,3125.42,3136.78,6465.4415
2026-01-07 19:30:00,3136.79,3149.28,3136.21,3144.3,3844.4566
2026-01-07 19:45:00,3144.3,3151.45,3143.66,3146.02,1711.8398
2026-01-07 20:00:00,3146.02,3151.37,3134.98,3136.86,4386.767
2026-01-07 20:15:00,3136.86,3140.9,3128.13,3134.33,3874.122
2026-01-07 20:30:00,3134.33,3141.5,3133.57,3138.44,1675.9883
2026-01-07 20:45:00,3138.44,3142.42,3136.29,3139.18,1361.2161
2026-01-07 21:00:00,3139.14,3146.06,3138.4,3144.99,971.7867
2026-01-07 21:15:00,3144.99,3147.27,3142.02,3147.16,1150.9882
2026-01-07 21:30:00,3147.16,3151.68,3145.33,3150.87,1239.6925
2026-01-07 21:45:00,3150.87,3152.72,3148.75,3150.11,856.9908
2026-01-07 22:00:00,3150.11,3153.75,3143.96,3143.96,1581.4693
2026-01-07 22:15:00,3143.97,3156.36,3143.96,3155.87,1495.2158
2026-01-07 22:30:00,3155.88,3165.86,3151.03,3151.72,2610.094
2026-01-07 22:45:00,3151.72,3156.39,3145.74,3153.0,1136.336
2026-01-07 23:00:00,3153.01,3155.27,3143.71,3155.27,3524.999
2026-01-07 23:15:00,3155.27,3181.78,3154.89,3170.99,13158.6723
2026-01-07 23:30:00,3170.99,3172.73,3162.65,3165.62,1729.3063
2026-01-07 23:45:00,3165.63,3170.69,3162.27,3168.72,1335.8768
2026-01-08 00:00:00,3168.72,3175.01,3162.3,3162.3,2088.4403
2026-01-08 00:15:00,3162.31,3162.31,3157.11,3157.8,2674.4348
2026-01-08 00:30:00,3157.8,3167.81,3155.21,3167.01,3216.0207
2026-01-08 00:45:00,3167.01,3175.37,3167.01,3170.53,2412.8686
2026-01-08 01:00:00,3170.54,3174.47,3168.39,3174.14,1390.2396
2026-01-08 01:15:00,3174.13,3181.36,3168.62,3178.09,2073.1713
2026-01-08 01:30:00,3178.08,3178.38,3171.84,3174.74,1596.3684
2026-01-08 01:45:00,3174.74,3178.45,3172.78,3175.76,1392.5523
2026-01-08 02:00:00,3175.77,3184.39,3170.68,3181.37,2657.0311
2026-01-08 02:15:00,3181.36,3182.04,3161.66,3169.45,2769.9431
2026-01-08 02:30:00,3169.45,3169.45,3153.5,3155.44,2538.8136
2026-01-08 02:45:00,3155.45,3160.0,3148.5,3159.43,1969.8104
2026-01-08 03:00:00,3159.43,3166.7,3156.51,3163.0,1817.933
2026-01-08 03:15:00,3163.0,3163.0,3152.19,3152.63,3576.4321
2026-01-08 03:30:00,3152.64,3156.5,3134.01,3140.0,4201.5124
2026-01-08 03:45:00,3139.99,3143.02,3133.56,3142.88,3545.2536
2026-01-08 04:00:00,3142.88,3146.37,3138.8,3144.28,2441.5257
2026-01-08 04:15:00,3144.29,3158.36,3144.29,3156.62,2131.3014
2026-01-08 04:30:00,3156.61,3158.96,3153.41,3154.09,1432.6434
2026-01-08 04:45:00,3154.09,3157.58,3152.04,3154.01,806.0067
2026-01-08 05:00:00,3154.02,3161.24,3153.38,3156.65,1097.768
2026-01-08 05:15:00,3156.65,3160.42,3153.83,3154.04,1536.2133
2026-01-08 05:30:00,3154.04,3157.17,3147.37,3149.11,1238.7964
2026-01-08 05:45:00,3149.11,3150.24,3142.22,3143.63,1689.1929
2026-01-08 06:00:00,3143.63,3146.16,3125.93,3132.14,4664.4924
2026-01-08 06:15:00,3132.14,3132.14,3113.8,3117.78,9551.8068
2026-01-08 06:30:00,3117.79,3125.43,3115.37,3121.68,3832.6263
2026-01-08 06:45:00,3121.69,3123.35,3104.37,3105.38,5522.3928
2026-01-08 07:00:00,3105.39,3112.32,3090.04,3110.71,11904.6714
2026-01-08 07:15:00,3110.71,3122.16,3108.18,3121.46,3758.1445
2026-01-08 07:30:00,3121.46,3132.86,3118.01,3130.37,5225.9467
2026-01-08 07:45:00,3130.38,3131.9,3125.81,3128.28,2722.7947
2026-01-08 08:00:00,3128.29,3134.73,3126.33,3132.49,2237.0898
2026-01-08 08:15:00,3132.49,3135.68,3129.22,3133.8,1532.5101
2026-01-08 08:30:00,3133.8,3136.56,3124.46,3125.71,3061.4221
2026-01-08 08:45:00,3125.71,3126.3,3113.88,3116.83,2332.0814
2026-01-08 09:00:00,3116.83,3124.06,3110.65,3120.88,2050.5004
2026-01-08 09:15:00,3120.89,3120.89,3106.74,3107.01,3140.0596
2026-01-08 09:30:00,3107.01,3114.39,3105.55,3114.23,2335.7054
2026-01-08 09:45:00,3114.24,3118.11,3110.22,3111.89,1693.1655
2026-01-08 10:00:00,3111.9,3112.84,3096.68,3108.64,5612.9026
2026-01-08 10:15:00,3108.64,3119.99,3107.52,3117.55,2470.232
2026-01-08 10:30:00,3117.55,3123.37,3117.31,3118.51,1985.4336
2026-01-08 10:45:00,3118.5,3133.03,3118.5,3128.18,6456.3042
2026-01-08 11:00:00,3128.19,3131.54,3121.71,3123.53,3494.2097
2026-01-08 11:15:00,3123.53,3126.95,3115.26,3122.44,3468.5217
2026-01-08 11:30:00,3122.45,3122.8,3112.57,3114.68,2651.5903
2026-01-08 11:45:00,3114.67,3121.25,3112.96,3121.24,1924.2781
2026-01-08 12:00:00,3121.25,3121.49,3095.23,3103.35,10935.9892
2026-01-08 12:15:00,3103.36,3108.47,3099.54,3106.79,3761.4123
2026-01-08 12:30:00,3106.8,3109.1,3085.16,3099.24,8410.1042
2026-01-08 12:45:00,3099.27,3104.1,3093.11,3095.76,2235.6775
2026-01-08 13:00:00,3095.76,3099.37,3095.0,3095.49,1339.7845
2026-01-08 13:15:00,3095.5,3100.95,3093.18,3099.53,2486.3331
2026-01-08 13:30:00,3099.54,3102.73,3090.73,3098.99,2334.3714
2026-01-08 13:45:00,3098.99,3100.92,3092.23,3097.12,1558.9011
2026-01-08 14:00:00,3097.11,3097.11,3075.0,3092.69,10003.7051
2026-01-08 14:15:00,3092.68,3093.21,3065.0,3079.08,11279.9398
2026-01-08 14:30:00,3079.08,3085.27,3058.88,3058.89,19083.8771
2026-01-08 14:45:00,3058.89,3088.65,3054.65,3077.4,12350.6399
2026-01-08 15:00:00,3077.39,3091.92,3067.37,3085.33,6604.1914
2026-01-08 15:15:00,3085.32,3107.3,3083.43,3103.76,9587.7891
2026-01-08 15:30:00,3103.76,3112.35,3089.42,3096.18,7475.5024
2026-01-08 15:45:00,3096.17,3105.81,3086.25,3104.2,5891.6145
2026-01-08 16:00:00,3104.19,3108.48,3096.32,3099.11,4593.4678
2026-01-08 16:15:00,3099.11,3102.12,3092.78,3101.46,3070.5078
2026-01-08 16:30:00,3101.46,3114.38,3090.2,3109.72,5656.5297
2026-01-08 16:45:00,3109.73,3123.63,3109.72,3122.31,3407.2473
2026-01-08 17:00:00,3122.31,3128.99,3118.6,3123.99,4808.7537
2026-01-08 17:15:00,3123.99,3125.29,3110.34,3112.99,2693.1234
2026-01-08 17:30:00,3112.99,3123.12,3112.99,3122.51,2145.2779
2026-01-08 17:45:00,3122.51,3140.0,3122.26,3134.95,8949.9199
2026-01-08 18:00:00,3134.95,3135.5,3123.87,3123.87,3431.8893
2026-01-08 18:15:00,3123.87,3129.87,3121.29,3125.66,2750.8517
2026-01-08 18:30:00,3125.65,3130.11,3118.59,3120.5,2050.6519
2026-01-08 18:45:00,3120.5,3124.8,3114.9,3120.22,2280.1831
2026-01-08 19:00:00,3120.22,3129.07,3116.44,3124.09,1573.8017
2026-01-08 19:15:00,3124.09,3124.09,3109.01,3116.76,2781.6459
2026-01-08 19:30:00,3116.76,3126.15,3115.95,3116.24,1475.0551
2026-01-08 19:45:00,3116.25,3119.64,3104.01,3111.53,1979.5287
2026-01-08 20:00:00,3111.53,3111.53,3089.39,3097.1,4785.4376
2026-01-08 20:15:00,3097.09,3102.34,3091.65,3095.1,1563.7385
2026-01-08 20:30:00,3095.1,3105.4,3095.1,3101.03,1820.1662
2026-01-08 20:45:00,3101.03,3109.68,3100.84,3107.29,1776.0448
2026-01-08 21:00:00,3107.3,3114.39,3107.3,3113.02,1158.1655
2026-01-08 21:15:00,3113.02,3113.65,3107.37,3109.04,1258.644
2026-01-08 21:30:00,3109.04,3121.38,3107.38,3117.57,1551.7535
2026-01-08 21:45:00,3117.57,3123.24,3116.14,3118.75,1624.6684
2026-01-08 22:00:00,3118.76,3130.38,3118.0,3126.44,1962.5829
2026-01-08 22:15:00,3126.44,3126.44,3120.7,3122.14,769.7257
2026-01-08 22:30:00,3122.13,3122.14,3107.75,3111.0,1743.1713
2026-01-08 22:45:00,3110.99,3119.13,3110.99,3119.12,1114.9101
2026-01-08 23:00:00,3119.13,3122.24,3117.39,3118.44,1020.9273
2026-01-08 23:15:00,3118.45,3121.5,3117.52,3118.09,567.8411
2026-01-08 23:30:00,3118.09,3119.06,3108.97,3108.99,4456.0451
2026-01-08 23:45:00,3109.0,3112.94,3105.87,3106.65,1530.8558
2026-01-09 00:00:00,3106.66,3114.56,3105.0,3111.48,1117.234
2026-01-09 00:15:00,3111.48,3112.01,3104.45,3105.05,721.0159
2026-01-09 00:30:00,3105.05,3114.76,3105.05,3113.33,961.3834
2026-01-09 00:45:00,3113.32,3117.65,3112.5,3115.83,884.0449
2026-01-09 01:00:00,3115.84,3117.55,3113.93,3114.75,882.2779
2026-01-09 01:15:00,3114.76,3144.32,3099.46,3139.38,9109.8958
2026-01-09 01:30:00,3139.38,3148.41,3081.34,3098.99,18885.6643
2026-01-09 01:45:00,3099.0,3105.93,3098.27,3105.82,1655.1906
2026-01-09 02:00:00,3105.83,3125.99,3103.61,3123.49,4096.7095
2026-01-09 02:15:00,3123.49,3126.11,3117.32,3118.13,2019.7167
2026-01-09 02:30:00,3118.13,3121.06,3112.39,3116.35,953.2329
2026-01-09 02:45:00,3116.34,3118.19,3106.99,3109.49,1323.1696
2026-01-09 03:00:00,3109.5,3117.36,3106.89,3114.68,1638.1874
2026-01-09 03:15:00,3114.68,3117.95,3103.01,3107.76,2724.8958
2026-01-09 03:30:00,3107.77,3117.22,3104.82,3114.95,1203.7434
2026-01-09 03:45:00,3114.95,3121.24,3114.75,3119.6,1782.0659
2026-01-09 04:00:00,3119.6,3122.43,3115.46,3116.86,934.4701
2026-01-09 04:15:00,3116.86,3124.0,3116.3,3122.39,1044.2777
2026-01-09 04:30:00,3122.39,3124.11,3112.14,3114.8,1697.0539
2026-01-09 04:45:00,3114.81,3118.14,3114.81,3116.53,363.8201
2026-01-09 05:00:00,3116.54,3121.0,3116.53,3119.39,730.9624
2026-01-09 05:15:00,3119.39,3120.0,3114.41,3117.84,1161.24
2026-01-09 05:30:00,3117.83,3119.33,3113.75,3115.36,530.1233
2026-01-09 05:45:00,3115.36,3119.9,3114.53,3118.5,784.8645
2026-01-09 06:00:00,3118.51,3120.0,3118.19,3118.64,992.3157
2026-01-09 06:15:00,3118.65,3122.76,3118.02,3118.24,1352.0481
2026-01-09 06:30:00,3118.24,3124.37,3117.53,3124.0,1221.4254
2026-01-09 06:45:00,3123.99,3125.71,3121.18,3123.2,942.7117
2026-01-09 07:00:00,3123.21,3123.79,3117.66,3118.68,673.722
2026-01-09 07:15:00,3118.69,3120.39,3116.5,3118.86,739.8651
2026-01-09 07:30:00,3118.86,3119.0,3113.66,3115.66,1544.8778
2026-01-09 07:45:00,3115.67,3117.47,3110.39,3111.2,2580.35
2026-01-09 08:00:00,3111.21,3114.42,3102.32,3108.4,3455.2599
2026-01-09 08:15:00,3108.41,3115.37,3107.96,3109.65,1251.3294
2026-01-09 08:30:00,3109.65,3111.12,3084.21,3087.23,6765.494
2026-01-09 08:45:00,3087.24,3090.41,3067.44,3082.49,11135.8371
2026-01-09 09:00:00,3082.49,3099.15,3081.93,3092.89,4571.4145
2026-01-09 09:15:00,3092.88,3100.87,3087.65,3099.38,2152.5739
2026-01-09 09:30:00,3099.37,3099.8,3094.1,3096.18,926.5973
2026-01-09 09:45:00,3096.19,3097.07,3091.56,3092.39,1119.9781
2026-01-09 10:00:00,3092.39,3097.15,3088.36,3094.19,1359.5663
2026-01-09 10:15:00,3094.19,3098.57,3094.19,3094.2,867.7131
2026-01-09 10:30:00,3094.2,3098.94,3093.28,3097.01,638.6545
2026-01-09 10:45:00,3097.01,3099.43,3096.34,3096.65,855.3342
2026-01-09 11:00:00,3096.64,3099.47,3094.63,3098.85,691.0679
2026-01-09 11:15:00,3098.86,3104.59,3098.2,3100.22,2193.7747
2026-01-09 11:30:00,3100.23,3103.27,3095.44,3097.7,659.6297
2026-01-09 11:45:00,3097.7,3098.24,3088.49,3090.36,1783.1445
2026-01-09 12:00:00,3090.36,3096.16,3089.39,3089.55,1031.0616
2026-01-09 12:15:00,3089.56,3089.56,3082.05,3086.09,2409.6622
2026-01-09 12:30:00,3086.1,3089.49,3083.01,3086.01,1656.5843
2026-01-09 12:45:00,3086.0,3088.75,3083.58,3084.55,972.2591
2026-01-09 13:00:00,3084.56,3094.31,3083.44,3093.03,1405.7038
2026-01-09 13:15:00,3093.02,3103.33,3092.65,3098.65,1579.0715
2026-01-09 13:30:00,3098.64,3111.17,3085.39,3095.38,9015.459
2026-01-09 13:45:00,3095.39,3100.89,3089.56,3098.56,1591.1882
2026-01-09 14:00:00,3098.56,3099.0,3077.77,3082.04,2589.2846
2026-01-09 14:15:00,3082.04,3096.01,3080.69,3095.4,3092.5746
2026-01-09 14:30:00,3095.4,3097.44,3070.54,3072.73,7613.2099
2026-01-09 14:45:00,3072.73,3081.0,3062.0,3078.93,7267.0871
2026-01-09 15:00:00,3078.94,3083.31,3058.69,3077.88,7524.5043
2026-01-09 15:15:00,3077.88,3137.49,3075.54,3130.0,12818.1929
2026-01-09 15:30:00,3130.0,3143.0,3111.37,3112.79,16119.3139
2026-01-09 15:45:00,3112.78,3127.15,3095.73,3112.08,9989.0444
2026-01-09 16:00:00,3112.08,3142.95,3111.0,3142.86,8650.0478
2026-01-09 16:15:00,3142.87,3145.45,3124.45,3126.79,6411.0388
2026-01-09 16:30:00,3126.79,3131.18,3120.0,3126.56,2559.0059
2026-01-09 16:45:00,3126.55,3136.38,3124.37,3133.13,2703.2666
2026-01-09 17:00:00,3133.13,3135.0,3116.75,3122.91,3302.2291
2026-01-09 17:15:00,3122.91,3123.2,3108.52,3111.29,2171.2902
2026-01-09 17:30:00,3111.3,3115.12,3104.66,3106.92,2112.857
2026-01-09 17:45:00,3106.93,3119.84,3104.88,3114.41,2399.9745
2026-01-09 18:00:00,3114.4,3118.56,3105.29,3108.29,1571.3582
2026-01-09 18:15:00,3108.28,3108.28,3082.12,3086.06,6042.6828
2026-01-09 18:30:00,3086.05,3095.32,3073.65,3093.44,4977.2047
2026-01-09 18:45:00,3093.45,3098.99,3086.79,3094.97,1903.772
2026-01-09 19:00:00,3094.96,3094.96,3083.47,3084.89,1880.1106
2026-01-09 19:15:00,3084.9,3086.31,3071.82,3075.16,3613.6934
2026-01-09 19:30:00,3075.16,3079.0,3068.94,3074.57,3476.8578
2026-01-09 19:45:00,3074.57,3088.33,3073.63,3080.6,2388.1877
2026-01-09 20:00:00,3080.6,3089.81,3077.49,3087.02,2424.8846
2026-01-09 20:15:00,3087.01,3089.54,3082.01,3083.54,1258.6757
2026-01-09 20:30:00,3083.55,3091.37,3077.89,3077.9,1589.3849
2026-01-09 20:45:00,3077.89,3081.94,3071.26,3073.65,3263.1086
2026-01-09 21:00:00,3073.66,3079.03,3065.23,3077.83,2845.4894
2026-01-09 21:15:00,3077.83,3091.51,3077.03,3087.57,2987.5036
2026-01-09 21:30:00,3087.58,3093.35,3082.09,3082.85,1518.9625
2026-01-09 21:45:00,3082.86,3088.08,3079.96,3086.1,1148.4036
2026-01-09 22:00:00,3086.1,3088.5,3074.4,3079.93,1666.0039
2026-01-09 22:15:00,3079.93,3082.99,3077.0,3082.99,814.7776
2026-01-09 22:30:00,3082.98,3088.59,3081.53,3082.56,1073.4709
2026-01-09 22:45:00,3082.56,3087.3,3082.55,3086.27,484.596
2026-01-09 23:00:00,3086.27,3089.97,3083.8,3089.24,773.0603
2026-01-09 23:15:00,3089.24,3091.94,3087.01,3090.52,507.5176
2026-01-09 23:30:00,3090.52,3093.3,3089.01,3090.8,912.9623
2026-01-09 23:45:00,3090.8,3091.86,3085.74,3088.4,800.9484
2026-01-10 00:00:00,3088.4,3090.04,3084.75,3084.77,883.2124
2026-01-10 00:15:00,3084.78,3087.86,3082.02,3087.86,881.0593
2026-01-10 00:30:00,3087.86,3089.42,3085.0,3086.13,463.4156
2026-01-10 00:45:00,3086.12,3086.13,3081.7,3083.25,681.5371
2026-01-10 01:00:00,3083.25,3087.93,3083.24,3087.92,643.2445
2026-01-10 01:15:00,3087.92,3089.51,3087.01,3089.51,766.62
2026-01-10 01:30:00,3089.51,3090.68,3088.51,3090.4,597.425
2026-01-10 01:45:00,3090.4,3091.37,3087.9,3090.11,562.8908
2026-01-10 02:00:00,3090.12,3091.85,3089.68,3091.84,371.268
2026-01-10 02:15:00,3091.85,3094.61,3090.42,3091.8,693.9837
2026-01-10 02:30:00,3091.8,3091.8,3083.37,3083.75,841.4866
2026-01-10 02:45:00,3083.75,3088.07,3083.74,3088.07,354.7418
2026-01-10 03:00:00,3088.07,3088.07,3080.1,3080.6,1126.9068
2026-01-10 03:15:00,3080.6,3087.68,3080.59,3087.38,580.7585
2026-01-10 03:30:00,3087.37,3088.15,3084.49,3085.2,686.4772
2026-01-10 03:45:00,3085.21,3089.0,3085.2,3086.51,668.5587
2026-01-10 04:00:00,3086.51,3087.68,3081.38,3083.17,1109.0843
2026-01-10 04:15:00,3083.16,3083.73,3081.46,3082.95,427.3509
2026-01-10 04:30:00,3082.95,3084.61,3082.16,3084.6,416.0138
2026-01-10 04:45:00,3084.6,3085.59,3077.99,3079.74,8751.0618
2026-01-10 05:00:00,3079.73,3084.93,3079.73,3084.42,1354.3526
2026-01-10 05:15:00,3084.42,3084.94,3083.4,3084.93,312.5594
2026-01-10 05:30:00,3084.94,3087.37,3083.8,3087.15,1074.9294
2026-01-10 05:45:00,3087.14,3087.89,3086.14,3086.54,595.2518
2026-01-10 06:00:00,3086.54,3087.9,3086.47,3087.24,841.3436
2026-01-10 06:15:00,3087.24,3087.36,3083.37,3086.88,804.5491
2026-01-10 06:30:00,3086.89,3088.21,3086.68,3087.22,426.7834
2026-01-10 06:45:00,3087.21,3088.65,3087.01,3087.49,450.1656
2026-01-10 07:00:00,3087.5,3093.38,3087.49,3092.25,1527.7791
2026-01-10 07:15:00,3092.26,3092.26,3090.0,3091.35,656.5139
2026-01-10 07:30:00,3091.35,3092.89,3089.8,3090.33,615.0015
2026-01-10 07:45:00,3090.32,3092.96,3090.3,3092.77,917.3549
2026-01-10 08:00:00,3092.77,3093.05,3089.87,3090.79,641.942
2026-01-10 08:15:00,3090.79,3091.1,3089.17,3089.31,467.7393
2026-01-10 08:30:00,3089.32,3089.56,3087.37,3088.82,564.1021
2026-01-10 08:45:00,3088.82,3090.29,3088.81,3090.29,740.9879
2026-01-10 09:00:00,3090.29,3092.07,3089.39,3089.82,1823.1348
2026-01-10 09:15:00,3089.81,3093.15,3089.81,3091.89,524.7524
2026-01-10 09:30:00,3091.89,3093.29,3090.9,3093.28,558.8992
2026-01-10 09:45:00,3093.28,3099.02,3093.28,3096.09,2255.78
2026-01-10 10:00:00,3096.1,3098.23,3095.31,3097.31,579.1747
2026-01-10 10:15:00,3097.32,3098.93,3095.18,3095.53,811.9994
2026-01-10 10:30:00,3095.53,3099.4,3094.06,3098.11,1090.2769
2026-01-10 10:45:00,3098.11,3104.12,3098.1,3102.96,5772.931
2026-01-10 11:00:00,3102.96,3104.01,3099.1,3099.9,1647.136
2026-01-10 11:15:00,3099.89,3100.31,3097.13,3097.55,644.4397
2026-01-10 11:30:00,3097.56,3098.73,3096.15,3096.78,542.2845
2026-01-10 11:45:00,3096.78,3096.99,3095.0,3096.99,454.0154
2026-01-10 12:00:00,3096.99,3099.47,3096.98,3099.46,560.1507
2026-01-10 12:15:00,3099.47,3104.01,3096.38,3096.38,2845.42
2026-01-10 12:30:00,3096.39,3098.37,3093.76,3097.44,812.7281
2026-01-10 12:45:00,3097.43,3099.47,3097.14,3099.46,550.182
2026-01-10 13:00:00,3099.47,3099.47,3096.6,3096.6,323.2097
2026-01-10 13:15:00,3096.6,3099.04,3096.0,3096.38,460.5213
2026-01-10 13:30:00,3096.37,3098.42,3096.37,3097.99,365.5058
2026-01-10 13:45:00,3097.99,3098.0,3093.67,3094.94,630.8307
2026-01-10 14:00:00,3094.94,3095.75,3088.81,3094.56,1299.1413
2026-01-10 14:15:00,3094.55,3096.55,3091.91,3094.21,791.7046
2026-01-10 14:30:00,3094.2,3094.21,3091.17,3091.17,755.0715
2026-01-10 14:45:00,3091.17,3092.28,3090.75,3091.64,349.3812
2026-01-10 15:00:00,3091.65,3095.1,3091.64,3094.51,578.061
2026-01-10 15:15:00,3094.51,3094.77,3092.25,3093.24,705.3468
2026-01-10 15:30:00,3093.24,3096.38,3093.07,3095.94,783.6061
2026-01-10 15:45:00,3095.94,3096.2,3094.07,3095.64,690.2326
2026-01-10 16:00:00,3095.63,3097.53,3094.39,3094.4,485.0027
2026-01-10 16:15:00,3094.39,3094.41,3092.0,3094.41,235.011
2026-01-10 16:30:00,3094.4,3097.2,3093.72,3097.2,572.4818
2026-01-10 16:45:00,3097.2,3097.2,3094.78,3095.35,178.0454
2026-01-10 17:00:00,3095.35,3099.02,3095.35,3098.61,573.7161
2026-01-10 17:15:00,3098.61,3099.37,3097.75,3097.75,959.1372
2026-01-10 17:30:00,3097.76,3097.76,3096.81,3096.83,434.0715
2026-01-10 17:45:00,3096.82,3096.99,3092.1,3092.95,840.7847
2026-01-10 18:00:00,3092.95,3093.93,3090.65,3092.07,637.6139
2026-01-10 18:15:00,3092.06,3094.03,3091.63,3094.02,340.9127
2026-01-10 18:30:00,3094.03,3094.03,3091.89,3093.53,397.1046
2026-01-10 18:45:00,3093.53,3093.54,3091.91,3092.85,585.8013
2026-01-10 19:00:00,3092.85,3093.9,3092.4,3093.09,464.7777
2026-01-10 19:15:00,3093.09,3093.1,3091.69,3091.92,762.6183
2026-01-10 19:30:00,3091.92,3092.4,3091.19,3092.35,446.8765
2026-01-10 19:45:00,3092.35,3092.35,3090.08,3092.12,506.1398
2026-01-10 20:00:00,3092.13,3093.3,3090.82,3092.42,645.165
2026-01-10 20:15:00,3092.42,3092.43,3091.55,3091.57,163.3685
2026-01-10 20:30:00,3091.58,3093.16,3089.1,3089.11,839.3798
2026-01-10 20:45:00,3089.1,3090.83,3089.05,3089.71,495.4145
2026-01-10 21:00:00,3089.71,3090.1,3084.46,3087.54,1079.1396
2026-01-10 21:15:00,3087.54,3089.94,3087.54,3089.24,257.2871
2026-01-10 21:30:00,3089.25,3090.15,3086.87,3087.25,381.5625
2026-01-10 21:45:00,3087.25,3087.26,3085.69,3086.09,207.8312
2026-01-10 22:00:00,3086.09,3086.09,3082.14,3082.14,854.613
2026-01-10 22:15:00,3082.15,3082.93,3078.71,3082.92,1334.8484
2026-01-10 22:30:00,3082.92,3089.51,3082.92,3087.91,1340.0869
2026-01-10 22:45:00,3087.9,3087.9,3080.42,3080.74,654.5313
2026-01-10 23:00:00,3080.73,3085.98,3079.93,3084.44,1121.619
2026-01-10 23:15:00,3084.44,3087.24,3084.43,3087.23,763.1069
2026-01-10 23:30:00,3087.23,3088.52,3085.57,3087.95,475.0082
2026-01-10 23:45:00,3087.94,3089.56,3085.65,3086.72,603.6277
2026-01-11 00:00:00,3086.72,3088.2,3084.46,3088.13,537.0827
2026-01-11 00:15:00,3088.12,3091.43,3087.0,3091.27,926.2556
2026-01-11 00:30:00,3091.26,3091.26,3087.97,3087.97,152.8569
2026-01-11 00:45:00,3087.97,3092.71,3087.97,3091.98,246.9016
2026-01-11 01:00:00,3091.98,3094.02,3091.16,3091.17,242.9978
2026-01-11 01:15:00,3091.17,3093.43,3089.64,3092.03,659.911
2026-01-11 01:30:00,3092.03,3092.78,3089.65,3092.55,654.0933
2026-01-11 01:45:00,3092.55,3095.32,3092.55,3095.31,350.6877
2026-01-11 02:00:00,3095.32,3096.73,3093.26,3096.45,518.8481
2026-01-11 02:15:00,3096.45,3097.29,3094.45,3094.94,437.0467
2026-01-11 02:30:00,3094.95,3094.95,3092.74,3094.15,183.141
2026-01-11 02:45:00,3094.16,3095.59,3092.02,3092.49,464.8041
2026-01-11 03:00:00,3092.5,3093.77,3091.87,3093.25,274.9545
2026-01-11 03:15:00,3093.25,3096.27,3093.25,3094.81,315.4629
2026-01-11 03:30:00,3094.8,3096.42,3093.67,3096.41,375.4682
2026-01-11 03:45:00,3096.41,3097.53,3096.34,3096.78,349.6482
2026-01-11 04:00:00,3096.78,3098.56,3095.31,3096.06,1090.7235
2026-01-11 04:15:00,3096.07,3097.0,3094.72,3095.41,334.0891
2026-01-11 04:30:00,3095.41,3099.01,3095.31,3095.65,1591.9931
2026-01-11 04:45:00,3095.65,3098.23,3095.64,3098.22,239.0304
2026-01-11 05:00:00,3098.23,3099.0,3097.38,3098.17,459.2165
2026-01-11 05:15:00,3098.16,3098.17,3096.43,3097.3,623.2735
2026-01-11 05:30:00,3097.29,3100.72,3097.29,3100.26,730.0779
2026-01-11 05:45:00,3100.26,3102.42,3098.0,3099.32,1010.0783
2026-01-11 06:00:00,3099.33,3101.15,3098.32,3099.66,1138.4966
2026-01-11 06:15:00,3099.66,3099.98,3090.0,3093.91,1346.5619
2026-01-11 06:30:00,3093.91,3094.21,3092.84,3093.91,271.809
2026-01-11 06:45:00,3093.91,3098.0,3093.91,3097.19,463.3004
2026-01-11 07:00:00,3097.19,3098.41,3095.09,3095.41,331.4378
2026-01-11 07:15:00,3095.4,3096.56,3094.32,3094.77,289.5258
2026-01-11 07:30:00,3094.76,3095.09,3092.4,3094.63,212.9005
2026-01-11 07:45:00,3094.63,3095.69,3094.22,3095.32,330.4112
2026-01-11 08:00:00,3095.32,3095.7,3092.7,3095.32,335.794
2026-01-11 08:15:00,3095.32,3097.95,3095.31,3097.38,314.588
2026-01-11 08:30:00,3097.39,3101.02,3097.39,3100.21,1435.1057
2026-01-11 08:45:00,3100.2,3108.23,3098.97,3103.38,1934.6857
2026-01-11 09:00:00,3103.38,3104.7,3102.96,3103.61,1145.9716
2026-01-11 09:15:00,3103.61,3106.42,3103.04,3106.22,858.4008
2026-01-11 09:30:00,3106.23,3109.78,3100.81,3102.49,1821.2289
2026-01-11 09:45:00,3102.5,3105.31,3102.49,3104.42,1244.9834
2026-01-11 10:00:00,3104.43,3108.11,3102.59,3107.79,2346.9297
2026-01-11 10:15:00,3107.8,3108.06,3104.48,3106.07,589.4852
2026-01-11 10:30:00,3106.07,3108.33,3104.46,3104.99,558.7226
2026-01-11 10:45:00,3104.99,3108.01,3104.98,3107.76,1247.1504
2026-01-11 11:00:00,3107.77,3107.77,3103.87,3104.12,367.2999
2026-01-11 11:15:00,3104.12,3106.05,3103.37,3106.04,366.4091
2026-01-11 11:30:00,3106.05,3107.38,3106.05,3106.42,645.5625
2026-01-11 11:45:00,3106.43,3106.43,3103.61,3105.22,1357.1409
2026-01-11 12:00:00,3105.22,3108.77,3105.0,3108.71,818.4415
2026-01-11 12:15:00,3108.72,3110.73,3107.12,3109.92,710.7704
2026-01-11 12:30:00,3109.93,3113.32,3108.17,3111.41,1535.5924
2026-01-11 12:45:00,3111.4,3116.74,3111.38,3114.16,2931.8549
2026-01-11 13:00:00,3114.16,3115.51,3112.36,3115.34,1884.9975
2026-01-11 13:15:00,3115.33,3116.32,3108.17,3112.09,1072.9332
2026-01-11 13:30:00,3112.09,3113.76,3106.99,3107.0,4002.0553
2026-01-11 13:45:00,3107.0,3112.58,3107.0,3109.46,4839.0547
2026-01-11 14:00:00,3109.46,3114.76,3108.97,3113.89,1858.2169
2026-01-11 14:15:00,3113.89,3115.26,3112.85,3115.25,526.1652
2026-01-11 14:30:00,3115.26,3118.39,3112.72,3115.51,1320.3241
2026-01-11 14:45:00,3115.52,3129.19,3112.81,3125.46,3669.5175
2026-01-11 15:00:00,3125.46,3131.0,3117.6,3119.15,3777.1924
2026-01-11 15:15:00,3119.15,3124.5,3117.5,3121.67,1547.8942
2026-01-11 15:30:00,3121.68,3125.59,3113.57,3116.43,3327.3407
2026-01-11 15:45:00,3116.42,3118.48,3110.12,3118.22,1727.6801
2026-01-11 16:00:00,3118.22,3121.19,3115.63,3116.76,1395.7481
2026-01-11 16:15:00,3116.77,3124.81,3116.06,3123.54,1976.347
2026-01-11 16:30:00,3123.54,3147.27,3123.4,3136.2,13578.9621
2026-01-11 16:45:00,3136.19,3139.37,3126.92,3129.44,5553.0032
2026-01-11 17:00:00,3129.45,3133.89,3127.53,3130.99,1251.4742
2026-01-11 17:15:00,3130.98,3131.65,3127.36,3131.64,1027.217
2026-01-11 17:30:00,3131.65,3132.67,3118.26,3125.24,2937.1567
2026-01-11 17:45:00,3125.24,3126.91,3122.61,3126.89,518.3362
2026-01-11 18:00:00,3126.89,3127.37,3120.7,3122.26,687.8054
2026-01-11 18:15:00,3122.25,3126.19,3122.25,3125.88,420.5603
2026-01-11 18:30:00,3125.88,3125.88,3120.64,3123.42,579.9614
2026-01-11 18:45:00,3123.43,3133.89,3123.43,3129.44,2418.83
2026-01-11 19:00:00,3129.43,3133.01,3128.51,3131.43,967.3603
2026-01-11 19:15:00,3131.43,3131.84,3126.3,3127.85,568.0561
2026-01-11 19:30:00,3127.85,3128.48,3122.13,3122.53,898.5824
2026-01-11 19:45:00,3122.54,3126.32,3119.0,3124.36,1237.4433
2026-01-11 20:00:00,3124.36,3124.37,3108.14,3112.75,3451.554
2026-01-11 20:15:00,3112.75,3112.75,3102.0,3105.73,3598.04
2026-01-11 20:30:00,3105.73,3111.34,3101.95,3108.29,2192.8296
2026-01-11 20:45:00,3108.29,3116.07,3108.29,3115.1,1766.8427
2026-01-11 21:00:00,3115.09,3115.09,3107.6,3112.23,1105.0
2026-01-11 21:15:00,3112.23,3117.3,3111.91,3114.22,942.6829
2026-01-11 21:30:00,3114.22,3118.07,3112.66,3113.97,651.8481
2026-01-11 21:45:00,3113.97,3126.15,3113.46,3121.11,1754.3094
2026-01-11 22:00:00,3121.11,3121.11,3106.49,3111.0,2430.2656
2026-01-11 22:15:00,3111.01,3116.33,3109.52,3113.16,3010.3629
2026-01-11 22:30:00,3113.16,3116.57,3111.37,3115.42,2133.836
2026-01-11 22:45:00,3115.42,3116.46,3109.34,3109.61,901.393
2026-01-11 23:00:00,3109.6,3111.84,3092.59,3111.83,11285.301
2026-01-11 23:15:00,3111.84,3125.91,3111.14,3114.0,5053.8235
2026-01-11 23:30:00,3114.0,3121.6,3110.53,3120.9,1811.6051
2026-01-11 23:45:00,3120.9,3124.94,3117.75,3123.45,2002.1838
2026-01-12 00:00:00,3123.46,3123.73,3108.84,3115.64,3651.1307
2026-01-12 00:15:00,3115.63,3127.46,3113.75,3120.39,3293.9386
2026-01-12 00:30:00,3120.39,3123.36,3103.69,3106.34,2244.9065
2026-01-12 00:45:00,3106.34,3120.6,3097.24,3119.9,3731.0425
2026-01-12 01:00:00,3119.9,3137.28,3119.57,3127.95,9975.5547
2026-01-12 01:15:00,3127.95,3131.95,3121.82,3130.91,2367.0777
2026-01-12 01:30:00,3130.91,3131.95,3114.01,3124.03,2857.6231
2026-01-12 01:45:00,3124.03,3130.49,3123.89,3124.9,1855.6904
2026-01-12 02:00:00,3124.9,3142.65,3122.61,3142.65,4751.4091
2026-01-12 02:15:00,3142.64,3153.97,3137.88,3145.79,8719.3195
2026-01-12 02:30:00,3145.8,3152.1,3142.33,3148.81,2328.7178
2026-01-12 02:45:00,3148.8,3167.95,3148.6,3157.65,8562.7564
2026-01-12 03:00:00,3157.65,3170.79,3153.59,3169.38,6037.9964
2026-01-12 03:15:00,3169.38,3171.49,3162.77,3164.0,6289.4414
2026-01-12 03:30:00,3164.0,3165.63,3155.01,3156.15,3308.3758
2026-01-12 03:45:00,3156.14,3157.77,3151.52,3152.55,2331.4605
2026-01-12 04:00:00,3152.56,3159.69,3148.7,3159.25,2879.0002
2026-01-12 04:15:00,3159.25,3160.16,3154.85,3155.9,711.175
2026-01-12 04:30:00,3155.89,3163.0,3154.69,3160.12,1491.0127
2026-01-12 04:45:00,3160.12,3163.9,3158.81,3159.42,683.4116
2026-01-12 05:00:00,3159.42,3161.93,3155.38,3159.01,970.1643
2026-01-12 05:15:00,3159.02,3166.41,3157.41,3165.55,3614.1272
2026-01-12 05:30:00,3165.55,3166.9,3156.94,3159.64,1815.3819
2026-01-12 05:45:00,3159.64,3160.49,3157.17,3158.89,770.1178
2026-01-12 06:00:00,3158.89,3166.05,3156.15,3162.44,1299.573
2026-01-12 06:15:00,3162.45,3163.49,3156.4,3157.89,794.526
2026-01-12 06:30:00,3157.88,3158.73,3152.94,3158.39,1258.646
2026-01-12 06:45:00,3158.38,3158.38,3152.61,3154.79,657.0058
2026-01-12 07:00:00,3154.8,3161.45,3152.73,3157.13,1050.2414
2026-01-12 07:15:00,3157.13,3159.69,3153.09,3157.37,667.3958
2026-01-12 07:30:00,3157.37,3157.38,3140.5,3142.77,3693.9221
2026-01-12 07:45:00,3142.76,3142.94,3133.52,3135.34,3108.5599
2026-01-12 08:00:00,3135.33,3143.58,3132.79,3140.33,2970.075
2026-01-12 08:15:00,3140.34,3147.62,3137.86,3139.46,1672.6275
2026-01-12 08:30:00,3139.46,3139.46,3108.17,3109.13,10037.1017
2026-01-12 08:45:00,3109.13,3119.74,3101.48,3115.47,5398.0889
2026-01-12 09:00:00,3115.47,3120.63,3111.0,3118.39,3415.85
2026-01-12 09:15:00,3118.39,3124.86,3116.49,3116.97,2295.9347
2026-01-12 09:30:00,3116.96,3123.36,3115.96,3121.82,2518.682
2026-01-12 09:45:00,3121.82,3122.7,3115.4,3116.31,1181.1528
2026-01-12 10:00:00,3116.32,3119.88,3109.73,3114.24,1701.5118
2026-01-12 10:15:00,3114.23,3116.15,3111.44,3114.66,658.8958
2026-01-12 10:30:00,3114.65,3116.85,3111.68,3111.86,1268.2475
2026-01-12 10:45:00,3111.85,3112.48,3104.17,3106.88,2205.0359
2026-01-12 11:00:00,3106.87,3113.2,3106.32,3111.64,1182.1242
2026-01-12 11:15:00,3111.64,3121.44,3110.72,3117.4,1915.417
2026-01-12 11:30:00,3117.4,3119.72,3111.41,3113.76,1022.1011
2026-01-12 11:45:00,3113.76,3117.47,3113.75,3115.43,802.2412
2026-01-12 12:00:00,3115.43,3120.99,3114.63,3119.21,766.0128
2026-01-12 12:15:00,3119.22,3122.75,3119.08,3119.39,1245.8736
2026-01-12 12:30:00,3119.4,3119.76,3112.62,3116.59,625.0569
2026-01-12 12:45:00,3116.6,3120.0,3115.89,3117.17,1060.9342
2026-01-12 13:00:00,3117.17,3120.32,3106.87,3107.59,1955.8068
2026-01-12 13:15:00,3107.59,3112.37,3107.0,3110.59,1222.1062
2026-01-12 13:30:00,3110.58,3116.1,3108.49,3110.05,852.043
2026-01-12 13:45:00,3110.06,3113.1,3105.57,3109.14,1173.0058
2026-01-12 14:00:00,3109.14,3110.31,3105.8,3109.7,955.899
2026-01-12 14:15:00,3109.7,3110.57,3065.55,3077.99,23235.9588
2026-01-12 14:30:00,3077.99,3117.51,3074.48,3101.95,17321.8994
2026-01-12 14:45:00,3101.96,3112.32,3092.66,3105.41,5164.219
2026-01-12 15:00:00,3105.37,3105.9,3092.88,3100.56,3376.9483
2026-01-12 15:15:00,3100.56,3127.08,3098.52,3120.0,6946.507
2026-01-12 15:30:00,3120.0,3133.52,3114.93,3127.52,4164.7055
2026-01-12 15:45:00,3127.51,3130.28,3121.95,3130.17,3616.7592
2026-01-12 16:00:00,3130.17,3136.0,3125.08,3132.08,5251.0346
2026-01-12 16:15:00,3132.09,3145.0,3120.65,3143.22,5752.451
2026-01-12 16:30:00,3143.22,3146.66,3129.37,3132.31,6571.4916
2026-01-12 16:45:00,3132.31,3135.37,3124.85,3130.88,2466.708
2026-01-12 17:00:00,3130.88,3137.02,3124.36,3127.72,2583.6072
2026-01-12 17:15:00,3127.71,3131.83,3110.31,3113.76,4198.4406
2026-01-12 17:30:00,3113.76,3114.41,3083.5,3097.91,11152.9934
2026-01-12 17:45:00,3097.9,3107.22,3096.74,3104.88,2403.9042
2026-01-12 18:00:00,3104.89,3115.55,3099.3,3110.24,2638.625
2026-01-12 18:15:00,3110.24,3119.26,3109.26,3118.66,2276.106
2026-01-12 18:30:00,3118.66,3118.86,3095.54,3103.93,3753.0835
2026-01-12 18:45:00,3103.93,3111.54,3101.54,3108.28,1274.0957
2026-01-12 19:00:00,3108.28,3110.75,3097.09,3107.7,2828.0208
2026-01-12 19:15:00,3107.7,3115.9,3107.7,3111.81,1858.4832
2026-01-12 19:30:00,3111.81,3116.79,3111.63,3115.25,848.6479
2026-01-12 19:45:00,3115.26,3121.96,3112.69,3121.83,1219.9864
2026-01-12 20:00:00,3121.82,3127.75,3119.47,3121.13,1644.475
2026-01-12 20:15:00,3121.14,3121.14,3109.01,3111.33,1327.3773
2026-01-12 20:30:00,3111.33,3111.33,3102.28,3103.31,1358.0169
2026-01-12 20:45:00,3103.31,3105.9,3100.0,3102.57,1379.66
2026-01-12 21:00:00,3102.57,3106.8,3092.72,3103.77,2629.791
2026-01-12 21:15:00,3103.77,3105.0,3097.96,3099.39,2208.4279
2026-01-12 21:30:00,3099.38,3101.28,3096.29,3097.85,1205.5216
2026-01-12 21:45:00,3097.85,3097.86,3083.54,3092.4,4349.6372
2026-01-12 22:00:00,3092.4,3107.43,3092.4,3105.23,2365.4164
2026-01-12 22:15:00,3105.22,3105.22,3096.8,3096.86,1986.4517
2026-01-12 22:30:00,3096.86,3105.76,3095.82,3102.82,1589.6166
2026-01-12 22:45:00,3102.82,3102.82,3095.0,3095.42,1384.9105
2026-01-12 23:00:00,3095.43,3098.96,3088.47,3091.68,2343.2989
2026-01-12 23:15:00,3091.68,3098.13,3089.63,3097.64,1179.8244
2026-01-12 23:30:00,3097.63,3098.96,3091.77,3096.04,1137.3241
2026-01-12 23:45:00,3096.04,3096.04,3093.67,3095.75,506.5151
2026-01-13 00:00:00,3095.75,3107.9,3093.28,3100.74,3650.6343
2026-01-13 00:15:00,3100.75,3106.51,3099.54,3103.33,1145.4839
2026-01-13 00:30:00,3103.32,3107.65,3099.53,3101.72,920.5865
2026-01-13 00:45:00,3101.72,3109.96,3101.72,3108.59,1431.2475
2026-01-13 01:00:00,3108.59,3114.39,3107.09,3110.37,955.5524
2026-01-13 01:15:00,3110.36,3111.09,3099.87,3102.5,1968.7744
2026-01-13 01:30:00,3102.49,3103.06,3091.96,3093.52,2046.4932
2026-01-13 01:45:00,3093.51,3099.22,3093.51,3097.66,793.6279
2026-01-13 02:00:00,3097.67,3108.42,3097.66,3104.32,1719.4404
2026-01-13 02:15:00,3104.33,3106.46,3102.2,3103.28,425.4466
2026-01-13 02:30:00,3103.29,3105.63,3098.72,3099.48,632.7909
2026-01-13 02:45:00,3099.49,3105.4,3099.09,3101.44,874.4875
2026-01-13 03:00:00,3101.44,3110.28,3101.43,3109.61,1690.5504
2026-01-13 03:15:00,3109.6,3119.01,3106.88,3114.76,2145.5613
2026-01-13 03:30:00,3114.76,3117.44,3110.5,3114.7,1487.5511
2026-01-13 03:45:00,3114.69,3117.21,3111.76,3116.14,642.9052
2026-01-13 04:00:00,3116.14,3121.6,3116.05,3120.93,1388.4791
2026-01-13 04:15:00,3120.93,3122.75,3113.59,3115.77,1825.8293
2026-01-13 04:30:00,3115.78,3116.61,3112.46,3116.61,662.8612
2026-01-13 04:45:00,3116.61,3123.44,3116.13,3122.57,930.7561
2026-01-13 05:00:00,3122.57,3133.21,3121.6,3132.35,3346.7875
2026-01-13 05:15:00,3132.35,3146.55,3130.47,3140.27,6601.9753
2026-01-13 05:30:00,3140.28,3142.22,3132.62,3135.99,3360.1305
2026-01-13 05:45:00,3135.99,3140.04,3129.83,3131.82,2324.3797
2026-01-13 06:00:00,3131.82,3136.24,3123.8,3128.31,3795.2931
2026-01-13 06:15:00,3128.31,3133.93,3127.08,3129.85,2061.8204
2026-01-13 06:30:00,3129.85,3135.45,3128.31,3128.96,1344.3938
2026-01-13 06:45:00,3128.96,3137.76,3127.91,3134.41,1953.2656
2026-01-13 07:00:00,3134.41,3135.82,3129.97,3130.72,1000.0301
2026-01-13 07:15:00,3130.71,3130.99,3125.34,3128.45,2222.0599
2026-01-13 07:30:00,3128.45,3128.7,3124.66,3125.1,712.2049
2026-01-13 07:45:00,3125.1,3125.1,3122.0,3122.01,4743.9948
2026-01-13 08:00:00,3122.0,3130.5,3122.0,3126.71,1947.9228
2026-01-13 08:15:00,3126.72,3130.0,3126.28,3126.28,3059.5966
2026-01-13 08:30:00,3126.29,3132.7,3125.95,3131.81,4445.985
2026-01-13 08:45:00,3131.81,3137.95,3131.0,3135.99,3410.1127
2026-01-13 09:00:00,3135.99,3143.38,3133.11,3141.51,4098.5332
2026-01-13 09:15:00,3141.5,3148.33,3137.3,3142.93,2940.5929
2026-01-13 09:30:00,3142.92,3145.0,3129.06,3133.9,3053.2225
2026-01-13 09:45:00,3133.9,3140.79,3133.5,3138.57,1964.7356
2026-01-13 10:00:00,3138.57,3141.84,3135.99,3136.01,1415.6242
2026-01-13 10:15:00,3136.02,3139.36,3133.95,3139.35,1240.963
2026-01-13 10:30:00,3139.35,3140.39,3130.22,3131.15,2201.0489
2026-01-13 10:45:00,3131.15,3134.74,3129.99,3134.73,899.6466
2026-01-13 11:00:00,3134.73,3139.07,3131.8,3136.24,846.1496
2026-01-13 11:15:00,3136.25,3138.52,3133.95,3137.07,659.0385
2026-01-13 11:30:00,3137.06,3137.07,3132.98,3132.98,631.466
2026-01-13 11:45:00,3132.98,3138.04,3131.24,3133.95,1095.7573
2026-01-13 12:00:00,3133.95,3137.86,3130.0,3131.05,1217.3775
2026-01-13 12:15:00,3131.04,3135.71,3130.0,3134.16,826.2953
2026-01-13 12:30:00,3134.16,3137.99,3133.0,3135.73,1257.6787
2026-01-13 12:45:00,3135.73,3135.98,3132.99,3135.12,907.7035
2026-01-13 13:00:00,3135.13,3137.98,3130.01,3136.03,2539.9409
2026-01-13 13:15:00,3136.03,3141.83,3135.08,3140.96,1768.2087
2026-01-13 13:30:00,3140.96,3161.76,3136.2,3144.42,25551.3112
2026-01-13 13:45:00,3144.42,3148.46,3139.45,3142.44,2963.0391
2026-01-13 14:00:00,3142.43,3143.6,3130.05,3140.59,4900.5973
2026-01-13 14:15:00,3140.59,3157.11,3140.58,3156.24,5262.5474
2026-01-13 14:30:00,3156.24,3165.94,3147.5,3158.99,9635.6129
2026-01-13 14:45:00,3158.99,3162.17,3143.88,3145.01,8101.3322
2026-01-13 15:00:00,3145.01,3149.69,3133.22,3146.49,6892.7859
2026-01-13 15:15:00,3146.49,3146.49,3134.55,3143.6,3430.123
2026-01-13 15:30:00,3143.59,3170.06,3142.21,3162.07,6983.1576
2026-01-13 15:45:00,3162.06,3188.47,3153.74,3184.41,14307.5294
2026-01-13 16:00:00,3184.41,3196.35,3177.74,3177.75,12435.3569
2026-01-13 16:15:00,3177.74,3184.58,3172.0,3174.45,7056.0384
2026-01-13 16:30:00,3174.44,3194.93,3172.92,3187.45,5812.8506
2026-01-13 16:45:00,3187.46,3193.96,3179.55,3180.79,4113.7705
2026-01-13 17:00:00,3180.8,3185.87,3175.98,3181.31,2584.9788
2026-01-13 17:15:00,3181.32,3185.29,3172.99,3183.68,3299.7244
2026-01-13 17:30:00,3183.67,3185.75,3173.99,3179.94,4012.0211
2026-01-13 17:45:00,3179.93,3187.69,3178.08,3180.15,3435.7921
2026-01-13 18:00:00,3180.16,3191.84,3178.25,3190.99,3585.0235
2026-01-13 18:15:00,3191.0,3199.49,3188.85,3193.0,4150.6393
2026-01-13 18:30:00,3193.0,3199.01,3190.57,3197.8,1965.0062
2026-01-13 18:45:00,3197.8,3214.94,3195.98,3201.14,8181.0707
2026-01-13 19:00:00,3201.15,3203.02,3191.51,3193.85,2057.7294
2026-01-13 19:15:00,3193.85,3204.01,3191.61,3203.64,2414.1737
2026-01-13 19:30:00,3203.64,3218.61,3201.99,3206.01,5474.5025
2026-01-13 19:45:00,3206.0,3216.35,3205.14,3215.9,3377.2557
2026-01-13 20:00:00,3215.91,3220.0,3209.12,3213.7,6013.8472
2026-01-13 20:15:00,3213.71,3216.75,3207.76,3208.88,3543.4297
2026-01-13 20:30:00,3208.88,3210.22,3190.56,3199.05,7175.1737
2026-01-13 20:45:00,3199.05,3205.93,3197.43,3204.59,3805.631
2026-01-13 21:00:00,3204.6,3212.35,3201.36,3206.61,3526.754
2026-01-13 21:15:00,3206.61,3217.43,3206.28,3211.5,3818.826
2026-01-13 21:30:00,3211.51,3216.35,3209.88,3209.91,2299.7852
2026-01-13 21:45:00,3209.91,3212.15,3208.0,3209.81,1760.7364
2026-01-13 22:00:00,3209.81,3367.79,3209.81,3321.26,74310.274
2026-01-13 22:15:00,3321.27,3335.0,3299.97,3315.38,21430.6165
2026-01-13 22:30:00,3315.38,3340.68,3313.73,3334.48,12594.3115
2026-01-13 22:45:00,3334.47,3343.22,3321.2,3331.18,11437.8528
2026-01-13 23:00:00,3331.19,3347.56,3323.4,3336.46,15991.7041
2026-01-13 23:15:00,3336.46,3337.25,3321.23,3325.91,8835.4247
2026-01-13 23:30:00,3325.9,3329.09,3314.67,3324.85,10650.4921
2026-01-13 23:45:00,3324.85,3327.16,3315.86,3325.82,5370.4581
2026-01-14 00:00:00,3325.83,3336.5,3324.79,3332.38,6247.3399
2026-01-14 00:15:00,3332.39,3336.56,3325.51,3327.36,7979.8255
2026-01-14 00:30:00,3327.37,3328.0,3316.04,3320.0,5966.6129
2026-01-14 00:45:00,3320.0,3327.53,3315.15,3324.57,2785.9281
2026-01-14 01:00:00,3324.58,3334.4,3321.28,3334.17,4040.5424
2026-01-14 01:15:00,3334.17,3345.0,3328.55,3337.16,6068.2787
2026-01-14 01:30:00,3337.16,3342.72,3326.2,3329.99,10134.4431
2026-01-14 01:45:00,3329.99,3339.78,3325.96,3336.7,7294.3376
2026-01-14 02:00:00,3336.7,3357.56,3333.17,3350.54,8744.2064
2026-01-14 02:15:00,3350.54,3352.35,3334.92,3337.57,5000.5671
2026-01-14 02:30:00,3337.57,3339.32,3333.88,3335.73,2108.7211
2026-01-14 02:45:00,3335.74,3337.0,3321.01,3327.11,6298.3594
2026-01-14 03:00:00,3327.11,3327.87,3321.0,3325.17,4381.0531
2026-01-14 03:15:00,3325.17,3329.05,3322.99,3324.6,1611.5033
2026-01-14 03:30:00,3324.6,3339.65,3324.6,3338.68,2781.8921
2026-01-14 03:45:00,3338.69,3352.18,3337.61,3351.95,4099.8043
2026-01-14 04:00:00,3351.94,3364.64,3341.57,3342.47,9240.3459
2026-01-14 04:15:00,3342.47,3346.66,3340.8,3345.67,2318.4572
2026-01-14 04:30:00,3345.66,3345.66,3337.57,3338.07,3459.2578
2026-01-14 04:45:00,3338.08,3339.99,3335.64,3338.9,2264.3904
2026-01-14 05:00:00,3338.9,3338.96,3334.5,3335.88,2980.8887
2026-01-14 05:15:00,3335.88,3337.29,3325.72,3328.23,4462.0313
2026-01-14 05:30:00,3328.23,3339.23,3325.6,3332.19,4316.8265
2026-01-14 05:45:00,3332.18,3337.27,3329.5,3330.52,3149.1045
2026-01-14 06:00:00,3330.52,3330.52,3323.3,3329.11,5223.155
2026-01-14 06:15:00,3329.1,3330.18,3322.01,3322.34,3005.9013
2026-01-14 06:30:00,3322.34,3333.87,3322.34,3333.72,4103.9173
2026-01-14 06:45:00,3333.72,3335.49,3331.15,3334.33,2734.6581
2026-01-14 07:00:00,3334.33,3342.83,3331.97,3333.66,7144.5302
2026-01-14 07:15:00,3333.65,3339.34,3330.32,3331.73,2389.9103
2026-01-14 07:30:00,3331.73,3332.44,3327.67,3330.0,3355.6494
2026-01-14 07:45:00,3329.99,3337.96,3329.99,3335.78,2987.222
2026-01-14 08:00:00,3335.78,3341.6,3335.27,3341.05,2340.495
2026-01-14 08:15:00,3341.06,3342.64,3336.84,3336.88,1802.977
2026-01-14 08:30:00,3336.88,3337.2,3327.57,3327.57,2796.6774
2026-01-14 08:45:00,3327.57,3330.75,3327.34,3327.35,1416.1575
2026-01-14 09:00:00,3327.34,3333.13,3327.11,3331.32,4738.5829
2026-01-14 09:15:00,3331.33,3333.91,3329.04,3331.82,2559.1373
2026-01-14 09:30:00,3331.83,3335.19,3329.92,3330.05,1330.1257
2026-01-14 09:45:00,3330.05,3331.21,3324.7,3328.32,1978.18
2026-01-14 10:00:00,3328.32,3331.85,3326.42,3331.46,1469.0726
2026-01-14 10:15:00,3331.46,3333.19,3307.97,3315.46,10081.4949
2026-01-14 10:30:00,3315.45,3317.65,3304.06,3312.99,4874.1207
2026-01-14 10:45:00,3312.99,3318.99,3312.65,3312.99,3126.2972
2026-01-14 11:00:00,3312.99,3313.75,3295.12,3298.66,8317.7871
2026-01-14 11:15:00,3298.66,3299.54,3290.97,3297.74,3356.2594
2026-01-14 11:30:00,3297.75,3299.58,3287.72,3289.98,3548.7239
2026-01-14 11:45:00,3289.99,3291.32,3282.59,3286.22,5038.0326
2026-01-14 12:00:00,3286.22,3298.13,3280.48,3296.32,5048.7988
2026-01-14 12:15:00,3296.31,3298.8,3292.35,3294.31,1554.2273
2026-01-14 12:30:00,3294.31,3299.24,3289.94,3294.76,1900.9917
2026-01-14 12:45:00,3294.77,3296.82,3293.4,3296.44,1003.7474
2026-01-14 13:00:00,3296.43,3297.58,3289.1,3294.64,4184.4394
2026-01-14 13:15:00,3294.63,3307.93,3293.58,3306.09,6021.6967
2026-01-14 13:30:00,3306.1,3307.67,3298.12,3302.32,2712.8057
2026-01-14 13:45:00,3302.31,3304.01,3295.96,3302.79,2945.2092
2026-01-14 14:00:00,3302.79,3313.38,3302.02,3311.53,3367.8258
2026-01-14 14:15:00,3311.53,3326.08,3310.23,3316.66,7610.9253
2026-01-14 14:30:00,3316.66,3330.83,3308.29,3320.99,11149.7193
2026-01-14 14:45:00,3321.02,3358.0,3320.0,3349.21,19775.3775
2026-01-14 15:00:00,3349.22,3362.17,3327.62,3360.35,16071.2142
2026-01-14 15:15:00,3360.35,3361.49,3350.0,3350.13,9395.2095
2026-01-14 15:30:00,3350.13,3359.96,3335.54,3335.99,10049.6934
2026-01-14 15:45:00,3336.0,3348.13,3331.15,3345.81,4764.4448
2026-01-14 16:00:00,3345.81,3372.96,3345.22,3369.05,12558.1495
2026-01-14 16:15:00,3369.05,3375.32,3362.26,3375.32,8611.8894
2026-01-14 16:30:00,3375.31,3402.89,3370.13,3385.37,23238.3772
2026-01-14 16:45:00,3385.37,3391.45,3363.35,3370.26,9615.2433
2026-01-14 17:00:00,3370.26,3381.32,3363.67,3377.73,6511.04
2026-01-14 17:15:00,3377.73,3380.4,3369.18,3370.9,4540.2066
2026-01-14 17:30:00,3370.9,3370.9,3338.65,3352.06,10664.5813
2026-01-14 17:45:00,3352.06,3361.66,3338.51,3342.41,6891.675
2026-01-14 18:00:00,3342.4,3351.44,3336.02,3339.75,3686.7386
2026-01-14 18:15:00,3339.72,3350.52,3325.58,3349.68,4464.5731
2026-01-14 18:30:00,3349.68,3354.16,3319.42,3320.85,7208.8514
2026-01-14 18:45:00,3320.84,3343.2,3315.51,3339.41,5462.2297
2026-01-14 19:00:00,3339.4,3350.91,3332.02,3350.11,5476.0189
2026-01-14 19:15:00,3350.11,3393.63,3348.31,3390.84,12860.3136
2026-01-14 19:30:00,3390.85,3400.01,3362.28,3370.39,9921.5437
2026-01-14 19:45:00,3370.4,3382.52,3361.96,3367.42,4721.1959
2026-01-14 20:00:00,3367.42,3392.94,3361.97,3381.65,7499.884
2026-01-14 20:15:00,3381.66,3381.66,3363.03,3366.1,4686.94
2026-01-14 20:30:00,3366.1,3383.28,3365.59,3374.99,3747.6555
2026-01-14 20:45:00,3375.0,3384.34,3367.48,3383.68,4955.8606
2026-01-14 21:00:00,3383.67,3383.67,3366.99,3369.55,3427.5605
2026-01-14 21:15:00,3369.54,3376.19,3363.37,3372.52,2061.5886
2026-01-14 21:30:00,3372.51,3378.79,3369.74,3370.74,1413.0288
2026-01-14 21:45:00,3370.74,3374.26,3357.46,3372.99,4282.6276
2026-01-14 22:00:00,3372.99,3374.42,3363.6,3363.6,2609.3858
2026-01-14 22:15:00,3363.6,3369.26,3360.21,3361.29,2487.8943
2026-01-14 22:30:00,3361.29,3362.61,3347.83,3352.82,4237.0753
2026-01-14 22:45:00,3352.82,3360.44,3348.2,3349.09,2565.2028
2026-01-14 23:00:00,3349.1,3364.81,3349.09,3363.5,2302.4756
2026-01-14 23:15:00,3363.49,3369.5,3355.96,3356.47,1899.0148
2026-01-14 23:30:00,3356.46,3356.59,3349.96,3354.07,2168.3461
2026-01-14 23:45:00,3354.07,3359.03,3353.32,3354.92,1652.8003
2026-01-15 00:00:00,3354.92,3355.8,3343.29,3347.98,2973.7787
2026-01-15 00:15:00,3347.99,3348.66,3336.96,3341.16,2019.5988
2026-01-15 00:30:00,3341.17,3342.25,3329.73,3332.96,3305.08
2026-01-15 00:45:00,3332.97,3335.2,3318.73,3331.35,4619.3861
2026-01-15 01:00:00,3331.35,3342.85,3331.35,3333.35,2184.1553
2026-01-15 01:15:00,3333.35,3335.37,3323.7,3326.05,2166.0814
2026-01-15 01:30:00,3326.05,3333.3,3317.18,3328.06,3475.1336
2026-01-15 01:45:00,3328.07,3329.75,3322.91,3325.04,2067.7398
2026-01-15 02:00:00,3325.05,3332.42,3319.88,3320.89,2020.595
2026-01-15 02:15:00,3320.9,3328.09,3319.87,3323.01,1800.2991
2026-01-15 02:30:00,3323.0,3326.56,3305.7,3317.41,5480.7933
2026-01-15 02:45:00,3317.41,3317.41,3308.99,3314.27,2404.7637
2026-01-15 03:00:00,3314.28,3318.04,3310.7,3316.47,1659.496
2026-01-15 03:15:00,3316.47,3321.66,3290.68,3291.53,6227.4025
2026-01-15 03:30:00,3291.53,3298.52,3278.0,3284.26,10830.9051
2026-01-15 03:45:00,3284.27,3290.41,3280.64,3286.55,4328.8544
2026-01-15 04:00:00,3286.56,3295.87,3284.84,3294.16,2609.2494
2026-01-15 04:15:00,3294.15,3305.22,3292.55,3300.17,3364.6577
2026-01-15 04:30:00,3300.16,3306.26,3298.0,3306.1,1818.1849
2026-01-15 04:45:00,3306.09,3308.46,3302.0,3305.16,1352.4043
2026-01-15 05:00:00,3305.16,3313.49,3304.0,3309.05,4053.1689
2026-01-15 05:15:00,3309.04,3312.83,3307.01,3307.01,1600.3773
2026-01-15 05:30:00,3307.0,3311.5,3302.58,3311.44,2108.1938
2026-01-15 05:45:00,3311.45,3315.49,3310.59,3310.59,2057.9281
2026-01-15 06:00:00,3310.6,3318.18,3309.64,3316.0,1481.5367
2026-01-15 06:15:00,3316.0,3323.65,3315.99,3320.13,3704.0262
2026-01-15 06:30:00,3320.13,3321.0,3312.36,3312.67,1547.7497
2026-01-15 06:45:00,3312.67,3318.17,3310.43,3315.99,2158.3617
2026-01-15 07:00:00,3316.0,3319.69,3314.4,3317.22,1142.6226
2026-01-15 07:15:00,3317.21,3328.29,3317.21,3326.18,2260.2354
2026-01-15 07:30:00,3326.17,3333.84,3322.56,3330.07,2882.3426
2026-01-15 07:45:00,3330.07,3335.15,3326.59,3330.0,2797.0595
2026-01-15 08:00:00,3329.99,3331.73,3322.7,3324.68,1882.0891
2026-01-15 08:15:00,3324.68,3329.51,3321.62,3322.13,1779.3316
2026-01-15 08:30:00,3322.14,3327.75,3320.17,3327.62,1436.0194
2026-01-15 08:45:00,3327.64,3338.97,3327.64,3336.45,3552.7588
2026-01-15 09:00:00,3336.44,3338.97,3331.5,3331.51,1846.0
2026-01-15 09:15:00,3331.51,3347.88,3330.05,3345.44,3280.1048
2026-01-15 09:30:00,3345.43,3370.0,3341.03,3369.77,9873.3362
2026-01-15 09:45:00,3369.77,3375.0,3362.1,3365.99,7635.4801
2026-01-15 10:00:00,3365.99,3367.92,3357.18,3363.26,4122.2778
2026-01-15 10:15:00,3363.26,3378.75,3362.45,3365.32,5665.5518
2026-01-15 10:30:00,3365.32,3371.79,3364.0,3367.35,2636.486
2026-01-15 10:45:00,3367.36,3370.5,3363.76,3364.11,1646.6586
2026-01-15 11:00:00,3364.1,3365.88,3356.94,3358.55,3919.2556
2026-01-15 11:15:00,3358.56,3363.63,3356.94,3360.99,2182.6466
2026-01-15 11:30:00,3360.98,3363.67,3347.81,3350.34,3487.0308
2026-01-15 11:45:00,3350.34,3352.89,3347.38,3349.96,1484.4844
2026-01-15 12:00:00,3349.96,3356.1,3347.6,3355.1,2300.0148
2026-01-15 12:15:00,3355.1,3355.68,3344.07,3345.72,2313.4108
2026-01-15 12:30:00,3345.72,3359.54,3344.57,3358.39,2329.6194
2026-01-15 12:45:00,3358.39,3370.96,3357.84,3369.42,5308.8888
2026-01-15 13:00:00,3369.41,3370.25,3360.64,3361.0,5316.0203
2026-01-15 13:15:00,3361.0,3372.96,3361.0,3371.98,3213.1815
2026-01-15 13:30:00,3371.99,3374.56,3356.93,3368.56,4053.1814
2026-01-15 13:45:00,3368.56,3384.19,3368.56,3371.3,5872.7671
2026-01-15 14:00:00,3371.29,3382.83,3371.05,3380.96,2931.5476
2026-01-15 14:15:00,3380.95,3381.69,3364.52,3367.13,2891.2212
2026-01-15 14:30:00,3367.12,3373.81,3333.33,3334.3,15080.9418
2026-01-15 14:45:00,3334.35,3358.69,3322.57,3342.31,13373.4448
2026-01-15 15:00:00,3342.3,3358.21,3335.85,3350.25,5937.4414
2026-01-15 15:15:00,3350.25,3354.26,3327.37,3332.55,6064.0228
2026-01-15 15:30:00,3332.54,3342.04,3317.57,3326.71,6517.7553
2026-01-15 15:45:00,3326.71,3331.84,3285.79,3330.65,25883.5456
2026-01-15 16:00:00,3330.66,3334.52,3310.0,3316.83,8179.1454
2026-01-15 16:15:00,3316.83,3326.69,3313.21,3317.12,4035.6021
2026-01-15 16:30:00,3317.12,3332.72,3313.96,3329.28,4335.7459
2026-01-15 16:45:00,3329.29,3335.53,3324.22,3330.71,4042.0709
2026-01-15 17:00:00,3330.71,3337.56,3317.82,3319.3,4584.1598
2026-01-15 17:15:00,3319.31,3329.0,3314.31,3328.87,6164.9543
2026-01-15 17:30:00,3328.87,3333.94,3325.13,3330.71,9309.8631
2026-01-15 17:45:00,3330.7,3333.32,3296.49,3301.46,10588.6626
2026-01-15 18:00:00,3301.46,3305.64,3286.1,3294.99,8339.5412
2026-01-15 18:15:00,3294.98,3302.53,3288.56,3300.23,10210.3631
2026-01-15 18:30:00,3300.24,3307.51,3273.72,3292.22,10112.765
2026-01-15 18:45:00,3292.23,3293.99,3280.44,3288.39,3307.1394
2026-01-15 19:00:00,3288.38,3294.68,3276.96,3290.26,3936.382
2026-01-15 19:15:00,3290.25,3298.61,3283.47,3288.66,2470.5034
2026-01-15 19:30:00,3288.65,3298.11,3281.18,3288.62,3854.1753
2026-01-15 19:45:00,3288.62,3301.95,3287.34,3295.48,2192.6079
2026-01-15 20:00:00,3295.47,3306.91,3293.33,3299.6,4319.7786
2026-01-15 20:15:00,3299.61,3300.27,3284.72,3286.88,3722.6676
2026-01-15 20:30:00,3286.89,3294.0,3282.09,3283.33,3471.3979
2026-01-15 20:45:00,3283.34,3289.22,3276.7,3288.23,3716.4538
2026-01-15 21:00:00,3288.23,3296.82,3284.28,3292.52,2556.1986
2026-01-15 21:15:00,3292.52,3299.95,3292.3,3298.66,819.02
2026-01-15 21:30:00,3298.65,3300.7,3296.01,3300.38,755.9198
2026-01-15 21:45:00,3300.38,3305.82,3298.26,3299.14,1214.232
2026-01-15 22:00:00,3299.13,3306.51,3296.33,3300.52,1639.4956
2026-01-15 22:15:00,3300.51,3311.11,3296.65,3308.26,1989.7771
2026-01-15 22:30:00,3308.27,3319.24,3307.96,3310.04,3313.9558
2026-01-15 22:45:00,3310.04,3312.97,3304.01,3309.11,1243.5864
2026-01-15 23:00:00,3309.11,3312.53,3302.24,3311.67,1467.3108
2026-01-15 23:15:00,3311.67,3316.04,3309.82,3312.98,1136.3567
2026-01-15 23:30:00,3312.97,3313.57,3309.37,3312.96,702.0216
2026-01-15 23:45:00,3312.96,3323.32,3312.92,3318.69,1943.3045
2026-01-16 00:00:00,3318.7,3323.82,3316.86,3317.71,994.1894
2026-01-16 00:15:00,3317.72,3322.41,3317.53,3320.63,689.3154
2026-01-16 00:30:00,3320.63,3326.79,3319.61,3325.37,1171.436
2026-01-16 00:45:00,3325.37,3325.66,3315.98,3317.2,1298.5208
2026-01-16 01:00:00,3317.21,3317.56,3301.99,3305.54,2641.169
2026-01-16 01:15:00,3305.55,3311.32,3303.94,3310.86,992.7284
2026-01-16 01:30:00,3310.85,3321.51,3310.85,3313.78,1417.5055
2026-01-16 01:45:00,3313.79,3319.1,3313.79,3313.84,836.7735
2026-01-16 02:00:00,3313.85,3313.85,3296.54,3300.35,3384.3874
2026-01-16 02:15:00,3300.35,3309.08,3291.89,3308.57,3573.8083
2026-01-16 02:30:00,3308.58,3308.58,3298.82,3299.99,1883.4079
2026-01-16 02:45:00,3299.99,3304.13,3299.32,3303.63,1638.6423
2026-01-16 03:00:00,3303.63,3307.96,3303.56,3306.0,1122.6969
2026-01-16 03:15:00,3306.0,3306.33,3301.65,3303.22,1252.6743
2026-01-16 03:30:00,3303.22,3303.22,3295.64,3299.11,1844.8314
2026-01-16 03:45:00,3299.11,3299.8,3294.64,3295.21,1490.603
2026-01-16 04:00:00,3295.22,3298.67,3293.78,3298.48,930.8543
2026-01-16 04:15:00,3298.47,3305.0,3297.66,3298.17,1723.4899
2026-01-16 04:30:00,3298.17,3300.12,3277.04,3283.68,6885.4041
2026-01-16 04:45:00,3283.67,3288.22,3279.58,3287.97,2065.8692
2026-01-16 05:00:00,3287.97,3294.9,3284.22,3292.78,2989.4915
2026-01-16 05:15:00,3292.78,3294.33,3288.56,3291.34,2037.1033
2026-01-16 05:30:00,3291.34,3313.94,3291.33,3311.27,4805.621
2026-01-16 05:45:00,3311.27,3316.0,3308.51,3309.23,3502.7923
2026-01-16 06:00:00,3309.23,3311.8,3303.96,3304.76,3047.6495
2026-01-16 06:15:00,3304.75,3310.27,3302.7,3308.58,1360.0363
2026-01-16 06:30:00,3308.59,3316.77,3308.11,3315.08,2155.5358
2026-01-16 06:45:00,3315.08,3316.99,3312.61,3313.99,1458.9679
2026-01-16 07:00:00,3314.0,3316.0,3311.49,3315.59,958.4636
2026-01-16 07:15:00,3315.59,3315.59,3307.28,3307.71,965.609
2026-01-16 07:30:00,3307.7,3307.71,3302.21,3304.28,2458.6888
2026-01-16 07:45:00,3304.28,3310.01,3304.28,3309.41,1810.2169
2026-01-16 08:00:00,3309.42,3319.97,3308.53,3318.63,2384.197
2026-01-16 08:15:00,3318.63,3319.08,3313.53,3317.23,2036.87
2026-01-16 08:30:00,3317.23,3319.12,3311.9,3316.9,1256.3163
2026-01-16 08:45:00,3316.91,3317.52,3312.79,3313.35,1196.2679
2026-01-16 09:00:00,3313.36,3316.52,3311.49,3312.92,1233.2121
2026-01-16 09:15:00,3312.92,3312.92,3307.96,3311.95,1588.4219
2026-01-16 09:30:00,3311.95,3312.53,3308.87,3310.88,1979.8925
2026-01-16 09:45:00,3310.89,3312.0,3307.09,3307.44,731.6854
2026-01-16 10:00:00,3307.44,3308.72,3302.21,3306.39,1669.9482
2026-01-16 10:15:00,3306.39,3306.39,3302.37,3304.48,1240.7458
2026-01-16 10:30:00,3304.48,3304.48,3295.46,3299.34,2233.3173
2026-01-16 10:45:00,3299.34,3301.3,3294.49,3297.75,2456.9838
2026-01-16 11:00:00,3297.75,3301.89,3294.76,3297.85,1085.11
2026-01-16 11:15:00,3297.85,3302.78,3293.33,3301.67,1521.7791
2026-01-16 11:30:00,3301.68,3306.62,3298.34,3298.43,1507.4089
2026-01-16 11:45:00,3298.42,3304.6,3297.69,3301.94,865.6225
2026-01-16 12:00:00,3301.94,3307.13,3300.49,3307.13,844.0631
2026-01-16 12:15:00,3307.13,3313.33,3306.53,3311.67,1515.5099
2026-01-16 12:30:00,3311.66,3314.26,3307.14,3312.18,1589.5896
2026-01-16 12:45:00,3312.19,3313.32,3304.14,3308.87,1027.9055
2026-01-16 13:00:00,3308.88,3309.87,3303.63,3309.87,578.7783
2026-01-16 13:15:00,3309.87,3310.54,3302.76,3308.65,1553.5533
2026-01-16 13:30:00,3308.65,3310.27,3295.52,3304.4,2742.5073
2026-01-16 13:45:00,3304.39,3309.25,3303.91,3307.65,731.7084
2026-01-16 14:00:00,3307.65,3313.76,3302.79,3303.55,1672.9188
2026-01-16 14:15:00,3303.54,3314.9,3302.3,3314.9,1778.9943
2026-01-16 14:30:00,3314.9,3318.61,3290.64,3294.77,8067.0363
2026-01-16 14:45:00,3294.77,3305.65,3290.7,3294.12,3604.6416
2026-01-16 15:00:00,3294.12,3311.36,3287.18,3308.45,6108.5403
2026-01-16 15:15:00,3308.45,3311.19,3284.28,3289.08,6140.7391
2026-01-16 15:30:00,3289.07,3293.51,3258.76,3269.17,17892.7091
2026-01-16 15:45:00,3269.17,3269.76,3253.01,3264.18,9956.9974
2026-01-16 16:00:00,3264.17,3272.92,3259.83,3272.29,5608.0071
2026-01-16 16:15:00,3272.28,3283.69,3260.33,3279.02,9675.5233
2026-01-16 16:30:00,3279.02,3284.23,3272.31,3281.62,4344.92
2026-01-16 16:45:00,3281.62,3288.0,3275.99,3279.03,3224.075
2026-01-16 17:00:00,3279.03,3279.57,3271.12,3276.79,2033.6236
2026-01-16 17:15:00,3276.78,3281.06,3266.52,3274.13,2696.3814
2026-01-16 17:30:00,3274.12,3284.53,3273.69,3284.11,2162.0304
2026-01-16 17:45:00,3284.11,3286.54,3276.88,3284.22,1408.6764
2026-01-16 18:00:00,3284.21,3288.42,3280.55,3280.83,1601.4603
2026-01-16 18:15:00,3280.84,3285.96,3278.11,3284.09,1338.6569
2026-01-16 18:30:00,3284.08,3286.62,3281.96,3284.0,792.1224
2026-01-16 18:45:00,3284.0,3286.12,3278.08,3279.11,1284.1228
2026-01-16 19:00:00,3279.11,3279.51,3275.0,3275.19,1026.6776
2026-01-16 19:15:00,3275.19,3276.03,3269.17,3270.13,952.5143
2026-01-16 19:30:00,3270.12,3277.87,3270.0,3273.0,1075.4924
2026-01-16 19:45:00,3272.99,3277.24,3270.99,3276.94,1494.6021
2026-01-16 20:00:00,3276.94,3277.3,3264.42,3273.2,2239.7872
2026-01-16 20:15:00,3273.21,3286.29,3271.54,3285.27,3431.0155
2026-01-16 20:30:00,3285.28,3288.18,3282.69,3288.17,1924.2369
2026-01-16 20:45:00,3288.17,3294.0,3285.0,3292.82,2559.9352
2026-01-16 21:00:00,3292.82,3299.04,3290.5,3290.5,2962.5164
2026-01-16 21:15:00,3290.5,3293.53,3288.62,3292.48,1810.8285
2026-01-16 21:30:00,3292.49,3298.83,3290.64,3295.43,1374.3683
2026-01-16 21:45:00,3295.42,3297.36,3293.95,3293.97,1054.2913
2026-01-16 22:00:00,3293.97,3295.43,3283.36,3287.81,1598.2295
2026-01-16 22:15:00,3287.8,3290.77,3286.73,3288.26,1049.3476
2026-01-16 22:30:00,3288.27,3289.51,3283.0,3287.58,989.5233
2026-01-16 22:45:00,3287.58,3295.43,3285.4,3294.1,2004.6135
2026-01-16 23:00:00,3294.1,3297.58,3292.45,3297.38,1321.2828
2026-01-16 23:15:00,3297.38,3299.89,3295.35,3298.31,984.5418
2026-01-16 23:30:00,3298.3,3299.89,3294.42,3294.99,1051.335
2026-01-16 23:45:00,3295.0,3298.19,3295.0,3296.28,664.5949
2026-01-17 00:00:00,3296.28,3297.34,3291.53,3293.86,774.7622
2026-01-17 00:15:00,3293.86,3295.53,3292.3,3292.3,959.773
2026-01-17 00:30:00,3292.3,3294.29,3289.96,3292.39,672.7084
2026-01-17 00:45:00,3292.39,3292.98,3291.33,3292.91,242.6975
2026-01-17 01:00:00,3292.91,3295.0,3291.08,3293.7,438.1376
2026-01-17 01:15:00,3293.7,3295.72,3291.33,3292.72,2073.1674
2026-01-17 01:30:00,3292.71,3293.35,3287.87,3289.24,1523.4855
2026-01-17 01:45:00,3289.24,3290.96,3288.19,3290.68,291.5696
2026-01-17 02:00:00,3290.68,3291.01,3285.48,3287.02,1053.042
2026-01-17 02:15:00,3287.02,3288.04,3284.67,3285.39,863.3648
2026-01-17 02:30:00,3285.39,3289.13,3283.96,3287.32,450.2111
2026-01-17 02:45:00,3287.32,3292.64,3287.1,3292.24,312.4224
2026-01-17 03:00:00,3292.25,3292.25,3290.0,3291.33,289.1753
2026-01-17 03:15:00,3291.33,3291.88,3290.47,3290.94,234.2135
2026-01-17 03:30:00,3290.94,3290.94,3287.6,3290.48,326.7176
2026-01-17 03:45:00,3290.47,3292.3,3288.97,3289.32,797.1028
2026-01-17 04:00:00,3289.33,3289.33,3287.09,3287.92,725.6678
2026-01-17 04:15:00,3287.91,3288.5,3285.99,3288.5,376.4245
2026-01-17 04:30:00,3288.49,3289.2,3286.63,3289.19,372.4305
2026-01-17 04:45:00,3289.2,3292.62,3289.19,3292.14,777.2796
2026-01-17 05:00:00,3292.14,3294.12,3290.29,3290.3,896.8981
2026-01-17 05:15:00,3290.3,3292.06,3289.75,3291.44,196.6405
2026-01-17 05:30:00,3291.45,3294.0,3290.47,3293.99,397.7961
2026-01-17 05:45:00,3293.99,3294.0,3291.55,3291.56,403.4736
2026-01-17 06:00:00,3291.55,3291.56,3288.45,3289.56,457.5376
2026-01-17 06:15:00,3289.55,3289.56,3286.99,3288.82,1145.2357
2026-01-17 06:30:00,3288.82,3293.32,3288.28,3290.47,414.48
2026-01-17 06:45:00,3290.48,3291.63,3289.62,3291.4,185.8273
2026-01-17 07:00:00,3291.41,3291.41,3287.38,3289.97,369.5013
2026-01-17 07:15:00,3289.98,3292.26,3289.77,3291.57,405.777
2026-01-17 07:30:00,3291.57,3292.57,3290.58,3291.45,443.097
2026-01-17 07:45:00,3291.45,3291.64,3289.39,3291.57,457.39
2026-01-17 08:00:00,3291.56,3294.07,3289.01,3293.15,612.1703
2026-01-17 08:15:00,3293.16,3295.0,3291.96,3294.88,939.9308
2026-01-17 08:30:00,3294.88,3296.6,3294.72,3294.72,1196.2515
2026-01-17 08:45:00,3294.72,3296.48,3294.72,3296.48,1252.4356
2026-01-17 09:00:00,3296.48,3296.6,3294.28,3294.29,400.7627
2026-01-17 09:15:00,3294.29,3296.38,3293.47,3296.37,344.5456
2026-01-17 09:30:00,3296.38,3303.77,3294.94,3301.18,2378.2936
2026-01-17 09:45:00,3301.18,3302.09,3298.75,3298.75,1448.2281
2026-01-17 10:00:00,3298.76,3300.5,3297.52,3300.5,742.6427
2026-01-17 10:15:00,3300.5,3301.05,3297.19,3297.86,462.7991
2026-01-17 10:30:00,3297.85,3297.86,3295.28,3296.33,615.8584
2026-01-17 10:45:00,3296.34,3296.65,3295.51,3296.64,594.4519
2026-01-17 11:00:00,3296.64,3298.97,3292.45,3298.96,3369.9654
2026-01-17 11:15:00,3298.97,3301.42,3298.56,3301.06,2486.0061
2026-01-17 11:30:00,3301.07,3305.32,3299.79,3302.39,2000.7553
2026-01-17 11:45:00,3302.4,3303.47,3300.26,3302.72,620.9845
2026-01-17 12:00:00,3302.72,3304.83,3301.28,3304.82,353.2876
2026-01-17 12:15:00,3304.82,3306.39,3300.4,3301.57,1630.4052
2026-01-17 12:30:00,3301.57,3303.78,3300.73,3303.78,503.5797
2026-01-17 12:45:00,3303.78,3303.78,3301.96,3302.89,411.0422
2026-01-17 13:00:00,3302.89,3302.9,3299.77,3301.16,588.5619
2026-01-17 13:15:00,3301.17,3303.95,3301.11,3302.79,707.7966
2026-01-17 13:30:00,3302.78,3304.53,3300.96,3303.42,832.8484
2026-01-17 13:45:00,3303.42,3304.78,3302.73,3303.88,446.6525
2026-01-17 14:00:00,3303.88,3308.43,3301.62,3307.87,1089.5226
2026-01-17 14:15:00,3307.88,3311.46,3306.04,3308.11,2484.9505
2026-01-17 14:30:00,3308.1,3312.0,3306.48,3306.96,1267.1654
2026-01-17 14:45:00,3306.96,3311.32,3306.95,3310.45,1186.2523
2026-01-17 15:00:00,3310.45,3316.19,3308.2,3315.1,4266.9371
2026-01-17 15:15:00,3315.11,3324.48,3313.96,3318.57,6538.09
2026-01-17 15:30:00,3318.57,3329.62,3318.0,3329.1,9337.2889
2026-01-17 15:45:00,3329.1,3330.07,3322.28,3329.95,10877.2294
2026-01-17 16:00:00,3329.95,3330.1,3322.85,3328.81,4010.6336
2026-01-17 16:15:00,3328.8,3330.26,3313.26,3320.5,9457.3377
2026-01-17 16:30:00,3320.5,3320.5,3312.22,3317.91,3232.1259
2026-01-17 16:45:00,3317.91,3319.81,3313.66,3319.29,1573.7599
2026-01-17 17:00:00,3319.28,3324.96,3317.38,3323.6,1225.8571
2026-01-17 17:15:00,3323.61,3327.82,3323.29,3324.94,936.8521
2026-01-17 17:30:00,3324.94,3324.94,3321.41,3322.91,828.3924
2026-01-17 17:45:00,3322.92,3322.92,3317.51,3319.43,651.3899
2026-01-17 18:00:00,3319.43,3319.43,3315.0,3316.23,2039.1336
2026-01-17 18:15:00,3316.23,3320.88,3316.07,3319.21,414.4112
2026-01-17 18:30:00,3319.22,3320.41,3318.19,3319.26,379.8757
2026-01-17 18:45:00,3319.27,3319.27,3317.61,3317.82,671.2664
2026-01-17 19:00:00,3317.83,3317.83,3316.8,3317.21,457.6552
2026-01-17 19:15:00,3317.21,3317.4,3315.0,3317.01,611.0241
2026-01-17 19:30:00,3317.01,3321.08,3316.29,3318.09,436.0044
2026-01-17 19:45:00,3318.09,3318.1,3314.88,3316.36,361.2257
2026-01-17 20:00:00,3316.36,3317.12,3315.11,3315.68,351.9554
2026-01-17 20:15:00,3315.69,3320.33,3315.53,3317.98,1236.6319
2026-01-17 20:30:00,3317.98,3317.98,3315.32,3317.04,927.152
2026-01-17 20:45:00,3317.05,3318.24,3317.04,3317.34,334.1676
2026-01-17 21:00:00,3317.34,3317.34,3314.75,3314.75,362.6089
2026-01-17 21:15:00,3314.75,3316.02,3312.25,3313.63,963.1008
2026-01-17 21:30:00,3313.64,3313.64,3307.36,3311.75,2171.0365
2026-01-17 21:45:00,3311.76,3313.22,3311.4,3312.84,372.6057
2026-01-17 22:00:00,3312.84,3312.84,3308.6,3309.78,935.9676
2026-01-17 22:15:00,3309.78,3312.31,3308.19,3308.6,559.4235
2026-01-17 22:30:00,3308.61,3308.9,3297.44,3302.5,3546.1077
2026-01-17 22:45:00,3302.5,3306.23,3298.25,3302.0,1077.035
2026-01-17 23:00:00,3302.01,3308.53,3301.3,3307.43,1327.7336
2026-01-17 23:15:00,3307.44,3308.29,3305.15,3305.49,286.807
2026-01-17 23:30:00,3305.5,3309.63,3305.32,3309.33,662.5363
2026-01-17 23:45:00,3309.33,3310.56,3307.73,3310.56,607.5167
2026-01-18 00:00:00,3310.56,3313.97,3306.77,3312.3,1039.4509
2026-01-18 00:15:00,3312.3,3314.43,3311.21,3312.22,617.5557
2026-01-18 00:30:00,3312.23,3314.19,3306.9,3306.9,557.2518
2026-01-18 00:45:00,3306.9,3306.9,3303.09,3304.53,880.7921
2026-01-18 01:00:00,3304.52,3305.3,3299.0,3302.0,2101.8392
2026-01-18 01:15:00,3301.99,3306.9,3300.43,3306.0,543.2989
2026-01-18 01:30:00,3306.0,3306.69,3300.12,3300.17,823.0117
2026-01-18 01:45:00,3300.17,3301.74,3296.34,3301.15,1282.9829
2026-01-18 02:00:00,3301.15,3304.9,3301.14,3304.31,622.6327
2026-01-18 02:15:00,3304.3,3305.8,3301.37,3301.73,313.3407
2026-01-18 02:30:00,3301.73,3302.27,3296.69,3301.45,1483.4707
2026-01-18 02:45:00,3301.45,3303.82,3301.42,3303.45,319.2272
2026-01-18 03:00:00,3303.45,3306.1,3303.45,3306.09,465.5436
2026-01-18 03:15:00,3306.09,3312.02,3305.47,3311.67,1005.873
2026-01-18 03:30:00,3311.68,3319.5,3311.68,3316.11,2095.662
2026-01-18 03:45:00,3316.11,3318.08,3315.11,3316.16,803.0742
2026-01-18 04:00:00,3316.15,3317.9,3313.5,3316.0,939.9273
2026-01-18 04:15:00,3316.0,3316.01,3312.16,3313.03,1302.1275
2026-01-18 04:30:00,3313.03,3313.9,3309.65,3312.42,605.9183
2026-01-18 04:45:00,3312.42,3314.25,3311.58,3312.0,309.4389
2026-01-18 05:00:00,3311.99,3313.4,3310.97,3313.4,498.4586
2026-01-18 05:15:00,3313.4,3315.49,3312.82,3315.1,478.1993
2026-01-18 05:30:00,3315.09,3315.9,3311.75,3315.89,919.2758
2026-01-18 05:45:00,3315.9,3318.36,3315.21,3316.33,2776.5319
2026-01-18 06:00:00,3316.32,3318.18,3314.83,3317.08,1410.0683
2026-01-18 06:15:00,3317.07,3317.07,3312.27,3313.26,1166.4156
2026-01-18 06:30:00,3313.26,3315.9,3312.16,3314.46,1191.0024
2026-01-18 06:45:00,3314.47,3315.85,3313.34,3315.85,1061.5094
2026-01-18 07:00:00,3315.84,3316.11,3306.4,3308.25,3227.6179
2026-01-18 07:15:00,3308.26,3311.0,3306.6,3310.99,1175.2657
2026-01-18 07:30:00,3311.0,3311.0,3306.41,3309.45,1269.3687
2026-01-18 07:45:00,3309.45,3309.91,3307.01,3307.3,1110.6412
2026-01-18 08:00:00,3307.3,3307.43,3303.52,3307.03,1881.5214
2026-01-18 08:15:00,3307.03,3310.98,3305.79,3310.37,1381.4196
2026-01-18 08:30:00,3310.37,3315.68,3309.41,3314.62,1889.8673
2026-01-18 08:45:00,3314.62,3316.79,3312.87,3315.47,1394.2006
2026-01-18 09:00:00,3315.46,3319.16,3314.46,3316.67,1838.1637
2026-01-18 09:15:00,3316.67,3323.77,3316.65,3322.65,2941.952
2026-01-18 09:30:00,3322.64,3325.0,3320.92,3321.13,3188.3123
2026-01-18 09:45:00,3321.13,3325.14,3321.12,3323.2,1609.5412
2026-01-18 10:00:00,3323.21,3325.25,3318.47,3321.12,2446.479
2026-01-18 10:15:00,3321.13,3321.57,3319.75,3320.98,1396.4403
2026-01-18 10:30:00,3320.98,3324.46,3320.67,3324.39,1756.7803
2026-01-18 10:45:00,3324.38,3326.2,3322.67,3325.83,1449.1887
2026-01-18 11:00:00,3325.82,3325.83,3320.77,3321.84,1528.2668
2026-01-18 11:15:00,3321.84,3321.85,3319.55,3319.55,585.9432
2026-01-18 11:30:00,3319.55,3321.93,3319.08,3321.44,618.0667
2026-01-18 11:45:00,3321.43,3323.2,3319.47,3322.0,519.646
2026-01-18 12:00:00,3322.0,3322.75,3319.07,3319.91,478.4494
2026-01-18 12:15:00,3319.91,3325.96,3318.74,3324.65,686.8992
2026-01-18 12:30:00,3324.65,3327.13,3323.22,3325.56,627.2717
2026-01-18 12:45:00,3325.55,3325.76,3321.41,3322.69,568.4094
2026-01-18 13:00:00,3322.68,3322.69,3316.58,3319.99,1125.7257
2026-01-18 13:15:00,3319.99,3320.45,3314.64,3318.49,1447.9499
2026-01-18 13:30:00,3318.49,3330.57,3316.82,3328.59,3229.5303
2026-01-18 13:45:00,3328.59,3329.49,3324.82,3325.92,2338.5316
2026-01-18 14:00:00,3325.93,3331.32,3323.93,3331.0,1698.1373
2026-01-18 14:15:00,3331.0,3347.75,3330.99,3337.7,8724.0341
2026-01-18 14:30:00,3337.7,3344.53,3330.0,3331.13,3294.0251
2026-01-18 14:45:00,3331.13,3332.55,3322.69,3324.99,3437.9455
2026-01-18 15:00:00,3324.98,3327.96,3319.02,3326.05,1759.7585
2026-01-18 15:15:00,3326.05,3333.0,3324.17,3331.97,1199.8905
2026-01-18 15:30:00,3331.97,3335.5,3329.0,3332.82,1359.343
2026-01-18 15:45:00,3332.81,3334.0,3331.45,3333.99,518.9896
2026-01-18 16:00:00,3334.0,3337.33,3330.05,3334.15,1066.8061
2026-01-18 16:15:00,3334.15,3337.7,3330.71,3331.83,1520.6753
2026-01-18 16:30:00,3331.83,3336.85,3330.72,3336.45,761.2784
2026-01-18 16:45:00,3336.46,3337.95,3332.43,3333.74,952.6007
2026-01-18 17:00:00,3333.74,3337.44,3332.11,3332.5,689.3858
2026-01-18 17:15:00,3332.5,3337.79,3332.5,3336.75,494.0037
2026-01-18 17:30:00,3336.74,3339.04,3333.6,3335.15,780.1274
2026-01-18 17:45:00,3335.14,3346.0,3334.37,3345.07,1419.2423
2026-01-18 18:00:00,3345.07,3346.0,3337.15,3342.8,1472.7892
2026-01-18 18:15:00,3342.79,3365.59,3340.72,3362.23,5815.1373
2026-01-18 18:30:00,3362.23,3368.82,3356.15,3360.03,4658.3668
2026-01-18 18:45:00,3360.02,3368.78,3358.47,3361.85,2249.3519
2026-01-18 19:00:00,3361.86,3365.96,3354.54,3354.96,1721.3126
2026-01-18 19:15:00,3354.96,3356.15,3350.19,3352.57,2717.9303
2026-01-18 19:30:00,3352.57,3354.5,3350.13,3350.58,598.6596
2026-01-18 19:45:00,3350.59,3350.59,3344.57,3346.56,2060.0878
2026-01-18 20:00:00,3346.56,3349.29,3342.0,3343.73,875.8662
2026-01-18 20:15:00,3343.73,3352.64,3343.73,3351.98,675.0683
2026-01-18 20:30:00,3351.98,3351.98,3338.13,3342.3,1390.5169
2026-01-18 20:45:00,3342.3,3344.0,3339.99,3341.1,947.3889
2026-01-18 21:00:00,3341.11,3342.97,3336.92,3340.62,917.0282
2026-01-18 21:15:00,3340.63,3340.84,3339.0,3340.24,299.3795
2026-01-18 21:30:00,3340.24,3345.3,3339.47,3344.05,819.9919
2026-01-18 21:45:00,3344.05,3345.56,3338.52,3341.82,766.0736
2026-01-18 22:00:00,3341.82,3356.26,3340.04,3353.38,1977.3516
2026-01-18 22:15:00,3353.37,3353.63,3346.74,3346.74,1018.4193
2026-01-18 22:30:00,3346.75,3350.44,3345.45,3347.6,833.351
2026-01-18 22:45:00,3347.6,3351.0,3347.39,3350.77,792.2346
2026-01-18 23:00:00,3350.77,3350.78,3323.27,3329.45,8654.8634
2026-01-18 23:15:00,3329.45,3337.72,3310.32,3310.6,8940.8793
2026-01-18 23:30:00,3310.59,3319.43,3306.32,3311.55,4805.5117
2026-01-18 23:45:00,3311.55,3311.55,3278.86,3284.03,17345.169
2026-01-19 00:00:00,3284.04,3284.58,3216.34,3218.67,47347.3045
2026-01-19 00:15:00,3218.68,3226.75,3177.68,3204.45,48161.1641
2026-01-19 00:30:00,3204.45,3223.23,3185.0,3220.43,19653.2687
2026-01-19 00:45:00,3220.43,3221.0,3210.31,3212.13,9451.2809
2026-01-19 01:00:00,3212.13,3221.3,3206.07,3216.34,7468.2163
2026-01-19 01:15:00,3216.34,3221.48,3208.95,3209.21,6562.9456
2026-01-19 01:30:00,3209.2,3216.02,3206.18,3208.18,9054.9517
2026-01-19 01:45:00,3208.18,3208.69,3194.47,3206.86,8736.0417
2026-01-19 02:00:00,3206.87,3207.59,3193.96,3200.12,7589.6616
2026-01-19 02:15:00,3200.12,3216.48,3198.53,3210.59,3147.2564
2026-01-19 02:30:00,3210.6,3214.72,3206.71,3211.52,3974.9699
2026-01-19 02:45:00,3211.51,3211.51,3204.37,3204.46,2429.5628
2026-01-19 03:00:00,3204.46,3211.93,3204.0,3207.42,1919.723
2026-01-19 03:15:00,3207.42,3211.41,3195.19,3204.44,3114.8923
2026-01-19 03:30:00,3204.43,3209.85,3201.51,3208.48,6029.3767
2026-01-19 03:45:00,3208.48,3213.05,3207.68,3212.29,5030.5199
2026-01-19 04:00:00,3212.28,3215.58,3206.7,3208.6,6718.9046
2026-01-19 04:15:00,3208.6,3213.76,3205.45,3212.6,5744.2742
2026-01-19 04:30:00,3212.6,3215.4,3208.13,3214.55,6111.0418
2026-01-19 04:45:00,3214.55,3218.02,3212.57,3212.97,6215.2927
2026-01-19 05:00:00,3212.96,3215.67,3203.12,3204.55,8761.7936
2026-01-19 05:15:00,3204.55,3204.78,3196.39,3201.56,9310.9816
2026-01-19 05:30:00,3201.56,3212.17,3197.85,3203.62,9285.2034
2026-01-19 05:45:00,3203.62,3205.93,3201.24,3203.05,5786.2757
2026-01-19 06:00:00,3203.06,3204.57,3195.68,3197.79,3516.7548
2026-01-19 06:15:00,3197.8,3199.0,3187.88,3196.01,6706.0761
2026-01-19 06:30:00,3196.0,3199.26,3188.0,3193.67,4693.8077
2026-01-19 06:45:00,3193.67,3195.98,3192.09,3195.58,3424.3879
2026-01-19 07:00:00,3195.58,3200.23,3195.58,3200.23,1533.0873
2026-01-19 07:15:00,3200.23,3203.12,3199.77,3200.41,1183.9177
2026-01-19 07:30:00,3200.4,3204.81,3198.78,3204.09,3631.6158
2026-01-19 07:45:00,3204.1,3209.42,3203.1,3207.47,3643.9397
2026-01-19 08:00:00,3207.47,3207.71,3197.3,3197.89,5096.8035
2026-01-19 08:15:00,3197.89,3221.99,3197.64,3209.0,5713.4746
2026-01-19 08:30:00,3208.99,3218.99,3206.3,3214.17,4270.6681
2026-01-19 08:45:00,3214.17,3218.98,3213.82,3213.87,1861.3256
2026-01-19 09:00:00,3213.87,3214.87,3207.88,3210.14,1892.5631
2026-01-19 09:15:00,3210.15,3212.68,3206.89,3210.38,1501.9985
2026-01-19 09:30:00,3210.38,3212.2,3205.54,3207.62,1037.3037
2026-01-19 09:45:00,3207.62,3211.51,3207.04,3209.46,1169.2365
2026-01-19 10:00:00,3209.46,3210.54,3205.52,3209.98,1692.8512
2026-01-19 10:15:00,3209.98,3215.98,3209.98,3210.78,2315.7332
2026-01-19 10:30:00,3210.78,3212.73,3208.4,3212.06,2209.2379
2026-01-19 10:45:00,3212.05,3216.58,3210.88,3215.47,4945.1911
2026-01-19 11:00:00,3215.48,3219.16,3213.36,3217.88,4824.3724
2026-01-19 11:15:00,3217.89,3230.24,3216.0,3225.68,9739.5634
2026-01-19 11:30:00,3225.68,3229.66,3224.16,3226.88,6144.3706
2026-01-19 11:45:00,3226.87,3231.27,3220.91,3223.91,7891.15
2026-01-19 12:00:00,3223.91,3227.0,3219.48,3223.12,4958.1502
2026-01-19 12:15:00,3223.11,3227.57,3222.33,3227.57,3917.0894
2026-01-19 12:30:00,3227.56,3236.26,3227.56,3229.52,5912.4453
2026-01-19 12:45:00,3229.51,3230.92,3222.0,3225.1,2481.8304
2026-01-19 13:00:00,3225.11,3225.12,3219.94,3222.02,1293.1746
2026-01-19 13:15:00,3222.02,3223.46,3213.09,3215.16,2356.5085
2026-01-19 13:30:00,3215.16,3221.19,3214.7,3220.37,1034.7736
2026-01-19 13:45:00,3220.38,3221.74,3217.46,3218.27,1083.2519
2026-01-19 14:00:00,3218.27,3219.72,3202.85,3212.07,4304.136
2026-01-19 14:15:00,3212.07,3215.69,3208.16,3209.33,2013.6707
2026-01-19 14:30:00,3209.32,3215.6,3206.14,3209.88,2304.8386
2026-01-19 14:45:00,3209.87,3215.85,3207.85,3213.0,1540.8198
2026-01-19 15:00:00,3213.0,3220.17,3213.0,3220.16,2001.4043
2026-01-19 15:15:00,3220.17,3220.97,3210.33,3211.84,1276.2397
2026-01-19 15:30:00,3211.84,3217.75,3210.33,3213.76,1577.0354
2026-01-19 15:45:00,3213.75,3218.46,3213.4,3216.21,1622.7377
2026-01-19 16:00:00,3216.2,3218.99,3212.72,3215.28,2188.4977
2026-01-19 16:15:00,3215.28,3220.42,3213.61,3218.26,1970.5344
2026-01-19 16:30:00,3218.25,3221.43,3216.28,3218.76,1765.6682
2026-01-19 16:45:00,3218.76,3227.17,3216.57,3223.16,2022.7757
2026-01-19 17:00:00,3223.16,3224.29,3218.55,3223.03,1314.9146
2026-01-19 17:15:00,3223.03,3226.0,3220.51,3224.2,1037.9284
2026-01-19 17:30:00,3224.2,3224.21,3218.31,3219.72,1089.697
2026-01-19 17:45:00,3219.71,3220.24,3217.12,3220.0,837.9005
2026-01-19 18:00:00,3220.0,3221.08,3211.3,3213.59,1467.1492
2026-01-19 18:15:00,3213.6,3216.08,3210.31,3210.67,1265.9733
2026-01-19 18:30:00,3210.68,3217.21,3208.5,3216.79,1166.7136
2026-01-19 18:45:00,3216.8,3217.32,3211.65,3214.9,701.7304
2026-01-19 19:00:00,3214.9,3221.0,3214.9,3220.6,1113.9432
2026-01-19 19:15:00,3220.61,3224.58,3218.09,3218.34,1187.197
2026-01-19 19:30:00,3218.34,3220.43,3216.09,3219.01,845.659
2026-01-19 19:45:00,3219.0,3220.26,3217.74,3219.95,470.6825
2026-01-19 20:00:00,3219.95,3225.43,3219.94,3220.6,1431.7669
2026-01-19 20:15:00,3220.6,3224.17,3219.55,3222.57,1438.8034
2026-01-19 20:30:00,3222.57,3224.17,3215.1,3217.36,1784.5776
2026-01-19 20:45:00,3217.36,3217.37,3212.08,3214.31,1380.1714
2026-01-19 21:00:00,3214.32,3221.49,3212.41,3215.05,2023.684
2026-01-19 21:15:00,3215.04,3215.23,3210.23,3214.41,576.3687
2026-01-19 21:30:00,3214.41,3216.45,3211.27,3215.98,555.7625
2026-01-19 21:45:00,3215.98,3216.8,3212.0,3212.78,506.5465
2026-01-19 22:00:00,3212.77,3214.49,3190.15,3198.65,5037.9828
2026-01-19 22:15:00,3198.65,3211.52,3198.65,3206.91,2207.9529
2026-01-19 22:30:00,3206.9,3206.9,3200.2,3201.17,1539.3425
2026-01-19 22:45:00,3201.17,3201.2,3186.82,3189.0,3361.9985
2026-01-19 23:00:00,3189.01,3197.91,3165.38,3176.0,13296.8647
2026-01-19 23:15:00,3176.01,3183.73,3166.18,3183.73,4531.1975
2026-01-19 23:30:00,3183.73,3196.45,3183.56,3190.76,2809.5042
2026-01-19 23:45:00,3190.76,3193.41,3186.0,3189.55,1688.6306
2026-01-20 00:00:00,3189.56,3200.5,3186.59,3192.45,3344.8326
2026-01-20 00:15:00,3192.44,3192.44,3176.83,3182.29,2747.2708
2026-01-20 00:30:00,3182.29,3192.64,3182.29,3190.37,1567.952
2026-01-20 00:45:00,3190.37,3191.54,3181.73,3184.12,1941.2284
2026-01-20 01:00:00,3184.12,3189.62,3175.53,3185.24,2410.9764
2026-01-20 01:15:00,3185.24,3198.19,3182.3,3197.58,2408.4692
2026-01-20 01:30:00,3197.57,3199.6,3188.99,3190.78,1664.011
2026-01-20 01:45:00,3190.77,3197.91,3190.34,3193.28,935.7061
2026-01-20 02:00:00,3193.28,3194.08,3182.88,3185.32,1422.4411
2026-01-20 02:15:00,3185.32,3189.92,3179.24,3184.46,1894.5187
2026-01-20 02:30:00,3184.46,3192.82,3184.46,3191.6,1435.3685
2026-01-20 02:45:00,3191.61,3200.1,3191.54,3192.96,4044.3174
2026-01-20 03:00:00,3192.97,3194.91,3184.05,3187.04,1473.2077
2026-01-20 03:15:00,3187.03,3191.23,3186.88,3188.9,1309.6788
2026-01-20 03:30:00,3188.9,3190.35,3185.06,3189.29,1566.3724
2026-01-20 03:45:00,3189.29,3190.75,3186.25,3188.67,1082.8013
2026-01-20 04:00:00,3188.68,3188.91,3183.64,3184.4,1055.0752
2026-01-20 04:15:00,3184.4,3185.78,3181.53,3185.78,1663.9097
2026-01-20 04:30:00,3185.78,3189.23,3181.0,3182.38,937.9805
2026-01-20 04:45:00,3182.38,3184.77,3168.77,3172.76,4077.3801
2026-01-20 05:00:00,3172.76,3172.77,3152.5,3156.82,13571.7701
2026-01-20 05:15:00,3156.83,3167.84,3152.44,3166.86,6154.4551
2026-01-20 05:30:00,3166.86,3170.82,3162.66,3167.2,1801.1228
2026-01-20 05:45:00,3167.2,3174.89,3166.77,3171.35,2914.1228
2026-01-20 06:00:00,3171.36,3172.27,3165.38,3166.09,1585.844
2026-01-20 06:15:00,3166.1,3167.9,3126.37,3141.7,18570.9267
2026-01-20 06:30:00,3141.67,3141.67,3118.3,3128.01,9017.4915
2026-01-20 06:45:00,3128.0,3128.15,3109.37,3116.91,13495.162
2026-01-20 07:00:00,3116.91,3125.85,3112.0,3120.44,6631.9003
2026-01-20 07:15:00,3120.45,3124.97,3118.07,3124.15,3485.6824
2026-01-20 07:30:00,3124.16,3129.5,3120.3,3127.51,4585.7972
2026-01-20 07:45:00,3127.52,3131.34,3123.01,3123.37,3338.3388
2026-01-20 08:00:00,3123.37,3123.84,3093.02,3106.87,10208.2142
2026-01-20 08:15:00,3106.88,3115.7,3101.44,3111.66,6492.7508
2026-01-20 08:30:00,3111.66,3111.66,3085.17,3093.97,18917.7256
2026-01-20 08:45:00,3093.96,3107.86,3089.8,3106.84,6657.0458
2026-01-20 09:00:00,3106.84,3108.8,3095.99,3099.63,3461.665
2026-01-20 09:15:00,3099.63,3101.33,3093.83,3097.23,3162.4809
2026-01-20 09:30:00,3097.24,3098.0,3088.41,3094.36,2611.8979
2026-01-20 09:45:00,3094.37,3096.16,3090.0,3094.1,2248.0074
2026-01-20 10:00:00,3094.1,3103.14,3091.18,3102.4,5374.1986
2026-01-20 10:15:00,3102.39,3108.49,3100.0,3108.48,3576.7622
2026-01-20 10:30:00,3108.48,3108.52,3100.82,3102.53,3539.7242
2026-01-20 10:45:00,3102.53,3104.91,3100.53,3103.01,2651.4798
2026-01-20 11:00:00,3103.01,3110.79,3103.0,3107.43,3326.726
2026-01-20 11:15:00,3107.43,3111.98,3106.2,3109.52,3383.2247
2026-01-20 11:30:00,3109.52,3111.12,3103.92,3106.94,2471.3208
2026-01-20 11:45:00,3106.94,3113.1,3106.73,3109.88,2333.3038
2026-01-20 12:00:00,3109.88,3115.0,3107.75,3112.71,3644.6665
2026-01-20 12:15:00,3112.71,3114.69,3102.27,3106.41,4063.3661
2026-01-20 12:30:00,3106.41,3110.0,3105.98,3108.46,2849.1202
2026-01-20 12:45:00,3108.46,3111.99,3107.82,3111.3,2995.3133
2026-01-20 13:00:00,3111.31,3113.27,3091.51,3094.23,4662.9306
2026-01-20 13:15:00,3094.24,3097.2,3087.72,3088.87,3796.4244
2026-01-20 13:30:00,3088.87,3096.15,3074.5,3087.42,7540.879
2026-01-20 13:45:00,3087.42,3089.14,3076.97,3078.99,2795.9047
2026-01-20 14:00:00,3078.99,3089.01,3078.47,3082.62,3143.7409
2026-01-20 14:15:00,3082.62,3082.81,3056.12,3070.71,14462.109
2026-01-20 14:30:00,3070.7,3088.08,3048.82,3070.77,18687.962
2026-01-20 14:45:00,3070.77,3070.77,3034.22,3047.49,19192.7367
2026-01-20 15:00:00,3047.49,3049.91,2995.33,3018.2,35532.5409
2026-01-20 15:15:00,3018.21,3036.27,3004.73,3031.82,16418.2976
2026-01-20 15:30:00,3031.82,3038.68,3026.56,3030.97,6208.5905
2026-01-20 15:45:00,3030.97,3033.79,3020.25,3032.99,5534.3082
2026-01-20 16:00:00,3033.0,3035.77,3024.75,3032.0,4390.5261
2026-01-20 16:15:00,3031.99,3042.92,3023.16,3025.19,6773.935
2026-01-20 16:30:00,3025.18,3026.48,3002.15,3004.02,5794.1573
2026-01-20 16:45:00,3004.03,3011.85,2998.71,3009.32,7068.4172
2026-01-20 17:00:00,3009.31,3023.64,3007.57,3018.61,4062.7264
2026-01-20 17:15:00,3018.61,3020.88,3001.38,3003.88,3064.726
2026-01-20 17:30:00,3003.88,3004.46,2984.26,2999.0,10357.444
2026-01-20 17:45:00,2999.0,3005.7,2984.99,2999.62,8031.0529
2026-01-20 18:00:00,2999.62,3007.39,2996.71,3007.23,3679.7136
2026-01-20 18:15:00,3007.22,3009.0,2994.82,2998.53,3408.3531
2026-01-20 18:30:00,2998.52,3000.5,2988.83,2993.69,4508.3917
2026-01-20 18:45:00,2993.69,3000.1,2987.91,2991.81,3421.8773
2026-01-20 19:00:00,2991.81,3003.31,2989.4,2995.27,4050.0311
2026-01-20 19:15:00,2995.27,3000.39,2991.39,2992.21,2303.1624
2026-01-20 19:30:00,2992.16,2994.82,2980.11,2988.24,7118.5149
2026-01-20 19:45:00,2988.24,2999.37,2985.66,2996.49,2412.9498
2026-01-20 20:00:00,2996.49,2996.49,2986.31,2986.44,2319.4714
2026-01-20 20:15:00,2986.44,3006.12,2986.44,3003.35,3284.6745
2026-01-20 20:30:00,3003.36,3004.15,2994.1,2998.16,2513.0937
2026-01-20 20:45:00,2998.17,3007.15,2995.3,3006.66,4109.1181
2026-01-20 21:00:00,3006.66,3007.22,2999.68,3002.65,9022.9284
2026-01-20 21:15:00,3002.65,3002.99,2996.28,2997.77,1450.1345
2026-01-20 21:30:00,2997.77,2997.77,2990.07,2994.48,1117.6496
2026-01-20 21:45:00,2994.48,2995.45,2990.0,2993.53,1174.017
2026-01-20 22:00:00,2993.53,2999.08,2992.91,2997.26,1015.4071
2026-01-20 22:15:00,2997.25,2997.26,2982.0,2986.38,2125.4136
2026-01-20 22:30:00,2986.39,2986.6,2920.0,2948.14,29192.6152
2026-01-20 22:45:00,2948.14,2951.73,2939.76,2951.54,5263.4938
2026-01-20 23:00:00,2951.53,2952.42,2936.3,2943.7,5474.2215
2026-01-20 23:15:00,2943.7,2945.91,2930.64,2940.33,6640.0088
2026-01-20 23:30:00,2940.34,2950.45,2940.34,2944.56,3838.3621
2026-01-20 23:45:00,2944.55,2945.65,2933.55,2939.88,3098.3607
2026-01-21 00:00:00,2939.88,2949.66,2934.0,2936.09,3590.48
2026-01-21 00:15:00,2936.09,2939.84,2921.89,2938.15,6383.1405
2026-01-21 00:30:00,2938.16,2958.37,2934.47,2952.02,8422.4751
2026-01-21 00:45:00,2952.02,2969.51,2951.59,2960.0,5704.386
2026-01-21 01:00:00,2960.01,2969.51,2955.24,2967.33,3426.4136
2026-01-21 01:15:00,2967.34,2972.42,2960.0,2967.35,2983.8462
2026-01-21 01:30:00,2967.34,2974.2,2964.26,2967.39,2769.2756
2026-01-21 01:45:00,2967.39,2973.7,2963.99,2965.15,1479.8036
2026-01-21 02:00:00,2965.14,2975.41,2965.14,2973.01,1941.892
2026-01-21 02:15:00,2973.01,2974.05,2964.37,2965.5,2327.4289
2026-01-21 02:30:00,2965.49,2968.19,2958.0,2964.29,1914.8852
2026-01-21 02:45:00,2964.28,2967.32,2960.59,2961.52,3194.6598
2026-01-21 03:00:00,2961.52,2971.15,2960.87,2969.53,2195.8223
2026-01-21 03:15:00,2969.53,2974.4,2968.65,2971.53,1981.966
2026-01-21 03:30:00,2971.53,2984.64,2969.6,2982.73,3299.8827
2026-01-21 03:45:00,2982.73,2983.79,2977.86,2981.76,1127.5242
2026-01-21 04:00:00,2981.75,2985.58,2975.67,2976.19,1711.6604
2026-01-21 04:15:00,2976.19,2982.97,2974.85,2982.18,1180.8174
2026-01-21 04:30:00,2982.19,2984.38,2977.96,2984.13,1390.6788
2026-01-21 04:45:00,2984.13,2985.61,2979.39,2979.51,1565.4178
2026-01-21 05:00:00,2979.5,2983.47,2977.53,2983.47,1143.0955
2026-01-21 05:15:00,2983.46,2985.24,2980.45,2983.01,1141.1083
2026-01-21 05:30:00,2983.0,2997.0,2983.0,2996.43,3702.2123
2026-01-21 05:45:00,2996.43,3002.0,2991.77,2993.03,7139.5353
2026-01-21 06:00:00,2993.03,2993.55,2988.6,2991.69,1758.6927
2026-01-21 06:15:00,2991.69,2993.58,2989.41,2990.83,1425.7765
2026-01-21 06:30:00,2990.82,2990.82,2981.29,2982.39,1897.9462
2026-01-21 06:45:00,2982.39,2982.39,2975.33,2980.3,1541.8341
2026-01-21 07:00:00,2980.31,2985.67,2973.01,2974.52,6662.7472
2026-01-21 07:15:00,2974.52,2983.08,2974.52,2982.64,1818.8626
2026-01-21 07:30:00,2982.65,2982.65,2966.72,2971.17,5332.0318
2026-01-21 07:45:00,2971.18,2973.27,2966.0,2970.6,4541.434
2026-01-21 08:00:00,2970.6,2970.62,2962.49,2963.77,3116.4751
2026-01-21 08:15:00,2963.78,2974.59,2963.77,2967.2,4274.0159
2026-01-21 08:30:00,2967.2,2971.2,2956.0,2959.43,5294.6077
2026-01-21 08:45:00,2959.43,2967.32,2959.24,2965.49,2392.7322
2026-01-21 09:00:00,2965.49,2970.12,2963.81,2968.72,1797.3007
2026-01-21 09:15:00,2968.71,2972.83,2968.71,2970.72,2152.5531
2026-01-21 09:30:00,2970.72,2974.87,2967.85,2970.01,2590.3734
2026-01-21 09:45:00,2970.01,2970.54,2950.34,2954.09,3098.1541
2026-01-21 10:00:00,2954.08,2964.1,2952.42,2962.49,2504.1283
2026-01-21 10:15:00,2962.5,2967.22,2962.5,2965.19,1618.994
2026-01-21 10:30:00,2965.18,2970.12,2962.13,2967.96,1799.8274
2026-01-21 10:45:00,2967.97,2967.97,2963.69,2963.92,764.8263
2026-01-21 11:00:00,2963.92,2968.38,2960.04,2968.04,1421.2598
2026-01-21 11:15:00,2968.04,2971.66,2967.29,2968.71,1753.5839
2026-01-21 11:30:00,2968.71,2970.07,2962.64,2965.39,718.9858
2026-01-21 11:45:00,2965.39,2966.23,2938.0,2943.0,12559.7039
2026-01-21 12:00:00,2943.0,2946.47,2913.36,2922.08,15093.2109
2026-01-21 12:15:00,2922.09,2922.81,2902.0,2911.62,14250.4286
2026-01-21 12:30:00,2911.61,2922.07,2903.46,2918.82,6339.2341
2026-01-21 12:45:00,2918.81,2932.25,2916.06,2931.48,4260.9522
2026-01-21 13:00:00,2931.48,2945.64,2929.86,2941.9,4005.9011
2026-01-21 13:15:00,2941.89,2943.3,2930.0,2933.72,4236.9644
2026-01-21 13:30:00,2933.73,2940.82,2926.0,2927.8,3695.2895
2026-01-21 13:45:00,2927.8,2935.62,2920.51,2928.13,3540.6482
2026-01-21 14:00:00,2928.13,2979.38,2924.56,2974.01,14552.6987
2026-01-21 14:15:00,2974.0,2980.72,2963.72,2975.87,11554.2081
2026-01-21 14:30:00,2975.96,2995.83,2973.72,2976.96,18119.8404
2026-01-21 14:45:00,2976.97,2987.07,2969.26,2981.09,7136.5019
2026-01-21 15:00:00,2981.09,2997.46,2975.17,2997.08,10948.9591
2026-01-21 15:15:00,2997.07,3026.83,2991.29,2992.08,21874.7894
2026-01-21 15:30:00,2992.08,2997.95,2980.14,2992.39,6421.6967
2026-01-21 15:45:00,2992.39,3007.69,2987.89,3002.69,6713.0315
2026-01-21 16:00:00,3002.69,3005.22,2981.95,2982.45,4945.0107
2026-01-21 16:15:00,2982.45,2986.1,2949.69,2961.81,10173.0833
2026-01-21 16:30:00,2961.82,2963.47,2888.8,2888.98,28209.2961
2026-01-21 16:45:00,2888.98,2924.93,2886.0,2891.58,19911.3141
2026-01-21 17:00:00,2891.59,2914.19,2868.17,2873.15,17754.6843
2026-01-21 17:15:00,2873.19,2900.49,2866.11,2891.9,17478.5747
2026-01-21 17:30:00,2891.9,2906.02,2875.42,2898.28,11869.1345
2026-01-21 17:45:00,2898.25,2908.34,2893.15,2903.91,5618.0359
2026-01-21 18:00:00,2903.91,2914.9,2887.88,2905.23,6011.7266
2026-01-21 18:15:00,2905.23,2910.55,2901.35,2907.56,3295.4149
2026-01-21 18:30:00,2907.55,2916.12,2903.98,2910.04,3941.1511
2026-01-21 18:45:00,2910.04,2933.8,2908.89,2927.4,4639.0499
2026-01-21 19:00:00,2927.39,2933.95,2916.6,2923.08,5684.5527
2026-01-21 19:15:00,2923.08,2985.39,2920.86,2984.09,13304.3117
2026-01-21 19:30:00,2984.1,3038.39,2974.39,3034.01,31495.2747
2026-01-21 19:45:00,3034.02,3069.07,3033.53,3055.56,24903.8147
2026-01-21 20:00:00,3055.55,3057.72,3020.07,3028.61,13312.748
2026-01-21 20:15:00,3028.62,3028.89,3003.45,3009.74,8786.0885
2026-01-21 20:30:00,3009.73,3028.02,3005.0,3019.19,6738.6862
2026-01-21 20:45:00,3019.19,3034.7,3018.54,3031.84,4705.9247
2026-01-21 21:00:00,3031.84,3033.87,3021.3,3027.09,2744.2153
2026-01-21 21:15:00,3027.09,3044.16,3025.54,3029.52,4102.4635
2026-01-21 21:30:00,3029.52,3042.52,3029.1,3039.28,2061.6325
2026-01-21 21:45:00,3039.29,3041.27,3030.08,3031.47,2137.8844
2026-01-21 22:00:00,3031.47,3045.01,3029.81,3035.4,2866.9114
2026-01-21 22:15:00,3035.41,3035.87,3018.67,3021.03,3204.1396
2026-01-21 22:30:00,3021.03,3023.14,3013.99,3016.54,1442.4182
2026-01-21 22:45:00,3016.53,3018.29,3009.1,3010.52,3170.5465
2026-01-21 23:00:00,3010.51,3025.35,3008.83,3022.15,2381.5569
2026-01-21 23:15:00,3022.14,3022.15,3006.95,3014.34,3462.8471
2026-01-21 23:30:00,3014.35,3014.35,2984.61,2984.76,4859.0295
2026-01-21 23:45:00,2984.76,2989.13,2972.69,2982.27,5289.1169
2026-01-22 00:00:00,2982.28,2998.22,2980.73,2996.4,4182.4122
2026-01-22 00:15:00,2996.39,3006.56,2990.26,3003.58,3272.5014
2026-01-22 00:30:00,3003.58,3011.51,3002.7,3008.57,2905.9199
2026-01-22 00:45:00,3008.56,3010.95,3003.44,3005.39,1504.6269
2026-01-22 01:00:00,3005.4,3020.7,3002.73,3018.37,3173.2156
2026-01-22 01:15:00,3018.36,3029.39,3017.4,3023.13,2828.0508
2026-01-22 01:30:00,3023.13,3025.0,3013.35,3018.27,1499.7439
2026-01-22 01:45:00,3018.26,3033.95,3015.52,3028.52,2590.2407
2026-01-22 02:00:00,3028.52,3032.48,3025.36,3030.4,2613.1266
2026-01-22 02:15:00,3030.39,3038.33,3028.85,3035.87,2575.6332
2026-01-22 02:30:00,3035.87,3035.87,3023.88,3027.08,2191.3452
2026-01-22 02:45:00,3027.07,3027.08,3015.15,3017.72,2165.3834
2026-01-22 03:00:00,3017.72,3030.82,3017.72,3027.15,1729.4063
2026-01-22 03:15:00,3027.15,3027.15,3016.17,3016.61,1827.0348
2026-01-22 03:30:00,3016.61,3016.62,2999.77,3011.23,4875.0399
2026-01-22 03:45:00,3011.23,3014.58,3009.86,3013.41,974.2501
2026-01-22 04:00:00,3013.41,3020.05,3012.16,3014.17,1009.1345
2026-01-22 04:15:00,3014.18,3018.33,3011.5,3018.33,837.628
2026-01-22 04:30:00,3018.33,3024.48,3017.06,3020.4,1458.97
2026-01-22 04:45:00,3020.4,3025.43,3017.57,3023.04,1921.0971
2026-01-22 05:00:00,3023.03,3027.9,3021.37,3024.15,1516.8897
2026-01-22 05:15:00,3024.15,3024.16,3016.65,3016.96,885.2186
2026-01-22 05:30:00,3016.96,3020.69,3014.87,3018.87,1261.6143
2026-01-22 05:45:00,3018.87,3021.59,3014.78,3019.8,1431.6945
2026-01-22 06:00:00,3019.8,3027.61,3010.46,3017.83,2320.3469
2026-01-22 06:15:00,3017.83,3021.19,3008.83,3009.99,3945.668
2026-01-22 06:30:00,3009.98,3020.0,3009.03,3018.32,2159.113
2026-01-22 06:45:00,3018.33,3024.18,3017.91,3019.13,2433.9207
2026-01-22 07:00:00,3019.14,3022.39,3011.85,3011.99,3385.5635
2026-01-22 07:15:00,3011.99,3012.77,3005.91,3010.41,2213.564
2026-01-22 07:30:00,3010.41,3012.01,3008.1,3011.39,1328.2471
2026-01-22 07:45:00,3011.4,3011.4,3000.4,3000.94,2495.0332
2026-01-22 08:00:00,3000.94,3008.15,2994.1,2996.05,3043.017
2026-01-22 08:15:00,2996.05,3003.27,2994.11,2996.78,2330.9294
2026-01-22 08:30:00,2996.78,3001.24,2992.5,2996.38,1724.2853
2026-01-22 08:45:00,2996.38,3008.05,2995.29,3005.75,2177.1644
2026-01-22 09:00:00,3005.75,3011.0,3003.19,3010.23,1594.5448
2026-01-22 09:15:00,3010.24,3012.0,3005.0,3006.14,2247.7746
2026-01-22 09:30:00,3006.15,3016.4,3005.64,3015.44,1874.1329
2026-01-22 09:45:00,3015.44,3016.27,3012.63,3013.63,1103.0807
2026-01-22 10:00:00,3013.63,3014.63,3009.02,3009.31,1834.8843
2026-01-22 10:15:00,3009.31,3010.85,3004.84,3007.26,2653.0483
2026-01-22 10:30:00,3007.27,3008.38,3000.52,3001.8,1541.2356
2026-01-22 10:45:00,3001.81,3005.28,3000.0,3002.64,1299.4995
2026-01-22 11:00:00,3002.63,3006.82,2994.99,2997.0,2341.9276
2026-01-22 11:15:00,2997.0,3000.73,2985.57,2988.81,3720.3668
2026-01-22 11:30:00,2988.81,2991.96,2977.22,2983.11,5138.9959
2026-01-22 11:45:00,2983.11,2988.6,2981.79,2986.8,1886.0473
2026-01-22 12:00:00,2986.8,2991.38,2978.45,2989.42,2859.7445
2026-01-22 12:15:00,2989.43,2992.4,2986.56,2990.61,1781.6053
2026-01-22 12:30:00,2990.6,2998.48,2990.32,2991.74,1761.2257
2026-01-22 12:45:00,2991.75,2992.53,2987.0,2990.86,1047.2607
2026-01-22 13:00:00,2990.86,2995.77,2989.6,2992.14,1195.273
2026-01-22 13:15:00,2992.14,3000.43,2991.46,3000.13,2267.2562
2026-01-22 13:30:00,3000.13,3010.18,2963.15,2968.6,10589.9998
2026-01-22 13:45:00,2968.6,2974.25,2962.33,2972.76,4818.3606
2026-01-22 14:00:00,2972.76,2982.13,2964.79,2980.97,3322.4323
2026-01-22 14:15:00,2980.96,2980.96,2964.37,2972.75,3726.3808
2026-01-22 14:30:00,2972.76,2979.61,2949.19,2962.32,14584.7673
2026-01-22 14:45:00,2962.32,2963.63,2935.22,2941.33,12994.5056
2026-01-22 15:00:00,2941.32,2954.89,2936.14,2947.73,8787.9276
2026-01-22 15:15:00,2947.72,2951.59,2907.61,2911.65,15040.7622
2026-01-22 15:30:00,2911.66,2946.56,2906.02,2945.94,9602.9937
2026-01-22 15:45:00,2945.94,2968.39,2939.02,2942.01,12198.5144
2026-01-22 16:00:00,2942.02,2951.33,2934.91,2939.1,3852.1962
2026-01-22 16:15:00,2939.09,2949.0,2923.99,2940.96,6435.3624
2026-01-22 16:30:00,2940.95,2947.32,2930.93,2941.56,4091.7323
2026-01-22 16:45:00,2941.57,2958.53,2941.29,2946.24,3267.2056
2026-01-22 17:00:00,2946.24,2954.83,2941.81,2944.64,3265.7973
2026-01-22 17:15:00,2944.65,2951.94,2934.97,2938.99,2354.4966
2026-01-22 17:30:00,2939.0,2947.26,2938.47,2946.07,1829.2761
2026-01-22 17:45:00,2946.07,2963.83,2946.07,2961.77,3530.6525
2026-01-22 18:00:00,2961.76,2963.17,2953.03,2957.25,2587.9958
2026-01-22 18:15:00,2957.26,2972.76,2956.81,2960.71,3268.4648
2026-01-22 18:30:00,2960.7,2967.18,2950.57,2953.7,2545.8705
2026-01-22 18:45:00,2953.69,2956.47,2938.46,2939.53,2809.9139
2026-01-22 19:00:00,2939.54,2947.25,2928.33,2943.04,2912.6982
2026-01-22 19:15:00,2943.04,2949.7,2939.18,2946.84,1212.4737
2026-01-22 19:30:00,2946.84,2961.69,2946.42,2957.33,1970.9886
2026-01-22 19:45:00,2957.32,2963.49,2948.28,2953.94,2522.4469
2026-01-22 20:00:00,2953.94,2957.1,2945.55,2955.5,2267.805
2026-01-22 20:15:00,2955.5,2957.86,2936.13,2937.88,1982.341
2026-01-22 20:30:00,2937.87,2944.17,2930.15,2934.75,3420.1978
2026-01-22 20:45:00,2934.75,2941.62,2934.75,2939.02,2156.2196
2026-01-22 21:00:00,2939.02,2946.42,2933.75,2941.85,2149.589
2026-01-22 21:15:00,2941.85,2951.45,2941.0,2950.1,1621.544
2026-01-22 21:30:00,2950.1,2950.81,2945.0,2945.01,1072.6425
2026-01-22 21:45:00,2945.01,2950.4,2940.82,2946.4,1744.5541
2026-01-22 22:00:00,2946.31,2959.16,2943.33,2955.18,1739.4482
2026-01-22 22:15:00,2955.17,2957.25,2945.76,2953.11,2064.5457
2026-01-22 22:30:00,2953.11,2953.12,2945.71,2951.34,1482.357
2026-01-22 22:45:00,2951.34,2954.83,2949.23,2951.9,1443.2102
2026-01-22 23:00:00,2951.9,2952.67,2940.82,2948.09,2285.8051
2026-01-22 23:15:00,2948.09,2954.34,2947.34,2950.04,1114.4789
2026-01-22 23:30:00,2950.03,2955.89,2948.83,2950.35,1240.1862
2026-01-22 23:45:00,2950.34,2953.28,2949.52,2952.69,816.6611
2026-01-23 00:00:00,2952.7,2955.02,2948.86,2952.86,955.3
2026-01-23 00:15:00,2952.85,2957.13,2950.6,2951.33,1773.8886
2026-01-23 00:30:00,2951.33,2952.1,2946.22,2949.82,1255.174
2026-01-23 00:45:00,2949.83,2954.84,2948.07,2953.61,1055.7999
2026-01-23 01:00:00,2953.62,2958.95,2953.08,2953.37,1290.273
2026-01-23 01:15:00,2953.37,2958.87,2953.37,2958.8,987.7843
2026-01-23 01:30:00,2958.8,2967.2,2956.47,2963.07,3591.3262
2026-01-23 01:45:00,2963.06,2970.0,2961.79,2968.88,1545.9629
2026-01-23 02:00:00,2968.89,2972.08,2962.41,2967.78,2788.9128
2026-01-23 02:15:00,2967.78,2967.78,2959.22,2960.41,629.3679
2026-01-23 02:30:00,2960.41,2963.99,2956.89,2959.5,1365.8263
2026-01-23 02:45:00,2959.49,2961.49,2952.83,2952.83,679.5569
2026-01-23 03:00:00,2952.83,2959.03,2951.92,2959.03,1651.7004
2026-01-23 03:15:00,2959.02,2965.45,2958.96,2963.73,1060.3667
2026-01-23 03:30:00,2963.72,2965.17,2957.81,2962.35,688.9259
2026-01-23 03:45:00,2962.35,2964.62,2960.53,2964.42,749.2205
2026-01-23 04:00:00,2964.42,2978.91,2963.0,2977.59,2919.964
2026-01-23 04:15:00,2977.59,2977.59,2970.26,2973.21,1877.1495
2026-01-23 04:30:00,2973.21,2980.78,2970.28,2978.77,3044.221
2026-01-23 04:45:00,2978.77,2984.71,2977.99,2977.99,2173.9916
2026-01-23 05:00:00,2977.99,2978.41,2972.87,2977.53,2122.1853
2026-01-23 05:15:00,2977.53,2977.53,2963.83,2970.27,1942.1157
2026-01-23 05:30:00,2970.27,2973.64,2967.13,2970.49,2287.2021
2026-01-23 05:45:00,2970.49,2972.13,2965.43,2968.56,1481.6696
2026-01-23 06:00:00,2968.57,2975.39,2966.01,2972.01,3110.4843
2026-01-23 06:15:00,2972.01,2974.14,2939.27,2946.04,6424.7125
2026-01-23 06:30:00,2946.04,2955.69,2939.24,2955.15,3770.2639
2026-01-23 06:45:00,2955.15,2956.0,2937.85,2939.88,3120.5873
2026-01-23 07:00:00,2939.88,2942.67,2935.31,2941.81,2388.7731
2026-01-23 07:15:00,2941.81,2951.1,2941.8,2947.25,1386.582
2026-01-23 07:30:00,2947.25,2951.42,2945.0,2948.39,4126.3341
2026-01-23 07:45:00,2948.39,2950.57,2941.74,2948.49,4369.4184
2026-01-23 08:00:00,2948.58,2951.34,2944.95,2946.62,1355.8258
2026-01-23 08:15:00,2946.62,2946.62,2934.42,2937.27,2754.8147
2026-01-23 08:30:00,2937.27,2939.32,2921.2,2933.74,9232.5791
2026-01-23 08:45:00,2933.74,2936.31,2923.0,2927.64,2931.3312
2026-01-23 09:00:00,2927.64,2935.02,2926.6,2928.0,2052.1876
2026-01-23 09:15:00,2928.01,2931.88,2920.92,2929.05,2226.0804
2026-01-23 09:30:00,2929.05,2930.12,2917.8,2923.95,4191.9804
2026-01-23 09:45:00,2923.95,2924.09,2915.19,2921.17,6548.9653
2026-01-23 10:00:00,2921.16,2926.02,2914.93,2925.14,3119.218
2026-01-23 10:15:00,2925.15,2929.0,2921.28,2926.94,2614.0193
2026-01-23 10:30:00,2926.94,2932.0,2922.13,2929.31,4696.7831
2026-01-23 10:45:00,2929.3,2935.0,2928.22,2930.95,2983.5259
2026-01-23 11:00:00,2930.95,2940.82,2928.44,2939.16,5618.0999
2026-01-23 11:15:00,2939.15,2940.27,2933.51,2937.7,1546.1907
2026-01-23 11:30:00,2937.7,2946.66,2937.18,2942.97,3387.4523
2026-01-23 11:45:00,2942.97,2944.66,2937.87,2940.68,1479.1965
2026-01-23 12:00:00,2940.68,2940.69,2934.23,2934.48,2002.2816
2026-01-23 12:15:00,2934.49,2939.73,2932.89,2937.71,1495.6048
2026-01-23 12:30:00,2937.71,2938.2,2929.0,2934.05,2367.2893
2026-01-23 12:45:00,2934.06,2939.88,2931.67,2934.86,2177.1575
2026-01-23 13:00:00,2934.85,2940.82,2934.15,2940.06,1491.388
2026-01-23 13:15:00,2940.06,2943.92,2937.44,2937.44,2178.697
2026-01-23 13:30:00,2937.45,2937.45,2927.09,2935.29,2586.949
2026-01-23 13:45:00,2935.29,2938.87,2929.46,2930.79,1519.2501
2026-01-23 14:00:00,2930.78,2936.83,2925.26,2934.3,1806.2234
2026-01-23 14:15:00,2934.3,2941.36,2932.11,2940.08,2097.9824
2026-01-23 14:30:00,2940.07,2942.39,2892.4,2908.62,20410.8758
2026-01-23 14:45:00,2908.62,2923.76,2897.57,2916.07,7288.6454
2026-01-23 15:00:00,2916.07,2924.24,2906.43,2909.99,5086.5314
2026-01-23 15:15:00,2909.99,2939.4,2899.77,2926.25,7011.3985
2026-01-23 15:30:00,2926.25,2942.83,2925.62,2934.85,3496.0098
2026-01-23 15:45:00,2934.85,2965.06,2934.0,2952.75,11256.2907
2026-01-23 16:00:00,2952.66,2964.03,2949.19,2956.05,5588.2304
2026-01-23 16:15:00,2956.05,2957.22,2941.16,2944.89,3612.2195
2026-01-23 16:30:00,2944.88,2979.0,2938.46,2972.34,10201.108
2026-01-23 16:45:00,2972.34,2980.0,2963.94,2967.99,5611.946
2026-01-23 17:00:00,2968.0,2968.88,2959.8,2968.87,3641.1917
2026-01-23 17:15:00,2968.88,2999.04,2968.87,2998.64,11294.8167
2026-01-23 17:30:00,2998.63,3019.26,2989.45,3000.94,13388.6491
2026-01-23 17:45:00,3000.93,3009.51,2985.95,2987.51,4794.4497
2026-01-23 18:00:00,2987.51,2998.53,2978.45,2989.36,7166.0358
2026-01-23 18:15:00,2989.36,2998.37,2984.79,2996.12,2740.4618
2026-01-23 18:30:00,2996.13,3007.55,2991.01,2991.45,3879.2481
2026-01-23 18:45:00,2991.44,2993.84,2985.92,2988.6,2170.434
2026-01-23 19:00:00,2988.6,2988.6,2975.06,2977.78,4594.3036
2026-01-23 19:15:00,2977.78,2978.56,2958.0,2961.94,8412.0511
2026-01-23 19:30:00,2961.94,2962.36,2946.73,2958.3,4969.9033
2026-01-23 19:45:00,2958.3,2961.13,2949.86,2959.8,2102.8565
2026-01-23 20:00:00,2959.79,2963.69,2952.63,2960.01,2229.2043
2026-01-23 20:15:00,2960.0,2961.96,2949.97,2950.41,1528.8221
2026-01-23 20:30:00,2950.4,2950.4,2930.42,2937.88,5058.6629
2026-01-23 20:45:00,2937.89,2945.89,2931.6,2940.16,4281.9897
2026-01-23 21:00:00,2940.15,2951.6,2938.26,2949.09,1562.2926
2026-01-23 21:15:00,2949.09,2953.07,2943.71,2950.03,977.1312
2026-01-23 21:30:00,2950.02,2950.95,2942.44,2945.15,576.3179
2026-01-23 21:45:00,2945.14,2949.79,2943.33,2943.98,530.269
2026-01-23 22:00:00,2943.98,2959.71,2943.47,2952.69,2561.8957
2026-01-23 22:15:00,2952.69,2959.63,2948.99,2957.62,1212.0258
2026-01-23 22:30:00,2957.63,2961.92,2954.52,2954.86,1275.9776
2026-01-23 22:45:00,2954.86,2961.85,2954.38,2960.02,597.1589
2026-01-23 23:00:00,2960.02,2960.02,2952.22,2955.54,811.9867
2026-01-23 23:15:00,2955.54,2957.63,2952.58,2956.13,409.4327
2026-01-23 23:30:00,2956.12,2957.0,2952.74,2952.79,383.065
2026-01-23 23:45:00,2952.79,2957.74,2951.0,2956.41,625.3287
2026-01-24 00:00:00,2956.41,2958.99,2952.68,2952.93,2024.3503
2026-01-24 00:15:00,2952.94,2956.2,2951.7,2952.03,686.1418
2026-01-24 00:30:00,2952.02,2956.72,2950.88,2951.54,795.6398
2026-01-24 00:45:00,2951.54,2953.38,2949.27,2950.99,627.7495
2026-01-24 01:00:00,2951.0,2954.38,2950.0,2954.28,357.4752
2026-01-24 01:15:00,2954.28,2959.45,2953.54,2958.8,543.0965
2026-01-24 01:30:00,2958.8,2958.8,2951.83,2955.89,640.0124
2026-01-24 01:45:00,2955.88,2956.44,2952.65,2956.12,642.6847
2026-01-24 02:00:00,2956.12,2958.92,2954.69,2958.74,1061.7559
2026-01-24 02:15:00,2958.74,2962.32,2958.34,2959.49,1285.0413
2026-01-24 02:30:00,2959.49,2961.44,2957.72,2959.49,457.3721
2026-01-24 02:45:00,2959.5,2960.04,2957.95,2959.59,486.5061
2026-01-24 03:00:00,2959.59,2966.07,2957.25,2964.59,1817.3026
2026-01-24 03:15:00,2964.59,2970.41,2962.31,2970.26,6292.8513
2026-01-24 03:30:00,2970.27,2970.27,2962.05,2964.57,991.595
2026-01-24 03:45:00,2964.56,2965.09,2961.41,2962.72,470.6047
2026-01-24 04:00:00,2962.72,2965.66,2962.42,2965.01,502.3716
2026-01-24 04:15:00,2965.0,2966.86,2959.49,2960.71,906.3984
2026-01-24 04:30:00,2960.71,2962.61,2960.02,2961.92,615.415
2026-01-24 04:45:00,2961.93,2963.5,2960.03,2963.41,1206.0132
2026-01-24 05:00:00,2963.41,2964.79,2959.59,2963.71,1215.8118
2026-01-24 05:15:00,2963.71,2965.63,2963.57,2963.93,526.9864
2026-01-24 05:30:00,2963.93,2965.63,2958.44,2959.37,1129.4485
2026-01-24 05:45:00,2959.38,2961.32,2957.39,2961.32,688.3379
2026-01-24 06:00:00,2961.32,2964.16,2959.13,2963.42,694.6734
2026-01-24 06:15:00,2963.42,2963.42,2959.82,2960.31,359.0604
2026-01-24 06:30:00,2960.32,2963.86,2960.31,2963.0,386.9946
2026-01-24 06:45:00,2963.0,2963.12,2961.59,2961.79,598.4515
2026-01-24 07:00:00,2961.79,2962.4,2959.49,2960.98,520.8338
2026-01-24 07:15:00,2960.98,2960.99,2953.99,2957.76,5791.4597
2026-01-24 07:30:00,2957.75,2959.16,2956.88,2959.0,537.7377
2026-01-24 07:45:00,2958.99,2960.24,2957.31,2957.34,872.4795
2026-01-24 08:00:00,2957.34,2958.64,2954.77,2958.25,1481.5907
2026-01-24 08:15:00,2958.25,2959.05,2958.25,2958.61,263.5106
2026-01-24 08:30:00,2958.62,2960.66,2958.59,2960.66,354.2335
2026-01-24 08:45:00,2960.65,2963.18,2960.64,2963.12,768.5818
2026-01-24 09:00:00,2963.13,2964.98,2962.04,2963.99,647.5815
2026-01-24 09:15:00,2963.99,2964.46,2961.15,2961.46,298.5137
2026-01-24 09:30:00,2961.46,2961.75,2960.1,2961.52,396.0721
2026-01-24 09:45:00,2961.52,2961.52,2960.11,2960.55,205.9663
2026-01-24 10:00:00,2960.55,2961.9,2959.73,2959.77,445.6561
2026-01-24 10:15:00,2959.77,2961.0,2958.75,2959.5,478.6915
2026-01-24 10:30:00,2959.5,2961.06,2958.78,2960.87,464.6719
2026-01-24 10:45:00,2960.87,2962.2,2960.86,2961.66,277.1375
2026-01-24 11:00:00,2961.66,2962.66,2961.61,2962.66,265.4685
2026-01-24 11:15:00,2962.65,2964.33,2962.59,2962.6,272.4526
2026-01-24 11:30:00,2962.59,2964.48,2962.0,2963.74,506.1455
2026-01-24 11:45:00,2963.74,2963.74,2960.47,2961.18,518.8872
2026-01-24 12:00:00,2961.17,2961.18,2959.49,2960.4,858.1392
2026-01-24 12:15:00,2960.4,2962.96,2960.01,2962.0,339.5118
2026-01-24 12:30:00,2962.0,2965.01,2960.0,2962.05,2145.1498
2026-01-24 12:45:00,2962.04,2963.26,2961.52,2962.64,507.8801
2026-01-24 13:00:00,2962.65,2963.5,2961.74,2961.75,221.586
2026-01-24 13:15:00,2961.74,2961.74,2960.01,2960.86,307.3544
2026-01-24 13:30:00,2960.86,2961.59,2960.0,2960.67,373.6286
2026-01-24 13:45:00,2960.66,2961.32,2948.4,2948.92,2812.4792
2026-01-24 14:00:00,2948.92,2958.55,2943.84,2956.19,3863.0796
2026-01-24 14:15:00,2956.18,2957.24,2952.88,2955.54,1452.8828
2026-01-24 14:30:00,2955.54,2959.5,2954.54,2958.42,685.7909
2026-01-24 14:45:00,2958.42,2959.55,2957.82,2959.48,292.3231
2026-01-24 15:00:00,2959.49,2968.08,2959.48,2968.08,1877.6683
2026-01-24 15:15:00,2968.08,2968.08,2962.58,2964.03,700.1252
2026-01-24 15:30:00,2964.02,2965.0,2959.77,2959.78,3534.0982
2026-01-24 15:45:00,2959.77,2961.77,2955.57,2957.25,1114.7642
2026-01-24 16:00:00,2957.25,2961.62,2955.54,2956.86,1100.6684
2026-01-24 16:15:00,2956.86,2958.15,2952.23,2955.75,906.8482
2026-01-24 16:30:00,2955.75,2957.13,2953.06,2956.55,304.1855
2026-01-24 16:45:00,2956.56,2961.25,2955.55,2958.9,736.7367
2026-01-24 17:00:00,2958.91,2964.4,2957.96,2963.34,1015.876
2026-01-24 17:15:00,2963.34,2966.1,2961.58,2964.0,586.4712
2026-01-24 17:30:00,2964.0,2964.83,2961.71,2962.6,696.769
2026-01-24 17:45:00,2962.6,2964.95,2961.62,2964.3,850.6638
2026-01-24 18:00:00,2964.31,2965.89,2963.75,2964.81,579.6749
2026-01-24 18:15:00,2964.81,2965.41,2962.31,2965.4,392.0067
2026-01-24 18:30:00,2965.41,2968.49,2961.99,2963.03,2927.9736
2026-01-24 18:45:00,2963.02,2964.43,2963.02,2963.82,289.1532
2026-01-24 19:00:00,2963.82,2964.21,2957.25,2958.24,829.203
2026-01-24 19:15:00,2958.24,2958.76,2956.5,2957.72,442.3518
2026-01-24 19:30:00,2957.71,2958.04,2956.25,2956.95,809.4055
2026-01-24 19:45:00,2956.96,2957.47,2952.44,2953.93,1682.0941
2026-01-24 20:00:00,2953.94,2957.2,2953.76,2956.95,1277.9053
2026-01-24 20:15:00,2956.95,2958.8,2956.95,2957.88,394.3292
2026-01-24 20:30:00,2957.87,2957.88,2956.76,2956.76,336.2441
2026-01-24 20:45:00,2956.77,2956.77,2956.05,2956.25,348.6332
2026-01-24 21:00:00,2956.26,2956.26,2949.23,2951.86,1206.1123
2026-01-24 21:15:00,2951.87,2953.39,2950.94,2952.37,556.9349
2026-01-24 21:30:00,2952.37,2957.57,2951.72,2956.71,1179.2444
2026-01-24 21:45:00,2956.71,2957.95,2954.96,2957.95,670.8413
2026-01-24 22:00:00,2957.95,2964.55,2957.94,2962.79,1242.4126
2026-01-24 22:15:00,2962.8,2964.29,2961.12,2961.12,409.7234
2026-01-24 22:30:00,2961.12,2962.16,2958.74,2959.14,406.9012
2026-01-24 22:45:00,2959.14,2963.0,2959.14,2963.0,244.1719
2026-01-24 23:00:00,2963.0,2964.4,2955.81,2958.45,3701.7937
2026-01-24 23:15:00,2958.46,2958.46,2954.68,2957.38,453.5209
2026-01-24 23:30:00,2957.37,2957.38,2953.08,2954.14,535.9837
2026-01-24 23:45:00,2954.14,2955.41,2952.54,2953.22,503.7952
2026-01-25 00:00:00,2953.23,2955.55,2952.69,2955.02,612.0711
2026-01-25 00:15:00,2955.02,2957.26,2952.54,2953.76,519.8321
2026-01-25 00:30:00,2953.77,2956.4,2953.35,2955.97,424.34
2026-01-25 00:45:00,2955.98,2958.87,2954.99,2958.87,279.1233
2026-01-25 01:00:00,2958.86,2960.29,2956.22,2957.0,744.3806
2026-01-25 01:15:00,2957.0,2958.01,2953.24,2953.24,1006.7975
2026-01-25 01:30:00,2953.24,2955.98,2950.0,2951.2,1422.8463
2026-01-25 01:45:00,2951.2,2955.42,2951.19,2955.15,779.2513
2026-01-25 02:00:00,2955.16,2957.8,2954.62,2956.56,333.6066
2026-01-25 02:15:00,2956.57,2956.79,2953.55,2953.56,490.6284
2026-01-25 02:30:00,2953.56,2956.54,2953.45,2953.46,627.3294
2026-01-25 02:45:00,2953.45,2954.46,2953.1,2953.37,181.2598
2026-01-25 03:00:00,2953.38,2954.1,2950.05,2951.21,479.6532
2026-01-25 03:15:00,2951.21,2951.21,2944.75,2945.3,1970.1467
2026-01-25 03:30:00,2945.31,2945.31,2937.5,2941.74,3357.8287
2026-01-25 03:45:00,2941.74,2943.51,2938.0,2942.6,1404.8737
2026-01-25 04:00:00,2942.59,2947.05,2941.4,2942.64,1542.9327
2026-01-25 04:15:00,2942.65,2944.22,2940.45,2944.2,2601.0487
2026-01-25 04:30:00,2944.2,2949.36,2943.97,2947.4,910.0708
2026-01-25 04:45:00,2947.4,2947.98,2945.28,2945.29,167.8581
2026-01-25 05:00:00,2945.29,2948.64,2944.33,2948.17,379.9723
2026-01-25 05:15:00,2948.17,2948.61,2946.41,2947.28,283.3409
2026-01-25 05:30:00,2947.27,2947.63,2942.17,2943.0,659.3367
2026-01-25 05:45:00,2943.0,2947.78,2942.73,2947.38,413.1973
2026-01-25 06:00:00,2947.39,2947.39,2935.5,2936.85,1612.3682
2026-01-25 06:15:00,2936.86,2940.59,2935.01,2939.09,1345.612
2026-01-25 06:30:00,2939.1,2947.77,2936.65,2946.69,1946.3678
2026-01-25 06:45:00,2946.68,2946.69,2943.0,2944.24,1082.8367
2026-01-25 07:00:00,2944.24,2944.24,2939.39,2939.39,640.723
2026-01-25 07:15:00,2939.4,2943.61,2938.61,2943.61,290.5084
2026-01-25 07:30:00,2943.6,2943.61,2940.85,2940.86,344.4956
2026-01-25 07:45:00,2940.86,2941.6,2938.05,2939.57,906.8434
2026-01-25 08:00:00,2939.58,2944.25,2938.88,2943.75,564.3157
2026-01-25 08:15:00,2943.74,2944.8,2941.79,2941.8,513.457
2026-01-25 08:30:00,2941.79,2942.22,2921.0,2931.81,5272.7411
2026-01-25 08:45:00,2931.82,2933.55,2925.15,2929.08,3859.2802
2026-01-25 09:00:00,2929.08,2932.79,2926.66,2932.34,2397.1783
2026-01-25 09:15:00,2932.34,2936.28,2931.47,2935.4,1547.711
2026-01-25 09:30:00,2935.41,2939.16,2932.92,2939.16,1099.946
2026-01-25 09:45:00,2939.16,2939.16,2935.7,2935.75,994.8873
2026-01-25 10:00:00,2935.75,2940.64,2935.74,2938.82,851.7821
2026-01-25 10:15:00,2938.82,2947.45,2937.83,2946.62,2183.8332
2026-01-25 10:30:00,2946.62,2948.11,2940.59,2944.92,1828.2679
2026-01-25 10:45:00,2944.91,2946.63,2942.19,2945.08,882.0107
2026-01-25 11:00:00,2945.09,2945.09,2940.13,2941.59,650.3777
2026-01-25 11:15:00,2941.6,2946.49,2941.46,2944.12,863.3574
2026-01-25 11:30:00,2944.12,2945.15,2934.63,2935.29,1524.5581
2026-01-25 11:45:00,2935.3,2938.17,2932.36,2937.54,1581.1682
2026-01-25 12:00:00,2937.54,2939.87,2932.98,2939.87,1022.9207
2026-01-25 12:15:00,2939.86,2944.95,2932.63,2939.22,3360.8214
2026-01-25 12:30:00,2939.22,2941.41,2937.48,2941.02,827.8299
2026-01-25 12:45:00,2941.02,2943.18,2938.57,2942.38,1542.9723
2026-01-25 13:00:00,2942.39,2944.62,2939.46,2939.57,1216.5786
2026-01-25 13:15:00,2939.57,2942.26,2935.78,2936.32,1089.4408
2026-01-25 13:30:00,2936.33,2943.7,2935.47,2941.59,913.5299
2026-01-25 13:45:00,2941.6,2945.37,2940.8,2941.68,1352.743
2026-01-25 14:00:00,2941.69,2942.69,2935.77,2938.38,1483.1094
2026-01-25 14:15:00,2938.37,2940.15,2924.76,2929.61,3754.4626
2026-01-25 14:30:00,2929.6,2933.04,2925.15,2928.76,1411.4423
2026-01-25 14:45:00,2928.76,2933.7,2925.43,2932.54,2363.1985
2026-01-25 15:00:00,2932.53,2934.55,2930.0,2933.81,858.4758
2026-01-25 15:15:00,2933.81,2936.12,2929.22,2934.54,1398.7618
2026-01-25 15:30:00,2934.55,2934.55,2930.86,2931.51,498.1089
2026-01-25 15:45:00,2931.51,2931.86,2922.08,2926.81,1868.2243
2026-01-25 16:00:00,2926.82,2927.78,2900.29,2903.17,17670.4334
2026-01-25 16:15:00,2903.17,2904.18,2876.36,2891.0,26841.2935
2026-01-25 16:30:00,2891.01,2897.88,2880.43,2890.86,10395.4574
2026-01-25 16:45:00,2890.87,2898.99,2887.77,2896.98,3373.0007
2026-01-25 17:00:00,2896.99,2898.61,2882.29,2883.86,2376.1679
2026-01-25 17:15:00,2883.85,2890.19,2879.05,2883.46,3043.1223
2026-01-25 17:30:00,2883.47,2892.88,2882.23,2892.49,2550.6989
2026-01-25 17:45:00,2892.49,2892.88,2882.5,2884.41,2081.0798
2026-01-25 18:00:00,2884.41,2888.71,2845.77,2871.05,19717.934
2026-01-25 18:15:00,2871.05,2879.26,2852.22,2855.3,14554.7654
2026-01-25 18:30:00,2855.3,2858.14,2828.05,2837.63,25066.0238
2026-01-25 18:45:00,2837.64,2850.47,2831.85,2848.19,10867.4037
2026-01-25 19:00:00,2848.2,2857.77,2843.14,2849.46,9625.9433
2026-01-25 19:15:00,2849.46,2850.9,2819.48,2820.87,17053.3548
2026-01-25 19:30:00,2820.87,2832.7,2813.0,2824.67,10606.3748
2026-01-25 19:45:00,2824.67,2825.54,2797.2,2812.96,18072.3526
2026-01-25 20:00:00,2812.96,2824.0,2801.1,2804.51,9391.6555
2026-01-25 20:15:00,2804.5,2810.33,2791.46,2805.43,9768.7239
2026-01-25 20:30:00,2805.44,2806.55,2787.0,2798.42,13310.5484
2026-01-25 20:45:00,2798.41,2810.35,2793.0,2809.72,6445.341
2026-01-25 21:00:00,2809.72,2824.98,2807.67,2817.55,7970.9656
2026-01-25 21:15:00,2817.55,2825.72,2816.42,2821.65,4270.267
2026-01-25 21:30:00,2821.65,2822.85,2802.57,2808.56,7165.422
2026-01-25 21:45:00,2808.56,2820.02,2807.61,2818.72,3593.1216
2026-01-25 22:00:00,2818.73,2819.32,2809.46,2814.91,3909.3131
2026-01-25 22:15:00,2814.92,2815.34,2795.67,2797.84,5320.9806
2026-01-25 22:30:00,2797.85,2807.52,2790.0,2802.6,5994.2965
2026-01-25 22:45:00,2802.6,2807.14,2790.16,2807.14,5903.8341
2026-01-25 23:00:00,2807.14,2808.99,2787.0,2801.0,7636.4523
2026-01-25 23:15:00,2801.0,2813.0,2792.65,2805.41,5685.2062
2026-01-25 23:30:00,2805.42,2809.82,2798.0,2802.49,3313.645
2026-01-25 23:45:00,2802.49,2821.14,2802.49,2816.89,5272.3801
2026-01-26 00:00:00,2816.9,2837.36,2812.37,2833.15,10658.6034
2026-01-26 00:15:00,2833.16,2842.65,2829.36,2833.21,6818.4084
2026-01-26 00:30:00,2833.21,2834.04,2825.05,2832.94,4771.3074
2026-01-26 00:45:00,2832.95,2847.26,2830.2,2841.65,9135.4208
2026-01-26 01:00:00,2841.66,2876.34,2838.62,2868.18,11373.8131
2026-01-26 01:15:00,2868.18,2882.33,2865.94,2875.45,7824.8887
2026-01-26 01:30:00,2875.46,2883.3,2874.07,2882.93,4653.0433
2026-01-26 01:45:00,2882.93,2898.76,2879.53,2882.69,11966.5038
2026-01-26 02:00:00,2882.7,2883.79,2867.32,2870.63,5722.3864
2026-01-26 02:15:00,2870.61,2883.19,2869.21,2880.79,2800.7329
2026-01-26 02:30:00,2880.8,2885.39,2868.12,2868.12,5774.3996
2026-01-26 02:45:00,2868.13,2872.35,2863.33,2865.98,3729.0197
2026-01-26 03:00:00,2865.98,2872.49,2864.9,2866.6,2409.7979
2026-01-26 03:15:00,2866.59,2867.0,2853.36,2853.87,6460.397
2026-01-26 03:30:00,2853.88,2855.57,2843.27,2848.18,4603.2465
2026-01-26 03:45:00,2848.19,2850.69,2840.89,2850.68,4754.7338
2026-01-26 04:00:00,2850.69,2859.28,2849.91,2857.28,3559.229
2026-01-26 04:15:00,2857.29,2875.77,2856.47,2872.1,6500.9859
2026-01-26 04:30:00,2872.1,2875.36,2863.45,2863.45,3692.0373
2026-01-26 04:45:00,2863.46,2869.72,2862.12,2865.98,2602.2237
2026-01-26 05:00:00,2865.97,2868.03,2859.92,2862.32,5071.2419
2026-01-26 05:15:00,2862.32,2869.11,2862.32,2868.16,2993.6208
2026-01-26 05:30:00,2868.17,2871.5,2864.81,2868.18,4076.0581
2026-01-26 05:45:00,2868.18,2873.32,2866.44,2869.65,2738.2814
2026-01-26 06:00:00,2869.66,2875.47,2867.36,2867.81,4186.791
2026-01-26 06:15:00,2867.81,2883.96,2866.06,2881.62,5496.7503
2026-01-26 06:30:00,2881.62,2888.23,2878.8,2888.22,4849.2696
2026-01-26 06:45:00,2888.23,2891.83,2884.89,2891.64,5096.5332
2026-01-26 07:00:00,2891.64,2897.6,2886.08,2894.22,5048.7974
2026-01-26 07:15:00,2894.22,2911.61,2892.49,2894.52,8094.5758
2026-01-26 07:30:00,2894.52,2902.0,2889.49,2896.95,3464.3152
2026-01-26 07:45:00,2896.95,2907.38,2896.52,2904.32,2978.8191
2026-01-26 08:00:00,2904.32,2909.58,2899.29,2899.3,4250.4482
2026-01-26 08:15:00,2899.29,2934.4,2897.14,2915.92,16655.9343
2026-01-26 08:30:00,2915.92,2917.64,2909.47,2910.95,2891.9127
2026-01-26 08:45:00,2910.95,2913.46,2906.66,2912.29,2287.7064
2026-01-26 09:00:00,2912.29,2913.56,2892.87,2893.95,5431.2448
2026-01-26 09:15:00,2893.96,2894.62,2888.0,2890.09,4169.6987
2026-01-26 09:30:00,2890.08,2893.54,2887.14,2891.98,1821.0644
2026-01-26 09:45:00,2891.97,2892.94,2880.5,2885.87,2386.9427
2026-01-26 10:00:00,2885.87,2895.88,2884.84,2894.02,2370.0623
2026-01-26 10:15:00,2894.02,2899.65,2892.83,2898.19,1191.5928
2026-01-26 10:30:00,2898.18,2899.77,2895.55,2899.75,4863.2812
2026-01-26 10:45:00,2899.76,2901.74,2895.84,2896.28,1339.4458
2026-01-26 11:00:00,2896.27,2900.66,2896.27,2900.65,3229.2492
2026-01-26 11:15:00,2900.66,2900.66,2890.11,2890.23,2420.5357
2026-01-26 11:30:00,2890.23,2895.0,2888.08,2892.62,1626.4877
2026-01-26 11:45:00,2892.61,2894.99,2890.3,2892.15,1765.3459
2026-01-26 12:00:00,2892.15,2908.78,2892.15,2907.13,3064.5399
2026-01-26 12:15:00,2907.13,2915.1,2903.01,2904.6,3302.9723
2026-01-26 12:30:00,2904.59,2904.96,2899.66,2899.66,1105.7437
2026-01-26 12:45:00,2899.67,2902.7,2899.65,2902.69,871.4942
2026-01-26 13:00:00,2902.69,2907.46,2897.04,2906.7,1908.3511
2026-01-26 13:15:00,2906.71,2909.35,2903.28,2905.9,1534.0362
2026-01-26 13:30:00,2905.89,2911.3,2904.13,2906.91,2029.0079
2026-01-26 13:45:00,2906.91,2910.31,2905.25,2909.67,1700.0763
2026-01-26 14:00:00,2909.66,2915.52,2881.77,2885.84,13338.0718
2026-01-26 14:15:00,2885.84,2893.09,2882.96,2886.99,6552.3409
2026-01-26 14:30:00,2886.99,2934.7,2875.77,2917.94,33041.6202
2026-01-26 14:45:00,2917.95,2928.92,2908.82,2922.74,6613.107
2026-01-26 15:00:00,2922.75,2950.0,2913.84,2944.91,13557.2991
2026-01-26 15:15:00,2944.91,2951.21,2917.79,2922.42,9420.093
2026-01-26 15:30:00,2922.42,2922.99,2888.16,2892.93,10506.5742
2026-01-26 15:45:00,2892.93,2908.76,2887.69,2899.32,6656.2282
2026-01-26 16:00:00,2899.32,2908.72,2891.64,2901.24,4593.0808
2026-01-26 16:15:00,2901.23,2916.66,2893.13,2906.66,5279.5113
2026-01-26 16:30:00,2906.67,2913.43,2898.26,2901.8,2950.4724
2026-01-26 16:45:00,2901.79,2918.0,2899.38,2901.5,7671.3579
2026-01-26 17:00:00,2901.51,2909.83,2897.88,2899.12,4984.3537
2026-01-26 17:15:00,2899.13,2906.21,2890.25,2896.75,4088.401
2026-01-26 17:30:00,2896.75,2908.98,2885.97,2906.15,4123.2005
2026-01-26 17:45:00,2906.14,2915.89,2904.43,2909.42,2472.8129
2026-01-26 18:00:00,2909.43,2921.43,2908.01,2918.03,4136.2084
2026-01-26 18:15:00,2918.02,2927.83,2912.6,2922.06,4278.7041
2026-01-26 18:30:00,2922.06,2930.72,2912.54,2914.43,5402.9187
2026-01-26 18:45:00,2914.43,2932.68,2911.94,2932.01,3769.2778
2026-01-26 19:00:00,2932.0,2936.06,2926.18,2928.71,3779.5562
2026-01-26 19:15:00,2928.71,2932.13,2924.99,2926.56,2857.8828
2026-01-26 19:30:00,2926.57,2934.44,2924.03,2932.47,3531.4915
2026-01-26 19:45:00,2932.47,2934.84,2918.42,2923.12,2397.45
2026-01-26 20:00:00,2923.11,2929.47,2920.59,2922.0,9771.1117
2026-01-26 20:15:00,2922.0,2922.61,2915.0,2917.15,4625.1324
2026-01-26 20:30:00,2917.14,2918.88,2911.77,2913.42,2824.3715
2026-01-26 20:45:00,2913.42,2915.03,2898.88,2901.82,4655.7251
2026-01-26 21:00:00,2901.82,2908.52,2895.82,2907.82,2336.4957
2026-01-26 21:15:00,2907.83,2911.76,2904.0,2911.76,1346.6425
2026-01-26 21:30:00,2911.76,2944.18,2910.3,2935.98,11490.5711
2026-01-26 21:45:00,2935.98,2938.36,2926.83,2928.97,9086.7587
2026-01-26 22:00:00,2928.98,2936.88,2921.7,2922.48,5457.2219
2026-01-26 22:15:00,2922.47,2926.87,2919.79,2923.01,1728.6584
2026-01-26 22:30:00,2923.01,2932.4,2921.17,2925.75,1771.1023
2026-01-26 22:45:00,2925.75,2929.59,2922.39,2927.22,1113.197
2026-01-26 23:00:00,2927.21,2927.21,2918.3,2923.88,2404.5207
2026-01-26 23:15:00,2923.88,2934.91,2921.79,2933.71,4268.637
2026-01-26 23:30:00,2933.71,2945.32,2933.71,2938.12,4858.6749
2026-01-26 23:45:00,2938.12,2938.75,2929.56,2930.35,3305.0951
2026-01-27 00:00:00,2930.35,2931.27,2922.28,2922.75,3598.1107
2026-01-27 00:15:00,2922.74,2929.77,2922.27,2925.03,2457.6264
2026-01-27 00:30:00,2925.03,2925.03,2918.23,2920.7,2205.9334
2026-01-27 00:45:00,2920.69,2922.23,2918.0,2921.06,2507.7759
2026-01-27 01:00:00,2921.05,2921.05,2912.44,2916.75,2583.0152
2026-01-27 01:15:00,2916.75,2932.92,2915.88,2931.96,3885.2862
2026-01-27 01:30:00,2931.96,2939.95,2929.47,2936.44,3732.4059
2026-01-27 01:45:00,2936.45,2938.84,2929.6,2932.65,1688.6483
2026-01-27 02:00:00,2932.65,2943.36,2932.65,2939.5,5442.3388
2026-01-27 02:15:00,2939.51,2940.55,2933.0,2935.04,1910.4024
2026-01-27 02:30:00,2935.05,2947.42,2935.02,2941.17,4429.8752
2026-01-27 02:45:00,2941.17,2946.7,2939.15,2945.25,7534.4639
2026-01-27 03:00:00,2945.25,2948.88,2936.5,2937.75,5428.3135
2026-01-27 03:15:00,2937.75,2943.32,2937.12,2941.83,4818.6189
2026-01-27 03:30:00,2941.82,2946.16,2940.0,2944.17,3526.5086
2026-01-27 03:45:00,2944.18,2945.24,2939.7,2941.18,3004.5472
2026-01-27 04:00:00,2941.17,2957.04,2938.3,2952.24,7758.9976
2026-01-27 04:15:00,2952.23,2954.46,2945.1,2947.66,4232.0123
2026-01-27 04:30:00,2947.7,2948.32,2942.09,2943.17,4862.9396
2026-01-27 04:45:00,2943.17,2943.58,2936.59,2940.7,3705.8956
2026-01-27 05:00:00,2940.7,2941.75,2935.2,2936.98,3261.4052
2026-01-27 05:15:00,2936.99,2937.89,2933.58,2936.51,3584.924
2026-01-27 05:30:00,2936.51,2940.36,2936.51,2939.5,3402.5476
2026-01-27 05:45:00,2939.5,2942.08,2937.15,2939.28,1824.7878
2026-01-27 06:00:00,2939.29,2942.53,2938.32,2941.96,2430.7181
2026-01-27 06:15:00,2941.97,2942.18,2932.68,2933.98,1609.1951
2026-01-27 06:30:00,2933.97,2933.98,2924.85,2924.85,4665.4335
2026-01-27 06:45:00,2924.86,2929.0,2924.35,2929.0,4779.8672
2026-01-27 07:00:00,2929.0,2933.9,2928.61,2933.09,1547.7263
2026-01-27 07:15:00,2933.09,2934.25,2929.68,2933.73,1378.9033
2026-01-27 07:30:00,2933.73,2937.52,2933.66,2934.29,1525.9406
2026-01-27 07:45:00,2934.28,2934.29,2927.5,2929.11,2310.2125
2026-01-27 08:00:00,2929.11,2932.65,2927.7,2930.4,3000.1057
2026-01-27 08:15:00,2930.4,2931.76,2924.35,2925.0,2780.5243
2026-01-27 08:30:00,2925.01,2926.18,2920.0,2924.58,2090.6559
2026-01-27 08:45:00,2924.58,2925.35,2920.0,2923.41,2053.8374
2026-01-27 09:00:00,2923.41,2923.41,2912.85,2913.45,4169.609
2026-01-27 09:15:00,2913.45,2915.73,2910.73,2910.87,3516.0222
2026-01-27 09:30:00,2910.86,2914.79,2908.9,2914.43,5959.4096
2026-01-27 09:45:00,2914.43,2916.24,2906.93,2907.69,3846.1104
2026-01-27 10:00:00,2907.69,2915.7,2906.93,2913.74,3864.3966
2026-01-27 10:15:00,2913.75,2914.7,2911.73,2912.29,3941.3258
2026-01-27 10:30:00,2912.3,2912.3,2903.62,2905.76,4807.6509
2026-01-27 10:45:00,2905.76,2907.67,2901.68,2903.23,3714.7076
2026-01-27 11:00:00,2903.24,2907.66,2899.77,2906.59,3509.8526
2026-01-27 11:15:00,2906.59,2909.15,2903.49,2907.45,2808.0989
2026-01-27 11:30:00,2907.45,2920.31,2907.45,2919.43,4020.7861
2026-01-27 11:45:00,2919.43,2922.1,2916.86,2917.02,1226.0512
2026-01-27 12:00:00,2917.03,2920.79,2915.75,2920.79,1543.2414
2026-01-27 12:15:00,2920.79,2927.94,2920.15,2924.32,3979.5013
2026-01-27 12:30:00,2924.31,2926.26,2918.83,2919.98,2279.6662
2026-01-27 12:45:00,2919.98,2920.84,2915.68,2918.28,908.2172
2026-01-27 13:00:00,2918.28,2919.38,2912.46,2914.22,1186.2391
2026-01-27 13:15:00,2914.22,2914.68,2906.2,2908.27,2696.419
2026-01-27 13:30:00,2908.27,2917.33,2905.93,2916.19,1292.1008
2026-01-27 13:45:00,2916.19,2916.58,2908.21,2912.61,1030.2769
2026-01-27 14:00:00,2912.61,2926.79,2911.31,2926.79,2974.8265
2026-01-27 14:15:00,2926.78,2943.63,2926.0,2928.83,9602.3331
2026-01-27 14:30:00,2928.83,2934.41,2907.22,2911.16,11556.1319
2026-01-27 14:45:00,2911.15,2926.14,2909.83,2918.65,4904.4353
2026-01-27 15:00:00,2918.65,2939.56,2913.03,2930.94,8900.4451
2026-01-27 15:15:00,2930.93,2931.9,2915.96,2915.99,4588.1127
2026-01-27 15:30:00,2915.98,2923.6,2915.0,2919.49,3642.6708
2026-01-27 15:45:00,2919.49,2941.71,2919.42,2937.45,6346.9938
2026-01-27 16:00:00,2937.46,2983.65,2934.85,2973.78,23856.656
2026-01-27 16:15:00,2973.78,2981.78,2966.23,2971.01,9596.9177
2026-01-27 16:30:00,2971.01,2998.52,2970.79,2992.57,18491.7695
2026-01-27 16:45:00,2992.57,2994.57,2985.57,2990.81,3634.3146
2026-01-27 17:00:00,2990.81,2994.5,2958.62,2959.91,9979.7432
2026-01-27 17:15:00,2959.9,2960.91,2930.43,2948.0,13192.0142
2026-01-27 17:30:00,2948.0,2952.77,2920.26,2921.96,11424.0649
2026-01-27 17:45:00,2921.96,2930.89,2918.09,2930.3,3923.208
2026-01-27 18:00:00,2930.29,2947.59,2925.92,2941.22,6370.2994
2026-01-27 18:15:00,2941.22,2948.67,2940.0,2945.87,3080.777
2026-01-27 18:30:00,2945.88,2953.55,2939.66,2948.45,3924.5587
2026-01-27 18:45:00,2948.45,2989.77,2948.0,2978.21,9906.0559
2026-01-27 19:00:00,2978.22,2980.4,2965.61,2974.05,4240.1721
2026-01-27 19:15:00,2974.06,2978.08,2970.22,2973.37,1778.4958
2026-01-27 19:30:00,2973.38,2992.27,2968.32,2989.98,3799.7865
2026-01-27 19:45:00,2989.98,2990.17,2977.52,2980.48,3431.1099
2026-01-27 20:00:00,2980.48,2996.16,2978.92,2994.29,4157.2668
2026-01-27 20:15:00,2994.3,3019.0,2990.72,3015.89,15015.5216
2026-01-27 20:30:00,3015.89,3016.63,2998.56,3001.63,5950.3087
2026-01-27 20:45:00,3001.63,3027.99,3001.42,3020.77,10236.5983
2026-01-27 21:00:00,3020.78,3030.3,3015.8,3022.02,4093.8462
2026-01-27 21:15:00,3022.03,3026.09,3014.18,3016.22,3561.3874
2026-01-27 21:30:00,3016.23,3020.13,3005.43,3016.23,6852.8211
2026-01-27 21:45:00,3016.23,3021.26,3014.3,3015.82,9671.6052
2026-01-27 22:00:00,3015.82,3022.4,3011.55,3014.67,11235.6723
2026-01-27 22:15:00,3014.67,3016.09,3004.69,3008.97,3249.6451
2026-01-27 22:30:00,3008.96,3023.87,3006.7,3018.92,3049.2784
2026-01-27 22:45:00,3018.92,3021.8,3016.09,3020.0,6466.9306
2026-01-27 23:00:00,3020.0,3020.64,3011.22,3020.35,11249.7196
2026-01-27 23:15:00,3020.35,3027.48,3018.0,3025.62,7107.983
2026-01-27 23:30:00,3025.62,3035.0,3023.63,3031.73,6315.1652
2026-01-27 23:45:00,3031.73,3035.08,3023.58,3026.77,5572.5738
2026-01-28 00:00:00,3026.77,3029.09,3019.38,3024.21,2142.4557
2026-01-28 00:15:00,3024.21,3029.79,3019.61,3024.92,1404.507
2026-01-28 00:30:00,3024.91,3024.91,3015.74,3016.35,2945.1389
2026-01-28 00:45:00,3016.35,3025.39,3016.04,3024.26,1452.2417
2026-01-28 01:00:00,3024.26,3026.83,3018.2,3018.45,1829.5578
2026-01-28 01:15:00,3018.45,3021.93,3010.8,3014.18,1080.9604
2026-01-28 01:30:00,3014.19,3015.0,3007.5,3013.71,1710.5022
2026-01-28 01:45:00,3013.7,3021.2,3011.55,3018.22,1323.5839
2026-01-28 02:00:00,3018.21,3018.25,3009.0,3012.24,1129.7757
2026-01-28 02:15:00,3012.23,3016.92,3010.85,3014.38,886.0458
2026-01-28 02:30:00,3014.39,3017.29,3007.13,3007.14,1123.9033
2026-01-28 02:45:00,3007.14,3012.15,3005.49,3010.82,1450.0659
2026-01-28 03:00:00,3010.82,3012.27,3002.6,3003.94,1963.8042
2026-01-28 03:15:00,3003.94,3005.0,2996.55,3002.89,4223.5479
2026-01-28 03:30:00,3002.89,3008.55,2999.56,3002.69,1463.4387
2026-01-28 03:45:00,3002.69,3006.73,3002.69,3005.18,863.1294
2026-01-28 04:00:00,3005.18,3006.89,2997.0,2998.69,1785.3817
2026-01-28 04:15:00,2998.68,2999.03,2992.89,2997.75,3024.7727
2026-01-28 04:30:00,2997.74,3003.95,2995.79,2998.26,1579.1421
2026-01-28 04:45:00,2998.26,3000.0,2996.63,2999.64,1356.9334
2026-01-28 05:00:00,2999.65,3008.83,2998.07,2998.23,3285.3995
2026-01-28 05:15:00,2998.23,3000.51,2996.5,2998.37,1322.0766
2026-01-28 05:30:00,2998.37,3003.73,2998.37,3000.0,2526.5953
2026-01-28 05:45:00,2999.99,3005.81,2999.99,3004.47,1194.4656
2026-01-28 06:00:00,3004.48,3015.36,3004.48,3012.27,3190.8986
2026-01-28 06:15:00,3012.27,3014.12,3010.26,3010.27,1686.049
2026-01-28 06:30:00,3010.26,3015.36,3003.01,3006.16,4067.6867
2026-01-28 06:45:00,3006.16,3018.33,3004.79,3014.47,2685.6087
2026-01-28 07:00:00,3014.47,3015.45,3005.57,3008.15,2192.2072
2026-01-28 07:15:00,3008.16,3009.36,3005.0,3007.32,1111.6859
2026-01-28 07:30:00,3007.31,3007.58,3002.29,3007.57,2266.7448
2026-01-28 07:45:00,3007.57,3009.95,3004.19,3005.07,1618.4375
2026-01-28 08:00:00,3005.07,3006.55,2998.0,2998.79,2412.6808
2026-01-28 08:15:00,2998.78,3000.77,2993.02,2995.71,2454.5846
2026-01-28 08:30:00,2995.71,2997.08,2988.7,2994.52,2230.4323
2026-01-28 08:45:00,2994.52,2995.43,2988.71,2990.69,1734.8787
2026-01-28 09:00:00,2990.68,2993.28,2987.49,2990.24,1699.5834
2026-01-28 09:15:00,2990.25,2995.05,2986.59,2994.37,3157.0019
2026-01-28 09:30:00,2994.38,3012.72,2994.38,3010.01,4886.1157
2026-01-28 09:45:00,3010.0,3017.45,3008.38,3017.44,4127.9936
2026-01-28 10:00:00,3017.45,3030.87,3013.11,3030.7,6723.5841
2026-01-28 10:15:00,3030.69,3039.78,3019.77,3021.08,5166.2479
2026-01-28 10:30:00,3021.08,3027.31,3021.08,3026.31,3051.8998
2026-01-28 10:45:00,3026.32,3031.77,3025.07,3025.86,3916.419
2026-01-28 11:00:00,3025.86,3027.13,3017.08,3017.99,1604.8165
2026-01-28 11:15:00,3017.99,3021.08,3014.92,3020.81,1210.8787
2026-01-28 11:30:00,3020.82,3028.01,3015.76,3027.27,2961.4111
2026-01-28 11:45:00,3027.27,3045.36,3026.04,3039.72,10561.1831
2026-01-28 12:00:00,3039.71,3040.31,3024.25,3027.39,5166.3546
2026-01-28 12:15:00,3027.39,3032.0,3024.39,3029.68,2682.7099
2026-01-28 12:30:00,3029.68,3034.82,3025.58,3029.54,2493.5671
2026-01-28 12:45:00,3029.54,3035.0,3023.78,3031.13,2998.5299
2026-01-28 13:00:00,3031.14,3040.11,3029.55,3036.56,4432.605
2026-01-28 13:15:00,3036.57,3040.39,3031.41,3036.98,4858.234
2026-01-28 13:30:00,3036.98,3045.78,3033.83,3042.0,3262.0367
2026-01-28 13:45:00,3042.0,3042.54,3032.41,3034.67,2531.5846
2026-01-28 14:00:00,3034.68,3034.68,3029.2,3030.53,1680.2933
2026-01-28 14:15:00,3030.52,3030.58,3017.86,3025.07,3395.5021
2026-01-28 14:30:00,3025.07,3034.4,3018.2,3020.87,5731.8247
2026-01-28 14:45:00,3020.88,3021.66,3007.64,3013.09,8420.5913
2026-01-28 15:00:00,3013.09,3021.23,2989.89,2990.0,9151.8337
2026-01-28 15:15:00,2990.0,3004.78,2983.67,2999.77,10665.3707
2026-01-28 15:30:00,2999.77,3011.95,2997.11,3010.4,6434.3973
2026-01-28 15:45:00,3010.39,3014.0,3002.04,3008.25,5421.0272
2026-01-28 16:00:00,3008.25,3009.02,2996.08,2997.61,2514.9344
2026-01-28 16:15:00,2997.61,3017.37,2996.75,3015.73,2208.6412
2026-01-28 16:30:00,3015.73,3017.94,2996.85,3001.51,2513.2498
2026-01-28 16:45:00,3001.52,3006.87,2998.66,2999.72,1221.8278
2026-01-28 17:00:00,2999.72,3008.2,2998.79,3006.27,2011.5813
2026-01-28 17:15:00,3006.26,3008.63,3000.94,3004.42,1214.5891
2026-01-28 17:30:00,3004.42,3019.01,2989.41,3013.15,6323.0424
2026-01-28 17:45:00,3013.14,3031.68,3013.14,3014.89,5454.5163
2026-01-28 18:00:00,3014.89,3018.56,3000.11,3018.12,6652.4223
2026-01-28 18:15:00,3018.11,3024.28,3010.69,3015.49,4323.9104
2026-01-28 18:30:00,3015.49,3017.98,3007.16,3010.52,2747.0266
2026-01-28 18:45:00,3010.53,3016.0,3005.35,3015.51,2362.5723
2026-01-28 19:00:00,3015.51,3024.14,2997.29,3010.02,11898.6191
2026-01-28 19:15:00,3010.02,3019.0,3007.01,3011.72,3006.9847
2026-01-28 19:30:00,3011.73,3017.55,2996.85,2999.98,6851.3753
2026-01-28 19:45:00,2999.98,3024.19,2999.43,3016.6,3317.4011
2026-01-28 20:00:00,3016.6,3026.78,3013.0,3022.41,2539.5236
2026-01-28 20:15:00,3022.41,3038.45,3014.77,3032.01,5763.1046
2026-01-28 20:30:00,3032.0,3033.18,3012.49,3014.04,2895.6453
2026-01-28 20:45:00,3014.03,3017.98,3008.25,3012.21,2232.6773
2026-01-28 21:00:00,3012.21,3017.06,2996.66,3016.0,6070.1543
2026-01-28 21:15:00,3016.0,3019.66,3013.54,3014.35,901.2872
2026-01-28 21:30:00,3014.36,3023.53,3008.52,3019.94,1860.5471
2026-01-28 21:45:00,3019.94,3022.95,3016.54,3021.51,945.4723
2026-01-28 22:00:00,3021.51,3027.37,3013.52,3013.87,1902.159
2026-01-28 22:15:00,3013.87,3015.98,3008.83,3015.98,1203.2826
2026-01-28 22:30:00,3015.98,3016.46,3009.51,3010.61,941.2265
2026-01-28 22:45:00,3010.61,3019.73,3010.6,3018.92,921.4106
2026-01-28 23:00:00,3018.92,3022.98,3015.41,3015.41,1215.5802
2026-01-28 23:15:00,3015.41,3022.2,3011.82,3013.5,969.9954
2026-01-28 23:30:00,3013.5,3014.69,3009.11,3013.59,1323.4701
2026-01-28 23:45:00,3013.59,3016.04,3008.3,3010.78,1186.5076
2026-01-29 00:00:00,3010.78,3013.5,3003.79,3003.79,1679.165
2026-01-29 00:15:00,3003.79,3008.76,3002.0,3006.0,1553.5257
2026-01-29 00:30:00,3006.0,3009.17,2999.21,2999.62,1603.4345
2026-01-29 00:45:00,2999.62,3011.0,2995.94,3009.49,2560.6707
2026-01-29 01:00:00,3009.48,3011.55,3004.1,3006.91,681.6141
2026-01-29 01:15:00,3006.92,3006.92,2987.18,2996.66,3031.8698
2026-01-29 01:30:00,2996.65,3000.9,2993.35,3000.79,2036.6164
2026-01-29 01:45:00,3000.78,3002.91,2987.67,2992.71,2968.8803
2026-01-29 02:00:00,2992.71,2998.74,2990.33,2994.88,1565.5422
2026-01-29 02:15:00,2994.88,2999.21,2990.0,2996.63,999.4403
2026-01-29 02:30:00,2996.63,2997.14,2964.07,2966.09,13559.2792
2026-01-29 02:45:00,2966.1,2967.33,2944.48,2959.23,9006.3659
2026-01-29 03:00:00,2959.24,2972.73,2953.06,2967.18,5034.3802
2026-01-29 03:15:00,2967.19,2969.3,2954.12,2954.66,3313.0612
2026-01-29 03:30:00,2954.65,2958.52,2948.64,2958.2,2196.7549
2026-01-29 03:45:00,2958.21,2960.09,2947.83,2952.52,2452.1479
2026-01-29 04:00:00,2952.52,2954.16,2946.5,2949.08,2231.0501
2026-01-29 04:15:00,2949.08,2952.9,2937.55,2946.86,5654.3445
2026-01-29 04:30:00,2946.86,2956.81,2946.85,2954.52,2400.6539
2026-01-29 04:45:00,2954.52,2960.62,2954.09,2959.45,1410.6915
2026-01-29 05:00:00,2959.46,2965.69,2958.0,2960.78,1239.9273
2026-01-29 05:15:00,2960.78,2962.07,2957.36,2957.64,618.5125
2026-01-29 05:30:00,2957.64,2962.87,2955.83,2956.83,3147.3758
2026-01-29 05:45:00,2956.84,2957.53,2947.95,2951.61,1619.6517
2026-01-29 06:00:00,2951.6,2957.46,2950.16,2954.79,1755.4265
2026-01-29 06:15:00,2954.8,2958.01,2951.05,2956.92,1771.1849
2026-01-29 06:30:00,2956.92,2959.5,2953.0,2956.44,1167.4454
2026-01-29 06:45:00,2956.44,2957.11,2952.41,2955.97,1196.7633
2026-01-29 07:00:00,2955.97,2959.82,2955.5,2957.44,1194.6599
2026-01-29 07:15:00,2957.44,2959.83,2955.44,2956.21,1394.8049
2026-01-29 07:30:00,2956.21,2961.55,2956.14,2960.36,1724.9661
2026-01-29 07:45:00,2960.36,2964.93,2959.45,2961.54,2415.325
2026-01-29 08:00:00,2961.54,2961.55,2945.26,2947.64,4755.6871
2026-01-29 08:15:00,2947.65,2969.79,2943.56,2968.16,5022.2105
2026-01-29 08:30:00,2968.15,2968.71,2952.0,2955.13,3073.5792
2026-01-29 08:45:00,2955.13,2957.94,2948.72,2952.6,2478.6895
2026-01-29 09:00:00,2952.59,2955.2,2946.85,2946.85,1695.9472
2026-01-29 09:15:00,2946.86,2950.66,2946.85,2949.36,1990.8777
2026-01-29 09:30:00,2949.36,2951.29,2946.4,2949.71,2214.0495
2026-01-29 09:45:00,2949.72,2950.0,2942.37,2942.38,3685.919
2026-01-29 10:00:00,2942.38,2946.98,2941.36,2943.94,2305.2784
2026-01-29 10:15:00,2943.94,2948.93,2943.93,2948.04,2571.4299
2026-01-29 10:30:00,2948.04,2948.5,2945.28,2946.62,867.6749
2026-01-29 10:45:00,2946.62,2948.95,2942.37,2944.29,1111.343
2026-01-29 11:00:00,2944.3,2945.42,2928.69,2940.41,5321.1735
2026-01-29 11:15:00,2940.42,2940.85,2923.79,2924.55,5492.5603
2026-01-29 11:30:00,2924.55,2930.28,2923.77,2927.93,2379.2128
2026-01-29 11:45:00,2927.94,2934.16,2926.55,2929.29,1658.1308
2026-01-29 12:00:00,2929.29,2934.02,2928.95,2932.72,1468.8789
2026-01-29 12:15:00,2932.71,2934.08,2929.98,2931.28,929.6702
2026-01-29 12:30:00,2931.28,2938.67,2925.89,2932.18,2246.8018
2026-01-29 12:45:00,2932.17,2936.82,2931.88,2936.34,985.7642
2026-01-29 13:00:00,2936.34,2939.0,2934.0,2934.98,1231.4232
2026-01-29 13:15:00,2934.98,2938.59,2934.0,2938.58,729.9608
2026-01-29 13:30:00,2938.58,2938.58,2936.04,2936.4,705.7454
2026-01-29 13:45:00,2936.41,2937.26,2931.62,2936.14,721.9294
2026-01-29 14:00:00,2936.15,2937.02,2931.46,2932.29,1578.5438
2026-01-29 14:15:00,2932.3,2934.39,2917.88,2918.69,3566.3349
2026-01-29 14:30:00,2918.69,2924.67,2905.24,2909.48,9451.083
2026-01-29 14:45:00,2909.47,2914.34,2875.7,2876.28,14137.6526
2026-01-29 15:00:00,2876.29,2877.49,2812.21,2813.14,37671.1651
2026-01-29 15:15:00,2813.14,2841.35,2805.76,2836.19,23979.3154
2026-01-29 15:30:00,2836.2,2843.19,2797.01,2802.0,25254.8709
2026-01-29 15:45:00,2802.0,2833.65,2801.0,2824.32,15563.1096
2026-01-29 16:00:00,2824.31,2825.82,2801.58,2817.92,33425.7908
2026-01-29 16:15:00,2817.93,2825.0,2807.47,2811.32,27103.4308
2026-01-29 16:30:00,2811.32,2819.46,2809.27,2812.35,11224.6858
2026-01-29 16:45:00,2812.35,2836.45,2810.0,2835.03,9279.961
2026-01-29 17:00:00,2835.03,2848.48,2834.15,2841.41,12705.3253
2026-01-29 17:15:00,2841.41,2860.05,2837.21,2840.48,11545.3662
2026-01-29 17:30:00,2840.48,2847.84,2828.08,2833.44,4929.6017
2026-01-29 17:45:00,2833.44,2834.44,2818.76,2824.34,7814.0713
2026-01-29 18:00:00,2824.34,2834.44,2823.01,2827.49,4359.961
2026-01-29 18:15:00,2827.49,2828.43,2802.0,2803.27,25877.7088
2026-01-29 18:30:00,2803.28,2812.82,2773.18,2804.4,29069.4777
2026-01-29 18:45:00,2804.4,2804.4,2754.53,2763.98,25505.9754
2026-01-29 19:00:00,2763.98,2776.78,2758.18,2776.77,11684.4315
2026-01-29 19:15:00,2776.77,2788.54,2769.77,2781.06,10676.8365
2026-01-29 19:30:00,2781.06,2811.34,2780.77,2800.9,13815.9552
2026-01-29 19:45:00,2800.9,2804.37,2793.99,2797.53,3250.7474
2026-01-29 20:00:00,2797.53,2800.16,2790.57,2791.02,4475.9885
2026-01-29 20:15:00,2791.03,2804.37,2791.03,2795.78,3651.2642
2026-01-29 20:30:00,2795.78,2801.13,2789.39,2798.37,3537.8678
2026-01-29 20:45:00,2798.37,2812.32,2795.89,2805.85,5540.5913
2026-01-29 21:00:00,2805.85,2819.83,2805.36,2818.2,4726.1631
2026-01-29 21:15:00,2818.19,2818.19,2810.0,2814.77,3106.1228
2026-01-29 21:30:00,2814.78,2819.83,2811.58,2816.49,2943.4101
2026-01-29 21:45:00,2816.49,2825.1,2816.48,2819.83,3737.1205
2026-01-29 22:00:00,2819.83,2825.23,2810.55,2812.94,2800.5612
2026-01-29 22:15:00,2812.94,2815.49,2811.8,2814.99,1290.7728
2026-01-29 22:30:00,2814.99,2818.02,2811.75,2814.84,1328.2811
2026-01-29 22:45:00,2814.84,2821.48,2814.84,2819.95,1078.8176
2026-01-29 23:00:00,2819.96,2823.87,2812.77,2814.84,2637.424
2026-01-29 23:15:00,2814.84,2824.37,2814.18,2819.95,2391.8604
2026-01-29 23:30:00,2819.95,2827.59,2819.94,2824.93,1928.5169
2026-01-29 23:45:00,2824.93,2826.78,2822.59,2822.59,1812.9651
2026-01-30 00:00:00,2822.6,2828.65,2820.28,2820.43,1976.8842
2026-01-30 00:15:00,2820.42,2821.0,2802.58,2807.27,3492.0226
2026-01-30 00:30:00,2807.27,2815.03,2802.58,2813.15,3060.5075
2026-01-30 00:45:00,2813.15,2817.19,2804.55,2805.0,3374.7643
2026-01-30 01:00:00,2805.0,2812.85,2801.68,2810.76,2359.9081
2026-01-30 01:15:00,2810.75,2813.31,2790.25,2800.6,5084.2669
2026-01-30 01:30:00,2800.59,2808.44,2689.0,2725.25,65289.4488
2026-01-30 01:45:00,2725.25,2752.15,2717.03,2747.15,27989.2426
2026-01-30 02:00:00,2747.16,2751.29,2728.55,2729.63,11944.1461
2026-01-30 02:15:00,2729.86,2736.23,2699.16,2715.4,18594.7871
2026-01-30 02:30:00,2715.4,2746.4,2704.47,2739.41,12870.6255
2026-01-30 02:45:00,2739.39,2744.96,2722.31,2736.56,9042.9318
2026-01-30 03:00:00,2736.56,2748.34,2734.3,2744.14,6929.0986
2026-01-30 03:15:00,2744.15,2745.91,2738.0,2738.16,3937.0129
2026-01-30 03:30:00,2738.16,2741.19,2734.49,2740.5,3531.9513
2026-01-30 03:45:00,2740.5,2743.51,2736.68,2741.11,2836.8824
2026-01-30 04:00:00,2741.12,2758.73,2738.11,2756.63,7278.7533
2026-01-30 04:15:00,2756.63,2774.83,2752.1,2762.42,8995.647
2026-01-30 04:30:00,2762.42,2766.94,2755.17,2757.0,4844.6321
2026-01-30 04:45:00,2757.0,2760.01,2750.2,2752.99,2632.024
2026-01-30 05:00:00,2753.0,2755.0,2747.29,2749.24,3531.3372
2026-01-30 05:15:00,2749.23,2760.61,2748.85,2759.25,3573.8668
2026-01-30 05:30:00,2759.24,2760.6,2752.0,2752.01,2196.0327
2026-01-30 05:45:00,2752.0,2756.27,2747.01,2747.02,2568.562
2026-01-30 06:00:00,2747.02,2748.54,2735.14,2738.21,8496.9099
2026-01-30 06:15:00,2738.22,2738.22,2719.0,2722.18,6517.2505
2026-01-30 06:30:00,2722.17,2723.94,2706.72,2707.15,5786.4803
2026-01-30 06:45:00,2707.15,2725.07,2696.82,2718.56,10250.4856
2026-01-30 07:00:00,2718.57,2750.93,2718.14,2745.81,9530.7797
2026-01-30 07:15:00,2745.81,2750.0,2738.41,2738.8,5512.4994
2026-01-30 07:30:00,2738.8,2739.37,2724.99,2731.02,10511.0176
2026-01-30 07:45:00,2731.02,2746.55,2728.74,2740.16,10907.2663
2026-01-30 08:00:00,2740.17,2745.45,2734.28,2745.44,4361.7436
2026-01-30 08:15:00,2745.45,2748.41,2739.43,2739.59,3537.2618
2026-01-30 08:30:00,2739.59,2739.59,2722.85,2733.57,6093.4565
2026-01-30 08:45:00,2733.57,2739.16,2729.85,2737.43,3400.344
2026-01-30 09:00:00,2737.43,2743.91,2731.58,2733.0,3494.9224
2026-01-30 09:15:00,2733.0,2733.66,2721.36,2725.33,5237.5192
2026-01-30 09:30:00,2725.34,2731.97,2725.34,2727.55,4443.9851
2026-01-30 09:45:00,2727.56,2727.56,2710.0,2721.93,7268.0383
2026-01-30 10:00:00,2721.93,2725.47,2711.37,2719.98,3394.2799
2026-01-30 10:15:00,2719.98,2730.49,2712.67,2727.17,3739.8161
2026-01-30 10:30:00,2727.17,2731.68,2724.13,2727.1,1606.3274
2026-01-30 10:45:00,2727.11,2736.92,2726.62,2736.19,3725.9827
2026-01-30 11:00:00,2736.19,2739.52,2734.57,2737.42,1657.5363
2026-01-30 11:15:00,2737.41,2741.6,2736.4,2738.73,2007.5955
2026-01-30 11:30:00,2738.74,2746.33,2736.84,2740.21,2527.5869
2026-01-30 11:45:00,2740.2,2768.78,2735.42,2759.88,8781.8222
2026-01-30 12:00:00,2759.87,2766.53,2751.39,2751.75,5461.8606
2026-01-30 12:15:00,2751.75,2755.96,2738.19,2743.91,3987.8873
2026-01-30 12:30:00,2743.92,2748.14,2741.51,2741.99,1974.9494
2026-01-30 12:45:00,2741.99,2746.77,2738.07,2740.49,2627.1227
2026-01-30 13:00:00,2740.49,2743.46,2728.25,2738.49,3999.6344
2026-01-30 13:15:00,2738.49,2740.95,2731.02,2736.31,2587.574
2026-01-30 13:30:00,2736.29,2751.24,2719.54,2738.07,12557.3033
2026-01-30 13:45:00,2738.07,2738.07,2723.88,2730.0,3184.0872
2026-01-30 14:00:00,2730.0,2742.72,2729.51,2736.96,4171.9075
2026-01-30 14:15:00,2736.96,2741.96,2731.82,2733.38,2950.6977
2026-01-30 14:30:00,2733.37,2763.04,2723.55,2759.5,18269.6459
2026-01-30 14:45:00,2759.42,2764.82,2729.86,2737.42,9729.8597
2026-01-30 15:00:00,2737.43,2752.84,2733.04,2738.04,9570.8363
2026-01-30 15:15:00,2738.03,2744.96,2708.64,2710.35,16137.6005
2026-01-30 15:30:00,2710.34,2744.73,2693.42,2738.34,20587.3255
2026-01-30 15:45:00,2738.34,2738.67,2727.13,2729.47,5441.111
2026-01-30 16:00:00,2729.46,2738.01,2717.08,2736.52,5968.5991
2026-01-30 16:15:00,2736.51,2739.77,2706.22,2733.76,12105.6016
2026-01-30 16:30:00,2733.75,2744.55,2726.4,2737.75,6376.6162
2026-01-30 16:45:00,2737.75,2737.75,2722.43,2726.96,5588.1121
2026-01-30 17:00:00,2726.96,2728.19,2706.66,2712.65,10221.2647
2026-01-30 17:15:00,2712.64,2740.99,2709.71,2733.65,10953.1762
2026-01-30 17:30:00,2733.65,2733.86,2714.2,2721.38,6922.6176
2026-01-30 17:45:00,2721.38,2725.24,2711.62,2712.53,5163.0867
2026-01-30 18:00:00,2712.52,2721.73,2696.87,2701.81,8385.3792
2026-01-30 18:15:00,2701.81,2702.01,2636.01,2675.85,50691.8346
2026-01-30 18:30:00,2675.86,2715.0,2663.14,2714.54,18961.4071
2026-01-30 18:45:00,2714.53,2750.11,2706.01,2740.27,26113.0372
2026-01-30 19:00:00,2740.27,2756.69,2735.93,2741.6,13386.0494
2026-01-30 19:15:00,2741.59,2761.46,2740.31,2748.47,7542.8607
2026-01-30 19:30:00,2748.47,2758.14,2734.66,2741.42,9860.2061
2026-01-30 19:45:00,2741.42,2754.82,2738.11,2742.4,6762.5703
2026-01-30 20:00:00,2742.39,2742.87,2710.64,2719.61,13833.9972
2026-01-30 20:15:00,2719.6,2725.83,2675.71,2683.31,23495.7154
2026-01-30 20:30:00,2683.32,2698.25,2664.82,2685.36,17296.136
2026-01-30 20:45:00,2685.36,2693.66,2674.41,2680.72,11854.2789
2026-01-30 21:00:00,2680.72,2701.21,2677.6,2697.59,6548.0957
2026-01-30 21:15:00,2697.59,2715.09,2696.72,2697.92,8072.8698
2026-01-30 21:30:00,2697.92,2704.08,2687.01,2695.41,5089.1035
2026-01-30 21:45:00,2695.41,2710.6,2695.41,2704.93,7514.8439
2026-01-30 22:00:00,2704.94,2707.8,2695.67,2695.77,3301.0336
2026-01-30 22:15:00,2695.78,2701.04,2693.21,2694.75,5254.3665
2026-01-30 22:30:00,2694.76,2706.09,2694.67,2702.72,2540.291
2026-01-30 22:45:00,2702.73,2709.92,2700.86,2709.92,1034.6512
2026-01-30 23:00:00,2709.91,2711.86,2698.0,2699.67,3012.9868
2026-01-30 23:15:00,2699.67,2707.19,2694.59,2697.24,1900.9269
2026-01-30 23:30:00,2697.24,2708.29,2694.68,2707.73,1947.6637
2026-01-30 23:45:00,2707.73,2709.51,2705.65,2707.38,1614.6003
2026-01-31 00:00:00,2707.37,2709.32,2703.27,2708.86,1695.3636
2026-01-31 00:15:00,2708.86,2710.69,2706.45,2710.18,1732.9279
2026-01-31 00:30:00,2710.17,2714.64,2706.78,2713.93,2054.6779
2026-01-31 00:45:00,2713.92,2713.92,2705.3,2706.48,1527.5762
2026-01-31 01:00:00,2706.47,2713.32,2705.57,2712.46,1167.7818
2026-01-31 01:15:00,2712.46,2714.53,2710.0,2710.61,1222.014
2026-01-31 01:30:00,2710.62,2710.62,2701.0,2705.17,3448.1038
2026-01-31 01:45:00,2705.16,2705.19,2699.13,2700.0,2476.6516
2026-01-31 02:00:00,2700.0,2700.0,2691.24,2696.76,3803.9555
2026-01-31 02:15:00,2696.75,2696.95,2684.67,2691.88,3370.3757
2026-01-31 02:30:00,2691.87,2708.0,2690.35,2705.71,2649.361
2026-01-31 02:45:00,2705.72,2708.64,2701.97,2702.05,1272.5456
2026-01-31 03:00:00,2702.04,2704.91,2698.03,2703.32,1274.4894
2026-01-31 03:15:00,2703.32,2706.47,2701.53,2702.7,1164.6559
2026-01-31 03:30:00,2702.7,2703.33,2696.75,2698.98,1438.9631
2026-01-31 03:45:00,2698.98,2698.98,2694.72,2695.86,1308.0295
2026-01-31 04:00:00,2695.86,2701.49,2695.19,2701.35,1509.979
2026-01-31 04:15:00,2701.36,2704.82,2697.3,2704.76,1718.5158
2026-01-31 04:30:00,2704.76,2704.76,2698.03,2698.09,1177.5977
2026-01-31 04:45:00,2698.09,2698.45,2693.0,2695.66,1407.6843
2026-01-31 05:00:00,2695.66,2697.12,2690.8,2697.12,1791.8095
2026-01-31 05:15:00,2697.12,2702.4,2692.21,2700.8,3367.3941
2026-01-31 05:30:00,2700.81,2703.47,2698.71,2698.72,1416.4823
2026-01-31 05:45:00,2698.71,2700.46,2696.96,2698.05,1408.6242
2026-01-31 06:00:00,2698.05,2701.0,2693.5,2697.86,1175.1724
2026-01-31 06:15:00,2697.85,2699.08,2684.14,2687.5,5258.5899
2026-01-31 06:30:00,2687.5,2691.98,2685.75,2691.3,3224.12
2026-01-31 06:45:00,2691.3,2693.86,2689.5,2692.9,1872.9609
2026-01-31 07:00:00,2692.91,2693.81,2690.2,2692.97,1297.0374
2026-01-31 07:15:00,2692.97,2693.44,2688.92,2690.47,1802.8034
2026-01-31 07:30:00,2690.47,2690.74,2668.2,2675.04,6228.6057
2026-01-31 07:45:00,2675.05,2680.26,2675.01,2680.06,1819.912
2026-01-31 08:00:00,2680.06,2683.49,2666.66,2672.66,3522.3032
2026-01-31 08:15:00,2672.66,2672.67,2654.02,2663.68,8595.841
2026-01-31 08:30:00,2663.68,2663.95,2609.85,2631.88,43147.9266
2026-01-31 08:45:00,2631.94,2649.86,2625.55,2644.03,10698.0907
2026-01-31 09:00:00,2644.02,2651.14,2643.07,2645.62,3764.9026
2026-01-31 09:15:00,2645.61,2646.94,2633.71,2639.58,4587.9943
2026-01-31 09:30:00,2639.58,2659.8,2639.58,2650.68,6507.4901
2026-01-31 09:45:00,2650.67,2652.74,2645.87,2648.35,2495.5405
2026-01-31 10:00:00,2648.35,2651.29,2636.54,2643.63,3556.1955
2026-01-31 10:15:00,2643.64,2647.93,2640.63,2646.8,1991.8451
2026-01-31 10:30:00,2646.8,2655.6,2646.14,2655.05,2255.5912
2026-01-31 10:45:00,2655.05,2655.7,2651.03,2651.67,1185.8
2026-01-31 11:00:00,2651.66,2651.67,2641.85,2643.3,2682.1163
2026-01-31 11:15:00,2643.3,2650.34,2643.24,2648.35,1146.3191
2026-01-31 11:30:00,2648.35,2649.68,2639.8,2639.84,2220.3127
2026-01-31 11:45:00,2639.85,2642.63,2634.69,2640.72,3593.3259
2026-01-31 12:00:00,2640.72,2644.43,2628.63,2631.48,2740.4246
2026-01-31 12:15:00,2631.48,2643.29,2630.42,2640.05,2760.7712
2026-01-31 12:30:00,2640.06,2643.2,2630.58,2641.52,5061.1193
2026-01-31 12:45:00,2641.53,2643.45,2630.01,2633.55,5279.2733
2026-01-31 13:00:00,2633.55,2636.81,2629.7,2632.41,3654.7673
2026-01-31 13:15:00,2632.42,2636.97,2626.94,2630.96,2867.8715
2026-01-31 13:30:00,2630.96,2632.36,2618.0,2627.19,6875.7925
2026-01-31 13:45:00,2627.19,2629.26,2622.41,2629.14,5949.1383
2026-01-31 14:00:00,2629.14,2636.16,2600.0,2610.78,15170.2054
2026-01-31 14:15:00,2610.78,2613.0,2513.58,2533.99,76623.1743
2026-01-31 14:30:00,2533.97,2542.46,2510.01,2522.42,41674.2536
2026-01-31 14:45:00,2522.42,2544.12,2513.33,2538.69,17731.2422
2026-01-31 15:00:00,2538.69,2554.89,2526.38,2546.5,15095.6472
2026-01-31 15:15:00,2546.5,2550.24,2537.2,2546.57,10228.4275
2026-01-31 15:30:00,2546.57,2549.79,2536.29,2543.55,7539.82
2026-01-31 15:45:00,2543.55,2547.24,2527.27,2534.2,6957.7295
2026-01-31 16:00:00,2534.2,2535.64,2514.19,2522.53,12142.4047
2026-01-31 16:15:00,2522.52,2551.26,2505.0,2529.29,26184.5256
2026-01-31 16:30:00,2529.3,2532.83,2517.3,2521.61,9355.2005
2026-01-31 16:45:00,2521.62,2523.3,2468.06,2482.71,40894.295
2026-01-31 17:00:00,2482.71,2495.43,2370.0,2408.98,88449.2657
2026-01-31 17:15:00,2408.98,2433.0,2407.28,2420.84,33702.3243
2026-01-31 17:30:00,2420.83,2431.32,2376.0,2410.92,38835.1955
2026-01-31 17:45:00,2410.92,2418.19,2394.14,2403.39,19529.7117
2026-01-31 18:00:00,2403.39,2417.42,2400.0,2402.86,13839.36
2026-01-31 18:15:00,2402.87,2405.84,2376.35,2398.47,19883.2237
2026-01-31 18:30:00,2398.46,2406.88,2250.0,2352.96,108264.2495
2026-01-31 18:45:00,2352.18,2395.18,2327.4,2381.08,62403.9883
2026-01-31 19:00:00,2381.07,2426.9,2373.0,2416.25,36911.6516
2026-01-31 19:15:00,2416.25,2433.66,2403.26,2410.74,20744.187
2026-01-31 19:30:00,2410.73,2414.37,2372.37,2388.59,19039.6155
2026-01-31 19:45:00,2388.59,2401.78,2382.76,2382.82,12433.1822
2026-01-31 20:00:00,2382.83,2390.0,2365.49,2366.96,9685.3927
2026-01-31 20:15:00,2366.96,2407.24,2366.31,2368.45,14129.7805
2026-01-31 20:30:00,2368.45,2378.31,2355.24,2376.73,11081.5231
2026-01-31 20:45:00,2376.72,2387.04,2364.79,2382.61,8100.8519
2026-01-31 21:00:00,2382.6,2395.6,2373.21,2387.9,10621.7873
2026-01-31 21:15:00,2387.89,2413.64,2381.77,2408.19,13599.6344
2026-01-31 21:30:00,2408.19,2421.6,2396.29,2409.62,11168.2901
2026-01-31 21:45:00,2409.61,2423.92,2405.64,2419.6,7490.0753
2026-01-31 22:00:00,2419.6,2424.98,2409.99,2413.58,5541.3141
2026-01-31 22:15:00,2413.57,2419.52,2406.34,2419.52,3064.6705
2026-01-31 22:30:00,2419.52,2421.9,2412.0,2413.41,4913.9435
2026-01-31 22:45:00,2413.41,2424.0,2410.96,2419.59,2448.5676
2026-01-31 23:00:00,2419.58,2431.9,2416.94,2421.68,6585.534
2026-01-31 23:15:00,2421.68,2473.77,2419.0,2454.55,28123.9634
2026-01-31 23:30:00,2454.55,2462.36,2444.3,2447.26,8354.1443
2026-01-31 23:45:00,2447.27,2454.0,2434.45,2451.95,9329.8461
2026-02-01 00:00:00,2451.96,2467.75,2446.12,2465.07,8211.9775
2026-02-01 00:15:00,2465.07,2475.98,2455.04,2455.97,11478.2946
2026-02-01 00:30:00,2455.97,2464.34,2448.0,2450.04,6697.4927
2026-02-01 00:45:00,2450.04,2459.21,2448.95,2452.18,5608.311
2026-02-01 01:00:00,2452.18,2455.61,2432.31,2440.96,9515.4752
2026-02-01 01:15:00,2440.96,2454.0,2429.15,2452.51,7292.018
2026-02-01 01:30:00,2452.51,2453.0,2435.0,2436.94,4894.8184
2026-02-01 01:45:00,2436.95,2447.17,2435.87,2444.7,3344.4964
2026-02-01 02:00:00,2444.7,2458.19,2440.24,2456.77,4292.2218
2026-02-01 02:15:00,2456.76,2458.28,2444.17,2446.26,3747.7251
2026-02-01 02:30:00,2446.26,2455.2,2445.98,2451.57,4414.6024
2026-02-01 02:45:00,2451.57,2461.81,2451.41,2452.61,6139.2285
2026-02-01 03:00:00,2452.61,2456.62,2446.53,2449.55,4519.2967
2026-02-01 03:15:00,2449.56,2450.88,2438.13,2443.11,4473.1098
2026-02-01 03:30:00,2443.11,2446.39,2438.5,2440.97,4253.966
2026-02-01 03:45:00,2440.97,2445.86,2440.66,2445.46,4103.2035
2026-02-01 04:00:00,2445.46,2453.66,2441.52,2452.11,4613.3932
2026-02-01 04:15:00,2452.1,2454.66,2445.96,2448.22,4039.059
2026-02-01 04:30:00,2448.21,2453.29,2447.4,2452.66,3006.9243
2026-02-01 04:45:00,2452.66,2454.25,2448.11,2448.23,2852.7663
2026-02-01 05:00:00,2448.23,2449.44,2435.42,2441.03,8050.4959
2026-02-01 05:15:00,2441.02,2448.8,2435.81,2447.4,6457.277
2026-02-01 05:30:00,2447.4,2448.15,2424.56,2427.11,7048.317
2026-02-01 05:45:00,2427.11,2432.31,2425.21,2430.51,5808.5837
2026-02-01 06:00:00,2430.52,2438.22,2430.51,2437.56,4317.2235
2026-02-01 06:15:00,2437.56,2440.0,2433.29,2433.47,5013.2046
2026-02-01 06:30:00,2433.48,2436.48,2408.17,2419.09,20062.2056
2026-02-01 06:45:00,2419.09,2423.21,2411.01,2418.65,10004.1752
2026-02-01 07:00:00,2418.66,2419.36,2397.24,2399.47,15394.1524
2026-02-01 07:15:00,2399.47,2408.6,2393.46,2407.3,9980.7109
2026-02-01 07:30:00,2407.31,2438.79,2405.07,2430.9,9637.3033
2026-02-01 07:45:00,2430.9,2431.46,2410.15,2411.22,6348.4241
2026-02-01 08:00:00,2411.22,2417.56,2409.38,2412.57,4038.2609
2026-02-01 08:15:00,2412.58,2414.05,2396.57,2404.57,11142.251
2026-02-01 08:30:00,2404.57,2428.37,2403.21,2426.01,6331.9308
2026-02-01 08:45:00,2426.02,2426.02,2412.02,2412.95,5274.8168
2026-02-01 09:00:00,2412.95,2420.84,2406.63,2417.5,3299.6285
2026-02-01 09:15:00,2417.51,2418.32,2410.1,2413.43,3261.7844
2026-02-01 09:30:00,2413.44,2428.96,2413.09,2426.7,3459.5776
2026-02-01 09:45:00,2426.7,2438.22,2421.69,2432.23,3055.8892
2026-02-01 10:00:00,2432.23,2438.98,2426.81,2437.74,3829.7676
2026-02-01 10:15:00,2437.74,2437.74,2426.85,2429.8,4030.0038
2026-02-01 10:30:00,2429.79,2431.01,2385.73,2386.0,17458.4398
2026-02-01 10:45:00,2386.0,2395.13,2376.1,2381.03,10632.1576
2026-02-01 11:00:00,2381.04,2394.04,2381.03,2393.55,5627.6768
2026-02-01 11:15:00,2393.55,2393.55,2383.73,2387.37,4275.2939
2026-02-01 11:30:00,2387.38,2423.9,2387.38,2420.12,9110.345
2026-02-01 11:45:00,2420.12,2422.56,2409.32,2411.86,5002.6905
2026-02-01 12:00:00,2411.86,2412.47,2405.64,2406.87,3078.0816
2026-02-01 12:15:00,2406.88,2406.88,2365.0,2394.37,21533.3778
2026-02-01 12:30:00,2394.37,2408.75,2392.28,2392.99,9124.4435
2026-02-01 12:45:00,2393.0,2398.78,2393.0,2396.02,1476.4119
2026-02-01 13:00:00,2396.01,2410.53,2396.01,2405.63,3633.7569
2026-02-01 13:15:00,2405.63,2409.85,2398.01,2399.6,1955.6528
2026-02-01 13:30:00,2399.59,2401.93,2387.33,2393.35,4251.2729
2026-02-01 13:45:00,2393.35,2395.95,2370.1,2381.13,6834.3635
2026-02-01 14:00:00,2381.13,2389.57,2372.55,2377.44,5837.6535
2026-02-01 14:15:00,2377.44,2379.26,2355.84,2360.28,10610.0837
2026-02-01 14:30:00,2360.27,2366.7,2326.96,2351.15,26403.2483
2026-02-01 14:45:00,2351.16,2387.83,2345.44,2373.07,16145.7167
2026-02-01 15:00:00,2373.07,2373.07,2334.62,2337.71,11639.3131
2026-02-01 15:15:00,2337.71,2343.24,2305.82,2308.35,30847.1957
2026-02-01 15:30:00,2308.34,2317.41,2285.4,2301.5,39264.7493
2026-02-01 15:45:00,2301.5,2336.34,2298.15,2315.39,22733.8127
2026-02-01 16:00:00,2315.47,2325.47,2293.2,2310.58,20138.0123
2026-02-01 16:15:00,2310.58,2333.15,2284.17,2320.41,18075.5584
2026-02-01 16:30:00,2320.4,2330.68,2299.64,2305.35,15752.8326
2026-02-01 16:45:00,2305.35,2315.1,2296.01,2304.06,11309.9912
2026-02-01 17:00:00,2304.07,2321.94,2302.76,2318.27,9484.7357
2026-02-01 17:15:00,2318.28,2321.64,2297.2,2312.93,10547.1458
2026-02-01 17:30:00,2312.92,2316.7,2296.92,2303.16,22512.5817
2026-02-01 17:45:00,2303.16,2314.0,2297.06,2313.96,23842.7719
2026-02-01 18:00:00,2313.96,2364.83,2313.33,2357.31,26251.5509
2026-02-01 18:15:00,2357.3,2377.99,2349.38,2360.63,12821.0702
2026-02-01 18:30:00,2360.63,2362.99,2342.19,2344.9,15659.5233
2026-02-01 18:45:00,2344.89,2352.12,2336.23,2350.97,7751.7513
2026-02-01 19:00:00,2350.96,2356.0,2336.71,2340.59,6902.1964
2026-02-01 19:15:00,2340.64,2345.82,2330.59,2341.02,6915.4473
2026-02-01 19:30:00,2341.02,2347.99,2335.17,2338.73,8903.7997
2026-02-01 19:45:00,2338.74,2338.74,2306.29,2320.35,19585.4527
2026-02-01 20:00:00,2320.35,2329.96,2311.39,2318.58,7867.0373
2026-02-01 20:15:00,2318.58,2329.94,2298.56,2300.54,21989.7493
2026-02-01 20:30:00,2300.55,2349.24,2300.55,2333.97,13084.0549
2026-02-01 20:45:00,2333.96,2334.64,2313.44,2316.36,6661.1542
2026-02-01 21:00:00,2316.35,2317.69,2291.86,2301.74,12165.1644
2026-02-01 21:15:00,2301.74,2312.65,2295.08,2309.6,6525.129
2026-02-01 21:30:00,2309.61,2319.57,2302.14,2308.46,4565.6872
2026-02-01 21:45:00,2308.47,2308.47,2279.16,2290.58,19049.8612
2026-02-01 22:00:00,2290.59,2334.9,2287.18,2324.67,11537.7581
2026-02-01 22:15:00,2324.68,2325.02,2293.24,2315.39,10006.682
2026-02-01 22:30:00,2315.39,2330.77,2313.13,2321.53,5178.3358
2026-02-01 22:45:00,2321.54,2326.59,2311.0,2319.33,3610.8975
2026-02-01 23:00:00,2319.33,2321.69,2222.0,2259.56,60779.7853
2026-02-01 23:15:00,2259.57,2268.34,2228.38,2258.36,34901.7428
2026-02-01 23:30:00,2258.37,2302.57,2248.44,2296.52,19536.7444
2026-02-01 23:45:00,2296.52,2297.65,2265.67,2270.15,21839.6401
2026-02-02 00:00:00,2270.16,2299.18,2242.33,2290.86,22645.0262
2026-02-02 00:15:00,2290.86,2322.02,2288.78,2313.93,19981.7302
2026-02-02 00:30:00,2313.92,2324.17,2306.81,2311.4,9638.3524
2026-02-02 00:45:00,2311.4,2313.8,2287.86,2293.2,8424.6749
2026-02-02 01:00:00,2293.21,2308.07,2256.3,2258.72,12073.5654
2026-02-02 01:15:00,2258.72,2318.66,2250.13,2311.02,19022.6436
2026-02-02 01:30:00,2311.03,2311.41,2294.32,2302.89,6322.5266
2026-02-02 01:45:00,2302.89,2304.07,2287.46,2291.29,5585.5438
2026-02-02 02:00:00,2291.3,2295.17,2275.73,2282.9,6998.3096
2026-02-02 02:15:00,2282.9,2300.51,2280.88,2294.01,8081.5459
2026-02-02 02:30:00,2294.01,2299.2,2269.28,2274.94,10609.8604
2026-02-02 02:45:00,2274.95,2278.43,2259.48,2262.27,13315.6639
2026-02-02 03:00:00,2262.27,2267.67,2229.31,2231.68,19304.5023
2026-02-02 03:15:00,2231.68,2235.47,2168.02,2173.58,68875.9422
2026-02-02 03:30:00,2173.59,2202.0,2166.14,2180.2,29451.4193
2026-02-02 03:45:00,2180.24,2249.05,2178.94,2239.02,38028.6064
2026-02-02 04:00:00,2239.01,2240.0,2207.55,2213.68,14326.2806
2026-02-02 04:15:00,2213.67,2268.0,2212.12,2263.16,13669.4295
2026-02-02 04:30:00,2263.15,2265.78,2253.21,2255.32,6861.4838
2026-02-02 04:45:00,2255.32,2257.4,2240.27,2240.54,6296.8305
2026-02-02 05:00:00,2240.54,2243.11,2214.33,2218.66,12021.3533
2026-02-02 05:15:00,2218.66,2219.71,2185.25,2194.73,18266.5477
2026-02-02 05:30:00,2194.73,2208.33,2184.95,2200.58,15468.91
2026-02-02 05:45:00,2200.57,2213.87,2189.09,2198.02,15390.5516
2026-02-02 06:00:00,2198.02,2201.98,2177.05,2194.11,38812.7361
2026-02-02 06:15:00,2194.1,2215.23,2189.65,2198.02,17399.9363
2026-02-02 06:30:00,2198.02,2240.5,2157.14,2220.93,67199.6426
2026-02-02 06:45:00,2220.93,2236.24,2206.9,2227.44,18169.3592
2026-02-02 07:00:00,2227.43,2248.27,2218.39,2228.1,18350.3577
2026-02-02 07:15:00,2228.07,2238.34,2217.57,2227.75,8427.464
2026-02-02 07:30:00,2227.76,2242.89,2225.16,2236.04,12920.2307
2026-02-02 07:45:00,2236.04,2253.16,2228.29,2228.93,18213.8271
2026-02-02 08:00:00,2228.93,2248.2,2228.93,2243.36,12330.5035
2026-02-02 08:15:00,2243.37,2256.76,2236.73,2240.93,11758.705
2026-02-02 08:30:00,2240.94,2254.25,2239.64,2247.33,6963.056
2026-02-02 08:45:00,2247.32,2258.62,2244.29,2249.33,6214.9102
2026-02-02 09:00:00,2249.33,2252.23,2237.57,2244.1,6780.7238
2026-02-02 09:15:00,2244.1,2282.76,2238.27,2280.35,11271.1734
2026-02-02 09:30:00,2280.35,2303.84,2274.41,2290.43,19424.5914
2026-02-02 09:45:00,2290.42,2319.0,2287.96,2291.57,18948.801
2026-02-02 10:00:00,2291.58,2299.67,2285.68,2288.22,8916.9473
2026-02-02 10:15:00,2288.22,2291.32,2275.42,2288.24,10542.3437
2026-02-02 10:30:00,2288.23,2293.99,2273.52,2279.44,14450.102
2026-02-02 10:45:00,2279.44,2281.0,2275.88,2277.8,7561.8225
2026-02-02 11:00:00,2277.8,2287.0,2273.5,2282.53,19180.449
2026-02-02 11:15:00,2282.53,2283.86,2273.8,2283.45,7566.9053
2026-02-02 11:30:00,2283.45,2292.0,2281.43,2288.98,18347.8742
2026-02-02 11:45:00,2288.99,2298.01,2275.25,2282.32,22171.1364
2026-02-02 12:00:00,2282.32,2299.98,2282.01,2298.61,5444.9365
2026-02-02 12:15:00,2298.61,2317.64,2294.0,2309.02,14170.4793
2026-02-02 12:30:00,2309.01,2311.5,2297.34,2300.54,6989.7211
2026-02-02 12:45:00,2300.53,2318.13,2298.93,2311.66,9720.5774
2026-02-02 13:00:00,2311.65,2313.81,2302.45,2311.34,5754.0635
2026-02-02 13:15:00,2311.33,2325.87,2304.0,2313.36,6819.9903
2026-02-02 13:30:00,2313.37,2327.95,2306.77,2321.62,6629.493
2026-02-02 13:45:00,2321.63,2335.9,2316.75,2327.93,10347.0248
2026-02-02 14:00:00,2327.93,2331.4,2274.19,2306.35,24678.5043
2026-02-02 14:15:00,2306.35,2320.0,2298.62,2316.81,21699.3322
2026-02-02 14:30:00,2316.81,2367.68,2315.62,2352.5,45530.6105
2026-02-02 14:45:00,2352.49,2362.46,2323.19,2328.94,23240.4437
2026-02-02 15:00:00,2328.93,2353.89,2320.0,2349.18,21055.7301
2026-02-02 15:15:00,2349.17,2381.81,2342.12,2367.82,22683.7612
2026-02-02 15:30:00,2367.82,2396.62,2361.26,2377.37,22774.1289
2026-02-02 15:45:00,2377.38,2384.62,2361.78,2372.71,13292.2138
2026-02-02 16:00:00,2372.71,2381.63,2363.0,2375.66,10546.0004
2026-02-02 16:15:00,2375.65,2387.31,2371.5,2384.82,8717.3156
2026-02-02 16:30:00,2384.81,2386.75,2368.63,2372.64,7854.3201
2026-02-02 16:45:00,2372.63,2372.87,2349.9,2358.71,12968.4719
2026-02-02 17:00:00,2358.71,2378.63,2357.08,2375.0,8037.4418
2026-02-02 17:15:00,2375.0,2381.59,2365.39,2367.03,5439.35
2026-02-02 17:30:00,2367.02,2374.53,2346.12,2353.84,15968.9626
2026-02-02 17:45:00,2353.83,2360.46,2345.74,2356.54,5389.6827
2026-02-02 18:00:00,2356.53,2357.05,2338.62,2344.52,5947.1306
2026-02-02 18:15:00,2344.52,2346.58,2332.74,2336.65,4107.9791
2026-02-02 18:30:00,2336.64,2359.78,2336.29,2346.17,13551.567
2026-02-02 18:45:00,2346.16,2352.22,2344.36,2345.22,5750.427
2026-02-02 19:00:00,2345.22,2351.17,2339.56,2346.08,6087.5279
2026-02-02 19:15:00,2346.08,2350.55,2336.71,2342.8,4107.9205
2026-02-02 19:30:00,2342.79,2343.39,2332.44,2341.94,4528.6395
2026-02-02 19:45:00,2341.93,2342.28,2327.68,2331.54,4746.8346
2026-02-02 20:00:00,2331.52,2340.78,2323.47,2327.0,8602.5137
2026-02-02 20:15:00,2327.01,2333.73,2321.75,2328.21,5189.0346
2026-02-02 20:30:00,2328.2,2328.2,2313.52,2318.3,5734.3272
2026-02-02 20:45:00,2318.29,2324.97,2313.33,2322.07,6118.665
2026-02-02 21:00:00,2322.07,2342.67,2319.21,2334.92,6392.9284
2026-02-02 21:15:00,2334.91,2339.98,2329.09,2332.73,2278.2206
2026-02-02 21:30:00,2332.73,2345.2,2332.21,2339.83,3585.1991
2026-02-02 21:45:00,2339.83,2345.05,2338.71,2342.04,2480.11
2026-02-02 22:00:00,2342.04,2352.51,2342.04,2343.47,2969.5084
2026-02-02 22:15:00,2343.47,2344.65,2336.0,2342.52,2574.3826
2026-02-02 22:30:00,2342.52,2354.99,2342.27,2351.7,2581.7917
2026-02-02 22:45:00,2351.7,2353.92,2344.27,2351.29,2229.9569
2026-02-02 23:00:00,2351.3,2355.55,2346.72,2351.58,2715.9536
2026-02-02 23:15:00,2351.59,2354.0,2340.0,2341.75,2965.0763
2026-02-02 23:30:00,2341.76,2354.45,2340.76,2349.13,2872.2963
2026-02-02 23:45:00,2349.13,2350.8,2343.41,2347.02,2079.7666
2026-02-03 00:00:00,2347.01,2348.47,2325.23,2334.07,6207.3611
2026-02-03 00:15:00,2334.07,2346.54,2332.35,2346.53,5022.8855
2026-02-03 00:30:00,2346.54,2347.81,2338.18,2347.23,4217.1769
2026-02-03 00:45:00,2347.22,2355.77,2342.5,2353.98,4705.4932
2026-02-03 01:00:00,2353.98,2359.88,2343.96,2348.44,5212.5884
2026-02-03 01:15:00,2348.43,2352.12,2337.87,2351.59,4832.6501
2026-02-03 01:30:00,2351.59,2352.6,2343.96,2352.51,5684.917
2026-02-03 01:45:00,2352.51,2356.25,2348.04,2354.68,2514.0635
2026-02-03 02:00:00,2354.69,2354.87,2328.3,2329.05,5087.5417
2026-02-03 02:15:00,2329.05,2341.33,2328.14,2330.37,6019.2419
2026-02-03 02:30:00,2330.37,2330.4,2315.01,2316.34,6167.363
2026-02-03 02:45:00,2316.33,2318.88,2297.13,2298.72,8616.1698
2026-02-03 03:00:00,2298.72,2307.53,2284.48,2304.24,9854.4
2026-02-03 03:15:00,2304.24,2316.42,2292.29,2314.73,6353.3441
2026-02-03 03:30:00,2314.72,2333.18,2312.35,2328.6,5358.3865
2026-02-03 03:45:00,2328.6,2345.15,2323.03,2344.03,6626.7469
2026-02-03 04:00:00,2343.99,2350.71,2336.8,2346.87,23433.0366
2026-02-03 04:15:00,2346.88,2347.99,2333.31,2333.73,11477.5306
2026-02-03 04:30:00,2333.73,2354.0,2333.72,2353.46,16529.5728
2026-02-03 04:45:00,2353.47,2354.99,2344.6,2345.57,6802.9176
2026-02-03 05:00:00,2345.57,2345.79,2325.85,2326.59,13163.1471
2026-02-03 05:15:00,2326.58,2330.5,2318.6,2329.0,10787.637
2026-02-03 05:30:00,2328.99,2332.15,2319.89,2322.94,8613.8716
2026-02-03 05:45:00,2322.94,2327.47,2315.0,2316.12,3873.6307
2026-02-03 06:00:00,2316.13,2322.33,2298.44,2306.67,9210.5741
2026-02-03 06:15:00,2306.66,2328.49,2303.19,2324.36,5980.6809
2026-02-03 06:30:00,2324.34,2326.44,2317.94,2318.08,3736.0481
2026-02-03 06:45:00,2318.1,2324.76,2316.4,2320.48,3679.3394
2026-02-03 07:00:00,2320.48,2333.61,2312.8,2323.36,7465.6159
2026-02-03 07:15:00,2323.35,2326.01,2317.6,2321.51,7435.9444
2026-02-03 07:30:00,2321.52,2333.1,2320.08,2328.37,6911.8463
2026-02-03 07:45:00,2328.36,2328.82,2320.85,2323.12,3836.203
2026-02-03 08:00:00,2323.13,2325.26,2309.2,2312.28,6020.5603
2026-02-03 08:15:00,2312.28,2332.57,2310.33,2327.65,5497.4405
2026-02-03 08:30:00,2327.65,2330.3,2320.99,2329.26,4741.462
2026-02-03 08:45:00,2329.26,2329.7,2314.69,2315.77,4070.5861
2026-02-03 09:00:00,2315.77,2318.9,2281.78,2283.03,18174.7735
2026-02-03 09:15:00,2283.03,2291.52,2262.15,2273.8,19613.5587
2026-02-03 09:30:00,2273.81,2299.2,2273.81,2293.94,7660.4912
2026-02-03 09:45:00,2293.94,2297.58,2289.48,2292.06,2838.8999
2026-02-03 10:00:00,2292.06,2299.94,2287.89,2295.0,3003.9039
2026-02-03 10:15:00,2294.99,2296.42,2284.32,2292.6,5326.7767
2026-02-03 10:30:00,2292.59,2292.59,2276.7,2280.11,5585.7929
2026-02-03 10:45:00,2280.11,2284.99,2278.74,2281.79,2566.0148
2026-02-03 11:00:00,2281.79,2288.49,2278.49,2280.79,7206.6601
2026-02-03 11:15:00,2280.79,2284.95,2272.63,2272.81,11095.6239
2026-02-03 11:30:00,2272.81,2281.8,2270.39,2277.75,15964.9431
2026-02-03 11:45:00,2277.76,2287.89,2276.24,2276.68,6427.1715
2026-02-03 12:00:00,2276.68,2297.97,2272.21,2292.09,7797.7983
2026-02-03 12:15:00,2292.09,2297.05,2285.27,2294.72,5446.1035
2026-02-03 12:30:00,2294.71,2298.86,2288.59,2292.65,4986.857
2026-02-03 12:45:00,2292.64,2306.01,2292.29,2301.32,8773.4982
2026-02-03 13:00:00,2301.31,2309.0,2298.12,2304.0,6953.5314
2026-02-03 13:15:00,2303.99,2307.66,2296.44,2306.18,4902.0006
2026-02-03 13:30:00,2306.18,2313.57,2301.94,2307.37,5106.8117
2026-02-03 13:45:00,2307.37,2317.65,2303.5,2312.21,5567.0788
2026-02-03 14:00:00,2312.22,2316.96,2308.34,2312.19,4104.2742
2026-02-03 14:15:00,2312.19,2314.71,2299.26,2308.86,7026.9818
2026-02-03 14:30:00,2308.85,2310.38,2274.45,2282.94,20665.8672
2026-02-03 14:45:00,2282.92,2296.61,2255.02,2257.2,18579.1422
2026-02-03 15:00:00,2257.19,2277.98,2251.94,2258.44,16972.2086
2026-02-03 15:15:00,2258.48,2309.85,2254.92,2294.44,23926.8083
2026-02-03 15:30:00,2294.44,2313.43,2281.05,2281.26,14407.1322
2026-02-03 15:45:00,2281.26,2307.57,2276.5,2303.2,10470.9283
2026-02-03 16:00:00,2303.21,2303.4,2274.86,2277.77,7147.1128
2026-02-03 16:15:00,2277.78,2281.09,2250.0,2253.0,23771.6593
2026-02-03 16:30:00,2252.99,2260.59,2239.24,2247.86,41154.3459
2026-02-03 16:45:00,2247.86,2251.82,2235.19,2240.6,35061.4302
2026-02-03 17:00:00,2240.6,2244.58,2218.4,2222.01,16813.613
2026-02-03 17:15:00,2222.02,2237.12,2216.89,2228.61,28439.2092
2026-02-03 17:30:00,2228.6,2234.23,2204.86,2206.04,15401.5919
2026-02-03 17:45:00,2206.03,2221.56,2193.5,2195.11,51071.3757
2026-02-03 18:00:00,2195.11,2206.98,2173.65,2175.64,35378.6169
2026-02-03 18:15:00,2175.64,2183.98,2128.0,2137.19,68418.405
2026-02-03 18:30:00,2137.19,2149.46,2122.23,2127.03,28051.8093
2026-02-03 18:45:00,2127.03,2134.11,2110.0,2120.65,39543.6418
2026-02-03 19:00:00,2120.65,2187.77,2112.08,2179.52,40760.5513
2026-02-03 19:15:00,2179.43,2200.43,2167.64,2189.98,29054.526
2026-02-03 19:30:00,2189.98,2218.4,2187.57,2198.39,25141.8746
2026-02-03 19:45:00,2198.39,2215.62,2186.85,2205.28,14350.3573
2026-02-03 20:00:00,2205.27,2209.45,2189.01,2193.21,10167.4769
2026-02-03 20:15:00,2193.21,2255.33,2188.25,2248.48,34682.1336
2026-02-03 20:30:00,2248.48,2343.82,2246.01,2296.47,78726.8808
2026-02-03 20:45:00,2296.47,2318.75,2287.64,2299.46,26866.4177
2026-02-03 21:00:00,2299.46,2337.58,2297.48,2318.59,26993.8209
2026-02-03 21:15:00,2318.6,2321.67,2299.32,2300.49,15961.3535
2026-02-03 21:30:00,2300.5,2307.28,2289.33,2295.8,7388.1509
2026-02-03 21:45:00,2295.8,2299.42,2279.76,2283.92,8439.9993
2026-02-03 22:00:00,2283.93,2286.17,2255.9,2261.7,13607.4308
2026-02-03 22:15:00,2261.69,2276.79,2252.96,2267.28,7980.9175
2026-02-03 22:30:00,2267.28,2271.27,2253.55,2255.19,6010.2051
2026-02-03 22:45:00,2255.19,2255.4,2229.01,2236.38,14370.6737
2026-02-03 23:00:00,2236.38,2238.66,2212.84,2237.09,18558.2436
2026-02-03 23:15:00,2237.1,2243.66,2226.43,2235.21,7635.8566
2026-02-03 23:30:00,2235.21,2248.62,2232.99,2238.76,6283.8224
2026-02-03 23:45:00,2238.76,2238.94,2217.59,2233.72,10966.2761
2026-02-04 00:00:00,2233.72,2234.14,2223.88,2226.31,5185.7231
2026-02-04 00:15:00,2226.31,2249.39,2226.16,2247.5,6337.4724
2026-02-04 00:30:00,2247.5,2256.62,2243.07,2248.49,7238.2651
2026-02-04 00:45:00,2248.49,2253.5,2238.83,2241.02,6576.0751
2026-02-04 01:00:00,2241.03,2275.32,2241.03,2273.77,7545.5019
2026-02-04 01:15:00,2273.77,2277.04,2264.79,2271.89,6796.9733
2026-02-04 01:30:00,2271.89,2281.82,2269.55,2275.79,4757.9655
2026-02-04 01:45:00,2275.8,2276.06,2258.83,2268.64,5316.6777
2026-02-04 02:00:00,2268.65,2275.99,2264.5,2269.8,4705.3714
2026-02-04 02:15:00,2269.81,2276.61,2259.32,2260.95,5554.3238
2026-02-04 02:30:00,2260.94,2262.28,2245.57,2255.73,5024.3189
2026-02-04 02:45:00,2255.73,2259.29,2242.55,2251.82,4373.2209
2026-02-04 03:00:00,2251.82,2281.14,2249.14,2276.73,8503.8008
2026-02-04 03:15:00,2276.73,2279.05,2265.0,2267.65,2804.4858
2026-02-04 03:30:00,2267.65,2295.74,2266.61,2283.32,10785.3146
2026-02-04 03:45:00,2283.33,2285.98,2279.87,2283.37,2655.0827
2026-02-04 04:00:00,2283.37,2290.09,2279.16,2285.68,2528.1079
2026-02-04 04:15:00,2285.68,2285.82,2272.78,2276.12,2895.3871
2026-02-04 04:30:00,2276.12,2282.13,2274.97,2275.0,1513.2363
2026-02-04 04:45:00,2275.0,2277.46,2270.21,2273.78,6709.4284
2026-02-04 05:00:00,2273.78,2279.96,2270.76,2278.75,2925.9777
2026-02-04 05:15:00,2278.75,2280.54,2267.76,2273.48,3465.7606
2026-02-04 05:30:00,2273.47,2273.47,2262.25,2264.03,4148.3022
2026-02-04 05:45:00,2264.03,2268.72,2256.0,2265.4,5660.6087
2026-02-04 06:00:00,2265.39,2278.12,2258.17,2274.84,5520.3024
2026-02-04 06:15:00,2274.84,2275.41,2264.38,2270.15,3286.6649
2026-02-04 06:30:00,2270.12,2283.3,2266.04,2278.41,3609.044
2026-02-04 06:45:00,2278.42,2284.3,2273.88,2277.54,4038.6485
2026-02-04 07:00:00,2277.54,2283.05,2263.74,2282.32,7273.1431
2026-02-04 07:15:00,2282.32,2283.11,2273.67,2280.17,6309.6359
2026-02-04 07:30:00,2280.17,2293.99,2278.79,2287.61,9189.1703
2026-02-04 07:45:00,2287.61,2289.87,2277.79,2283.85,9078.3471
2026-02-04 08:00:00,2283.84,2285.9,2273.38,2280.26,3935.0635
2026-02-04 08:15:00,2280.26,2285.88,2268.44,2270.07,6580.9586
2026-02-04 08:30:00,2270.07,2278.32,2266.49,2278.31,3154.8103
2026-02-04 08:45:00,2278.32,2284.48,2276.04,2279.73,3427.97
2026-02-04 09:00:00,2279.73,2279.91,2270.2,2270.29,3461.3463
2026-02-04 09:15:00,2270.29,2271.6,2256.76,2260.8,4675.9497
2026-02-04 09:30:00,2260.79,2264.35,2251.46,2255.11,5589.1662
2026-02-04 09:45:00,2255.1,2265.26,2254.77,2260.65,4521.0484
2026-02-04 10:00:00,2260.65,2262.91,2250.58,2254.7,4256.924
2026-02-04 10:15:00,2254.7,2260.33,2253.82,2255.99,2318.4242
2026-02-04 10:30:00,2255.99,2262.84,2255.51,2259.93,2620.5161
2026-02-04 10:45:00,2259.92,2264.44,2258.74,2260.74,2785.5669
2026-02-04 11:00:00,2260.74,2261.62,2221.47,2233.55,60721.1525
2026-02-04 11:15:00,2233.55,2246.31,2227.87,2240.76,9259.8118
2026-02-04 11:30:00,2240.76,2267.32,2238.38,2255.3,10271.3608
2026-02-04 11:45:00,2255.31,2261.03,2251.64,2254.86,4822.7468
2026-02-04 12:00:00,2254.86,2258.78,2251.78,2254.99,5244.7047
2026-02-04 12:15:00,2254.99,2263.3,2226.43,2234.55,34647.5581
2026-02-04 12:30:00,2234.55,2245.17,2228.8,2241.36,9134.2867
2026-02-04 12:45:00,2241.36,2246.88,2237.08,2243.92,4029.8001
2026-02-04 13:00:00,2243.91,2246.09,2237.79,2241.18,3101.6013
2026-02-04 13:15:00,2241.18,2243.92,2227.06,2234.09,17756.8307
2026-02-04 13:30:00,2234.09,2236.62,2209.12,2212.73,15471.1229
2026-02-04 13:45:00,2212.74,2217.84,2197.47,2198.63,20873.8339
2026-02-04 14:00:00,2198.63,2208.88,2192.17,2203.93,15271.6391
2026-02-04 14:15:00,2203.92,2209.55,2200.0,2202.95,10863.5328
2026-02-04 14:30:00,2202.95,2226.28,2177.76,2199.06,33895.64
2026-02-04 14:45:00,2199.05,2213.49,2168.82,2171.87,27557.7458
2026-02-04 15:00:00,2171.87,2188.88,2150.82,2178.47,33666.0552
2026-02-04 15:15:00,2178.47,2197.26,2163.95,2181.66,23151.0445
2026-02-04 15:30:00,2181.66,2184.94,2136.6,2156.5,40160.0285
2026-02-04 15:45:00,2156.5,2161.57,2141.67,2151.83,27702.6521
2026-02-04 16:00:00,2151.84,2161.14,2128.04,2144.26,25505.2381
2026-02-04 16:15:00,2144.28,2145.88,2111.84,2137.91,35381.7682
2026-02-04 16:30:00,2137.93,2140.69,2106.0,2116.31,40561.9174
2026-02-04 16:45:00,2116.3,2140.18,2111.44,2135.05,27641.9403
2026-02-04 17:00:00,2135.04,2151.39,2114.33,2140.24,36704.2331
2026-02-04 17:15:00,2140.25,2154.59,2106.4,2108.66,27835.0462
2026-02-04 17:30:00,2108.66,2128.14,2093.5,2119.23,47352.0483
2026-02-04 17:45:00,2119.14,2133.31,2109.92,2126.07,26069.1062
2026-02-04 18:00:00,2126.07,2127.16,2086.85,2090.02,45495.1541
2026-02-04 18:15:00,2090.04,2142.81,2076.68,2123.73,36813.3582
2026-02-04 18:30:00,2123.72,2185.63,2116.48,2168.32,40012.8643
2026-02-04 18:45:00,2168.32,2169.59,2144.89,2147.97,16816.1988
2026-02-04 19:00:00,2147.97,2169.1,2146.08,2151.85,14514.9317
2026-02-04 19:15:00,2151.84,2163.69,2134.1,2135.77,15831.7445
2026-02-04 19:30:00,2135.76,2156.32,2133.31,2153.3,10527.534
2026-02-04 19:45:00,2153.3,2194.71,2152.53,2188.27,28167.9394
2026-02-04 20:00:00,2188.26,2192.7,2163.52,2166.7,15827.6493
2026-02-04 20:15:00,2166.71,2178.55,2165.69,2171.2,6265.997
2026-02-04 20:30:00,2171.19,2176.31,2161.79,2172.92,5709.201
2026-02-04 20:45:00,2172.92,2175.99,2166.78,2172.02,4774.5416
2026-02-04 21:00:00,2172.03,2180.9,2158.65,2163.74,12088.0592
2026-02-04 21:15:00,2163.74,2164.9,2139.13,2143.19,9770.3018
2026-02-04 21:30:00,2143.19,2149.63,2116.92,2124.02,9497.492
2026-02-04 21:45:00,2124.02,2132.36,2108.56,2129.8,10406.0304
2026-02-04 22:00:00,2129.8,2133.03,2088.01,2113.9,17502.2129
2026-02-04 22:15:00,2113.9,2168.46,2113.37,2163.67,21073.9842
2026-02-04 22:30:00,2163.67,2163.67,2125.96,2130.0,11218.9926
2026-02-04 22:45:00,2130.01,2140.99,2116.11,2120.16,5561.8793
2026-02-04 23:00:00,2120.16,2133.66,2115.47,2133.51,5697.3058
2026-02-04 23:15:00,2133.5,2159.5,2131.31,2155.26,11140.3481
2026-02-04 23:30:00,2155.26,2165.65,2151.8,2156.66,8966.6811
2026-02-04 23:45:00,2156.65,2160.42,2145.98,2148.26,6768.5003
2026-02-05 00:00:00,2148.25,2148.39,2136.81,2137.48,4393.7939
2026-02-05 00:15:00,2137.49,2164.15,2136.85,2161.99,5677.8075
2026-02-05 00:30:00,2161.99,2162.21,2145.62,2156.11,4816.0709
2026-02-05 00:45:00,2156.1,2157.23,2146.79,2149.78,3532.6264
2026-02-05 01:00:00,2149.78,2169.83,2148.42,2165.91,5651.9117
2026-02-05 01:15:00,2165.91,2169.38,2123.04,2163.53,14849.3879
2026-02-05 01:30:00,2163.53,2173.77,2142.67,2156.62,12353.6149
2026-02-05 01:45:00,2156.62,2161.06,2146.34,2148.55,4669.5298
2026-02-05 02:00:00,2148.54,2153.44,2125.34,2126.62,9321.8384
2026-02-05 02:15:00,2126.63,2139.79,2113.32,2137.73,12290.057
2026-02-05 02:30:00,2137.73,2163.67,2136.07,2158.32,14085.287
2026-02-05 02:45:00,2158.32,2159.62,2120.0,2124.31,11185.5454
2026-02-05 03:00:00,2124.3,2136.68,2112.85,2117.85,22216.038
2026-02-05 03:15:00,2117.83,2127.09,2097.94,2112.92,32141.6745
2026-02-05 03:30:00,2112.92,2118.4,2104.25,2114.93,9288.1771
2026-02-05 03:45:00,2114.92,2118.28,2106.38,2110.0,6779.9895
2026-02-05 04:00:00,2110.0,2115.98,2083.19,2092.3,22238.9507
2026-02-05 04:15:00,2092.29,2107.6,2078.32,2097.72,24459.1299
2026-02-05 04:30:00,2097.7,2125.26,2092.43,2122.7,14382.3831
2026-02-05 04:45:00,2122.69,2123.51,2096.9,2104.03,6679.5328
2026-02-05 05:00:00,2104.03,2115.95,2096.06,2108.79,9100.3244
2026-02-05 05:15:00,2108.8,2113.18,2077.7,2094.84,18751.0093
2026-02-05 05:30:00,2094.81,2124.55,2084.84,2119.27,12726.3134
2026-02-05 05:45:00,2119.27,2120.47,2092.33,2101.42,14099.1978
2026-02-05 06:00:00,2101.42,2107.72,2079.1,2093.24,22929.909
2026-02-05 06:15:00,2093.24,2099.0,2076.43,2080.21,12141.1058
2026-02-05 06:30:00,2080.2,2095.4,2079.7,2089.35,7611.9791
2026-02-05 06:45:00,2089.37,2098.48,2068.2,2087.57,17521.6056
2026-02-05 07:00:00,2087.57,2122.79,2085.72,2105.9,17210.1782
2026-02-05 07:15:00,2105.91,2124.32,2100.62,2116.26,11075.3669
2026-02-05 07:30:00,2116.25,2118.27,2096.62,2103.29,13086.925
2026-02-05 07:45:00,2103.3,2106.19,2086.75,2091.4,8542.2419
2026-02-05 08:00:00,2091.5,2105.74,2091.32,2103.4,6460.5251
2026-02-05 08:15:00,2103.4,2120.58,2097.76,2112.77,15084.8399
2026-02-05 08:30:00,2112.76,2121.27,2109.01,2115.05,5830.2663
2026-02-05 08:45:00,2115.05,2120.98,2108.99,2111.76,6819.8952
2026-02-05 09:00:00,2111.8,2146.05,2111.16,2139.39,15779.2633
2026-02-05 09:15:00,2139.4,2149.75,2134.46,2137.96,9598.6619
2026-02-05 09:30:00,2137.96,2143.3,2128.84,2130.2,4740.686
2026-02-05 09:45:00,2130.2,2136.99,2127.41,2133.45,3966.9544
2026-02-05 10:00:00,2133.46,2136.96,2121.58,2131.49,10048.8274
2026-02-05 10:15:00,2131.5,2140.5,2129.76,2139.01,4893.097
2026-02-05 10:30:00,2139.01,2139.89,2122.88,2123.36,7298.0974
2026-02-05 10:45:00,2123.36,2124.64,2086.54,2097.72,19812.8904
2026-02-05 11:00:00,2097.72,2105.3,2084.95,2087.73,10120.0142
2026-02-05 11:15:00,2087.73,2097.69,2061.96,2069.0,27665.4609
2026-02-05 11:30:00,2069.01,2098.13,2066.07,2089.01,15674.4918
2026-02-05 11:45:00,2089.01,2093.34,2073.8,2079.98,8089.2382
2026-02-05 12:00:00,2079.98,2092.71,2071.47,2071.63,10726.0492
2026-02-05 12:15:00,2071.63,2080.64,2050.49,2069.75,33311.632
2026-02-05 12:30:00,2069.75,2078.27,2052.16,2057.9,23213.1981
2026-02-05 12:45:00,2057.88,2070.0,2043.16,2063.99,24316.354
2026-02-05 13:00:00,2063.98,2080.76,2057.47,2058.8,15408.8922
2026-02-05 13:15:00,2058.81,2063.7,2049.74,2053.38,8878.2873
2026-02-05 13:30:00,2053.38,2066.28,2048.38,2056.67,13485.9488
2026-02-05 13:45:00,2056.67,2063.81,2052.28,2058.64,5388.6991
2026-02-05 14:00:00,2058.64,2085.02,2058.64,2065.66,21724.962
2026-02-05 14:15:00,2065.67,2079.17,2055.08,2076.88,9926.7661
2026-02-05 14:30:00,2076.89,2106.51,2068.12,2086.35,38309.6772
2026-02-05 14:45:00,2086.34,2097.08,2042.42,2046.6,27149.1156
2026-02-05 15:00:00,2046.59,2054.16,1994.7,1997.36,60502.0146
2026-02-05 15:15:00,1997.36,2015.49,1932.37,1933.74,90734.2979
2026-02-05 15:30:00,1933.68,1973.09,1927.33,1964.83,62292.9801
2026-02-05 15:45:00,1964.84,1985.59,1942.44,1961.12,42176.4554
2026-02-05 16:00:00,1961.12,1968.32,1944.94,1952.48,33162.9123
2026-02-05 16:15:00,1952.48,1994.9,1950.91,1987.33,33962.6002
2026-02-05 16:30:00,1987.34,2000.72,1972.21,1975.19,19805.3607
2026-02-05 16:45:00,1975.19,2018.33,1962.37,1998.68,29463.0592
2026-02-05 17:00:00,1998.68,2001.77,1967.76,1975.6,16918.4605
2026-02-05 17:15:00,1975.59,1993.92,1943.57,1981.24,29501.4925
2026-02-05 17:30:00,1981.23,1986.26,1953.68,1973.53,20797.6068
2026-02-05 17:45:00,1973.53,1980.91,1953.99,1955.09,11896.3194
2026-02-05 18:00:00,1955.09,1968.73,1949.5,1962.06,13141.1935
2026-02-05 18:15:00,1962.05,1968.02,1929.01,1936.8,29297.5217
2026-02-05 18:30:00,1936.78,1943.49,1921.58,1923.76,25172.8268
2026-02-05 18:45:00,1923.75,1957.34,1913.76,1950.3,35211.1572
2026-02-05 19:00:00,1950.35,1953.81,1930.89,1937.17,20762.7826
2026-02-05 19:15:00,1937.17,1948.14,1926.75,1937.79,18782.0275
2026-02-05 19:30:00,1937.75,1946.49,1932.82,1933.63,15143.4671
2026-02-05 19:45:00,1933.64,1936.35,1918.14,1928.76,24503.3616
2026-02-05 20:00:00,1928.78,1943.06,1919.96,1922.55,18523.9184
2026-02-05 20:15:00,1922.55,1923.12,1855.0,1874.93,79964.0707
2026-02-05 20:30:00,1874.93,1880.39,1843.0,1867.54,65220.3698
2026-02-05 20:45:00,1867.54,1872.89,1825.06,1869.59,57317.1451
2026-02-05 21:00:00,1869.6,1912.35,1867.24,1876.16,43161.5419
2026-02-05 21:15:00,1876.25,1900.47,1855.9,1880.21,44209.8126
2026-02-05 21:30:00,1880.22,1891.15,1851.77,1858.75,25140.941
2026-02-05 21:45:00,1858.76,1867.95,1840.04,1850.48,20872.9613
2026-02-05 22:00:00,1850.42,1870.58,1830.0,1854.3,24090.6509
2026-02-05 22:15:00,1854.3,1881.53,1818.18,1876.26,30481.5297
2026-02-05 22:30:00,1876.27,1890.17,1860.59,1875.18,14944.2402
2026-02-05 22:45:00,1875.18,1884.51,1862.95,1870.79,10898.9662
2026-02-05 23:00:00,1870.78,1907.66,1862.5,1900.22,22610.7613
2026-02-05 23:15:00,1900.22,1904.25,1870.37,1881.83,10858.2622
2026-02-05 23:30:00,1881.83,1888.53,1839.7,1845.06,18886.8731
2026-02-05 23:45:00,1845.06,1852.09,1820.46,1826.83,22344.4593
2026-02-06 00:00:00,1826.83,1833.55,1760.0,1769.49,80896.3461
2026-02-06 00:15:00,1769.34,1800.64,1747.8,1787.81,82206.5211
2026-02-06 00:30:00,1787.7,1890.0,1785.31,1863.99,44709.8481
2026-02-06 00:45:00,1863.99,1892.65,1851.12,1870.61,43730.3424
2026-02-06 01:00:00,1870.63,1914.87,1870.37,1894.7,39830.6986
2026-02-06 01:15:00,1894.7,1905.72,1886.93,1896.84,27603.5867
2026-02-06 01:30:00,1896.8,1929.18,1890.94,1921.16,23372.171
2026-02-06 01:45:00,1921.16,1940.16,1915.03,1932.17,22601.4948
2026-02-06 02:00:00,1932.17,1947.84,1908.55,1911.82,15593.964
2026-02-06 02:15:00,1911.82,1920.92,1891.46,1906.85,10153.9295
2026-02-06 02:30:00,1906.84,1928.16,1904.28,1919.09,12919.9918
2026-02-06 02:45:00,1919.09,1922.31,1900.1,1907.49,9788.466
2026-02-06 03:00:00,1907.5,1917.88,1894.45,1894.74,19136.5024
2026-02-06 03:15:00,1894.74,1907.01,1887.69,1896.45,12343.6832
2026-02-06 03:30:00,1896.45,1909.31,1887.8,1890.35,10773.3751
2026-02-06 03:45:00,1890.36,1895.2,1879.24,1891.82,12294.5349
2026-02-06 04:00:00,1891.81,1905.0,1885.95,1900.68,10353.9022
2026-02-06 04:15:00,1900.68,1917.8,1899.38,1911.83,10523.8169
2026-02-06 04:30:00,1911.82,1915.92,1899.6,1906.7,8513.9151
2026-02-06 04:45:00,1906.7,1912.62,1906.15,1909.03,4840.4172
2026-02-06 05:00:00,1909.02,1925.39,1906.6,1923.43,10397.8782
2026-02-06 05:15:00,1923.42,1926.63,1912.72,1917.92,9494.754
2026-02-06 05:30:00,1917.92,1940.94,1916.24,1939.01,13596.5609
2026-02-06 05:45:00,1939.0,1975.75,1934.01,1958.69,19867.242
2026-02-06 06:00:00,1958.69,1967.27,1945.52,1947.16,15632.6713
2026-02-06 06:15:00,1947.16,1949.32,1933.99,1940.68,9183.0216
2026-02-06 06:30:00,1940.68,1941.15,1916.1,1919.25,17649.6545
2026-02-06 06:45:00,1919.2,1925.81,1906.89,1908.32,35482.7581
2026-02-06 07:00:00,1908.32,1909.77,1887.29,1898.87,32533.3874
2026-02-06 07:15:00,1898.88,1909.05,1889.64,1903.23,18079.7584
2026-02-06 07:30:00,1903.24,1915.15,1900.72,1905.63,29285.7642
2026-02-06 07:45:00,1905.63,1907.66,1891.75,1899.42,22332.954
2026-02-06 08:00:00,1899.41,1907.01,1887.62,1901.98,30795.5751
2026-02-06 08:15:00,1901.98,1903.24,1869.11,1875.16,42566.8563
2026-02-06 08:30:00,1875.17,1883.25,1866.42,1868.77,18688.9629
2026-02-06 08:45:00,1868.77,1882.37,1866.13,1874.46,22992.6734
2026-02-06 09:00:00,1874.46,1891.16,1871.1,1886.33,17927.4948
2026-02-06 09:15:00,1886.32,1905.21,1880.0,1904.29,37013.2376
2026-02-06 09:30:00,1904.29,1917.0,1902.95,1914.84,29433.7636
2026-02-06 09:45:00,1914.83,1929.18,1908.25,1919.0,15482.1923
2026-02-06 10:00:00,1919.08,1931.03,1909.69,1914.72,41646.5742
2026-02-06 10:15:00,1914.72,1934.98,1914.63,1926.5,32445.6644
2026-02-06 10:30:00,1926.49,1931.65,1924.03,1926.71,10022.3928
2026-02-06 10:45:00,1926.7,1930.0,1921.06,1926.94,18634.1111
2026-02-06 11:00:00,1926.93,1930.31,1919.96,1929.46,12877.1993
2026-02-06 11:15:00,1929.45,1935.68,1924.18,1927.52,14390.3029
2026-02-06 11:30:00,1927.52,1937.0,1924.61,1927.36,17205.2868
2026-02-06 11:45:00,1927.36,1939.35,1922.2,1932.68,10481.3438
2026-02-06 12:00:00,1932.67,1932.67,1920.1,1925.9,5990.6641
2026-02-06 12:15:00,1925.9,1926.34,1915.66,1922.15,20937.3774
2026-02-06 12:30:00,1922.15,1925.0,1914.88,1922.57,8274.2062
2026-02-06 12:45:00,1922.57,1924.64,1918.13,1920.91,6396.159
2026-02-06 13:00:00,1920.91,1944.17,1919.29,1942.8,17091.2229
2026-02-06 13:15:00,1942.7,1957.0,1933.03,1944.06,29917.3003
2026-02-06 13:30:00,1944.05,1956.41,1938.01,1951.87,10134.1826
2026-02-06 13:45:00,1951.87,1962.39,1949.24,1950.31,18509.4184
2026-02-06 14:00:00,1950.31,1953.18,1938.11,1944.82,10171.9437
2026-02-06 14:15:00,1944.83,1950.0,1933.33,1949.81,21757.662
2026-02-06 14:30:00,1949.81,1989.4,1948.41,1984.99,69401.638
2026-02-06 14:45:00,1985.0,2002.18,1969.99,1978.88,42314.6488
2026-02-06 15:00:00,1978.89,1986.8,1963.16,1963.56,29120.3012
2026-02-06 15:15:00,1963.57,1982.31,1961.24,1972.96,19925.8946
2026-02-06 15:30:00,1972.99,1991.55,1969.62,1987.86,15937.1858
2026-02-06 15:45:00,1987.87,1997.68,1974.58,1980.81,21997.1244
2026-02-06 16:00:00,1980.8,2006.0,1970.17,1998.0,33682.5766
2026-02-06 16:15:00,1998.0,2044.91,1991.44,2032.13,36887.9005
2026-02-06 16:30:00,2032.12,2041.35,2023.07,2034.13,24506.1853
2026-02-06 16:45:00,2034.13,2046.6,2025.5,2036.17,28216.503
2026-02-06 17:00:00,2036.17,2052.02,2027.73,2042.03,29849.6776
2026-02-06 17:15:00,2042.03,2072.46,2040.77,2069.99,31057.4113
2026-02-06 17:30:00,2070.0,2090.13,2063.51,2079.16,42630.6575
2026-02-06 17:45:00,2079.16,2083.5,2058.07,2067.01,27304.7842
2026-02-06 18:00:00,2067.01,2070.19,2031.08,2049.19,41458.4563
2026-02-06 18:15:00,2049.2,2049.51,2030.59,2038.41,17655.0183
2026-02-06 18:30:00,2038.42,2061.78,2033.87,2054.78,14146.5109
2026-02-06 18:45:00,2054.78,2059.99,2042.07,2044.61,16956.4775
2026-02-06 19:00:00,2044.61,2052.0,2037.56,2042.08,11511.7143
2026-02-06 19:15:00,2042.07,2058.0,2033.37,2052.19,15538.9264
2026-02-06 19:30:00,2052.19,2056.0,2047.9,2054.37,16220.0777
2026-02-06 19:45:00,2054.37,2072.0,2052.11,2065.63,20619.4154
2026-02-06 20:00:00,2065.63,2068.0,2049.49,2052.96,8151.5192
2026-02-06 20:15:00,2052.95,2056.02,2043.68,2054.36,7235.7891
2026-02-06 20:30:00,2054.36,2093.94,2051.95,2067.99,39767.5424
2026-02-06 20:45:00,2068.0,2075.25,2052.6,2054.23,7546.4063
2026-02-06 21:00:00,2054.23,2061.99,2039.93,2048.83,18624.5648
2026-02-06 21:15:00,2048.83,2059.5,2047.53,2057.46,12254.5676
2026-02-06 21:30:00,2057.45,2057.46,2046.23,2050.0,7839.8775
2026-02-06 21:45:00,2049.99,2056.27,2049.67,2053.97,6619.5327
2026-02-06 22:00:00,2053.98,2069.0,2046.08,2052.52,27598.455
2026-02-06 22:15:00,2052.53,2066.9,2051.55,2064.37,17312.0402
2026-02-06 22:30:00,2064.34,2085.47,2062.67,2070.82,22897.4756
2026-02-06 22:45:00,2070.83,2083.35,2067.02,2075.1,6204.5159
2026-02-06 23:00:00,2075.09,2087.98,2068.05,2068.23,18733.7342
2026-02-06 23:15:00,2068.23,2070.22,2049.28,2069.92,27821.1735
2026-02-06 23:30:00,2069.93,2078.99,2063.21,2064.38,6121.7812
2026-02-06 23:45:00,2064.37,2069.64,2059.23,2063.38,3135.8169
2026-02-07 00:00:00,2063.37,2064.56,2045.2,2052.25,18195.6196
2026-02-07 00:15:00,2052.26,2058.41,2041.92,2046.15,8069.9787
2026-02-07 00:30:00,2046.15,2050.23,2036.75,2037.48,8026.8975
2026-02-07 00:45:00,2037.47,2055.45,2037.39,2043.5,15813.6752
2026-02-07 01:00:00,2043.49,2047.6,2032.6,2035.7,8168.9475
2026-02-07 01:15:00,2035.7,2049.3,2034.41,2044.77,8701.1665
2026-02-07 01:30:00,2044.77,2056.97,2043.54,2050.9,4590.7748
2026-02-07 01:45:00,2050.9,2066.64,2050.3,2061.94,5355.1241
2026-02-07 02:00:00,2061.94,2064.06,2054.78,2059.71,4910.124
2026-02-07 02:15:00,2059.71,2065.35,2056.55,2059.33,2787.4547
2026-02-07 02:30:00,2059.34,2062.75,2054.09,2056.64,4855.9875
2026-02-07 02:45:00,2056.64,2060.99,2048.78,2059.39,4479.4988
2026-02-07 03:00:00,2059.39,2082.52,2057.58,2076.48,11089.2127
2026-02-07 03:15:00,2076.45,2081.28,2068.69,2078.4,6664.5588
2026-02-07 03:30:00,2078.39,2084.01,2069.37,2078.49,7064.3948
2026-02-07 03:45:00,2078.51,2086.0,2074.4,2080.81,4999.7067
2026-02-07 04:00:00,2080.8,2108.85,2078.83,2104.74,19960.8057
2026-02-07 04:15:00,2104.73,2119.46,2094.02,2097.05,19068.5336
2026-02-07 04:30:00,2097.06,2104.4,2078.81,2080.53,12406.1091
2026-02-07 04:45:00,2080.53,2088.04,2079.59,2087.4,5089.6319
2026-02-07 05:00:00,2087.39,2096.73,2085.55,2093.37,4307.5484
2026-02-07 05:15:00,2093.36,2103.99,2085.05,2086.88,7316.0271
2026-02-07 05:30:00,2086.87,2092.73,2083.28,2085.54,5046.7849
2026-02-07 05:45:00,2085.54,2087.89,2077.79,2083.79,4512.8878
2026-02-07 06:00:00,2083.78,2093.52,2078.35,2082.78,4892.7442
2026-02-07 06:15:00,2082.78,2082.99,2068.91,2079.09,5485.2554
2026-02-07 06:30:00,2079.08,2085.02,2076.16,2077.46,3351.0426
2026-02-07 06:45:00,2077.45,2078.35,2047.2,2047.73,10962.0533
2026-02-07 07:00:00,2047.73,2055.7,2013.02,2014.85,25874.38
2026-02-07 07:15:00,2014.84,2024.19,1994.57,2023.8,31766.3173
2026-02-07 07:30:00,2023.8,2042.99,2007.71,2034.56,13304.377
2026-02-07 07:45:00,2034.56,2034.9,2022.23,2027.1,7478.2479
2026-02-07 08:00:00,2027.1,2032.6,2017.32,2023.71,8378.6031
2026-02-07 08:15:00,2023.72,2029.61,2015.33,2020.11,8524.1968
2026-02-07 08:30:00,2020.11,2029.61,2015.99,2020.21,7902.6181
2026-02-07 08:45:00,2020.21,2027.81,2019.01,2019.02,5922.7763
2026-02-07 09:00:00,2019.02,2029.58,2019.02,2028.99,5996.3086
2026-02-07 09:15:00,2028.99,2029.84,2021.13,2021.86,3160.5095
2026-02-07 09:30:00,2021.87,2023.42,2006.74,2011.89,7284.1356
2026-02-07 09:45:00,2011.9,2014.51,2005.26,2014.45,4823.5894
2026-02-07 10:00:00,2014.45,2019.56,2004.15,2008.32,6491.0798
2026-02-07 10:15:00,2008.39,2013.95,2004.99,2008.92,4970.5395
2026-02-07 10:30:00,2008.91,2010.85,1999.57,2005.38,6051.6817
2026-02-07 10:45:00,2005.38,2012.6,2001.68,2010.68,4197.9413
2026-02-07 11:00:00,2010.67,2016.62,2007.5,2010.99,5230.3519
2026-02-07 11:15:00,2010.99,2015.33,2007.09,2008.34,3975.3003
2026-02-07 11:30:00,2008.34,2014.15,2007.05,2007.09,3065.2435
2026-02-07 11:45:00,2007.1,2021.79,2007.1,2018.77,4196.214
2026-02-07 12:00:00,2018.77,2048.77,2017.02,2040.73,18714.3046
2026-02-07 12:15:00,2040.72,2075.21,2037.3,2054.88,20576.4956
2026-02-07 12:30:00,2054.87,2069.93,2039.39,2042.77,16197.9455
2026-02-07 12:45:00,2042.77,2052.43,2037.28,2041.33,10327.2592
2026-02-07 13:00:00,2041.33,2050.43,2036.46,2039.73,14575.6941
2026-02-07 13:15:00,2039.73,2047.75,2038.7,2046.8,6509.0123
2026-02-07 13:30:00,2046.8,2049.74,2028.37,2033.32,20226.4895
2026-02-07 13:45:00,2033.33,2041.49,2032.56,2041.49,8706.8814
2026-02-07 14:00:00,2041.48,2046.53,2037.96,2043.3,4984.4482
2026-02-07 14:15:00,2043.29,2049.53,2038.21,2042.32,3247.0857
2026-02-07 14:30:00,2042.32,2045.28,2022.8,2030.26,8270.6395
2026-02-07 14:45:00,2030.26,2031.31,2009.82,2020.41,7656.5404
2026-02-07 15:00:00,2020.41,2041.8,2014.38,2039.44,8729.0066
2026-02-07 15:15:00,2039.48,2053.42,2033.45,2046.75,9588.8768
2026-02-07 15:30:00,2046.76,2063.46,2044.53,2047.41,7484.0655
2026-02-07 15:45:00,2047.41,2054.59,2042.45,2052.54,5949.0124
2026-02-07 16:00:00,2052.55,2121.7,2009.54,2055.16,256455.4625
2026-02-07 16:15:00,2055.16,2071.74,2036.0,2053.54,116708.9135
2026-02-07 16:30:00,2053.54,2059.12,2046.65,2056.84,7252.6461
2026-02-07 16:45:00,2056.85,2057.43,2047.45,2050.3,9298.0639
2026-02-07 17:00:00,2050.3,2053.0,2032.96,2041.21,12440.7323
2026-02-07 17:15:00,2041.21,2058.08,2038.2,2055.86,9433.4855
2026-02-07 17:30:00,2055.86,2073.13,2051.23,2068.35,8696.5542
2026-02-07 17:45:00,2068.36,2072.45,2056.82,2061.16,4627.4462
2026-02-07 18:00:00,2061.16,2073.01,2059.0,2066.28,13318.524
2026-02-07 18:15:00,2066.27,2096.71,2065.87,2090.42,19488.0781
2026-02-07 18:30:00,2090.43,2105.6,2084.07,2100.7,14038.4171
2026-02-07 18:45:00,2100.69,2109.66,2095.17,2097.1,10852.3448
2026-02-07 19:00:00,2097.1,2101.35,2086.88,2088.73,6397.0407
2026-02-07 19:15:00,2088.73,2097.32,2088.35,2092.79,3862.6411
2026-02-07 19:30:00,2092.79,2095.11,2083.74,2094.69,3324.8664
2026-02-07 19:45:00,2094.69,2096.97,2088.26,2091.29,4185.216
2026-02-07 20:00:00,2091.29,2098.73,2084.6,2087.18,6680.5334
2026-02-07 20:15:00,2087.18,2099.95,2086.25,2096.04,4656.8164
2026-02-07 20:30:00,2096.04,2102.25,2092.67,2094.72,3518.3351
2026-02-07 20:45:00,2094.72,2115.0,2094.72,2105.32,7993.3352
2026-02-07 21:00:00,2105.33,2109.58,2094.46,2105.99,12862.8382
2026-02-07 21:15:00,2105.99,2109.04,2096.84,2105.83,4975.2017
2026-02-07 21:30:00,2105.83,2110.35,2103.18,2103.32,3273.9733
2026-02-07 21:45:00,2103.33,2103.42,2097.63,2100.42,2806.7489
2026-02-07 22:00:00,2100.43,2107.56,2095.7,2100.48,5548.2092
2026-02-07 22:15:00,2100.48,2100.88,2093.24,2099.1,2967.9064
2026-02-07 22:30:00,2099.09,2099.19,2088.66,2090.98,2473.6019
2026-02-07 22:45:00,2090.99,2093.79,2087.62,2088.58,1592.019
2026-02-07 23:00:00,2088.58,2091.5,2076.68,2083.92,4145.9326
2026-02-07 23:15:00,2083.92,2085.69,2073.0,2081.24,3804.067
2026-02-07 23:30:00,2081.24,2089.28,2081.24,2088.5,5011.3038
2026-02-07 23:45:00,2088.49,2095.63,2086.65,2087.08,3414.4794
2026-02-08 00:00:00,2087.08,2094.6,2085.46,2090.57,2305.0945
2026-02-08 00:15:00,2090.58,2091.11,2078.76,2080.51,4303.6486
2026-02-08 00:30:00,2080.5,2087.64,2077.0,2078.41,4005.311
2026-02-08 00:45:00,2078.41,2084.65,2076.86,2084.58,3594.5459
2026-02-08 01:00:00,2084.58,2093.11,2083.29,2091.58,3577.3621
2026-02-08 01:15:00,2091.57,2091.57,2082.69,2084.14,3813.9399
2026-02-08 01:30:00,2084.15,2095.11,2082.23,2090.38,3005.7004
2026-02-08 01:45:00,2090.38,2097.76,2088.83,2096.35,2364.0829
2026-02-08 02:00:00,2096.36,2102.21,2091.65,2099.11,3205.1253
2026-02-08 02:15:00,2099.12,2107.44,2094.7,2095.87,3907.8216
2026-02-08 02:30:00,2095.88,2099.21,2086.41,2089.89,4179.4694
2026-02-08 02:45:00,2089.89,2091.06,2082.48,2088.84,2706.1088
2026-02-08 03:00:00,2088.9,2090.84,2082.0,2086.26,5423.4448
2026-02-08 03:15:00,2086.25,2091.49,2082.91,2089.45,4193.3632
2026-02-08 03:30:00,2089.44,2093.29,2084.23,2085.4,2506.6385
2026-02-08 03:45:00,2085.41,2086.5,2077.0,2078.77,2754.5816
2026-02-08 04:00:00,2078.78,2082.62,2072.4,2073.42,4055.541
2026-02-08 04:15:00,2073.57,2082.75,2064.91,2080.32,12377.2331
2026-02-08 04:30:00,2080.33,2082.12,2075.02,2078.43,2618.3967
2026-02-08 04:45:00,2078.43,2090.01,2076.27,2087.72,12760.7899
2026-02-08 05:00:00,2087.72,2087.99,2080.0,2087.05,3450.3392
2026-02-08 05:15:00,2087.05,2088.41,2083.81,2085.1,3322.0854
2026-02-08 05:30:00,2085.1,2085.1,2078.76,2084.08,3028.7983
2026-02-08 05:45:00,2084.07,2086.06,2082.2,2084.77,1528.7656
2026-02-08 06:00:00,2084.76,2087.0,2077.72,2086.79,2049.4522
2026-02-08 06:15:00,2086.8,2089.1,2083.74,2087.19,1976.1268
2026-02-08 06:30:00,2087.19,2087.19,2079.55,2081.75,2224.001
2026-02-08 06:45:00,2081.75,2083.94,2077.19,2079.3,2451.3554
2026-02-08 07:00:00,2079.3,2082.14,2064.1,2075.6,20834.4118
2026-02-08 07:15:00,2075.6,2077.99,2069.11,2074.38,3576.9615
2026-02-08 07:30:00,2074.38,2081.01,2072.4,2078.34,3026.1224
2026-02-08 07:45:00,2078.34,2084.42,2077.52,2084.41,2621.5083
2026-02-08 08:00:00,2084.41,2088.87,2078.77,2080.79,3318.7851
2026-02-08 08:15:00,2080.79,2107.21,2078.04,2102.45,11113.5425
2026-02-08 08:30:00,2102.44,2124.55,2098.38,2108.71,11672.6012
2026-02-08 08:45:00,2108.71,2117.8,2107.37,2116.03,5230.1057
2026-02-08 09:00:00,2116.04,2123.0,2104.77,2108.66,5807.1317
2026-02-08 09:15:00,2108.66,2111.47,2106.19,2107.17,3073.1925
2026-02-08 09:30:00,2107.17,2114.58,2095.53,2098.59,5902.7588
2026-02-08 09:45:00,2098.58,2104.27,2097.21,2100.55,2441.4129
2026-02-08 10:00:00,2100.54,2114.17,2100.51,2107.0,3451.0499
2026-02-08 10:15:00,2107.0,2110.0,2083.41,2090.6,9205.7629
2026-02-08 10:30:00,2090.6,2097.76,2089.0,2095.61,2225.4836
2026-02-08 10:45:00,2095.61,2100.18,2095.0,2096.08,2216.2071
2026-02-08 11:00:00,2096.08,2111.06,2094.45,2110.99,2998.5908
2026-02-08 11:15:00,2111.0,2120.32,2107.0,2114.46,3845.6275
2026-02-08 11:30:00,2114.47,2137.57,2113.55,2124.07,13347.7967
2026-02-08 11:45:00,2124.08,2135.61,2121.93,2132.35,6898.5517
2026-02-08 12:00:00,2132.36,2134.11,2125.42,2126.99,4430.9945
2026-02-08 12:15:00,2127.0,2139.74,2126.33,2138.36,5493.3695
2026-02-08 12:30:00,2138.36,2145.26,2129.07,2131.47,6536.3926
2026-02-08 12:45:00,2131.46,2138.08,2125.82,2131.43,9213.3682
2026-02-08 13:00:00,2131.44,2141.0,2120.68,2125.5,10708.052
2026-02-08 13:15:00,2125.51,2137.35,2124.0,2133.03,4684.6011
2026-02-08 13:30:00,2133.03,2134.64,2118.39,2120.01,8556.8553
2026-02-08 13:45:00,2120.01,2126.59,2120.01,2126.59,4899.9181
2026-02-08 14:00:00,2126.59,2129.49,2118.72,2120.57,5551.3645
2026-02-08 14:15:00,2120.56,2124.0,2116.32,2120.73,3730.6099
2026-02-08 14:30:00,2120.73,2125.63,2118.18,2122.55,2046.0722
2026-02-08 14:45:00,2122.54,2128.86,2121.0,2128.62,1765.5737
2026-02-08 15:00:00,2128.61,2130.78,2125.46,2129.91,3075.5159
2026-02-08 15:15:00,2129.9,2129.9,2097.57,2102.85,12263.8309
2026-02-08 15:30:00,2102.84,2116.06,2101.83,2112.45,5477.307
2026-02-08 15:45:00,2112.44,2112.95,2104.3,2108.64,3775.674
2026-02-08 16:00:00,2108.63,2114.88,2105.96,2106.87,3412.9083
2026-02-08 16:15:00,2106.89,2116.08,2106.89,2113.02,2569.4149
2026-02-08 16:30:00,2113.01,2115.95,2094.03,2096.21,4890.0938
2026-02-08 16:45:00,2096.2,2097.46,2072.8,2080.97,10169.7236
2026-02-08 17:00:00,2080.96,2094.4,2080.1,2089.53,4390.5177
2026-02-08 17:15:00,2089.53,2099.31,2082.43,2085.83,3630.9492
2026-02-08 17:30:00,2085.83,2094.8,2085.83,2094.14,2207.1378
2026-02-08 17:45:00,2094.14,2095.53,2087.38,2092.13,2755.5507
2026-02-08 18:00:00,2092.13,2098.51,2090.69,2094.9,2161.7529
2026-02-08 18:15:00,2094.9,2099.33,2091.53,2098.28,2722.0422
2026-02-08 18:30:00,2098.28,2122.13,2098.27,2115.19,8020.1807
2026-02-08 18:45:00,2115.19,2119.34,2107.94,2109.47,3541.4283
2026-02-08 19:00:00,2109.47,2116.04,2107.66,2109.27,2363.8427
2026-02-08 19:15:00,2109.29,2115.99,2109.29,2113.01,2434.9876
2026-02-08 19:30:00,2113.01,2119.63,2112.09,2119.42,1488.6716
2026-02-08 19:45:00,2119.42,2129.73,2117.09,2126.77,4077.5004
2026-02-08 20:00:00,2126.79,2127.25,2114.15,2117.5,2033.8334
2026-02-08 20:15:00,2117.5,2122.18,2111.35,2113.9,3112.6757
2026-02-08 20:30:00,2113.89,2117.76,2112.3,2112.3,1431.1015
2026-02-08 20:45:00,2112.31,2115.57,2100.26,2104.59,4120.7874
2026-02-08 21:00:00,2104.58,2112.51,2102.02,2110.57,2117.8298
2026-02-08 21:15:00,2110.58,2115.1,2108.88,2108.88,1863.584
2026-02-08 21:30:00,2108.89,2111.16,2091.9,2095.52,5150.8627
2026-02-08 21:45:00,2095.52,2101.57,2090.0,2093.9,4303.9844
2026-02-08 22:00:00,2093.91,2102.55,2093.91,2101.69,4012.3546
2026-02-08 22:15:00,2101.69,2106.65,2099.67,2100.65,2378.1154
2026-02-08 22:30:00,2100.65,2105.07,2093.83,2099.17,2903.2728
2026-02-08 22:45:00,2099.17,2112.68,2099.12,2108.43,3007.2824
2026-02-08 23:00:00,2108.45,2152.03,2107.62,2119.17,24058.1012
2026-02-08 23:15:00,2119.17,2123.41,2081.9,2092.03,15621.4263
2026-02-08 23:30:00,2092.02,2096.23,2071.6,2092.77,15993.3701
2026-02-08 23:45:00,2092.76,2107.7,2087.84,2089.74,7185.7403
2026-02-09 00:00:00,2089.73,2097.0,2086.91,2093.84,6000.7918
2026-02-09 00:15:00,2093.81,2097.2,2080.75,2082.54,6243.2071
2026-02-09 00:30:00,2082.55,2088.16,2076.75,2081.84,5764.7897
2026-02-09 00:45:00,2081.83,2087.75,2076.33,2084.48,3156.2906
2026-02-09 01:00:00,2084.47,2090.17,2077.24,2081.73,3777.9853
2026-02-09 01:15:00,2081.73,2101.24,2077.7,2091.9,4425.0751
2026-02-09 01:30:00,2091.9,2092.97,2056.6,2064.97,14851.9893
2026-02-09 01:45:00,2064.96,2073.52,2055.01,2070.89,11482.9055
2026-02-09 02:00:00,2070.89,2076.56,2065.71,2070.1,4103.5933
2026-02-09 02:15:00,2070.1,2075.89,2068.29,2072.65,2754.1631
2026-02-09 02:30:00,2072.65,2095.52,2072.11,2090.47,8395.0936
2026-02-09 02:45:00,2090.47,2091.7,2080.28,2081.29,2722.9514
2026-02-09 03:00:00,2081.29,2088.27,2081.29,2083.56,2269.7051
2026-02-09 03:15:00,2083.56,2090.29,2081.78,2087.12,3751.1432
2026-02-09 03:30:00,2087.11,2099.4,2086.87,2093.49,5581.7454
2026-02-09 03:45:00,2093.5,2103.02,2091.36,2100.25,4945.6929
2026-02-09 04:00:00,2100.25,2102.03,2090.25,2090.79,3515.1887
2026-02-09 04:15:00,2090.79,2098.14,2089.59,2096.57,2263.553
2026-02-09 04:30:00,2096.56,2096.76,2086.66,2090.19,3104.1921
2026-02-09 04:45:00,2090.2,2093.37,2087.61,2090.35,3036.7081
2026-02-09 05:00:00,2090.35,2090.36,2083.75,2084.01,3687.5249
2026-02-09 05:15:00,2084.02,2092.62,2083.77,2092.55,2078.7138
2026-02-09 05:30:00,2092.55,2097.01,2089.21,2092.8,2114.9256
2026-02-09 05:45:00,2092.79,2096.43,2088.68,2095.82,3191.8282
2026-02-09 06:00:00,2095.81,2095.82,2084.17,2090.61,8034.9619
2026-02-09 06:15:00,2090.61,2090.61,2072.43,2074.29,10415.1839
2026-02-09 06:30:00,2074.28,2081.31,2073.61,2079.43,2991.6338
2026-02-09 06:45:00,2079.42,2084.24,2078.0,2081.43,1837.5937
2026-02-09 07:00:00,2081.43,2086.93,2074.53,2085.6,3603.1243
2026-02-09 07:15:00,2085.6,2087.7,2081.0,2081.4,2832.7614
2026-02-09 07:30:00,2081.4,2081.4,2064.67,2067.25,6483.5836
2026-02-09 07:45:00,2067.25,2072.39,2065.15,2065.74,4770.6843
2026-02-09 08:00:00,2065.74,2070.21,2060.67,2066.97,6016.2832
2026-02-09 08:15:00,2066.97,2068.53,2049.07,2053.02,9161.4787
2026-02-09 08:30:00,2053.01,2053.03,2034.56,2050.17,14378.8417
2026-02-09 08:45:00,2050.16,2056.34,2048.88,2050.07,6125.6786
2026-02-09 09:00:00,2050.02,2057.43,2049.21,2049.21,5013.1672
2026-02-09 09:15:00,2049.21,2051.22,2043.63,2047.5,6495.9732
2026-02-09 09:30:00,2047.5,2049.68,2036.14,2040.8,5132.4897
2026-02-09 09:45:00,2040.82,2042.85,2034.61,2042.27,5798.2843
2026-02-09 10:00:00,2042.27,2047.32,2035.21,2039.78,4751.6319
2026-02-09 10:15:00,2039.78,2041.08,2024.63,2027.9,9941.8389
2026-02-09 10:30:00,2027.9,2028.65,2013.25,2020.63,13852.2262
2026-02-09 10:45:00,2020.6,2024.86,2015.57,2022.7,4145.7354
2026-02-09 11:00:00,2022.7,2036.83,2022.7,2023.13,7340.295
2026-02-09 11:15:00,2023.12,2030.69,2021.23,2027.74,4871.3551
2026-02-09 11:30:00,2027.74,2033.31,2023.8,2027.44,4190.8368
2026-02-09 11:45:00,2027.45,2029.4,2020.89,2028.23,3012.747
2026-02-09 12:00:00,2028.26,2038.4,2027.53,2036.96,4814.9051
2026-02-09 12:15:00,2036.95,2036.95,2031.41,2033.12,2882.4212
2026-02-09 12:30:00,2033.11,2039.4,2029.92,2036.81,2820.635
2026-02-09 12:45:00,2036.81,2037.33,2033.3,2035.65,2191.9437
2026-02-09 13:00:00,2035.65,2047.99,2030.78,2046.06,6333.2418
2026-02-09 13:15:00,2046.07,2050.17,2039.0,2047.7,3885.4208
2026-02-09 13:30:00,2047.7,2047.7,2036.5,2039.76,4156.4637
2026-02-09 13:45:00,2039.76,2041.55,2022.3,2022.52,7588.6592
2026-02-09 14:00:00,2022.52,2027.48,2008.62,2014.62,10220.2702
2026-02-09 14:15:00,2014.63,2027.73,2010.26,2025.78,6949.4793
2026-02-09 14:30:00,2025.78,2049.15,2013.21,2035.77,22489.6277
2026-02-09 14:45:00,2035.78,2049.99,2033.12,2043.7,10295.9994
2026-02-09 15:00:00,2043.71,2073.47,2043.71,2056.31,15075.4816
2026-02-09 15:15:00,2056.32,2064.15,2032.1,2037.13,9139.2926
2026-02-09 15:30:00,2037.12,2065.55,2035.45,2061.41,8592.7243
2026-02-09 15:45:00,2061.46,2067.0,2051.59,2061.61,5756.6587
2026-02-09 16:00:00,2061.61,2065.88,2047.78,2050.99,5426.5895
2026-02-09 16:15:00,2050.99,2062.22,2049.03,2060.7,4299.101
2026-02-09 16:30:00,2060.69,2085.77,2051.82,2081.07,8539.1916
2026-02-09 16:45:00,2081.06,2109.57,2080.99,2091.21,17429.1325
2026-02-09 17:00:00,2091.22,2099.08,2078.94,2083.6,9309.2939
2026-02-09 17:15:00,2083.61,2090.56,2078.0,2085.75,4450.9624
2026-02-09 17:30:00,2085.72,2136.9,2083.65,2131.88,24196.5219
2026-02-09 17:45:00,2131.89,2136.03,2121.06,2127.33,8056.5652
2026-02-09 18:00:00,2127.33,2143.0,2125.23,2126.17,12187.0551
2026-02-09 18:15:00,2126.17,2131.12,2109.53,2116.32,11167.8223
2026-02-09 18:30:00,2116.33,2133.92,2113.89,2129.33,9560.1839
2026-02-09 18:45:00,2129.33,2137.88,2122.34,2130.67,6119.9357
2026-02-09 19:00:00,2130.67,2131.42,2122.17,2125.85,3880.3266
2026-02-09 19:15:00,2125.86,2129.45,2119.25,2127.32,3903.8649
2026-02-09 19:30:00,2127.32,2138.35,2125.26,2130.59,6099.6689
2026-02-09 19:45:00,2130.58,2136.51,2127.69,2131.34,8062.0381
2026-02-09 20:00:00,2131.34,2147.73,2122.92,2140.68,9608.9051
2026-02-09 20:15:00,2140.67,2140.67,2118.36,2119.81,9246.2278
2026-02-09 20:30:00,2119.82,2130.71,2118.34,2129.37,4285.3287
2026-02-09 20:45:00,2129.38,2132.37,2124.29,2124.86,5423.7839
2026-02-09 21:00:00,2124.87,2127.28,2114.47,2117.36,3527.1095
2026-02-09 21:15:00,2117.36,2118.89,2110.82,2113.26,3475.2244
2026-02-09 21:30:00,2113.27,2114.3,2089.0,2099.1,11378.4076
2026-02-09 21:45:00,2099.1,2129.78,2091.82,2122.24,14675.5614
2026-02-09 22:00:00,2122.24,2125.9,2116.52,2124.01,4446.6642
2026-02-09 22:15:00,2124.0,2124.0,2113.6,2117.93,10106.826
2026-02-09 22:30:00,2117.93,2121.4,2115.5,2116.81,3186.7504
2026-02-09 22:45:00,2116.8,2119.71,2111.4,2115.22,2969.6109
2026-02-09 23:00:00,2115.22,2122.47,2111.27,2113.6,3131.1758
2026-02-09 23:15:00,2113.6,2115.8,2105.96,2109.12,3341.0259
2026-02-09 23:30:00,2109.11,2113.3,2106.29,2111.34,3218.8414
2026-02-09 23:45:00,2111.31,2111.36,2101.67,2105.02,3057.4895
2026-02-10 00:00:00,2105.02,2110.86,2100.32,2110.3,2826.7146
2026-02-10 00:15:00,2110.3,2112.92,2100.39,2104.19,3085.7504
2026-02-10 00:30:00,2104.19,2107.6,2097.73,2098.54,2046.72
2026-02-10 00:45:00,2098.53,2102.5,2096.49,2096.72,1675.6912
2026-02-10 01:00:00,2096.72,2112.58,2096.4,2111.06,3166.5775
2026-02-10 01:15:00,2111.06,2120.2,2108.55,2116.75,2795.9811
2026-02-10 01:30:00,2116.75,2121.86,2110.55,2120.78,2249.2452
2026-02-10 01:45:00,2120.79,2124.71,2114.59,2117.35,2188.5223
2026-02-10 02:00:00,2117.35,2119.15,2113.69,2115.77,2170.1871
2026-02-10 02:15:00,2115.77,2121.71,2109.63,2110.06,2304.7566
2026-02-10 02:30:00,2110.06,2111.69,2104.21,2104.8,1784.2048
2026-02-10 02:45:00,2104.79,2111.23,2102.73,2108.18,2534.1564
2026-02-10 03:00:00,2108.18,2110.7,2096.13,2099.4,3822.3959
2026-02-10 03:15:00,2099.39,2102.0,2067.48,2071.34,13068.0806
2026-02-10 03:30:00,2071.33,2071.33,2052.14,2061.54,14200.7396
2026-02-10 03:45:00,2061.55,2066.3,2060.01,2064.96,3842.9019
2026-02-10 04:00:00,2064.96,2074.35,2063.7,2073.08,3750.7754
2026-02-10 04:15:00,2073.08,2073.6,2063.67,2070.18,3093.1454
2026-02-10 04:30:00,2070.21,2073.67,2062.91,2065.39,2932.4405
2026-02-10 04:45:00,2065.39,2072.16,2063.88,2070.44,1939.6637
2026-02-10 05:00:00,2070.44,2072.0,2067.11,2070.11,2022.8295
2026-02-10 05:15:00,2070.1,2070.53,2062.53,2063.25,2391.8683
2026-02-10 05:30:00,2063.24,2071.71,2054.5,2056.42,6287.3516
2026-02-10 05:45:00,2056.42,2057.88,2045.57,2053.07,9057.2812
2026-02-10 06:00:00,2053.07,2057.71,2049.19,2051.55,8775.6518
2026-02-10 06:15:00,2051.55,2054.0,2039.09,2040.91,12270.8746
2026-02-10 06:30:00,2040.92,2044.95,2026.49,2029.22,15956.0971
2026-02-10 06:45:00,2029.23,2029.49,1997.59,2008.79,85546.6974
2026-02-10 07:00:00,2008.79,2019.84,2006.16,2011.55,14238.0608
2026-02-10 07:15:00,2011.55,2014.87,1999.99,2013.42,10488.213
2026-02-10 07:30:00,2013.41,2015.74,2006.08,2011.21,9710.5953
2026-02-10 07:45:00,2011.21,2013.44,2006.33,2007.47,7152.0113
2026-02-10 08:00:00,2007.47,2010.82,2002.05,2004.62,6389.9671
2026-02-10 08:15:00,2004.63,2017.05,1995.83,2011.41,9671.8958
2026-02-10 08:30:00,2011.4,2013.04,1999.32,2008.8,27327.4518
2026-02-10 08:45:00,2008.8,2017.47,2008.55,2014.88,11103.5127
2026-02-10 09:00:00,2014.87,2029.98,2013.34,2021.63,9113.9191
2026-02-10 09:15:00,2021.64,2027.74,2021.64,2022.81,5254.3742
2026-02-10 09:30:00,2022.81,2022.91,2018.22,2022.69,3004.4675
2026-02-10 09:45:00,2022.69,2023.9,2009.87,2016.8,12727.8613
2026-02-10 10:00:00,2016.8,2019.7,2012.59,2015.75,3170.7236
2026-02-10 10:15:00,2015.75,2022.02,2009.54,2017.99,4436.8587
2026-02-10 10:30:00,2017.99,2017.99,2012.81,2014.96,4686.4355
2026-02-10 10:45:00,2014.97,2017.72,2013.34,2014.01,1721.9797
2026-02-10 11:00:00,2014.0,2016.91,2010.73,2012.53,2560.8507
2026-02-10 11:15:00,2012.53,2018.0,2011.81,2017.34,2449.4056
2026-02-10 11:30:00,2017.34,2022.82,2004.02,2009.2,5318.1376
2026-02-10 11:45:00,2009.19,2013.29,2001.05,2003.21,5648.9541
2026-02-10 12:00:00,2003.2,2016.8,2003.2,2011.27,4361.1504
2026-02-10 12:15:00,2011.27,2017.07,2011.26,2014.27,2171.3059
2026-02-10 12:30:00,2014.27,2017.52,2005.5,2006.38,2386.7731
2026-02-10 12:45:00,2006.4,2010.26,2002.6,2008.16,3151.9806
2026-02-10 13:00:00,2008.15,2015.48,1999.0,2011.19,9714.3353
2026-02-10 13:15:00,2011.2,2016.7,2009.23,2013.65,3600.6152
2026-02-10 13:30:00,2013.64,2027.68,2011.28,2023.44,6462.6231
2026-02-10 13:45:00,2023.45,2026.24,2018.38,2022.49,3088.943
2026-02-10 14:00:00,2022.49,2022.74,2014.61,2022.35,3045.8685
2026-02-10 14:15:00,2022.35,2040.01,2022.0,2027.61,8119.3575
2026-02-10 14:30:00,2027.61,2035.54,1989.38,2003.68,18897.4104
2026-02-10 14:45:00,2003.69,2016.32,1992.92,2009.8,9581.6765
2026-02-10 15:00:00,2009.79,2027.6,2004.02,2010.85,11943.7617
2026-02-10 15:15:00,2010.84,2028.18,2007.0,2021.74,6081.8897
2026-02-10 15:30:00,2021.74,2029.99,2020.72,2025.33,7205.4388
2026-02-10 15:45:00,2025.33,2028.88,2016.74,2022.66,7007.9733
2026-02-10 16:00:00,2022.67,2037.75,2012.22,2034.52,6310.6486
2026-02-10 16:15:00,2034.52,2037.51,2022.12,2027.41,4896.8453
2026-02-10 16:30:00,2027.4,2036.31,2023.4,2031.44,3253.8215
2026-02-10 16:45:00,2031.44,2034.27,2021.93,2026.09,3820.7359
2026-02-10 17:00:00,2026.08,2027.68,2020.0,2024.62,2240.2742
2026-02-10 17:15:00,2024.63,2036.48,2023.74,2031.19,3585.0394
2026-02-10 17:30:00,2031.18,2046.94,2030.0,2043.48,6011.1678
2026-02-10 17:45:00,2043.48,2043.93,2035.48,2040.2,2420.3313
2026-02-10 18:00:00,2040.2,2042.65,2027.29,2028.13,2821.0697
2026-02-10 18:15:00,2028.12,2030.65,2003.86,2007.5,8244.033
2026-02-10 18:30:00,2007.5,2014.68,2003.43,2010.1,3897.8804
2026-02-10 18:45:00,2010.1,2015.7,1996.18,2009.44,5774.0714
2026-02-10 19:00:00,2009.44,2014.91,2005.07,2012.19,2453.2154
2026-02-10 19:15:00,2012.18,2013.42,2003.74,2010.64,2717.8213
2026-02-10 19:30:00,2010.64,2025.72,2009.99,2022.33,3594.6038
2026-02-10 19:45:00,2022.33,2024.5,2014.96,2017.95,1268.2546
2026-02-10 20:00:00,2017.95,2021.52,2008.18,2008.44,1529.7675
2026-02-10 20:15:00,2008.43,2012.95,2007.4,2009.8,1362.557
2026-02-10 20:30:00,2009.79,2015.85,2004.75,2014.47,2362.8784
2026-02-10 20:45:00,2014.48,2015.32,2008.44,2011.55,1616.9624
2026-02-10 21:00:00,2011.56,2017.95,2010.69,2013.1,1119.3358
2026-02-10 21:15:00,2013.1,2015.64,2007.68,2007.68,799.4553
2026-02-10 21:30:00,2007.69,2007.69,1997.0,2003.61,4425.8379
2026-02-10 21:45:00,2003.62,2010.73,2003.08,2008.45,2075.67
2026-02-10 22:00:00,2008.46,2013.16,2007.11,2007.12,2194.0746
2026-02-10 22:15:00,2007.12,2014.99,2007.12,2014.64,1693.4772
2026-02-10 22:30:00,2014.64,2020.35,2013.03,2017.0,1869.4668
2026-02-10 22:45:00,2016.99,2018.5,2011.68,2017.95,1360.0495
2026-02-10 23:00:00,2017.95,2018.18,2013.04,2017.77,2344.0319
2026-02-10 23:15:00,2017.76,2017.76,2012.64,2013.9,2085.0827
2026-02-10 23:30:00,2013.9,2021.65,2012.87,2020.8,1512.6247
2026-02-10 23:45:00,2020.8,2022.85,2018.37,2022.67,1876.5254
2026-02-11 00:00:00,2022.67,2025.64,2019.29,2020.05,2144.0975
2026-02-11 00:15:00,2020.05,2029.66,2020.05,2027.14,2334.6556
2026-02-11 00:30:00,2027.15,2027.2,2020.4,2022.14,1251.0858
2026-02-11 00:45:00,2022.14,2027.9,2020.69,2025.41,1158.6759
2026-02-11 01:00:00,2025.41,2031.02,2022.72,2025.99,1732.7321
2026-02-11 01:15:00,2025.99,2028.57,2017.95,2018.08,1813.3757
2026-02-11 01:30:00,2018.07,2028.28,2016.6,2026.36,2282.295
2026-02-11 01:45:00,2026.36,2028.41,2021.61,2024.45,1310.2711
2026-02-11 02:00:00,2024.45,2030.99,2024.45,2024.5,1444.2855
2026-02-11 02:15:00,2024.5,2032.31,2024.5,2029.92,1262.156
2026-02-11 02:30:00,2029.93,2031.38,2023.01,2023.01,1633.8565
2026-02-11 02:45:00,2023.0,2023.01,2014.39,2017.85,1914.4646
2026-02-11 03:00:00,2017.84,2019.03,2010.0,2010.26,2233.2883
2026-02-11 03:15:00,2010.26,2017.64,1998.0,2011.07,6393.6041
2026-02-11 03:30:00,2011.06,2021.38,2010.24,2016.85,2690.3626
2026-02-11 03:45:00,2016.88,2018.52,2009.07,2009.59,1594.9034
2026-02-11 04:00:00,2009.59,2011.23,2001.53,2001.78,2690.7266
2026-02-11 04:15:00,2001.78,2003.96,1977.02,1984.38,13456.1705
2026-02-11 04:30:00,1984.38,1987.27,1966.88,1974.19,13098.4726
2026-02-11 04:45:00,1974.19,1978.42,1963.29,1971.39,5307.6145
2026-02-11 05:00:00,1971.4,1980.26,1971.28,1977.57,2835.806
2026-02-11 05:15:00,1977.57,1981.4,1973.11,1979.38,2516.9
2026-02-11 05:30:00,1979.37,1980.23,1972.49,1974.24,2398.9275
2026-02-11 05:45:00,1974.23,1977.99,1971.7,1974.45,1611.3766
2026-02-11 06:00:00,1974.45,1977.49,1949.58,1953.25,12886.7532
2026-02-11 06:15:00,1953.26,1960.87,1939.21,1959.23,16193.412
2026-02-11 06:30:00,1959.22,1961.16,1953.22,1953.32,6455.2943
2026-02-11 06:45:00,1953.32,1954.74,1943.41,1949.19,5456.1867
2026-02-11 07:00:00,1949.19,1957.35,1945.5,1949.63,4517.0119
2026-02-11 07:15:00,1949.62,1954.32,1945.6,1952.46,3088.2191
2026-02-11 07:30:00,1952.45,1958.21,1949.0,1955.23,4682.817
2026-02-11 07:45:00,1955.23,1958.57,1950.49,1950.89,3332.9901
2026-02-11 08:00:00,1950.9,1953.72,1937.11,1944.49,6738.8779
2026-02-11 08:15:00,1944.48,1951.54,1942.49,1948.51,3251.2499
2026-02-11 08:30:00,1948.51,1953.09,1945.0,1951.61,2359.6529
2026-02-11 08:45:00,1951.6,1952.08,1946.58,1950.12,2169.3841
2026-02-11 09:00:00,1950.13,1954.32,1947.38,1951.53,2747.0876
2026-02-11 09:15:00,1951.52,1952.38,1946.32,1951.36,2540.1454
2026-02-11 09:30:00,1951.36,1953.72,1945.85,1947.33,2228.7464
2026-02-11 09:45:00,1947.33,1948.81,1943.31,1947.0,2267.104
2026-02-11 10:00:00,1947.0,1947.0,1938.18,1940.46,3838.3441
2026-02-11 10:15:00,1940.46,1946.39,1938.88,1945.8,1483.3621
2026-02-11 10:30:00,1945.8,1946.26,1932.02,1938.05,5566.6021
2026-02-11 10:45:00,1938.05,1940.45,1933.5,1939.3,3111.471
2026-02-11 11:00:00,1939.29,1944.5,1936.75,1942.3,3266.4206
2026-02-11 11:15:00,1942.3,1954.02,1941.34,1951.47,3624.6845
2026-02-11 11:30:00,1951.46,1952.49,1947.64,1949.54,2482.1128
2026-02-11 11:45:00,1949.55,1956.52,1949.54,1953.66,2157.7068
2026-02-11 12:00:00,1953.65,1967.1,1951.5,1958.68,5745.8554
2026-02-11 12:15:00,1958.68,1966.53,1958.13,1960.1,4511.5031
2026-02-11 12:30:00,1960.09,1960.77,1949.08,1950.17,3577.7231
2026-02-11 12:45:00,1950.16,1954.05,1949.35,1952.34,1427.9723
2026-02-11 13:00:00,1952.34,1954.67,1942.93,1946.15,2251.2229
2026-02-11 13:15:00,1946.16,1950.96,1943.2,1948.72,6648.5119
2026-02-11 13:30:00,1948.7,1968.93,1942.82,1955.38,18285.7971
2026-02-11 13:45:00,1955.38,1964.52,1947.0,1960.6,5826.9049
2026-02-11 14:00:00,1960.6,2015.81,1959.6,2003.74,25942.6828
2026-02-11 14:15:00,2003.75,2006.52,1982.77,1987.81,11379.2896
2026-02-11 14:30:00,1987.82,1996.51,1952.7,1963.66,20259.3451
2026-02-11 14:45:00,1963.66,1968.6,1937.23,1943.3,18021.2027
2026-02-11 15:00:00,1943.34,1950.49,1903.19,1917.71,29594.9316
2026-02-11 15:15:00,1917.72,1929.1,1908.99,1922.3,14754.4586
2026-02-11 15:30:00,1922.3,1940.02,1919.27,1937.14,12647.1941
2026-02-11 15:45:00,1937.14,1939.29,1916.88,1929.46,9923.9941
2026-02-11 16:00:00,1929.46,1956.34,1928.12,1953.55,10929.0145
2026-02-11 16:15:00,1953.56,1954.99,1934.99,1936.26,7291.6281
2026-02-11 16:30:00,1936.25,1940.76,1918.07,1918.31,8939.6505
2026-02-11 16:45:00,1918.31,1924.4,1910.02,1915.33,6914.431
2026-02-11 17:00:00,1915.34,1923.09,1908.8,1918.72,6850.0364
2026-02-11 17:15:00,1918.73,1935.87,1916.91,1932.5,7329.4095
2026-02-11 17:30:00,1932.5,1940.75,1930.28,1933.99,6461.34
2026-02-11 17:45:00,1934.0,1942.48,1929.36,1929.88,3955.1339
2026-02-11 18:00:00,1929.95,1931.64,1915.71,1924.29,4850.0726
2026-02-11 18:15:00,1924.29,1943.73,1924.07,1938.17,6768.6483
2026-02-11 18:30:00,1938.18,1945.07,1933.87,1939.11,4199.4096
2026-02-11 18:45:00,1939.11,1948.57,1937.97,1944.03,6328.0834
2026-02-11 19:00:00,1944.02,1959.09,1940.22,1953.13,9043.1751
2026-02-11 19:15:00,1953.12,1958.07,1944.05,1944.48,6168.3791
2026-02-11 19:30:00,1944.47,1957.98,1938.28,1955.96,4008.3916
2026-02-11 19:45:00,1955.95,1959.8,1950.2,1952.28,3297.9949
2026-02-11 20:00:00,1952.27,1958.15,1944.83,1956.8,2629.8569
2026-02-11 20:15:00,1956.8,1958.84,1940.49,1941.93,2919.3705
2026-02-11 20:30:00,1941.92,1948.59,1941.36,1947.32,2094.3822
2026-02-11 20:45:00,1947.32,1958.47,1946.57,1954.23,4095.4073
2026-02-11 21:00:00,1954.24,1958.83,1950.92,1954.71,2634.4625
2026-02-11 21:15:00,1954.71,1977.99,1952.09,1974.86,7351.0606
2026-02-11 21:30:00,1974.86,1988.07,1969.38,1973.88,5870.9799
2026-02-11 21:45:00,1973.88,1978.79,1970.27,1970.45,1978.7902
2026-02-11 22:00:00,1970.46,1973.25,1957.4,1961.81,3580.0154
2026-02-11 22:15:00,1961.82,1965.22,1954.05,1959.99,2887.4978
2026-02-11 22:30:00,1959.99,1962.91,1955.3,1960.86,1299.5137
2026-02-11 22:45:00,1960.85,1963.44,1948.35,1951.47,2263.0116
2026-02-11 23:00:00,1951.47,1956.95,1944.45,1947.67,3635.2431
2026-02-11 23:15:00,1947.66,1949.54,1932.44,1936.86,4527.0615
2026-02-11 23:30:00,1936.86,1944.51,1933.36,1944.38,2692.9932
2026-02-11 23:45:00,1944.37,1945.2,1939.06,1941.18,1507.043
2026-02-12 00:00:00,1941.19,1953.45,1941.19,1953.22,2927.7633
2026-02-12 00:15:00,1953.23,1955.58,1948.68,1952.01,1615.0396
2026-02-12 00:30:00,1952.04,1963.32,1951.48,1959.98,2777.679
2026-02-12 00:45:00,1959.98,1963.53,1958.47,1958.8,2174.2202
2026-02-12 01:00:00,1958.81,1968.75,1958.81,1968.4,2711.0797
2026-02-12 01:15:00,1968.4,1974.28,1963.51,1969.86,3506.5013
2026-02-12 01:30:00,1969.87,1977.75,1967.17,1972.24,3109.4683
2026-02-12 01:45:00,1972.23,1972.51,1965.26,1965.94,2085.0602
2026-02-12 02:00:00,1965.93,1971.91,1958.18,1959.08,3509.383
2026-02-12 02:15:00,1959.09,1963.62,1955.39,1962.9,3286.5393
2026-02-12 02:30:00,1962.89,1970.36,1961.26,1966.86,2565.6144
2026-02-12 02:45:00,1966.87,1966.87,1958.12,1958.69,2758.5954
2026-02-12 03:00:00,1958.7,1965.13,1957.19,1963.45,2156.8185
2026-02-12 03:15:00,1963.47,1964.11,1957.5,1962.17,2208.6019
2026-02-12 03:30:00,1962.17,1968.73,1960.67,1966.62,2882.1186
2026-02-12 03:45:00,1966.63,1969.11,1964.43,1968.69,1912.1276
2026-02-12 04:00:00,1968.7,1975.14,1965.88,1973.29,3513.5708
2026-02-12 04:15:00,1973.3,1974.25,1963.1,1964.02,3148.1188
2026-02-12 04:30:00,1964.01,1975.35,1960.29,1971.72,3665.5945
2026-02-12 04:45:00,1971.71,1973.75,1965.5,1965.78,1898.5132
2026-02-12 05:00:00,1965.78,1969.9,1956.86,1957.55,2955.1275
2026-02-12 05:15:00,1957.54,1964.87,1953.14,1961.64,4044.729
2026-02-12 05:30:00,1961.59,1970.42,1960.26,1969.02,2959.8609
2026-02-12 05:45:00,1969.03,1971.95,1966.8,1970.69,1922.9379
2026-02-12 06:00:00,1970.69,1975.0,1965.51,1971.07,2063.9624
2026-02-12 06:15:00,1971.07,1983.0,1968.62,1979.29,4535.7743
2026-02-12 06:30:00,1979.29,1981.64,1972.88,1973.88,5016.9761
2026-02-12 06:45:00,1973.88,1977.78,1970.66,1975.06,2336.8054
2026-02-12 07:00:00,1975.06,1975.59,1966.19,1969.18,4665.1835
2026-02-12 07:15:00,1969.17,1977.92,1966.89,1975.85,4318.2967
2026-02-12 07:30:00,1975.84,1976.1,1969.18,1969.64,2264.9693
2026-02-12 07:45:00,1969.63,1970.91,1967.3,1968.07,3184.2738
2026-02-12 08:00:00,1968.07,1973.92,1966.35,1969.89,5408.1194
2026-02-12 08:15:00,1969.89,1969.89,1957.25,1959.66,5106.7169
2026-02-12 08:30:00,1959.64,1963.55,1958.55,1959.98,2320.5894
2026-02-12 08:45:00,1960.02,1966.99,1960.02,1965.52,2301.5578
2026-02-12 09:00:00,1965.52,1972.16,1963.28,1969.29,3506.6963
2026-02-12 09:15:00,1969.28,1976.94,1968.91,1976.38,2474.6599
2026-02-12 09:30:00,1976.39,1981.58,1974.37,1977.57,2767.6825
2026-02-12 09:45:00,1977.57,1989.67,1974.35,1982.43,5902.3692
2026-02-12 10:00:00,1982.43,1988.74,1979.57,1981.47,3659.8322
2026-02-12 10:15:00,1981.47,1983.78,1977.57,1982.93,1663.0435
2026-02-12 10:30:00,1982.94,1988.66,1981.09,1982.01,2333.5174
2026-02-12 10:45:00,1982.02,1995.73,1981.64,1994.15,4368.8049
2026-02-12 11:00:00,1994.16,1994.86,1983.71,1988.66,3830.6999
2026-02-12 11:15:00,1988.65,2001.42,1986.93,1998.32,5083.2603
2026-02-12 11:30:00,1998.31,2001.0,1991.97,1993.67,4028.8465
2026-02-12 11:45:00,1993.67,1994.73,1988.78,1989.02,2160.6922
2026-02-12 12:00:00,1989.02,1990.75,1981.25,1986.64,3695.1157
2026-02-12 12:15:00,1986.64,1987.69,1979.76,1984.84,3465.3603
2026-02-12 12:30:00,1984.84,1985.35,1980.32,1982.78,1409.518
2026-02-12 12:45:00,1982.73,1987.07,1974.85,1980.85,3674.5394
2026-02-12 13:00:00,1980.85,1986.02,1975.5,1984.21,3678.794
2026-02-12 13:15:00,1984.21,1988.22,1977.18,1981.0,2482.5668
2026-02-12 13:30:00,1981.0,1992.81,1979.81,1991.25,2645.735
2026-02-12 13:45:00,1991.25,1996.3,1986.87,1994.99,2817.8951
2026-02-12 14:00:00,1994.99,1996.05,1981.17,1984.63,3157.0694
2026-02-12 14:15:00,1984.64,1986.93,1980.61,1986.54,2316.8789
2026-02-12 14:30:00,1986.54,1994.7,1976.48,1977.02,9023.773
2026-02-12 14:45:00,1977.02,1987.63,1973.41,1978.5,8672.6517
2026-02-12 15:00:00,1978.5,1984.81,1954.1,1967.29,14426.3989
2026-02-12 15:15:00,1967.28,1980.0,1965.18,1974.11,7341.4514
2026-02-12 15:30:00,1974.1,1977.48,1950.0,1955.83,6324.8717
2026-02-12 15:45:00,1955.84,1960.87,1945.01,1948.47,5195.4661
2026-02-12 16:00:00,1948.48,1950.16,1918.63,1919.7,15906.0814
2026-02-12 16:15:00,1919.73,1932.55,1903.76,1908.99,19316.2805
2026-02-12 16:30:00,1908.97,1922.95,1897.24,1917.14,25327.4841
2026-02-12 16:45:00,1917.13,1920.1,1898.46,1909.18,13982.7632
2026-02-12 17:00:00,1909.18,1919.78,1902.9,1909.36,9905.6364
2026-02-12 17:15:00,1909.36,1921.58,1906.87,1915.84,8578.5728
2026-02-12 17:30:00,1915.85,1927.52,1912.35,1920.06,7086.012
2026-02-12 17:45:00,1920.06,1922.59,1907.69,1910.42,5185.1749
2026-02-12 18:00:00,1910.42,1921.7,1908.65,1917.88,5512.7662
2026-02-12 18:15:00,1917.88,1918.98,1903.28,1908.15,6298.6289
2026-02-12 18:30:00,1908.18,1918.14,1901.82,1915.67,5388.1671
2026-02-12 18:45:00,1915.66,1925.51,1913.27,1918.65,4979.2597
2026-02-12 19:00:00,1918.66,1923.85,1911.76,1918.05,3552.3369
2026-02-12 19:15:00,1918.05,1937.2,1916.59,1931.19,6683.0258
2026-02-12 19:30:00,1931.19,1941.09,1929.1,1931.91,8519.2744
2026-02-12 19:45:00,1931.92,1937.75,1923.98,1925.44,3828.9868
2026-02-12 20:00:00,1925.45,1932.16,1917.3,1921.27,3915.952
2026-02-12 20:15:00,1921.28,1924.16,1917.07,1918.51,3041.4811
2026-02-12 20:30:00,1918.51,1924.16,1916.57,1920.43,4350.6167
2026-02-12 20:45:00,1920.43,1921.54,1909.66,1915.85,3614.6047
2026-02-12 21:00:00,1915.88,1922.13,1914.37,1921.01,2002.587
2026-02-12 21:15:00,1921.01,1925.5,1917.03,1921.04,1836.4777
2026-02-12 21:30:00,1921.05,1927.88,1919.0,1925.0,1705.5918
2026-02-12 21:45:00,1925.0,1926.47,1921.94,1923.51,1432.8054
2026-02-12 22:00:00,1923.52,1925.78,1921.76,1925.25,1220.4786
2026-02-12 22:15:00,1925.24,1929.06,1920.46,1929.05,1531.1942
2026-02-12 22:30:00,1929.05,1936.55,1927.81,1935.26,3981.4996
2026-02-12 22:45:00,1935.26,1945.8,1935.26,1942.97,3644.7637
2026-02-12 23:00:00,1942.96,1950.09,1939.43,1943.09,5724.8709
2026-02-12 23:15:00,1943.08,1952.61,1941.7,1948.6,2808.088
2026-02-12 23:30:00,1948.63,1952.58,1944.55,1946.09,3150.8361
2026-02-12 23:45:00,1946.09,1950.44,1944.34,1947.85,1628.3702
2026-02-13 00:00:00,1947.85,1954.54,1943.64,1947.05,3195.375
2026-02-13 00:15:00,1947.06,1947.53,1933.91,1935.13,3741.7408
2026-02-13 00:30:00,1935.13,1939.59,1931.18,1932.18,2403.3257
2026-02-13 00:45:00,1932.19,1936.16,1927.63,1933.26,2196.5783
2026-02-13 01:00:00,1933.26,1945.38,1933.26,1944.83,2056.9898
2026-02-13 01:15:00,1944.82,1946.0,1936.8,1940.93,2189.3652
2026-02-13 01:30:00,1940.94,1949.88,1940.21,1946.34,1823.9157
2026-02-13 01:45:00,1946.35,1950.02,1939.68,1943.63,1529.3832
2026-02-13 02:00:00,1943.64,1949.22,1942.46,1948.2,1223.1652
2026-02-13 02:15:00,1948.19,1948.69,1941.54,1946.22,2046.7573
2026-02-13 02:30:00,1946.21,1948.29,1940.88,1947.46,1225.8151
2026-02-13 02:45:00,1947.46,1952.0,1944.41,1948.3,2736.1541
2026-02-13 03:00:00,1948.31,1951.59,1944.5,1945.51,2549.1199
2026-02-13 03:15:00,1945.51,1951.43,1944.75,1951.31,1976.7503
2026-02-13 03:30:00,1951.32,1958.21,1951.32,1954.22,3960.3316
2026-02-13 03:45:00,1954.23,1955.0,1950.0,1953.55,2300.0285
2026-02-13 04:00:00,1953.56,1955.02,1949.61,1952.04,1420.2085
2026-02-13 04:15:00,1952.04,1955.8,1948.5,1950.87,2447.7488
2026-02-13 04:30:00,1950.87,1952.51,1947.19,1947.89,2704.6007
2026-02-13 04:45:00,1947.87,1952.14,1943.8,1944.78,4437.9944
2026-02-13 05:00:00,1944.77,1946.85,1937.4,1937.4,3119.8579
2026-02-13 05:15:00,1937.41,1943.03,1935.51,1939.28,1763.7808
2026-02-13 05:30:00,1939.27,1943.8,1938.19,1943.3,1166.5671
2026-02-13 05:45:00,1943.29,1945.0,1933.41,1934.19,2353.0039
2026-02-13 06:00:00,1934.19,1937.65,1934.0,1935.07,1794.0788
2026-02-13 06:15:00,1935.07,1939.26,1927.3,1930.98,2738.2735
2026-02-13 06:30:00,1930.98,1930.98,1924.72,1929.84,2684.8854
2026-02-13 06:45:00,1929.85,1937.59,1928.37,1936.57,3439.6011
2026-02-13 07:00:00,1936.57,1948.6,1935.66,1946.78,4156.5853
2026-02-13 07:15:00,1946.79,1947.61,1943.46,1946.13,1621.8771
2026-02-13 07:30:00,1946.12,1946.12,1933.1,1933.72,3665.7355
2026-02-13 07:45:00,1933.73,1939.41,1932.78,1935.75,4099.3422
2026-02-13 08:00:00,1935.75,1944.28,1933.65,1938.77,3231.9942
2026-02-13 08:15:00,1938.77,1947.44,1936.82,1945.16,3196.4655
2026-02-13 08:30:00,1945.15,1950.0,1944.13,1948.87,2789.7348
2026-02-13 08:45:00,1948.88,1964.04,1948.88,1958.95,8383.5859
2026-02-13 09:00:00,1958.96,1961.83,1953.04,1954.34,7633.4814
2026-02-13 09:15:00,1954.34,1962.73,1954.34,1960.65,5780.2207
2026-02-13 09:30:00,1960.64,1966.73,1959.88,1960.4,4837.3543
2026-02-13 09:45:00,1960.4,1966.72,1960.4,1962.0,2345.5324
2026-02-13 10:00:00,1962.0,1964.39,1957.35,1959.08,2654.8404
2026-02-13 10:15:00,1959.08,1969.26,1957.26,1958.55,4432.8066
2026-02-13 10:30:00,1958.54,1963.61,1956.7,1961.29,2387.3505
2026-02-13 10:45:00,1961.29,1963.57,1957.92,1959.4,2308.4117
2026-02-13 11:00:00,1959.41,1960.2,1953.98,1955.61,2396.2614
2026-02-13 11:15:00,1955.61,1957.87,1953.2,1956.15,2343.0494
2026-02-13 11:30:00,1956.15,1962.05,1945.84,1958.47,5404.5356
2026-02-13 11:45:00,1958.46,1961.44,1956.2,1960.04,2240.7952
2026-02-13 12:00:00,1960.05,1960.61,1952.6,1955.5,2222.2372
2026-02-13 12:15:00,1955.5,1963.17,1953.89,1962.57,2596.1853
2026-02-13 12:30:00,1962.56,1964.4,1959.09,1960.52,2279.062
2026-02-13 12:45:00,1960.53,1964.59,1958.63,1960.95,1953.9217
2026-02-13 13:00:00,1960.95,1964.95,1956.02,1958.42,3672.3995
2026-02-13 13:15:00,1958.41,1973.09,1958.08,1969.01,5749.4551
2026-02-13 13:30:00,1969.01,1981.11,1966.85,1970.73,12154.5663
2026-02-13 13:45:00,1970.64,1976.27,1965.47,1970.59,4689.2818
2026-02-13 14:00:00,1970.58,1971.78,1963.14,1964.09,2831.1792
2026-02-13 14:15:00,1964.08,1976.59,1964.08,1975.67,3523.5732
2026-02-13 14:30:00,1975.68,1990.52,1967.1,1984.0,21119.9289
2026-02-13 14:45:00,1984.0,2002.21,1983.92,1990.86,23548.3711
2026-02-13 15:00:00,1990.88,2030.87,1987.2,2020.94,25170.5059
2026-02-13 15:15:00,2020.94,2040.0,2014.43,2039.74,15409.3573
2026-02-13 15:30:00,2039.73,2050.58,2033.04,2033.59,18234.2985
2026-02-13 15:45:00,2033.6,2035.85,2024.19,2034.93,9992.2562
2026-02-13 16:00:00,2034.92,2062.5,2031.42,2051.07,14566.6533
2026-02-13 16:15:00,2051.07,2058.55,2043.67,2056.11,6992.1585
2026-02-13 16:30:00,2056.09,2073.68,2054.27,2064.5,12783.6299
2026-02-13 16:45:00,2064.51,2070.43,2059.63,2061.43,8384.5235
2026-02-13 17:00:00,2061.43,2062.57,2049.64,2059.49,14490.749
2026-02-13 17:15:00,2059.49,2062.34,2053.98,2058.12,3393.097
2026-02-13 17:30:00,2058.12,2068.35,2057.66,2062.66,3561.1337
2026-02-13 17:45:00,2062.66,2065.71,2057.71,2059.39,2707.4336
2026-02-13 18:00:00,2059.4,2061.64,2052.99,2055.71,3245.2085
2026-02-13 18:15:00,2055.7,2058.58,2050.64,2055.41,2918.6138
2026-02-13 18:30:00,2055.41,2064.65,2053.52,2059.27,2625.8576
2026-02-13 18:45:00,2059.28,2064.15,2055.7,2057.4,2858.2677
2026-02-13 19:00:00,2057.41,2061.31,2054.83,2058.38,2972.139
2026-02-13 19:15:00,2058.39,2061.67,2054.01,2054.01,2939.4393
2026-02-13 19:30:00,2054.01,2056.9,2052.2,2052.82,3099.2999
2026-02-13 19:45:00,2052.83,2061.6,2052.83,2057.75,2677.7689
2026-02-13 20:00:00,2057.74,2059.65,2052.07,2052.28,3384.1987
2026-02-13 20:15:00,2052.29,2053.88,2044.16,2046.08,4280.3773
2026-02-13 20:30:00,2046.08,2050.39,2038.69,2045.63,4230.8749
2026-02-13 20:45:00,2045.63,2049.02,2043.4,2045.61,3082.8837
2026-02-13 21:00:00,2045.61,2058.46,2045.04,2056.86,3620.7668
2026-02-13 21:15:00,2056.87,2056.87,2051.16,2051.72,1569.1695
2026-02-13 21:30:00,2051.71,2054.28,2051.13,2053.32,2151.8336
2026-02-13 21:45:00,2053.34,2054.27,2049.33,2054.02,1875.8335
2026-02-13 22:00:00,2054.03,2059.39,2045.07,2045.59,3726.4133
2026-02-13 22:15:00,2045.59,2052.03,2045.59,2051.99,1550.0173
2026-02-13 22:30:00,2051.99,2052.11,2046.88,2050.01,872.5799
2026-02-13 22:45:00,2050.0,2054.21,2048.0,2054.2,1194.4545
2026-02-13 23:00:00,2054.2,2054.41,2049.32,2051.56,2062.0849
2026-02-13 23:15:00,2051.56,2053.87,2050.0,2050.29,1352.7993
2026-02-13 23:30:00,2050.29,2052.04,2046.57,2047.09,1015.6072
2026-02-13 23:45:00,2047.09,2050.65,2047.09,2048.72,1181.9663
2026-02-14 00:00:00,2048.72,2049.94,2045.83,2047.91,1068.2927
2026-02-14 00:15:00,2047.91,2048.29,2042.37,2046.99,1226.5081
2026-02-14 00:30:00,2046.99,2051.78,2046.15,2051.67,1774.4205
2026-02-14 00:45:00,2051.66,2056.06,2049.9,2055.2,2126.118
2026-02-14 01:00:00,2055.2,2055.2,2050.29,2054.15,1252.9579
2026-02-14 01:15:00,2054.15,2057.57,2051.69,2055.47,1553.0355
2026-02-14 01:30:00,2055.46,2057.0,2052.79,2054.77,1071.5679
2026-02-14 01:45:00,2054.78,2056.92,2053.5,2054.35,1011.6658
2026-02-14 02:00:00,2054.35,2054.46,2051.69,2053.74,1675.792
2026-02-14 02:15:00,2053.74,2054.05,2048.1,2049.95,1935.7809
2026-02-14 02:30:00,2049.94,2051.87,2048.98,2051.02,1199.0674
2026-02-14 02:45:00,2051.02,2051.23,2048.66,2050.22,893.0603
2026-02-14 03:00:00,2050.22,2052.12,2048.48,2051.69,957.7052
2026-02-14 03:15:00,2051.69,2052.7,2049.07,2051.55,792.9751
2026-02-14 03:30:00,2051.55,2053.79,2051.5,2053.15,875.3138
2026-02-14 03:45:00,2053.15,2056.27,2051.13,2054.37,1584.928
2026-02-14 04:00:00,2054.39,2054.97,2052.77,2053.41,694.8695
2026-02-14 04:15:00,2053.4,2057.4,2053.18,2056.87,1698.3467
2026-02-14 04:30:00,2056.88,2057.56,2054.18,2057.5,1941.88
2026-02-14 04:45:00,2057.51,2058.0,2053.34,2053.57,773.008
2026-02-14 05:00:00,2053.56,2054.57,2051.38,2054.12,594.5887
2026-02-14 05:15:00,2054.13,2056.32,2054.12,2055.1,1606.4721
2026-02-14 05:30:00,2055.11,2055.68,2052.79,2053.94,1498.8344
2026-02-14 05:45:00,2053.94,2055.3,2050.86,2051.29,985.5945
2026-02-14 06:00:00,2051.28,2053.14,2048.5,2050.65,797.2086
2026-02-14 06:15:00,2050.64,2052.77,2049.32,2051.89,1545.0986
2026-02-14 06:30:00,2051.89,2054.12,2050.91,2053.61,700.1392
2026-02-14 06:45:00,2053.61,2054.62,2052.79,2053.68,779.4314
2026-02-14 07:00:00,2053.68,2054.88,2052.56,2053.74,868.8904
2026-02-14 07:15:00,2053.74,2055.5,2052.62,2054.89,924.6927
2026-02-14 07:30:00,2054.9,2055.85,2050.69,2055.46,1949.7103
2026-02-14 07:45:00,2055.45,2060.49,2054.16,2057.21,3010.4304
2026-02-14 08:00:00,2057.2,2091.32,2057.04,2072.36,14850.7963
2026-02-14 08:15:00,2072.4,2077.77,2067.28,2068.0,3983.6265
2026-02-14 08:30:00,2068.01,2080.11,2068.01,2076.22,3302.8844
2026-02-14 08:45:00,2076.22,2084.28,2076.21,2082.35,4674.1631
2026-02-14 09:00:00,2082.35,2088.64,2079.27,2080.3,3406.8432
2026-02-14 09:15:00,2080.29,2083.59,2075.91,2077.0,2016.2963
2026-02-14 09:30:00,2077.01,2082.81,2076.66,2082.26,1634.8026
2026-02-14 09:45:00,2082.26,2083.36,2077.57,2078.24,1275.0724
2026-02-14 10:00:00,2078.24,2078.25,2073.26,2075.53,1730.2151
2026-02-14 10:15:00,2075.53,2076.38,2072.57,2074.85,749.6845
2026-02-14 10:30:00,2074.84,2077.86,2074.02,2075.76,1066.7699
2026-02-14 10:45:00,2075.76,2077.66,2074.62,2077.42,478.3822
2026-02-14 11:00:00,2077.43,2094.48,2077.1,2093.51,3965.107
2026-02-14 11:15:00,2093.51,2107.67,2088.96,2096.46,8678.9566
2026-02-14 11:30:00,2096.46,2102.54,2093.21,2101.25,3336.8908
2026-02-14 11:45:00,2101.25,2102.94,2097.77,2099.58,3706.4653
2026-02-14 12:00:00,2099.58,2100.39,2094.68,2097.83,2738.9362
2026-02-14 12:15:00,2097.84,2098.44,2089.06,2091.9,3166.0339
2026-02-14 12:30:00,2091.9,2092.44,2074.35,2078.45,7336.0675
2026-02-14 12:45:00,2078.46,2082.01,2068.09,2070.97,7431.5092
2026-02-14 13:00:00,2070.97,2074.37,2064.58,2073.96,3388.0946
2026-02-14 13:15:00,2073.96,2074.97,2067.64,2069.03,3223.3557
2026-02-14 13:30:00,2069.02,2074.85,2066.39,2071.81,3222.1036
2026-02-14 13:45:00,2071.82,2076.05,2068.21,2071.54,3051.7499
2026-02-14 14:00:00,2071.54,2074.64,2070.61,2073.5,1729.4887
2026-02-14 14:15:00,2073.49,2077.58,2069.34,2071.48,1840.3422
2026-02-14 14:30:00,2071.48,2077.47,2071.48,2076.14,1912.0171
2026-02-14 14:45:00,2076.14,2088.81,2074.37,2085.09,4963.2673
2026-02-14 15:00:00,2085.1,2088.45,2081.82,2082.33,3625.0043
2026-02-14 15:15:00,2082.33,2093.73,2080.55,2088.32,3262.8551
2026-02-14 15:30:00,2088.32,2090.35,2084.28,2087.59,1652.3259
2026-02-14 15:45:00,2087.59,2089.19,2084.16,2087.43,2636.4847
2026-02-14 16:00:00,2087.42,2087.89,2077.32,2079.64,3802.4785
2026-02-14 16:15:00,2079.65,2079.73,2067.59,2072.46,8000.3947
2026-02-14 16:30:00,2072.45,2080.57,2067.27,2079.51,7511.9974
2026-02-14 16:45:00,2079.5,2084.95,2076.94,2082.83,2466.6484
2026-02-14 17:00:00,2082.84,2086.92,2077.49,2085.59,1855.1761
2026-02-14 17:15:00,2085.6,2089.28,2083.7,2084.56,1764.7771
2026-02-14 17:30:00,2084.57,2087.7,2078.18,2083.07,1851.0164
2026-02-14 17:45:00,2083.06,2083.71,2078.81,2080.23,1401.7212
2026-02-14 18:00:00,2080.23,2084.75,2078.77,2082.83,1261.7191
2026-02-14 18:15:00,2082.83,2085.72,2081.11,2082.0,1084.7612
2026-02-14 18:30:00,2082.0,2086.29,2080.57,2083.96,1405.4977
2026-02-14 18:45:00,2083.96,2086.61,2082.98,2085.39,665.1416
2026-02-14 19:00:00,2085.39,2087.37,2083.15,2083.18,1169.1604
2026-02-14 19:15:00,2083.18,2087.32,2078.56,2085.6,1321.7618
2026-02-14 19:30:00,2085.61,2088.32,2084.47,2087.39,1522.6343
2026-02-14 19:45:00,2087.38,2090.51,2086.4,2088.52,1686.0066
2026-02-14 20:00:00,2088.52,2092.95,2084.32,2085.23,1987.7912
2026-02-14 20:15:00,2085.24,2087.4,2081.24,2085.21,1614.9319
2026-02-14 20:30:00,2085.21,2088.57,2084.0,2087.84,761.468
2026-02-14 20:45:00,2087.85,2090.05,2087.39,2089.82,708.0326
2026-02-14 21:00:00,2089.83,2098.89,2089.44,2095.21,3148.6796
2026-02-14 21:15:00,2095.21,2097.01,2084.49,2084.74,4034.7652
2026-02-14 21:30:00,2084.74,2085.1,2078.63,2084.04,2545.6581
2026-02-14 21:45:00,2084.03,2086.52,2082.08,2085.87,895.264
2026-02-14 22:00:00,2085.86,2093.0,2085.53,2092.82,1412.4308
2026-02-14 22:15:00,2092.81,2092.82,2083.66,2089.14,1339.7759
2026-02-14 22:30:00,2089.13,2094.46,2088.18,2093.5,1302.8666
2026-02-14 22:45:00,2093.49,2094.68,2089.46,2090.47,1159.6473
2026-02-14 23:00:00,2090.46,2092.73,2088.47,2090.88,957.0324
2026-02-14 23:15:00,2090.87,2093.01,2083.7,2088.6,2526.2025
2026-02-14 23:30:00,2088.59,2090.42,2085.12,2087.66,894.1631
2026-02-14 23:45:00,2087.66,2089.13,2085.69,2086.59,1212.6571
2026-02-15 00:00:00,2086.59,2090.5,2081.4,2083.4,2253.1312
2026-02-15 00:15:00,2083.41,2088.2,2081.87,2081.88,984.9139
2026-02-15 00:30:00,2081.87,2084.17,2075.45,2076.16,2738.3631
2026-02-15 00:45:00,2076.15,2081.62,2072.74,2080.11,2358.6401
2026-02-15 01:00:00,2080.11,2085.02,2079.02,2083.61,1440.9536
2026-02-15 01:15:00,2083.61,2083.61,2058.03,2062.78,6139.9544
2026-02-15 01:30:00,2062.78,2066.91,2053.81,2056.5,5645.055
2026-02-15 01:45:00,2056.51,2065.32,2055.68,2064.19,2032.9713
2026-02-15 02:00:00,2064.18,2072.41,2053.04,2060.11,19194.5649
2026-02-15 02:15:00,2060.1,2063.45,2050.0,2057.14,7933.6486
2026-02-15 02:30:00,2057.14,2063.03,2045.0,2058.14,19160.6281
2026-02-15 02:45:00,2058.14,2063.65,2058.13,2059.58,3135.4615
2026-02-15 03:00:00,2059.59,2063.34,2057.47,2057.47,4444.9813
2026-02-15 03:15:00,2057.48,2060.0,2054.09,2055.33,3791.8275
2026-02-15 03:30:00,2055.34,2060.0,2030.9,2042.99,152390.1046
2026-02-15 03:45:00,2042.99,2060.71,2042.99,2058.94,7845.1883
2026-02-15 04:00:00,2058.94,2085.02,2058.94,2081.53,10684.9826
2026-02-15 04:15:00,2081.54,2087.13,2069.11,2072.81,7083.8403
2026-02-15 04:30:00,2072.82,2081.02,2072.14,2077.85,3300.1787
2026-02-15 04:45:00,2077.84,2080.88,2074.0,2076.31,2104.0584
2026-02-15 05:00:00,2076.31,2086.11,2075.12,2083.5,3152.1266
2026-02-15 05:15:00,2083.51,2093.75,2083.3,2090.53,4191.7148
2026-02-15 05:30:00,2090.52,2094.72,2087.84,2090.69,3055.5373
2026-02-15 05:45:00,2090.68,2096.11,2088.67,2088.68,3118.2063
2026-02-15 06:00:00,2088.67,2090.99,2085.55,2087.31,1790.6496
2026-02-15 06:15:00,2087.32,2094.41,2086.18,2090.1,2751.0122
2026-02-15 06:30:00,2090.1,2094.71,2088.41,2088.41,2613.11
2026-02-15 06:45:00,2088.4,2089.37,2082.61,2085.85,1927.5472
2026-02-15 07:00:00,2085.85,2088.34,2084.02,2084.85,2115.608
2026-02-15 07:15:00,2084.86,2090.46,2082.47,2085.78,14940.8667
2026-02-15 07:30:00,2085.78,2103.32,2083.67,2090.18,11819.0366
2026-02-15 07:45:00,2090.18,2093.35,2088.75,2091.41,5886.2173
2026-02-15 08:00:00,2091.41,2096.82,2084.26,2085.01,8928.5375
2026-02-15 08:15:00,2085.02,2089.56,2076.16,2076.38,5310.5175
2026-02-15 08:30:00,2076.34,2077.74,2055.92,2063.72,9512.0423
2026-02-15 08:45:00,2063.72,2070.07,2061.31,2069.2,3564.9956
2026-02-15 09:00:00,2069.2,2078.86,2066.02,2074.05,3809.2755
2026-02-15 09:15:00,2074.04,2075.36,2070.84,2075.26,2058.4736
2026-02-15 09:30:00,2075.25,2075.45,2068.03,2071.11,1551.5933
2026-02-15 09:45:00,2071.11,2071.9,2066.89,2068.7,2049.6709
2026-02-15 10:00:00,2068.7,2070.26,2054.36,2058.01,3297.1998
2026-02-15 10:15:00,2058.0,2064.18,2055.09,2062.92,2423.2499
2026-02-15 10:30:00,2062.92,2063.59,2057.12,2063.57,1752.0979
2026-02-15 10:45:00,2063.57,2066.13,2059.58,2061.57,2943.0017
2026-02-15 11:00:00,2061.56,2066.53,2060.89,2063.82,1304.8222
2026-02-15 11:15:00,2063.82,2067.01,2060.0,2062.25,1433.482
2026-02-15 11:30:00,2062.24,2063.43,2058.61,2062.37,1228.6036
2026-02-15 11:45:00,2062.36,2063.26,2058.9,2061.96,925.0113
2026-02-15 12:00:00,2061.96,2063.0,2056.72,2059.85,1367.2191
2026-02-15 12:15:00,2059.84,2066.6,2056.75,2066.36,2310.4757
2026-02-15 12:30:00,2066.35,2068.63,2058.17,2061.41,1814.4537
2026-02-15 12:45:00,2061.4,2061.4,2011.0,2011.0,21959.9332
2026-02-15 13:00:00,2011.0,2025.79,2010.55,2020.14,13598.1771
2026-02-15 13:15:00,2020.13,2028.34,2006.6,2008.8,12126.2494
2026-02-15 13:30:00,2008.8,2014.45,2003.25,2007.16,10246.5745
2026-02-15 13:45:00,2007.16,2011.63,1994.05,2002.46,13021.1883
2026-02-15 14:00:00,2002.45,2006.39,1993.3,1997.78,8422.0637
2026-02-15 14:15:00,1997.79,2004.53,1996.66,2002.92,5150.7416
2026-02-15 14:30:00,2002.93,2012.43,1999.23,2011.4,6559.7046
2026-02-15 14:45:00,2011.41,2012.14,2007.4,2010.32,3339.34
2026-02-15 15:00:00,2010.32,2015.07,2008.37,2013.2,5593.3544
2026-02-15 15:15:00,2013.2,2013.2,2003.43,2003.82,3647.1779
2026-02-15 15:30:00,2003.81,2009.81,2002.5,2009.8,2746.6687
2026-02-15 15:45:00,2009.8,2012.49,2006.0,2011.29,3803.1975
2026-02-15 16:00:00,2011.29,2011.3,1993.35,2004.12,32130.1483
2026-02-15 16:15:00,2004.12,2007.5,1997.31,2007.5,14788.9337
2026-02-15 16:30:00,2007.5,2009.24,2002.18,2009.11,2803.9881
2026-02-15 16:45:00,2009.11,2010.18,2005.37,2006.27,2419.0538
2026-02-15 17:00:00,2006.27,2009.05,2004.22,2005.38,2364.6472
2026-02-15 17:15:00,2005.37,2005.37,1996.04,1998.44,3949.8735
2026-02-15 17:30:00,1998.44,2000.46,1987.0,1987.27,7552.992
2026-02-15 17:45:00,1987.28,1987.28,1957.9,1971.3,25529.6976
2026-02-15 18:00:00,1971.3,1980.07,1962.92,1974.5,8295.4633
2026-02-15 18:15:00,1974.51,1981.36,1968.99,1971.07,9354.7495
2026-02-15 18:30:00,1971.07,1971.82,1955.14,1966.4,53258.7366
2026-02-15 18:45:00,1966.4,1966.82,1952.62,1959.24,15521.7431
2026-02-15 19:00:00,1959.24,1961.96,1932.68,1941.86,87019.7912
2026-02-15 19:15:00,1941.87,1952.28,1935.97,1949.59,8579.8105
2026-02-15 19:30:00,1949.6,1949.92,1928.88,1935.43,9523.1069
2026-02-15 19:45:00,1935.42,1946.38,1935.1,1942.23,6590.976
2026-02-15 20:00:00,1942.22,1949.92,1933.77,1948.06,5428.4446
2026-02-15 20:15:00,1948.05,1950.02,1939.3,1949.56,3701.9986
2026-02-15 20:30:00,1949.56,1958.54,1947.48,1953.15,4674.6266
2026-02-15 20:45:00,1953.14,1955.3,1945.49,1950.11,3184.5672
2026-02-15 21:00:00,1950.11,1958.94,1950.0,1957.19,2442.8389
2026-02-15 21:15:00,1957.19,1960.44,1953.21,1955.55,2276.4323
2026-02-15 21:30:00,1955.54,1965.77,1954.59,1956.03,3549.0994
2026-02-15 21:45:00,1956.02,1960.46,1954.08,1958.55,1726.7824
2026-02-15 22:00:00,1958.55,1964.76,1956.58,1960.1,1948.9616
2026-02-15 22:15:00,1960.11,1968.37,1959.73,1963.48,2387.923
2026-02-15 22:30:00,1963.49,1967.94,1962.84,1966.77,1794.5103
2026-02-15 22:45:00,1966.77,1974.51,1962.8,1970.27,3300.1014
2026-02-15 23:00:00,1970.27,1970.89,1944.36,1951.69,7573.675
2026-02-15 23:15:00,1951.69,1959.19,1947.85,1958.49,4062.4827
2026-02-15 23:30:00,1958.5,1968.02,1958.49,1962.36,4718.3154
2026-02-15 23:45:00,1962.35,1968.01,1962.19,1966.58,2499.4505
2026-02-16 00:00:00,1966.59,1977.02,1964.51,1973.55,4524.0545
2026-02-16 00:15:00,1973.55,1979.3,1965.5,1968.85,8631.6948
2026-02-16 00:30:00,1968.85,1974.36,1964.86,1965.1,2401.1803
2026-02-16 00:45:00,1965.17,1972.51,1963.35,1969.11,2044.5229
2026-02-16 01:00:00,1969.11,1981.2,1967.7,1972.52,4148.8037
2026-02-16 01:15:00,1972.52,1975.67,1965.28,1967.44,2705.3846
2026-02-16 01:30:00,1967.44,1969.17,1957.0,1961.4,3520.6305
2026-02-16 01:45:00,1961.4,1964.67,1961.12,1963.06,1421.1087
2026-02-16 02:00:00,1963.06,1966.79,1958.02,1964.0,2246.2044
2026-02-16 02:15:00,1963.99,1964.18,1955.09,1956.63,2165.3257
2026-02-16 02:30:00,1956.63,1961.66,1955.29,1959.7,1735.7763
2026-02-16 02:45:00,1959.7,1961.85,1952.3,1957.0,2529.3535
2026-02-16 03:00:00,1957.01,1959.81,1956.49,1956.5,934.3113
2026-02-16 03:15:00,1956.5,1957.63,1948.76,1951.47,2966.2122
2026-02-16 03:30:00,1951.48,1955.81,1948.79,1955.19,2499.335
2026-02-16 03:45:00,1955.2,1959.48,1954.07,1958.78,2928.4631
2026-02-16 04:00:00,1958.78,1968.01,1958.34,1966.15,2967.752
2026-02-16 04:15:00,1966.15,1970.28,1965.05,1968.07,2233.2119
2026-02-16 04:30:00,1968.08,1969.3,1964.83,1965.8,1520.9365
2026-02-16 04:45:00,1965.8,1973.19,1965.08,1973.06,2567.8662
2026-02-16 05:00:00,1973.05,1974.17,1960.92,1960.95,3702.4186
2026-02-16 05:15:00,1960.95,1961.75,1954.71,1958.54,2154.283
2026-02-16 05:30:00,1958.53,1959.47,1952.91,1956.18,2580.1096
2026-02-16 05:45:00,1956.18,1959.48,1955.6,1958.0,2433.326
2026-02-16 06:00:00,1957.99,1961.26,1956.84,1959.83,959.0096
2026-02-16 06:15:00,1959.83,1961.2,1955.94,1960.23,1174.9015
2026-02-16 06:30:00,1960.23,1966.35,1959.48,1965.88,2453.3212
2026-02-16 06:45:00,1965.88,1967.58,1963.65,1966.69,1637.2979
2026-02-16 07:00:00,1966.69,1974.49,1964.32,1972.91,3306.4822
2026-02-16 07:15:00,1972.91,1978.64,1971.09,1973.97,3805.5044
2026-02-16 07:30:00,1973.98,1976.47,1965.32,1967.87,3262.8941
2026-02-16 07:45:00,1967.88,1972.48,1967.88,1971.13,1736.1667
2026-02-16 08:00:00,1971.14,1975.35,1970.0,1970.1,2517.3017
2026-02-16 08:15:00,1970.1,1977.85,1970.0,1974.87,2282.9463
2026-02-16 08:30:00,1974.87,1975.61,1970.88,1974.39,1150.1525
2026-02-16 08:45:00,1974.4,1978.51,1973.54,1977.31,1873.8258
2026-02-16 09:00:00,1977.31,1989.57,1976.16,1986.75,6530.7819
2026-02-16 09:15:00,1986.76,1988.6,1983.56,1986.17,5869.9493
2026-02-16 09:30:00,1986.16,1993.35,1982.34,1990.69,5300.179
2026-02-16 09:45:00,1990.69,1991.49,1985.95,1987.67,1798.9802
2026-02-16 10:00:00,1987.66,1988.91,1983.82,1987.64,2392.1424
2026-02-16 10:15:00,1987.65,1987.85,1977.83,1981.14,2672.6306
2026-02-16 10:30:00,1981.13,1983.72,1977.51,1980.99,1216.1234
2026-02-16 10:45:00,1980.99,1982.88,1978.88,1978.88,938.2561
2026-02-16 11:00:00,1978.88,1983.87,1963.67,1966.19,5246.7607
2026-02-16 11:15:00,1966.2,1973.21,1957.12,1972.48,6274.6021
2026-02-16 11:30:00,1972.48,1973.0,1966.14,1967.88,2758.5629
2026-02-16 11:45:00,1967.88,1979.25,1967.85,1976.15,2796.7058
2026-02-16 12:00:00,1976.16,1978.71,1974.37,1976.41,1043.1037
2026-02-16 12:15:00,1976.41,1996.01,1972.46,1992.42,5823.1012
2026-02-16 12:30:00,1992.42,1998.2,1986.83,1997.7,4463.8297
2026-02-16 12:45:00,1997.69,2009.52,1995.18,2006.24,6509.8936
2026-02-16 13:00:00,2006.25,2023.51,2003.59,2009.19,10924.1247
2026-02-16 13:15:00,2009.19,2014.48,1970.74,1976.62,13159.217
2026-02-16 13:30:00,1976.61,1987.45,1966.26,1974.71,9127.9789
2026-02-16 13:45:00,1974.71,1976.27,1961.23,1967.7,5890.3221
2026-02-16 14:00:00,1967.69,1973.55,1962.76,1967.89,3616.0544
2026-02-16 14:15:00,1967.9,1974.33,1954.97,1959.92,5623.5093
2026-02-16 14:30:00,1959.93,1975.11,1958.62,1970.7,4275.7747
2026-02-16 14:45:00,1970.71,1983.45,1966.6,1973.13,4716.9956
2026-02-16 15:00:00,1973.13,1986.12,1972.46,1973.05,6604.9284
2026-02-16 15:15:00,1973.04,1973.15,1963.05,1966.41,4646.0828
2026-02-16 15:30:00,1966.4,1966.51,1937.24,1950.97,19125.8129
2026-02-16 15:45:00,1950.97,1960.93,1948.59,1956.65,5305.9915
2026-02-16 16:00:00,1956.65,1980.04,1956.31,1971.03,10156.3345
2026-02-16 16:15:00,1971.03,1974.31,1963.95,1971.42,3689.5849
2026-02-16 16:30:00,1971.43,1974.18,1961.61,1974.09,4938.0284
2026-02-16 16:45:00,1974.08,1975.63,1970.31,1973.75,3396.5288
2026-02-16 17:00:00,1973.75,1977.29,1966.94,1972.11,3945.6991
2026-02-16 17:15:00,1972.12,1978.12,1964.48,1977.0,4328.914
2026-02-16 17:30:00,1976.99,1988.4,1976.01,1986.08,5177.5993
2026-02-16 17:45:00,1986.07,1986.08,1977.5,1978.99,3121.4957
2026-02-16 18:00:00,1978.99,1984.55,1978.85,1982.57,2124.9108
2026-02-16 18:15:00,1982.56,1985.68,1978.28,1979.49,2428.0308
2026-02-16 18:30:00,1979.48,1981.01,1973.84,1974.85,2963.269
2026-02-16 18:45:00,1974.86,1976.46,1967.1,1968.93,2757.5121
2026-02-16 19:00:00,1968.94,1971.95,1967.27,1971.61,1455.9698
2026-02-16 19:15:00,1971.61,1974.17,1966.22,1971.7,1730.2337
2026-02-16 19:30:00,1971.7,1979.74,1971.44,1977.82,2903.1387
2026-02-16 19:45:00,1977.81,1979.47,1973.07,1974.04,2000.2601
2026-02-16 20:00:00,1974.04,1976.31,1971.1,1974.44,2094.3132
2026-02-16 20:15:00,1974.43,1982.99,1971.86,1982.99,2781.8688
2026-02-16 20:30:00,1983.0,1985.0,1979.09,1983.44,2754.7322
2026-02-16 20:45:00,1983.44,1994.34,1982.19,1993.2,6089.3836
2026-02-16 21:00:00,1993.2,1993.91,1988.02,1993.91,3222.8667
2026-02-16 21:15:00,1993.9,1994.72,1987.02,1988.61,2867.6804
2026-02-16 21:30:00,1988.61,1990.91,1986.47,1988.99,1907.6487
2026-02-16 21:45:00,1988.98,2004.02,1986.2,1999.14,4005.4925
2026-02-16 22:00:00,1999.13,2002.54,1992.08,1992.89,3844.3755
2026-02-16 22:15:00,1992.89,1995.64,1989.59,1993.58,1915.3391
2026-02-16 22:30:00,1993.57,1995.3,1988.4,1991.0,3413.6745
2026-02-16 22:45:00,1991.01,1993.9,1984.39,1990.19,2444.4448
2026-02-16 23:00:00,1990.19,1997.97,1988.72,1996.36,2082.1332
2026-02-16 23:15:00,1996.35,1999.99,1993.75,1995.45,2336.1112
2026-02-16 23:30:00,1995.45,1997.45,1992.91,1994.41,1856.1727
2026-02-16 23:45:00,1994.4,2002.52,1994.4,1998.33,2239.7324
2026-02-17 00:00:00,1998.34,1999.54,1994.46,1999.07,1630.7592
2026-02-17 00:15:00,1999.07,2001.46,1993.41,1998.57,1132.3154
2026-02-17 00:30:00,1998.57,2002.19,1995.56,1998.23,2633.2674
2026-02-17 00:45:00,1998.24,2005.77,1997.58,1998.44,1850.8362
2026-02-17 01:00:00,1998.45,2002.79,1994.58,2001.66,1879.4309
2026-02-17 01:15:00,2001.67,2004.59,1998.56,2000.58,1413.5167
2026-02-17 01:30:00,2000.58,2008.05,1999.23,2002.33,1873.8127
2026-02-17 01:45:00,2002.33,2003.33,1991.0,1991.82,2452.8004
2026-02-17 02:00:00,1991.8,2008.58,1979.7,2003.69,8544.4112
2026-02-17 02:15:00,2003.7,2007.21,2001.74,2004.87,2930.9664
2026-02-17 02:30:00,2004.86,2005.4,1999.76,2002.1,1454.7239
2026-02-17 02:45:00,2002.1,2005.12,1998.59,1998.59,3462.8791
2026-02-17 03:00:00,1998.6,1999.22,1990.11,1992.17,3198.0876
2026-02-17 03:15:00,1992.17,1994.67,1987.79,1990.72,1274.4749
2026-02-17 03:30:00,1990.72,1990.72,1985.34,1988.91,2331.1854
2026-02-17 03:45:00,1988.91,1990.87,1984.73,1985.7,1916.8248
2026-02-17 04:00:00,1985.69,1989.81,1983.09,1986.81,1977.1034
2026-02-17 04:15:00,1986.81,1998.48,1984.0,1993.5,4184.6048
2026-02-17 04:30:00,1993.49,1993.5,1982.23,1988.93,2828.8089
2026-02-17 04:45:00,1988.93,1990.59,1987.51,1989.44,952.6715
2026-02-17 05:00:00,1989.44,1991.05,1983.64,1984.21,1884.6844
2026-02-17 05:15:00,1984.2,1985.14,1970.63,1974.03,6654.8575
2026-02-17 05:30:00,1974.02,1975.47,1964.72,1973.54,6403.8084
2026-02-17 05:45:00,1973.54,1976.85,1972.31,1975.68,2888.5781
2026-02-17 06:00:00,1975.68,1981.49,1975.67,1978.75,2097.5087
2026-02-17 06:15:00,1978.76,1985.07,1976.93,1982.71,2178.0368
2026-02-17 06:30:00,1982.72,1983.55,1980.29,1981.2,1592.0299
2026-02-17 06:45:00,1981.2,1982.84,1980.0,1981.02,905.265
2026-02-17 07:00:00,1981.02,1981.15,1975.29,1976.43,1973.5296
2026-02-17 07:15:00,1976.43,1979.11,1973.32,1974.66,1528.5833
2026-02-17 07:30:00,1974.66,1983.56,1973.78,1982.06,2540.4992
2026-02-17 07:45:00,1982.05,1988.22,1980.88,1985.91,4399.6118
2026-02-17 08:00:00,1985.91,1990.88,1985.76,1988.49,1584.045
2026-02-17 08:15:00,1988.49,1988.68,1983.43,1983.98,2662.0832
2026-02-17 08:30:00,1983.99,1986.0,1973.95,1978.35,6400.6259
2026-02-17 08:45:00,1978.36,1979.26,1974.72,1977.08,2413.8923
2026-02-17 09:00:00,1977.07,1979.99,1969.79,1971.84,3808.8724
2026-02-17 09:15:00,1971.85,1975.26,1970.98,1973.43,3435.9329
2026-02-17 09:30:00,1973.43,1975.22,1970.58,1973.73,3386.2493
2026-02-17 09:45:00,1973.74,1977.65,1973.73,1976.16,3047.8582
2026-02-17 10:00:00,1976.15,1978.77,1972.19,1973.43,4136.3922
2026-02-17 10:15:00,1973.43,1973.43,1964.32,1966.88,4371.708
2026-02-17 10:30:00,1966.88,1968.69,1962.76,1964.11,2404.7986
2026-02-17 10:45:00,1964.11,1966.93,1961.71,1966.93,2271.2431
2026-02-17 11:00:00,1966.92,1971.73,1964.28,1971.22,2350.2206
2026-02-17 11:15:00,1971.22,1972.5,1964.75,1970.49,1564.2375
2026-02-17 11:30:00,1970.49,1971.61,1966.32,1966.58,726.5936
2026-02-17 11:45:00,1966.58,1970.32,1965.33,1968.47,2691.6133
2026-02-17 12:00:00,1968.47,1977.02,1967.79,1973.1,4688.9461
2026-02-17 12:15:00,1973.09,1974.18,1970.05,1972.21,2495.0325
2026-02-17 12:30:00,1972.21,1976.93,1969.78,1974.3,2215.1102
2026-02-17 12:45:00,1974.31,1974.97,1967.21,1969.76,1795.7211
2026-02-17 13:00:00,1969.76,1984.32,1964.74,1980.25,5587.654
2026-02-17 13:15:00,1980.24,1989.96,1977.21,1984.2,4541.6703
2026-02-17 13:30:00,1984.21,1985.89,1981.49,1983.32,1741.2865
2026-02-17 13:45:00,1983.32,1999.72,1981.32,1990.53,7837.582
2026-02-17 14:00:00,1990.53,2002.7,1988.24,1993.94,6088.6305
2026-02-17 14:15:00,1993.94,1995.48,1987.86,1988.11,3829.3824
2026-02-17 14:30:00,1988.12,1997.22,1954.04,1961.76,18922.0596
2026-02-17 14:45:00,1961.77,1962.31,1944.3,1948.49,21868.4986
2026-02-17 15:00:00,1948.5,1963.71,1946.86,1952.94,11979.3371
2026-02-17 15:15:00,1952.94,1966.67,1946.67,1951.08,8754.2413
2026-02-17 15:30:00,1951.09,1955.03,1941.66,1954.21,7308.0051
2026-02-17 15:45:00,1954.22,1969.66,1953.73,1968.58,7952.111
2026-02-17 16:00:00,1968.59,1995.43,1967.65,1987.29,14685.635
2026-02-17 16:15:00,1987.3,1994.17,1981.88,1984.35,6028.7643
2026-02-17 16:30:00,1984.36,2010.47,1981.83,1992.63,16738.4494
2026-02-17 16:45:00,1992.63,1993.36,1979.83,1980.36,6502.9607
2026-02-17 17:00:00,1980.37,1984.05,1959.0,1965.76,9349.2562
2026-02-17 17:15:00,1965.73,1973.83,1963.59,1973.82,4573.5697
2026-02-17 17:30:00,1973.83,1974.57,1959.7,1960.4,4419.9462
2026-02-17 17:45:00,1960.39,1966.85,1954.03,1966.27,6624.8349
2026-02-17 18:00:00,1966.28,1968.85,1961.73,1967.84,2726.4104
2026-02-17 18:15:00,1967.84,1991.5,1963.86,1989.74,8664.1212
2026-02-17 18:30:00,1989.77,2007.02,1987.59,2001.12,8833.2582
2026-02-17 18:45:00,2001.13,2004.52,1995.54,1998.69,5147.1921
2026-02-17 19:00:00,1998.7,2013.99,1996.7,2012.34,7584.0728
2026-02-17 19:15:00,2012.34,2015.33,1998.79,2001.64,7209.2523
2026-02-17 19:30:00,2001.63,2004.74,1995.07,2004.69,5151.2171
2026-02-17 19:45:00,2004.69,2008.79,1997.05,1998.14,3388.2782
2026-02-17 20:00:00,1998.15,2001.37,1991.55,1994.0,3534.9304
2026-02-17 20:15:00,1994.0,1997.31,1989.17,1995.57,3541.5528
2026-02-17 20:30:00,1995.56,2001.5,1987.57,1999.02,3530.6703
2026-02-17 20:45:00,1999.01,2000.08,1993.94,1994.71,3778.3896
2026-02-17 21:00:00,1994.71,2001.52,1992.34,2001.03,2509.8564
2026-02-17 21:15:00,2001.03,2002.79,1993.61,1995.42,1873.0872
2026-02-17 21:30:00,1995.42,1997.52,1993.07,1996.34,986.2096
2026-02-17 21:45:00,1996.34,2000.59,1995.11,1999.74,981.0381
2026-02-17 22:00:00,1999.74,2000.59,1996.57,2000.58,1427.1709
2026-02-17 22:15:00,2000.59,2002.43,1997.61,2001.07,1686.9432
2026-02-17 22:30:00,2001.07,2004.0,1998.23,1999.44,2047.6359
2026-02-17 22:45:00,1999.44,2000.67,1992.39,1993.92,1748.4858
2026-02-17 23:00:00,1993.91,1996.18,1989.67,1992.53,2522.7067
2026-02-17 23:15:00,1992.54,1998.19,1991.68,1992.69,1308.6444
2026-02-17 23:30:00,1992.69,1995.56,1990.62,1995.04,2240.8784
2026-02-17 23:45:00,1995.05,1995.56,1990.33,1991.66,5069.4164
2026-02-18 00:00:00,1991.67,1996.91,1991.43,1996.1,1875.8233
2026-02-18 00:15:00,1996.09,1997.89,1989.38,1991.62,2339.4037
2026-02-18 00:30:00,1991.62,1996.55,1991.3,1992.33,1180.3302
2026-02-18 00:45:00,1992.33,1992.34,1981.18,1981.54,5243.3897
2026-02-18 01:00:00,1981.54,1984.18,1971.18,1973.92,6526.3385
2026-02-18 01:15:00,1973.92,1978.91,1973.25,1974.41,4009.7956
2026-02-18 01:30:00,1974.41,1978.8,1968.68,1978.32,3825.915
2026-02-18 01:45:00,1978.31,1979.49,1975.38,1978.07,2092.5059
2026-02-18 02:00:00,1978.08,1989.91,1977.57,1985.65,2903.47
2026-02-18 02:15:00,1985.66,1987.12,1983.19,1983.86,5563.2223
2026-02-18 02:30:00,1983.85,1992.83,1983.24,1991.05,1980.6432
2026-02-18 02:45:00,1991.04,1991.58,1987.52,1987.61,1932.4155
2026-02-18 03:00:00,1987.61,1991.21,1986.86,1989.38,1171.1723
2026-02-18 03:15:00,1989.39,1995.14,1989.0,1994.22,1354.6656
2026-02-18 03:30:00,1994.21,1999.7,1993.12,1997.78,4670.2367
2026-02-18 03:45:00,1997.79,2000.56,1996.15,1997.07,2025.3356
2026-02-18 04:00:00,1997.08,2002.78,1994.33,1997.6,5060.1306
2026-02-18 04:15:00,1997.63,2000.45,1996.0,1996.84,1145.4178
2026-02-18 04:30:00,1996.84,1998.19,1993.35,1994.29,1651.2726
2026-02-18 04:45:00,1994.29,2000.8,1993.35,1999.15,2589.1303
2026-02-18 05:00:00,1999.18,2001.44,1996.96,1999.24,977.1821
2026-02-18 05:15:00,1999.24,2002.91,1997.88,1998.38,2098.0127
2026-02-18 05:30:00,1998.37,2000.78,1996.0,1998.8,1054.6306
2026-02-18 05:45:00,1998.79,2001.47,1996.21,1996.49,1601.8206
2026-02-18 06:00:00,1996.5,2001.37,1995.56,2000.16,855.48
2026-02-18 06:15:00,2000.16,2006.66,1998.84,2005.31,1929.0359
2026-02-18 06:30:00,2005.3,2006.19,2002.5,2004.87,1584.8977
2026-02-18 06:45:00,2004.88,2008.62,2002.0,2002.06,1500.4819
2026-02-18 07:00:00,2002.06,2004.99,1999.81,1999.81,2173.3859
2026-02-18 07:15:00,1999.81,2000.67,1996.71,1999.9,1080.275
2026-02-18 07:30:00,1999.89,2014.7,1998.98,2012.15,5369.2602
2026-02-18 07:45:00,2012.15,2023.52,2010.68,2018.07,6975.1065
2026-02-18 08:00:00,2018.06,2022.44,2017.17,2018.64,3069.9157
2026-02-18 08:15:00,2018.64,2039.05,2017.82,2030.19,9698.6062
2026-02-18 08:30:00,2030.2,2030.87,2020.75,2022.6,4055.1141
2026-02-18 08:45:00,2022.59,2024.57,2019.52,2020.7,2975.7494
2026-02-18 09:00:00,2020.69,2021.0,2016.52,2019.23,3376.9794
2026-02-18 09:15:00,2019.24,2021.4,2018.03,2019.7,1724.5142
2026-02-18 09:30:00,2019.7,2022.75,2018.12,2022.25,2099.0537
2026-02-18 09:45:00,2022.25,2022.25,2015.82,2016.69,1307.6052
2026-02-18 10:00:00,2016.69,2018.28,2013.74,2016.6,1147.3515
2026-02-18 10:15:00,2016.61,2016.92,2009.74,2012.13,1844.8952
2026-02-18 10:30:00,2012.14,2012.3,1999.23,2000.08,5538.5223
2026-02-18 10:45:00,2000.09,2001.24,1995.55,1997.27,5096.6709
2026-02-18 11:00:00,1997.27,1998.3,1976.57,1984.98,8946.1662
2026-02-18 11:15:00,1984.98,1986.64,1980.37,1983.21,3266.7613
2026-02-18 11:30:00,1983.22,1986.47,1981.63,1985.22,3555.9715
2026-02-18 11:45:00,1985.22,1989.93,1981.35,1981.43,2748.0871
2026-02-18 12:00:00,1981.44,1989.38,1979.79,1985.16,3601.528
2026-02-18 12:15:00,1985.15,1986.95,1978.05,1981.91,5542.9581
2026-02-18 12:30:00,1981.92,1984.42,1971.66,1983.9,6627.2473
2026-02-18 12:45:00,1983.9,1986.59,1981.71,1982.47,1605.8841
2026-02-18 13:00:00,1982.48,1989.02,1980.06,1987.08,2430.0247
2026-02-18 13:15:00,1987.09,1991.91,1984.55,1986.06,2588.0162
2026-02-18 13:30:00,1986.06,1987.75,1973.63,1976.0,4299.8014
2026-02-18 13:45:00,1976.01,1976.57,1961.56,1970.68,9511.1305
2026-02-18 14:00:00,1970.67,1974.1,1969.37,1972.35,4788.7357
2026-02-18 14:15:00,1972.34,1972.84,1965.2,1965.2,4986.1728
2026-02-18 14:30:00,1965.2,1976.85,1963.49,1970.09,15575.794
2026-02-18 14:45:00,1970.08,1975.85,1954.3,1974.66,12998.9104
2026-02-18 15:00:00,1974.65,1993.59,1973.58,1984.33,10478.3493
2026-02-18 15:15:00,1984.33,1990.62,1979.68,1981.98,4026.3312
2026-02-18 15:30:00,1981.99,2010.3,1979.84,2001.73,11842.9585
2026-02-18 15:45:00,2001.74,2002.34,1982.09,1985.48,7539.1643
2026-02-18 16:00:00,1985.48,1985.67,1965.0,1968.55,11854.9657
2026-02-18 16:15:00,1968.55,1978.28,1966.0,1976.32,6257.542
2026-02-18 16:30:00,1976.31,1979.07,1968.48,1973.83,3881.857
2026-02-18 16:45:00,1973.83,1975.65,1968.0,1971.78,2142.8786
2026-02-18 17:00:00,1971.78,1987.89,1970.81,1976.16,3761.897
2026-02-18 17:15:00,1976.16,1978.92,1971.58,1974.77,2283.1493
2026-02-18 17:30:00,1974.79,1979.92,1974.63,1975.01,2030.5562
2026-02-18 17:45:00,1975.02,1976.87,1972.12,1974.57,2560.2997
2026-02-18 18:00:00,1974.58,1977.59,1971.27,1972.67,2443.3126
2026-02-18 18:15:00,1972.68,1973.21,1955.8,1968.63,7982.4835
2026-02-18 18:30:00,1968.62,1972.07,1949.56,1952.27,8259.6135
2026-02-18 18:45:00,1952.27,1960.61,1949.21,1952.62,6426.3028
2026-02-18 19:00:00,1952.62,1961.57,1950.65,1955.36,4177.0907
2026-02-18 19:15:00,1955.36,1957.83,1944.52,1951.99,5724.6693
2026-02-18 19:30:00,1951.98,1953.5,1923.78,1935.48,18959.0649
2026-02-18 19:45:00,1935.47,1942.31,1930.89,1941.03,6775.3143
2026-02-18 20:00:00,1941.04,1944.18,1936.93,1939.01,3927.6512
2026-02-18 20:15:00,1939.02,1944.39,1935.82,1940.95,2726.7654
2026-02-18 20:30:00,1940.94,1952.67,1940.49,1950.02,3795.2683
2026-02-18 20:45:00,1950.03,1952.79,1939.01,1939.67,5983.4489
2026-02-18 21:00:00,1939.68,1943.03,1935.94,1942.44,4164.4328
2026-02-18 21:15:00,1942.44,1947.54,1942.17,1947.12,1446.6508
2026-02-18 21:30:00,1947.11,1948.37,1943.55,1945.58,1324.779
2026-02-18 21:45:00,1945.55,1946.6,1939.36,1942.0,2845.8506
2026-02-18 22:00:00,1941.96,1946.1,1939.92,1941.11,1944.7858
2026-02-18 22:15:00,1941.12,1944.62,1939.96,1940.32,1264.3855
2026-02-18 22:30:00,1940.32,1948.43,1940.32,1946.3,1553.2225
2026-02-18 22:45:00,1946.3,1950.14,1946.25,1948.24,1161.3798
2026-02-18 23:00:00,1948.24,1950.77,1944.62,1947.65,2583.1892
2026-02-18 23:15:00,1947.66,1950.04,1944.84,1948.74,2157.4543
2026-02-18 23:30:00,1948.74,1955.5,1948.68,1953.95,3753.0068
2026-02-18 23:45:00,1953.96,1956.79,1953.15,1955.91,2250.5867
2026-02-19 00:00:00,1955.9,1958.76,1952.97,1954.32,1315.7188
2026-02-19 00:15:00,1954.32,1961.22,1950.5,1953.68,2549.1642
2026-02-19 00:30:00,1953.68,1959.48,1952.43,1958.79,781.2842
2026-02-19 00:45:00,1958.79,1961.22,1953.43,1956.54,1278.7774
2026-02-19 01:00:00,1956.54,1974.73,1956.42,1970.25,4154.6588
2026-02-19 01:15:00,1970.25,1970.93,1959.29,1963.04,1991.096
2026-02-19 01:30:00,1963.04,1968.16,1959.71,1965.85,1958.0514
2026-02-19 01:45:00,1965.85,1967.91,1964.99,1967.01,905.578
2026-02-19 02:00:00,1967.01,1971.27,1964.6,1969.49,1510.8788
2026-02-19 02:15:00,1969.5,1973.0,1967.97,1972.49,1528.1147
2026-02-19 02:30:00,1972.48,1972.95,1963.41,1963.96,1873.7967
2026-02-19 02:45:00,1963.96,1970.0,1962.77,1968.06,1368.5318
2026-02-19 03:00:00,1968.06,1970.5,1963.14,1965.34,1037.9992
2026-02-19 03:15:00,1965.35,1973.18,1965.13,1973.18,982.7112
2026-02-19 03:30:00,1973.17,1973.18,1967.27,1968.95,1362.9151
2026-02-19 03:45:00,1968.96,1973.44,1967.68,1972.33,1477.0968
2026-02-19 04:00:00,1972.32,1979.84,1971.16,1976.29,3074.9309
2026-02-19 04:15:00,1976.3,1976.91,1972.51,1974.64,1824.6706
2026-02-19 04:30:00,1974.65,1979.04,1971.61,1971.62,3877.6618
2026-02-19 04:45:00,1971.61,1974.55,1969.21,1969.5,2080.2603
2026-02-19 05:00:00,1969.51,1971.86,1964.98,1970.08,5303.5292
2026-02-19 05:15:00,1970.08,1972.72,1964.49,1965.81,975.687
2026-02-19 05:30:00,1965.8,1969.12,1964.2,1967.21,959.9155
2026-02-19 05:45:00,1967.21,1971.19,1966.0,1970.33,711.0797
2026-02-19 06:00:00,1970.32,1974.97,1970.04,1973.29,1304.7932
2026-02-19 06:15:00,1973.28,1983.38,1972.24,1981.31,2895.3225
2026-02-19 06:30:00,1981.32,1985.0,1978.88,1979.61,1895.1784
2026-02-19 06:45:00,1979.61,1985.0,1979.61,1982.92,1195.0749
2026-02-19 07:00:00,1982.93,1987.55,1979.64,1983.74,2353.3123
2026-02-19 07:15:00,1983.74,1986.14,1982.43,1982.91,1337.8587
2026-02-19 07:30:00,1982.91,1985.62,1979.5,1982.46,2045.7412
2026-02-19 07:45:00,1982.46,1982.91,1979.05,1981.76,2286.8784
2026-02-19 08:00:00,1981.76,1982.54,1974.91,1977.36,3257.9684
2026-02-19 08:15:00,1977.35,1980.0,1970.9,1972.63,2381.6971
2026-02-19 08:30:00,1972.63,1973.37,1967.34,1968.99,2184.3192
2026-02-19 08:45:00,1968.99,1971.36,1966.35,1970.5,1718.8701
2026-02-19 09:00:00,1970.5,1975.0,1968.44,1973.81,2079.3264
2026-02-19 09:15:00,1973.81,1980.51,1971.38,1977.18,3006.408
2026-02-19 09:30:00,1977.19,1978.07,1972.71,1973.92,1244.1432
2026-02-19 09:45:00,1973.93,1973.96,1961.64,1963.79,2814.6916
2026-02-19 10:00:00,1963.8,1967.78,1957.45,1966.0,5148.5282
2026-02-19 10:15:00,1966.0,1968.65,1965.0,1966.01,1728.9805
2026-02-19 10:30:00,1966.0,1967.57,1962.55,1966.06,1708.0544
2026-02-19 10:45:00,1966.06,1966.06,1958.22,1959.64,2123.36
2026-02-19 11:00:00,1959.65,1963.77,1958.44,1963.58,1682.9815
2026-02-19 11:15:00,1963.58,1964.56,1960.06,1960.46,2454.4463
2026-02-19 11:30:00,1960.46,1960.96,1955.22,1956.83,2304.695
2026-02-19 11:45:00,1956.84,1956.86,1948.16,1949.58,7370.1561
2026-02-19 12:00:00,1949.59,1952.97,1945.09,1950.45,5196.3023
2026-02-19 12:15:00,1950.43,1953.78,1947.58,1953.12,1767.4076
2026-02-19 12:30:00,1953.13,1956.18,1950.28,1953.52,1742.6127
2026-02-19 12:45:00,1953.53,1953.9,1947.1,1947.3,1992.2176
2026-02-19 13:00:00,1947.3,1948.22,1933.34,1939.38,6635.3254
2026-02-19 13:15:00,1939.39,1940.07,1931.33,1932.47,3475.8793
2026-02-19 13:30:00,1932.47,1936.51,1915.01,1917.77,14849.668
2026-02-19 13:45:00,1917.77,1924.15,1911.49,1921.4,6733.6104
2026-02-19 14:00:00,1921.4,1933.53,1920.01,1930.23,5571.2805
2026-02-19 14:15:00,1930.23,1930.42,1923.43,1927.07,2592.0767
2026-02-19 14:30:00,1927.06,1938.21,1912.07,1934.66,12478.5932
2026-02-19 14:45:00,1934.66,1948.52,1928.0,1936.87,8468.4478
2026-02-19 15:00:00,1936.87,1947.78,1913.24,1914.49,10502.2278
2026-02-19 15:15:00,1914.49,1926.55,1913.93,1917.57,8284.4363
2026-02-19 15:30:00,1917.58,1931.51,1914.0,1931.29,6098.1986
2026-02-19 15:45:00,1931.28,1934.69,1914.7,1926.3,6507.2019
2026-02-19 16:00:00,1926.29,1926.3,1907.0,1918.17,8549.3044
2026-02-19 16:15:00,1918.17,1928.97,1915.16,1918.41,4614.6067
2026-02-19 16:30:00,1918.41,1929.93,1918.41,1926.76,2958.2862
2026-02-19 16:45:00,1926.76,1927.96,1918.62,1922.07,2561.9956
2026-02-19 17:00:00,1922.08,1931.41,1919.21,1929.84,4028.7387
2026-02-19 17:15:00,1929.85,1944.57,1925.95,1929.41,7854.559
2026-02-19 17:30:00,1929.41,1931.31,1923.75,1927.68,3221.6307
2026-02-19 17:45:00,1927.68,1929.63,1910.77,1920.72,4231.2808
2026-02-19 18:00:00,1920.71,1934.5,1916.59,1934.01,4879.4841
2026-02-19 18:15:00,1934.01,1940.67,1927.03,1937.99,3637.7522
2026-02-19 18:30:00,1938.0,1941.85,1931.26,1940.39,3141.6509
2026-02-19 18:45:00,1940.39,1944.67,1936.0,1939.99,3161.4501
2026-02-19 19:00:00,1940.0,1947.52,1935.36,1940.95,3820.7756
2026-02-19 19:15:00,1940.95,1943.55,1934.82,1936.87,1760.7852
2026-02-19 19:30:00,1936.87,1937.94,1927.84,1932.71,2465.9749
2026-02-19 19:45:00,1932.72,1943.03,1929.97,1941.34,2555.926
2026-02-19 20:00:00,1941.33,1946.28,1938.37,1940.3,1856.5688
2026-02-19 20:15:00,1940.3,1940.58,1934.79,1938.68,1627.9421
2026-02-19 20:30:00,1938.67,1943.18,1938.0,1942.33,2174.8405
2026-02-19 20:45:00,1942.33,1952.0,1942.33,1950.29,6164.0236
2026-02-19 21:00:00,1950.29,1952.57,1947.89,1947.9,2360.2494
2026-02-19 21:15:00,1947.89,1949.74,1946.18,1947.66,1464.1875
2026-02-19 21:30:00,1947.65,1951.74,1945.77,1948.73,1777.1414
2026-02-19 21:45:00,1948.73,1949.69,1945.77,1948.5,1270.0358
2026-02-19 22:00:00,1948.5,1948.82,1942.42,1945.85,1989.9881
2026-02-19 22:15:00,1945.84,1945.84,1939.48,1939.69,1911.521
2026-02-19 22:30:00,1939.7,1941.84,1937.09,1940.87,2216.5905
2026-02-19 22:45:00,1940.87,1945.45,1939.29,1943.96,780.6351
2026-02-19 23:00:00,1943.96,1947.33,1942.29,1945.13,1358.9609
2026-02-19 23:15:00,1945.13,1950.43,1945.13,1950.15,1505.0279
2026-02-19 23:30:00,1950.15,1951.33,1948.41,1950.01,1303.9321
2026-02-19 23:45:00,1950.02,1951.26,1946.22,1949.08,748.8477
2026-02-20 00:00:00,1949.08,1955.19,1947.41,1954.93,2085.8165
2026-02-20 00:15:00,1954.94,1964.54,1952.02,1963.21,4424.5205
2026-02-20 00:30:00,1963.2,1964.27,1958.02,1959.7,1687.5256
2026-02-20 00:45:00,1959.71,1962.42,1957.02,1957.56,1339.8539
2026-02-20 01:00:00,1957.57,1961.56,1957.06,1961.2,1192.1727
2026-02-20 01:15:00,1961.19,1961.19,1954.1,1955.29,1570.8245
2026-02-20 01:30:00,1955.28,1958.74,1954.72,1957.68,1312.052
2026-02-20 01:45:00,1957.69,1957.69,1950.03,1953.76,1375.4956
2026-02-20 02:00:00,1953.77,1956.7,1951.27,1952.6,1440.397
2026-02-20 02:15:00,1952.6,1953.29,1948.17,1948.98,2015.0791
2026-02-20 02:30:00,1948.97,1955.0,1948.91,1955.0,1607.0837
2026-02-20 02:45:00,1954.99,1954.99,1949.68,1949.69,1088.7463
2026-02-20 03:00:00,1949.69,1953.42,1949.69,1951.92,976.8054
2026-02-20 03:15:00,1951.91,1960.64,1950.03,1958.26,2281.6581
2026-02-20 03:30:00,1958.26,1960.3,1954.61,1955.02,2782.2318
2026-02-20 03:45:00,1955.02,1956.37,1954.44,1954.85,1506.1101
2026-02-20 04:00:00,1954.85,1956.15,1944.67,1947.73,3565.0931
2026-02-20 04:15:00,1947.74,1949.98,1931.01,1937.93,8294.5096
2026-02-20 04:30:00,1937.93,1945.66,1937.0,1944.96,2190.4716
2026-02-20 04:45:00,1944.95,1944.95,1934.78,1939.17,3009.8681
2026-02-20 05:00:00,1939.17,1940.82,1936.21,1939.35,1655.0163
2026-02-20 05:15:00,1939.34,1945.23,1938.06,1944.05,1894.5101
2026-02-20 05:30:00,1944.05,1965.5,1944.05,1960.05,7011.0417
2026-02-20 05:45:00,1960.04,1962.15,1953.58,1955.23,3044.8621
2026-02-20 06:00:00,1955.23,1959.83,1955.13,1958.77,2324.1502
2026-02-20 06:15:00,1958.77,1959.54,1953.98,1953.98,2160.7534
2026-02-20 06:30:00,1953.99,1957.34,1949.82,1955.25,3449.1925
2026-02-20 06:45:00,1955.25,1960.36,1953.92,1958.47,3112.2045
2026-02-20 07:00:00,1958.47,1959.31,1956.98,1958.38,3750.6118
2026-02-20 07:15:00,1958.39,1963.96,1958.36,1962.26,2440.536
2026-02-20 07:30:00,1962.25,1966.41,1960.86,1963.77,4347.6417
2026-02-20 07:45:00,1963.77,1968.55,1959.45,1960.97,3715.6598
2026-02-20 08:00:00,1960.93,1963.42,1959.01,1962.06,2380.7358
2026-02-20 08:15:00,1962.05,1966.32,1961.76,1963.88,1917.804
2026-02-20 08:30:00,1963.88,1965.44,1957.12,1958.38,2701.5299
2026-02-20 08:45:00,1958.37,1963.05,1958.04,1960.0,1987.2125
2026-02-20 09:00:00,1960.0,1972.27,1959.91,1969.66,7591.4323
2026-02-20 09:15:00,1969.65,1971.81,1966.06,1967.61,3632.4961
2026-02-20 09:30:00,1967.61,1968.91,1965.03,1967.76,3449.2282
2026-02-20 09:45:00,1967.77,1969.91,1967.25,1968.15,2594.6022
2026-02-20 10:00:00,1968.15,1973.86,1965.6,1968.37,4434.4236
2026-02-20 10:15:00,1968.37,1972.51,1966.8,1969.8,2976.7752
2026-02-20 10:30:00,1969.79,1970.23,1960.7,1962.22,3222.9696
2026-02-20 10:45:00,1962.22,1963.11,1956.55,1957.54,2592.0349
2026-02-20 11:00:00,1957.53,1957.58,1952.01,1954.44,4177.8185
2026-02-20 11:15:00,1954.45,1956.16,1951.37,1953.87,4784.7462
2026-02-20 11:30:00,1953.87,1954.81,1943.6,1943.83,3837.0706
2026-02-20 11:45:00,1943.9,1947.93,1940.58,1943.98,6465.5218
2026-02-20 12:00:00,1943.99,1948.56,1942.39,1947.87,4244.0935
2026-02-20 12:15:00,1947.86,1949.86,1944.32,1945.51,2785.9963
2026-02-20 12:30:00,1945.51,1948.25,1944.75,1946.08,4218.3523
2026-02-20 12:45:00,1946.08,1951.65,1945.21,1949.82,3127.1781
2026-02-20 13:00:00,1949.82,1949.83,1940.57,1945.34,5033.3144
2026-02-20 13:15:00,1945.34,1948.97,1938.54,1946.71,4670.6088
2026-02-20 13:30:00,1946.71,1947.0,1922.97,1928.41,11629.6183
2026-02-20 13:45:00,1928.42,1935.0,1927.45,1934.11,4636.2826
2026-02-20 14:00:00,1934.11,1940.81,1933.07,1935.91,2545.8483
2026-02-20 14:15:00,1935.92,1943.27,1934.01,1940.04,3670.8901
2026-02-20 14:30:00,1940.05,1954.28,1937.39,1947.78,7798.4996
2026-02-20 14:45:00,1947.79,1949.55,1940.45,1943.7,4755.9185
2026-02-20 15:00:00,1943.7,1980.49,1942.83,1945.94,35755.4545
2026-02-20 15:15:00,1945.94,1963.26,1935.4,1956.56,13053.4498
2026-02-20 15:30:00,1956.57,1958.43,1943.21,1950.52,7674.0155
2026-02-20 15:45:00,1950.51,1967.1,1948.31,1963.95,6343.7545
2026-02-20 16:00:00,1963.96,1969.87,1960.5,1963.52,9100.7325
2026-02-20 16:15:00,1963.52,1973.5,1956.65,1956.77,7967.6137
2026-02-20 16:30:00,1956.78,1959.76,1953.86,1957.67,5116.8231
2026-02-20 16:45:00,1957.66,1972.0,1957.39,1968.62,9022.0716
2026-02-20 17:00:00,1968.62,1968.62,1947.55,1947.56,6047.2271
2026-02-20 17:15:00,1947.55,1949.58,1939.21,1944.38,6136.1593
2026-02-20 17:30:00,1944.39,1961.04,1943.36,1958.23,5007.3392
2026-02-20 17:45:00,1958.23,1970.94,1955.22,1966.57,10901.9478
2026-02-20 18:00:00,1966.56,1970.45,1962.92,1964.77,5768.478
2026-02-20 18:15:00,1964.77,1969.24,1960.02,1968.74,3359.8298
2026-02-20 18:30:00,1968.73,1981.18,1959.89,1972.11,11880.1363
2026-02-20 18:45:00,1972.11,1978.9,1968.77,1975.56,5065.7077
2026-02-20 19:00:00,1975.55,1978.15,1965.11,1966.56,4026.022
2026-02-20 19:15:00,1966.55,1969.09,1962.42,1964.37,1917.9287
2026-02-20 19:30:00,1964.37,1971.7,1962.36,1963.36,1822.5675
2026-02-20 19:45:00,1963.37,1965.64,1961.67,1963.69,1814.6283
2026-02-20 20:00:00,1963.69,1970.23,1963.08,1970.0,1355.6092
2026-02-20 20:15:00,1970.0,1970.0,1962.62,1963.57,930.3239
2026-02-20 20:30:00,1963.57,1969.0,1961.6,1968.7,942.8283
2026-02-20 20:45:00,1968.7,1971.36,1966.24,1971.05,2297.1438
2026-02-20 21:00:00,1971.04,1974.38,1967.19,1972.65,2508.5919
2026-02-20 21:15:00,1972.65,1972.65,1968.88,1970.94,1108.3956
2026-02-20 21:30:00,1970.93,1974.68,1969.7,1973.26,935.221
2026-02-20 21:45:00,1973.25,1975.27,1971.99,1974.38,717.8258
2026-02-20 22:00:00,1974.37,1974.37,1964.4,1965.41,2320.218
2026-02-20 22:15:00,1965.42,1971.88,1964.69,1970.39,1731.3479
2026-02-20 22:30:00,1970.38,1972.7,1967.67,1968.48,2602.0716
2026-02-20 22:45:00,1968.49,1973.11,1967.35,1971.4,932.4029
2026-02-20 23:00:00,1971.39,1973.27,1968.09,1968.32,1759.7922
2026-02-20 23:15:00,1968.31,1970.0,1967.29,1967.41,662.6196
2026-02-20 23:30:00,1967.41,1969.0,1963.54,1966.02,3770.8325
2026-02-20 23:45:00,1966.01,1970.21,1966.01,1968.88,1380.9471
2026-02-21 00:00:00,1968.88,1969.47,1965.43,1967.83,896.7401
2026-02-21 00:15:00,1967.83,1968.27,1965.12,1966.01,1178.6448
2026-02-21 00:30:00,1966.0,1966.66,1962.19,1963.51,933.1837
2026-02-21 00:45:00,1963.51,1964.81,1961.47,1963.22,681.3487
2026-02-21 01:00:00,1963.23,1966.4,1963.0,1965.95,1197.4859
2026-02-21 01:15:00,1965.94,1966.71,1963.41,1964.13,1902.9839
2026-02-21 01:30:00,1964.13,1969.09,1963.85,1967.76,831.8083
2026-02-21 01:45:00,1967.75,1968.38,1965.63,1966.24,761.4245
2026-02-21 02:00:00,1966.25,1969.09,1964.83,1967.86,539.9788
2026-02-21 02:15:00,1967.85,1970.12,1966.7,1969.41,725.5829
2026-02-21 02:30:00,1969.42,1970.7,1967.06,1968.38,791.4658
2026-02-21 02:45:00,1968.38,1968.38,1965.33,1965.69,572.8282
2026-02-21 03:00:00,1965.69,1966.0,1959.63,1960.84,2276.8065
2026-02-21 03:15:00,1960.83,1963.05,1960.08,1962.36,597.0713
2026-02-21 03:30:00,1962.37,1963.21,1955.62,1957.85,1805.7893
2026-02-21 03:45:00,1957.85,1959.23,1957.08,1959.03,888.0546
2026-02-21 04:00:00,1959.03,1960.51,1957.54,1958.54,1315.7885
2026-02-21 04:15:00,1958.54,1960.61,1956.21,1959.79,973.3043
2026-02-21 04:30:00,1959.79,1962.49,1958.87,1960.2,731.7825
2026-02-21 04:45:00,1960.19,1963.29,1959.25,1962.4,1099.8253
2026-02-21 05:00:00,1962.4,1963.32,1961.2,1961.21,601.3451
2026-02-21 05:15:00,1961.2,1963.64,1961.2,1963.64,1888.3881
2026-02-21 05:30:00,1963.64,1964.43,1962.4,1963.69,500.3946
2026-02-21 05:45:00,1963.7,1963.93,1961.55,1962.86,525.2328
2026-02-21 06:00:00,1962.86,1966.09,1961.61,1965.61,2311.6702
2026-02-21 06:15:00,1965.61,1966.0,1963.3,1963.38,578.7168
2026-02-21 06:30:00,1963.39,1963.39,1960.81,1962.14,692.7009
2026-02-21 06:45:00,1962.14,1962.51,1960.52,1961.5,455.6553
2026-02-21 07:00:00,1961.5,1964.84,1960.0,1963.5,809.0422
2026-02-21 07:15:00,1963.51,1964.41,1962.78,1963.34,502.8875
2026-02-21 07:30:00,1963.35,1964.04,1961.26,1961.77,589.9617
2026-02-21 07:45:00,1961.75,1963.05,1961.33,1962.71,744.8874
2026-02-21 08:00:00,1962.7,1965.34,1962.0,1964.59,2268.2917
2026-02-21 08:15:00,1964.59,1965.65,1964.07,1964.54,1314.9555
2026-02-21 08:30:00,1964.55,1966.53,1963.69,1966.03,1374.2554
2026-02-21 08:45:00,1966.04,1971.18,1965.36,1969.0,2122.9793
2026-02-21 09:00:00,1969.01,1970.37,1967.2,1967.67,969.8637
2026-02-21 09:15:00,1967.66,1977.66,1967.66,1975.84,5473.8063
2026-02-21 09:30:00,1975.84,1977.32,1970.02,1972.99,4526.3694
2026-02-21 09:45:00,1972.99,1973.68,1970.28,1970.28,1085.0924
2026-02-21 10:00:00,1970.28,1973.37,1969.09,1971.97,2207.997
2026-02-21 10:15:00,1971.97,1973.85,1970.78,1973.34,1539.7274
2026-02-21 10:30:00,1973.33,1974.88,1972.98,1974.88,1607.2797
2026-02-21 10:45:00,1974.88,1974.88,1972.65,1974.17,653.2353
2026-02-21 11:00:00,1974.17,1981.42,1973.85,1978.99,6942.9531
2026-02-21 11:15:00,1978.99,1988.6,1978.31,1983.44,5686.7955
2026-02-21 11:30:00,1983.44,1984.77,1977.57,1977.75,2154.311
2026-02-21 11:45:00,1977.76,1980.48,1976.34,1977.02,883.8329
2026-02-21 12:00:00,1977.02,1978.17,1974.18,1974.57,1569.1982
2026-02-21 12:15:00,1974.57,1975.74,1969.49,1970.93,2417.173
2026-02-21 12:30:00,1970.93,1973.39,1969.76,1972.51,1113.1525
2026-02-21 12:45:00,1972.52,1976.08,1970.44,1975.99,1900.0396
2026-02-21 13:00:00,1975.99,1976.07,1973.28,1974.26,1062.8882
2026-02-21 13:15:00,1974.26,1978.37,1972.63,1977.51,1089.0224
2026-02-21 13:30:00,1977.5,1978.11,1975.49,1977.66,826.2882
2026-02-21 13:45:00,1977.65,1981.4,1977.65,1981.18,3339.2247
2026-02-21 14:00:00,1981.18,1984.98,1978.09,1981.28,4661.1189
2026-02-21 14:15:00,1981.29,1995.56,1979.67,1988.26,9917.7589
2026-02-21 14:30:00,1988.27,1992.34,1987.38,1989.42,4414.968
2026-02-21 14:45:00,1989.42,1993.32,1986.43,1987.52,5410.5751
2026-02-21 15:00:00,1987.51,1991.81,1986.15,1988.89,3996.6059
2026-02-21 15:15:00,1988.88,1991.7,1985.84,1985.98,2114.7605
2026-02-21 15:30:00,1985.98,1993.0,1984.25,1990.42,2790.6237
2026-02-21 15:45:00,1990.43,1991.38,1988.13,1988.13,2199.6352
2026-02-21 16:00:00,1988.13,1988.98,1978.08,1981.69,7016.4984
2026-02-21 16:15:00,1981.69,1984.0,1976.41,1983.99,2788.4269
2026-02-21 16:30:00,1984.0,1989.58,1980.86,1988.93,2398.2026
2026-02-21 16:45:00,1988.93,1989.64,1985.5,1986.33,1257.0056
2026-02-21 17:00:00,1986.34,1988.34,1984.49,1987.45,1186.0963
2026-02-21 17:15:00,1987.45,1987.86,1984.26,1986.11,1610.3032
2026-02-21 17:30:00,1986.11,1992.1,1985.23,1989.53,2330.413
2026-02-21 17:45:00,1989.52,1991.22,1988.22,1988.95,1713.2437
2026-02-21 18:00:00,1988.95,1990.49,1987.77,1987.78,1200.7433
2026-02-21 18:15:00,1987.78,1991.16,1987.78,1990.14,1410.1566
2026-02-21 18:30:00,1990.14,1994.7,1990.14,1992.38,2554.4006
2026-02-21 18:45:00,1992.38,1995.31,1991.21,1991.97,2820.8028
2026-02-21 19:00:00,1991.97,1994.77,1990.01,1992.54,1973.1737
2026-02-21 19:15:00,1992.53,1992.95,1990.99,1991.5,1427.0107
2026-02-21 19:30:00,1991.5,1991.69,1990.15,1990.7,895.5929
2026-02-21 19:45:00,1990.69,1990.69,1987.86,1988.35,757.6887
2026-02-21 20:00:00,1988.34,1989.07,1987.0,1987.21,675.1307
2026-02-21 20:15:00,1987.2,1990.41,1987.13,1989.49,1122.8944
2026-02-21 20:30:00,1989.47,1990.16,1983.04,1983.83,1933.9272
2026-02-21 20:45:00,1983.83,1984.35,1973.53,1974.14,5773.8029
2026-02-21 21:00:00,1974.14,1978.12,1970.0,1977.19,2924.1735
2026-02-21 21:15:00,1977.19,1980.0,1976.91,1978.8,1269.0631
2026-02-21 21:30:00,1978.79,1981.47,1977.24,1978.86,1055.2555
2026-02-21 21:45:00,1978.86,1982.79,1978.76,1982.04,984.9699
2026-02-21 22:00:00,1982.04,1982.47,1977.1,1978.14,1083.8101
2026-02-21 22:15:00,1978.14,1980.41,1975.12,1976.4,693.4008
2026-02-21 22:30:00,1976.4,1977.17,1972.02,1974.61,2639.7209
2026-02-21 22:45:00,1974.61,1978.57,1972.72,1974.4,1692.7049
2026-02-21 23:00:00,1974.39,1975.68,1971.08,1972.25,1366.7046
2026-02-21 23:15:00,1972.26,1977.78,1972.26,1976.81,713.5735
2026-02-21 23:30:00,1976.82,1976.89,1975.65,1975.65,435.8535
2026-02-21 23:45:00,1975.64,1975.64,1973.32,1973.35,931.542
2026-02-22 00:00:00,1973.35,1975.6,1972.18,1973.74,1214.2374
2026-02-22 00:15:00,1973.73,1975.07,1967.75,1970.31,2856.0342
2026-02-22 00:30:00,1970.32,1971.11,1968.86,1968.87,1057.285
2026-02-22 00:45:00,1968.88,1972.91,1968.88,1972.87,880.7449
2026-02-22 01:00:00,1972.87,1976.47,1972.64,1973.85,1175.0082
2026-02-22 01:15:00,1973.86,1978.18,1972.61,1977.85,1523.7852
2026-02-22 01:30:00,1977.86,1979.51,1976.68,1978.41,1547.9459
2026-02-22 01:45:00,1978.4,1979.87,1976.23,1977.37,836.398
2026-02-22 02:00:00,1977.38,1982.99,1975.74,1980.99,1886.1465
2026-02-22 02:15:00,1980.99,1980.99,1975.2,1975.2,810.7072
2026-02-22 02:30:00,1975.2,1976.26,1973.23,1973.85,1167.2048
2026-02-22 02:45:00,1973.86,1975.35,1972.21,1972.23,996.7373
2026-02-22 03:00:00,1972.23,1976.26,1972.11,1974.95,924.6746
2026-02-22 03:15:00,1974.96,1975.44,1967.4,1970.85,1770.4991
2026-02-22 03:30:00,1970.85,1973.71,1970.2,1972.51,1045.0259
2026-02-22 03:45:00,1972.51,1975.27,1971.42,1974.71,1215.6989
2026-02-22 04:00:00,1974.71,1976.16,1974.29,1974.6,875.6665
2026-02-22 04:15:00,1974.59,1975.57,1971.25,1972.34,1570.9151
2026-02-22 04:30:00,1972.34,1974.99,1970.2,1971.8,1154.4544
2026-02-22 04:45:00,1971.8,1974.49,1971.79,1973.62,590.8732
2026-02-22 05:00:00,1973.63,1974.68,1971.06,1972.13,827.0449
2026-02-22 05:15:00,1972.13,1974.8,1971.91,1973.82,516.9751
2026-02-22 05:30:00,1973.82,1974.12,1972.56,1973.28,395.48
2026-02-22 05:45:00,1973.28,1975.11,1971.57,1974.97,1936.3565
2026-02-22 06:00:00,1974.97,1976.74,1974.29,1975.93,965.6372
2026-02-22 06:15:00,1975.93,1978.18,1974.87,1977.22,1328.2831
2026-02-22 06:30:00,1977.21,1979.54,1975.97,1976.09,1564.1312
2026-02-22 06:45:00,1976.1,1977.06,1975.04,1976.05,464.9257
2026-02-22 07:00:00,1976.06,1977.32,1975.06,1977.32,887.2575
2026-02-22 07:15:00,1977.32,1977.68,1974.58,1976.42,1603.4805
2026-02-22 07:30:00,1976.41,1978.78,1975.88,1977.65,968.7783
2026-02-22 07:45:00,1977.66,1977.94,1975.86,1975.88,561.1421
2026-02-22 08:00:00,1975.87,1977.0,1974.66,1976.68,537.9441
2026-02-22 08:15:00,1976.69,1977.05,1971.82,1973.29,1193.5841
2026-02-22 08:30:00,1973.28,1973.88,1970.58,1972.51,1175.729
2026-02-22 08:45:00,1972.51,1974.2,1971.5,1973.39,557.2127
2026-02-22 09:00:00,1973.4,1974.08,1971.97,1972.64,540.8149
2026-02-22 09:15:00,1972.64,1974.36,1972.64,1973.32,572.0934
2026-02-22 09:30:00,1973.33,1974.98,1971.72,1974.82,1259.9535
2026-02-22 09:45:00,1974.82,1976.26,1974.81,1975.83,882.8898
2026-02-22 10:00:00,1975.83,1976.98,1975.31,1975.31,1077.2253
2026-02-22 10:15:00,1975.31,1979.38,1975.02,1978.12,1359.3472
2026-02-22 10:30:00,1978.11,1980.01,1977.54,1978.82,1586.3154
2026-02-22 10:45:00,1978.82,1978.82,1977.5,1977.5,770.6177
2026-02-22 11:00:00,1977.51,1982.62,1977.51,1981.89,2010.687
2026-02-22 11:15:00,1981.9,1983.05,1980.32,1980.39,2174.754
2026-02-22 11:30:00,1980.39,1983.13,1979.36,1979.56,1175.0111
2026-02-22 11:45:00,1979.55,1980.8,1979.17,1980.78,904.6321
2026-02-22 12:00:00,1980.79,1981.6,1972.4,1973.86,2035.9177
2026-02-22 12:15:00,1973.86,1975.81,1971.31,1974.56,2036.4688
2026-02-22 12:30:00,1974.56,1974.77,1962.68,1964.15,6247.9289
2026-02-22 12:45:00,1964.15,1967.9,1961.84,1966.37,2367.1605
2026-02-22 13:00:00,1966.37,1968.69,1964.28,1966.95,1441.8254
2026-02-22 13:15:00,1966.95,1968.65,1964.5,1964.96,1480.9939
2026-02-22 13:30:00,1964.95,1965.71,1946.27,1947.8,9005.4839
2026-02-22 13:45:00,1947.8,1951.85,1945.0,1950.95,5944.7211
2026-02-22 14:00:00,1950.95,1952.13,1943.53,1951.46,3801.1652
2026-02-22 14:15:00,1951.46,1953.1,1948.21,1950.43,2518.9184
2026-02-22 14:30:00,1950.43,1954.6,1947.06,1947.76,2156.4352
2026-02-22 14:45:00,1947.77,1951.8,1945.43,1950.64,2439.074
2026-02-22 15:00:00,1950.65,1951.2,1946.88,1949.23,2162.5341
2026-02-22 15:15:00,1949.22,1954.28,1945.86,1954.02,2742.9228
2026-02-22 15:30:00,1954.01,1958.72,1952.68,1956.8,2841.8195
2026-02-22 15:45:00,1956.8,1957.25,1952.62,1953.98,1201.5284
2026-02-22 16:00:00,1953.99,1955.56,1950.02,1950.79,5092.3565
2026-02-22 16:15:00,1950.78,1952.13,1947.87,1947.93,2490.2735
2026-02-22 16:30:00,1947.92,1950.5,1947.53,1950.0,1076.5088
2026-02-22 16:45:00,1949.99,1953.06,1949.9,1952.53,1380.3111
2026-02-22 17:00:00,1952.52,1953.6,1948.42,1948.43,1290.8571
2026-02-22 17:15:00,1948.43,1949.36,1946.01,1948.14,2185.7146
2026-02-22 17:30:00,1948.14,1948.99,1935.0,1939.0,6888.856
2026-02-22 17:45:00,1939.0,1941.51,1936.35,1940.27,1835.1018
2026-02-22 18:00:00,1940.27,1943.37,1938.39,1942.64,1327.9174
2026-02-22 18:15:00,1942.63,1944.11,1940.37,1940.95,1073.8157
2026-02-22 18:30:00,1940.95,1942.02,1938.57,1941.48,1037.8528
2026-02-22 18:45:00,1941.49,1943.65,1941.39,1942.95,884.4213
2026-02-22 19:00:00,1942.95,1944.95,1940.05,1941.71,1018.5382
2026-02-22 19:15:00,1941.72,1943.59,1941.51,1941.69,471.86
2026-02-22 19:30:00,1941.68,1945.5,1941.24,1944.87,425.7403
2026-02-22 19:45:00,1944.88,1945.92,1943.19,1943.74,534.3658
2026-02-22 20:00:00,1943.73,1945.5,1941.01,1941.63,606.2609
2026-02-22 20:15:00,1941.64,1945.33,1941.64,1944.65,429.8871
2026-02-22 20:30:00,1944.66,1944.92,1943.49,1944.15,512.3999
2026-02-22 20:45:00,1944.15,1945.98,1939.81,1940.99,873.6585
2026-02-22 21:00:00,1941.0,1942.77,1941.0,1942.51,785.8366
2026-02-22 21:15:00,1942.52,1943.81,1941.01,1941.32,369.8898
2026-02-22 21:30:00,1941.33,1950.43,1941.32,1949.83,3649.3381
2026-02-22 21:45:00,1949.83,1952.27,1949.5,1950.39,1143.9345
2026-02-22 22:00:00,1950.4,1951.68,1946.61,1947.17,1070.6806
2026-02-22 22:15:00,1947.17,1956.31,1947.16,1954.73,2200.4815
2026-02-22 22:30:00,1954.74,1960.89,1953.7,1957.76,1832.6049
2026-02-22 22:45:00,1957.75,1960.8,1956.18,1958.54,908.715
2026-02-22 23:00:00,1958.53,1960.95,1954.66,1954.75,1727.5778
2026-02-22 23:15:00,1954.75,1957.11,1950.37,1953.61,1779.3443
2026-02-22 23:30:00,1953.61,1953.8,1948.62,1949.23,1006.6946
2026-02-22 23:45:00,1949.24,1960.33,1948.68,1957.82,2090.6097
2026-02-23 00:00:00,1957.82,1958.33,1952.01,1954.49,1748.9809
2026-02-23 00:15:00,1954.49,1955.54,1946.6,1948.4,1868.4459
2026-02-23 00:30:00,1948.4,1948.46,1940.82,1941.35,4777.0059
2026-02-23 00:45:00,1941.35,1943.6,1928.71,1929.42,10040.8071
2026-02-23 01:00:00,1929.42,1929.42,1867.35,1886.19,55168.8152
2026-02-23 01:15:00,1886.19,1886.19,1867.59,1873.62,14129.1916
2026-02-23 01:30:00,1873.61,1881.36,1870.12,1872.82,8601.3111
2026-02-23 01:45:00,1872.82,1875.05,1847.46,1856.88,29779.8261
2026-02-23 02:00:00,1856.88,1865.16,1851.39,1862.74,8263.039
2026-02-23 02:15:00,1862.75,1864.8,1855.28,1864.48,6365.1957
2026-02-23 02:30:00,1864.47,1868.67,1860.69,1864.33,6392.8927
2026-02-23 02:45:00,1864.33,1866.0,1860.4,1863.24,3136.6102
2026-02-23 03:00:00,1863.25,1871.98,1862.39,1866.83,6470.2504
2026-02-23 03:15:00,1866.83,1866.84,1856.17,1859.26,5300.9591
2026-02-23 03:30:00,1859.27,1866.14,1857.04,1865.31,3772.2563
2026-02-23 03:45:00,1865.31,1866.68,1862.87,1862.87,1655.3041
2026-02-23 04:00:00,1862.88,1864.94,1860.51,1864.93,2871.9835
2026-02-23 04:15:00,1864.93,1864.93,1859.5,1860.73,3538.9784
2026-02-23 04:30:00,1860.73,1862.01,1853.34,1857.21,4539.0865
2026-02-23 04:45:00,1857.22,1860.17,1856.64,1860.17,922.3903
2026-02-23 05:00:00,1860.17,1867.3,1860.0,1865.0,2659.9023
2026-02-23 05:15:00,1865.01,1870.67,1862.8,1867.35,6972.6413
2026-02-23 05:30:00,1867.36,1870.55,1866.17,1866.71,3284.1705
2026-02-23 05:45:00,1866.71,1868.73,1863.29,1866.08,2430.2112
2026-02-23 06:00:00,1866.08,1875.67,1864.29,1874.65,3529.7148
2026-02-23 06:15:00,1874.64,1878.2,1873.0,1873.28,4091.2253
2026-02-23 06:30:00,1873.29,1883.2,1872.79,1878.68,5483.1749
2026-02-23 06:45:00,1878.67,1882.51,1878.31,1879.52,4777.5973
2026-02-23 07:00:00,1879.52,1885.2,1879.23,1881.86,5711.8427
2026-02-23 07:15:00,1881.85,1882.0,1877.1,1879.22,5209.897
2026-02-23 07:30:00,1879.21,1888.71,1876.93,1885.57,6740.7229
2026-02-23 07:45:00,1885.57,1887.5,1883.21,1885.5,3442.537
2026-02-23 08:00:00,1885.5,1888.4,1882.9,1888.4,3279.4702
2026-02-23 08:15:00,1888.4,1889.77,1882.18,1882.97,4255.2014
2026-02-23 08:30:00,1882.98,1884.5,1877.23,1878.62,3037.5325
2026-02-23 08:45:00,1878.62,1881.2,1877.5,1880.62,1935.5428
2026-02-23 09:00:00,1880.63,1888.08,1880.63,1885.89,1648.3771
2026-02-23 09:15:00,1885.89,1889.49,1882.52,1888.22,1562.6658
2026-02-23 09:30:00,1888.22,1911.06,1887.08,1911.0,10335.5005
2026-02-23 09:45:00,1911.0,1918.82,1911.0,1918.0,4813.9273
2026-02-23 10:00:00,1917.99,1928.19,1916.28,1920.39,6024.4924
2026-02-23 10:15:00,1920.38,1925.74,1919.0,1919.96,5433.7172
2026-02-23 10:30:00,1919.97,1920.51,1913.4,1915.66,9033.8371
2026-02-23 10:45:00,1915.66,1917.56,1912.29,1913.94,2804.4978
2026-02-23 11:00:00,1913.95,1919.21,1912.17,1918.79,2191.2735
2026-02-23 11:15:00,1918.79,1920.59,1913.61,1914.84,2277.4661
2026-02-23 11:30:00,1914.84,1916.29,1911.1,1912.49,5187.9709
2026-02-23 11:45:00,1912.49,1915.51,1911.2,1915.3,5642.0886
2026-02-23 12:00:00,1915.29,1916.61,1912.84,1915.74,5572.7965
2026-02-23 12:15:00,1915.75,1916.4,1912.79,1913.31,6957.9521
2026-02-23 12:30:00,1913.31,1926.53,1905.71,1922.09,14418.4723
2026-02-23 12:45:00,1922.1,1926.46,1919.39,1919.99,2415.3176
2026-02-23 13:00:00,1920.0,1925.76,1919.21,1919.62,3263.3926
2026-02-23 13:15:00,1919.62,1922.7,1918.78,1921.39,2104.4076
2026-02-23 13:30:00,1921.39,1935.52,1920.27,1932.34,6721.6159
2026-02-23 13:45:00,1932.33,1934.31,1920.0,1921.9,3992.6379
2026-02-23 14:00:00,1921.9,1925.48,1919.97,1925.47,2413.763
2026-02-23 14:15:00,1925.47,1925.48,1914.37,1916.86,3142.2657
2026-02-23 14:30:00,1916.86,1920.48,1895.0,1904.58,13357.0384
2026-02-23 14:45:00,1904.58,1914.42,1895.9,1906.92,6432.2201
2026-02-23 15:00:00,1906.92,1911.7,1898.85,1904.19,5954.7786
2026-02-23 15:15:00,1904.19,1913.23,1902.64,1904.37,3653.5406
2026-02-23 15:30:00,1904.38,1909.46,1901.61,1904.97,2850.9997
2026-02-23 15:45:00,1904.96,1907.08,1892.68,1895.65,5048.9022
2026-02-23 16:00:00,1895.65,1896.39,1881.2,1884.57,9162.6549
2026-02-23 16:15:00,1884.56,1897.54,1884.35,1897.43,6910.0801
2026-02-23 16:30:00,1897.43,1900.18,1888.76,1891.5,4493.0876
2026-02-23 16:45:00,1891.5,1892.23,1883.21,1884.72,6578.5308
2026-02-23 17:00:00,1884.73,1888.17,1867.0,1869.41,11056.3014
2026-02-23 17:15:00,1869.41,1875.02,1857.19,1857.21,13971.7708
2026-02-23 17:30:00,1857.2,1858.9,1842.37,1848.5,13303.2123
2026-02-23 17:45:00,1848.49,1864.99,1837.13,1863.92,11188.6045
2026-02-23 18:00:00,1863.92,1871.1,1858.96,1863.22,6003.926
2026-02-23 18:15:00,1863.22,1863.82,1856.25,1860.87,4135.8409
2026-02-23 18:30:00,1860.88,1874.12,1857.48,1868.53,9515.6671
2026-02-23 18:45:00,1868.53,1868.53,1854.6,1857.75,3623.6567
2026-02-23 19:00:00,1857.75,1864.75,1856.63,1861.64,4287.8867
2026-02-23 19:15:00,1861.64,1862.22,1850.7,1853.57,5164.7696
2026-02-23 19:30:00,1853.56,1857.3,1847.2,1854.75,6080.0934
2026-02-23 19:45:00,1854.75,1858.28,1851.42,1857.19,3103.8226
2026-02-23 20:00:00,1857.19,1859.8,1847.29,1848.28,3372.7434
2026-02-23 20:15:00,1848.28,1854.76,1846.8,1850.62,3718.0791
2026-02-23 20:30:00,1850.61,1858.69,1850.23,1856.63,3448.8844
2026-02-23 20:45:00,1856.64,1862.49,1855.0,1860.56,4096.6396
2026-02-23 21:00:00,1860.55,1868.67,1860.07,1867.35,3229.5829
2026-02-23 21:15:00,1867.35,1869.31,1863.12,1865.0,1183.9497
2026-02-23 21:30:00,1865.01,1867.01,1858.56,1862.57,2766.7236
2026-02-23 21:45:00,1862.58,1866.11,1861.42,1863.59,1390.1369
2026-02-23 22:00:00,1863.59,1870.0,1862.06,1867.27,2651.3207
2026-02-23 22:15:00,1867.27,1869.14,1865.43,1867.07,1310.5481
2026-02-23 22:30:00,1867.08,1868.41,1862.71,1865.45,1429.774
2026-02-23 22:45:00,1865.45,1867.37,1859.72,1859.93,1480.2407
2026-02-23 23:00:00,1859.94,1866.95,1859.54,1865.64,1528.4783
2026-02-23 23:15:00,1865.64,1866.23,1859.32,1861.44,1518.5617
2026-02-23 23:30:00,1861.44,1861.92,1850.95,1851.38,2639.3812
2026-02-23 23:45:00,1851.39,1856.86,1851.39,1856.3,1573.908
2026-02-24 00:00:00,1856.3,1863.62,1855.34,1863.42,2319.3105
2026-02-24 00:15:00,1863.41,1867.57,1861.62,1863.3,1959.4504
2026-02-24 00:30:00,1863.3,1867.17,1862.44,1865.0,2661.9866
2026-02-24 00:45:00,1865.01,1869.58,1865.0,1867.96,2216.5587
2026-02-24 01:00:00,1867.95,1867.99,1842.85,1845.7,5184.055
2026-02-24 01:15:00,1845.7,1853.7,1811.81,1849.71,24679.3829
2026-02-24 01:30:00,1849.7,1857.58,1839.9,1847.23,6934.0946
2026-02-24 01:45:00,1847.24,1849.55,1839.05,1840.95,3598.5261
2026-02-24 02:00:00,1840.95,1848.02,1837.15,1844.96,4208.0602
2026-02-24 02:15:00,1844.96,1848.45,1839.16,1847.58,2776.9735
2026-02-24 02:30:00,1847.59,1854.46,1842.25,1842.82,3204.1204
2026-02-24 02:45:00,1842.82,1847.35,1841.38,1843.54,1972.7559
2026-02-24 03:00:00,1843.54,1843.54,1827.4,1831.74,7843.9573
2026-02-24 03:15:00,1831.74,1836.44,1825.0,1831.1,3709.2689
2026-02-24 03:30:00,1831.09,1834.42,1828.6,1829.96,2351.1489
2026-02-24 03:45:00,1829.96,1834.55,1823.24,1832.03,4268.4195
2026-02-24 04:00:00,1832.03,1833.82,1816.66,1816.67,6038.1467
2026-02-24 04:15:00,1816.67,1833.64,1813.77,1829.24,6903.1223
2026-02-24 04:30:00,1829.23,1832.27,1821.4,1829.84,3729.8394
2026-02-24 04:45:00,1829.84,1831.49,1827.57,1830.81,2475.0114
2026-02-24 05:00:00,1830.8,1840.79,1828.0,1838.49,5296.2874
2026-02-24 05:15:00,1838.49,1838.6,1814.01,1818.5,9155.8407
2026-02-24 05:30:00,1818.5,1825.88,1816.46,1823.19,6571.5238
2026-02-24 05:45:00,1823.19,1827.72,1822.08,1826.26,1866.8231
2026-02-24 06:00:00,1826.25,1828.89,1819.66,1824.91,2634.4797
2026-02-24 06:15:00,1824.91,1830.47,1824.11,1828.82,3026.4529
2026-02-24 06:30:00,1828.81,1831.35,1824.66,1827.51,2912.389
2026-02-24 06:45:00,1827.52,1827.96,1817.99,1820.86,4089.0814
2026-02-24 07:00:00,1820.87,1829.54,1815.23,1827.74,4209.7514
2026-02-24 07:15:00,1827.75,1830.6,1820.22,1830.07,6588.264
2026-02-24 07:30:00,1830.07,1831.89,1822.09,1823.95,4835.4651
2026-02-24 07:45:00,1823.96,1826.09,1821.86,1825.7,3203.7887
2026-02-24 08:00:00,1825.7,1826.78,1818.52,1825.02,4361.9988
2026-02-24 08:15:00,1825.02,1831.36,1821.38,1830.31,2509.1118
2026-02-24 08:30:00,1830.31,1836.18,1829.15,1833.06,6687.3844
2026-02-24 08:45:00,1833.06,1833.85,1829.76,1831.57,1948.1209
2026-02-24 09:00:00,1831.56,1834.69,1824.54,1827.55,3911.1144
2026-02-24 09:15:00,1827.55,1828.03,1822.0,1824.17,3170.0012
2026-02-24 09:30:00,1824.21,1826.08,1815.22,1822.65,5771.7729
2026-02-24 09:45:00,1822.65,1827.15,1819.0,1827.14,2965.9798
2026-02-24 10:00:00,1827.15,1828.0,1822.84,1825.75,2491.8682
2026-02-24 10:15:00,1825.75,1828.53,1823.66,1826.34,3127.2693
2026-02-24 10:30:00,1826.35,1827.85,1820.57,1822.84,4375.7321
2026-02-24 10:45:00,1822.85,1829.68,1822.63,1825.88,3132.1322
2026-02-24 11:00:00,1825.88,1827.36,1819.5,1820.89,9330.8039
2026-02-24 11:15:00,1820.89,1823.1,1819.5,1821.58,1327.771
2026-02-24 11:30:00,1821.59,1823.99,1818.08,1822.26,3908.2618
2026-02-24 11:45:00,1822.25,1827.02,1820.38,1826.75,4511.5017
2026-02-24 12:00:00,1826.75,1830.29,1822.27,1827.38,4062.9002
2026-02-24 12:15:00,1827.38,1829.28,1824.76,1828.27,2667.149
2026-02-24 12:30:00,1828.26,1828.82,1821.07,1823.74,2727.4303
2026-02-24 12:45:00,1823.74,1827.64,1821.22,1823.92,1698.7085
2026-02-24 13:00:00,1823.92,1827.5,1822.35,1825.06,1755.2144
2026-02-24 13:15:00,1825.05,1825.94,1818.47,1820.71,3145.5608
2026-02-24 13:30:00,1820.7,1822.72,1800.0,1817.78,19096.0996
2026-02-24 13:45:00,1817.79,1820.64,1813.06,1815.73,3671.3583
2026-02-24 14:00:00,1815.72,1818.86,1812.43,1815.09,3886.8205
2026-02-24 14:15:00,1815.09,1817.04,1805.82,1814.57,5912.7289
2026-02-24 14:30:00,1814.58,1831.02,1803.48,1827.84,16304.7332
2026-02-24 14:45:00,1827.9,1847.99,1826.79,1834.73,14787.2573
2026-02-24 15:00:00,1834.73,1840.19,1828.46,1839.69,10242.0242
2026-02-24 15:15:00,1839.7,1850.0,1837.72,1849.13,10019.6454
2026-02-24 15:30:00,1849.12,1850.29,1840.6,1842.92,7055.4769
2026-02-24 15:45:00,1842.92,1848.7,1840.63,1847.59,4179.6422
2026-02-24 16:00:00,1847.59,1863.33,1846.82,1856.91,10095.4691
2026-02-24 16:15:00,1856.9,1859.71,1846.43,1849.72,5058.9754
2026-02-24 16:30:00,1849.72,1853.59,1838.36,1851.69,6033.0952
2026-02-24 16:45:00,1851.69,1859.86,1843.99,1858.56,5977.6646
2026-02-24 17:00:00,1858.57,1865.38,1856.85,1860.54,12823.1498
2026-02-24 17:15:00,1860.53,1864.23,1855.57,1856.11,5615.9977
2026-02-24 17:30:00,1856.12,1858.08,1853.29,1853.46,3047.1948
2026-02-24 17:45:00,1853.47,1858.45,1849.55,1855.43,3727.9493
2026-02-24 18:00:00,1855.43,1860.67,1845.46,1846.99,3954.0308
2026-02-24 18:15:00,1846.99,1854.49,1845.56,1851.05,2867.4426
2026-02-24 18:30:00,1851.05,1860.28,1850.3,1856.57,3034.0114
2026-02-24 18:45:00,1856.57,1860.24,1854.48,1855.08,2344.1738
2026-02-24 19:00:00,1855.08,1862.63,1848.53,1849.61,4076.9639
2026-02-24 19:15:00,1849.6,1853.53,1847.05,1849.83,2801.3026
2026-02-24 19:30:00,1849.83,1854.77,1849.1,1854.0,1359.2087
2026-02-24 19:45:00,1854.01,1856.93,1851.81,1852.46,1562.7145
2026-02-24 20:00:00,1852.47,1854.56,1849.5,1852.45,1542.5689
2026-02-24 20:15:00,1852.44,1858.77,1852.43,1857.07,1846.2436
2026-02-24 20:30:00,1857.08,1860.42,1854.37,1860.22,1725.6163
2026-02-24 20:45:00,1860.21,1862.36,1856.65,1858.58,1727.9756
2026-02-24 21:00:00,1858.57,1858.57,1849.8,1853.2,2674.5923
2026-02-24 21:15:00,1853.21,1853.48,1845.41,1847.81,2666.9807
2026-02-24 21:30:00,1847.81,1853.41,1846.61,1853.17,1814.9013
2026-02-24 21:45:00,1853.18,1854.82,1850.47,1854.17,1690.205
2026-02-24 22:00:00,1854.17,1864.11,1852.92,1861.85,3713.8783
2026-02-24 22:15:00,1861.84,1861.97,1857.09,1859.13,1262.2621
2026-02-24 22:30:00,1859.14,1859.82,1857.1,1857.48,1575.6401
2026-02-24 22:45:00,1857.47,1861.01,1855.15,1860.56,1371.3663
2026-02-24 23:00:00,1860.56,1860.61,1852.08,1856.76,6789.8315
2026-02-24 23:15:00,1856.76,1858.31,1855.03,1857.72,2386.5128
2026-02-24 23:30:00,1857.73,1860.38,1856.79,1857.49,1170.3331
2026-02-24 23:45:00,1857.5,1857.72,1851.63,1851.94,1557.8658
2026-02-25 00:00:00,1851.95,1852.72,1847.54,1847.78,1812.3377
2026-02-25 00:15:00,1847.77,1852.17,1846.74,1847.01,1220.9122
2026-02-25 00:30:00,1847.02,1856.68,1847.02,1856.28,1901.2103
2026-02-25 00:45:00,1856.27,1856.27,1851.24,1851.98,887.091
2026-02-25 01:00:00,1851.98,1917.75,1850.49,1904.02,25841.8624
2026-02-25 01:15:00,1904.02,1924.84,1898.76,1910.09,15432.6157
2026-02-25 01:30:00,1910.1,1922.56,1908.58,1913.26,6233.9661
2026-02-25 01:45:00,1913.26,1920.44,1912.96,1918.34,4565.548
2026-02-25 02:00:00,1918.34,1944.86,1918.12,1934.9,17208.9062
2026-02-25 02:15:00,1934.9,1936.78,1928.2,1931.57,4401.5784
2026-02-25 02:30:00,1931.56,1933.62,1921.18,1922.7,3830.2572
2026-02-25 02:45:00,1922.7,1929.6,1919.2,1920.97,5469.5402
2026-02-25 03:00:00,1920.97,1922.81,1916.31,1917.44,3406.0984
2026-02-25 03:15:00,1917.44,1918.23,1905.96,1910.19,5227.0194
2026-02-25 03:30:00,1910.2,1911.97,1903.35,1907.56,4898.3722
2026-02-25 03:45:00,1907.56,1909.72,1905.02,1906.14,2921.9718
2026-02-25 04:00:00,1906.14,1907.49,1894.37,1905.77,5363.3054
2026-02-25 04:15:00,1905.78,1913.31,1903.55,1912.08,5946.9873
2026-02-25 04:30:00,1912.09,1914.35,1911.15,1913.51,2483.3557
2026-02-25 04:45:00,1913.52,1914.08,1905.98,1906.3,2296.7689
2026-02-25 05:00:00,1906.31,1908.3,1901.73,1902.69,3177.1823
2026-02-25 05:15:00,1902.69,1903.96,1888.13,1893.28,5106.4175
2026-02-25 05:30:00,1893.28,1894.94,1878.02,1884.9,6514.9889
2026-02-25 05:45:00,1884.9,1892.62,1883.85,1887.98,3872.7767
2026-02-25 06:00:00,1887.98,1890.92,1887.59,1890.51,2474.9249
2026-02-25 06:15:00,1890.5,1896.71,1887.43,1892.49,2030.4425
2026-02-25 06:30:00,1892.48,1894.42,1891.17,1891.54,2251.1958
2026-02-25 06:45:00,1891.53,1891.74,1884.83,1885.05,3213.1119
2026-02-25 07:00:00,1885.06,1890.06,1882.44,1888.5,2769.8549
2026-02-25 07:15:00,1888.5,1893.73,1887.33,1891.86,2577.8655
2026-02-25 07:30:00,1891.85,1895.58,1888.26,1889.99,2390.4662
2026-02-25 07:45:00,1889.98,1894.39,1889.05,1893.31,2293.3148
2026-02-25 08:00:00,1893.32,1894.05,1890.27,1891.29,1742.1687
2026-02-25 08:15:00,1891.28,1898.86,1890.62,1896.2,2176.3102
2026-02-25 08:30:00,1896.19,1907.4,1896.19,1905.86,4305.953
2026-02-25 08:45:00,1905.85,1913.9,1903.61,1910.29,5100.8607
2026-02-25 09:00:00,1910.29,1917.83,1907.49,1914.12,3070.0856
2026-02-25 09:15:00,1914.12,1916.42,1911.02,1913.0,3344.2084
2026-02-25 09:30:00,1913.0,1913.19,1908.07,1910.86,3079.3587
2026-02-25 09:45:00,1910.86,1916.09,1910.39,1915.19,2631.1584
2026-02-25 10:00:00,1915.18,1918.25,1912.75,1917.59,2566.8717
2026-02-25 10:15:00,1917.58,1923.43,1911.97,1912.66,4212.8479
2026-02-25 10:30:00,1912.66,1915.76,1911.52,1914.8,1496.9271
2026-02-25 10:45:00,1914.8,1916.62,1910.22,1912.61,2116.8849
2026-02-25 11:00:00,1912.62,1918.8,1907.76,1915.06,3578.5097
2026-02-25 11:15:00,1915.06,1922.34,1914.08,1919.75,3271.6948
2026-02-25 11:30:00,1919.75,1925.42,1919.32,1923.06,3470.4331
2026-02-25 11:45:00,1923.06,1928.45,1921.68,1926.48,3362.0757
2026-02-25 12:00:00,1926.48,1929.44,1922.28,1928.51,3614.4127
2026-02-25 12:15:00,1928.51,1942.0,1926.77,1938.35,7822.0877
2026-02-25 12:30:00,1938.35,1943.76,1937.1,1939.05,4766.6311
2026-02-25 12:45:00,1939.05,1956.79,1938.36,1953.43,12263.1118
2026-02-25 13:00:00,1953.44,1961.66,1952.47,1956.17,8306.0728
2026-02-25 13:15:00,1956.16,1966.6,1953.34,1962.39,7353.5095
2026-02-25 13:30:00,1962.38,1969.72,1960.8,1964.88,5478.492
2026-02-25 13:45:00,1964.87,1976.89,1963.19,1964.57,8706.1656
2026-02-25 14:00:00,1964.57,1970.47,1964.57,1969.37,4620.3951
2026-02-25 14:15:00,1969.36,1975.85,1967.82,1972.13,4165.6288
2026-02-25 14:30:00,1972.12,1983.5,1962.14,1968.68,15172.366
2026-02-25 14:45:00,1968.68,2001.65,1968.43,1997.38,22670.6113
2026-02-25 15:00:00,1997.38,2007.46,1986.72,1989.63,14381.7805
2026-02-25 15:15:00,1989.64,2002.58,1987.82,2000.53,7550.6011
2026-02-25 15:30:00,2000.54,2026.34,1997.15,2023.2,19800.3962
2026-02-25 15:45:00,2023.2,2028.7,2007.88,2013.73,12373.2226
2026-02-25 16:00:00,2013.69,2022.92,2013.36,2019.27,9612.0105
2026-02-25 16:15:00,2019.26,2042.7,2019.17,2030.86,14942.0363
2026-02-25 16:30:00,2030.87,2035.81,2026.51,2034.6,7266.0895
2026-02-25 16:45:00,2034.61,2049.18,2034.61,2046.33,9995.7256
2026-02-25 17:00:00,2046.34,2073.0,2044.28,2065.38,21179.086
2026-02-25 17:15:00,2065.38,2069.37,2055.32,2065.99,11827.0991
2026-02-25 17:30:00,2066.0,2078.0,2059.82,2076.77,9951.8855
2026-02-25 17:45:00,2076.77,2086.17,2069.44,2073.9,9437.5517
2026-02-25 18:00:00,2073.9,2074.66,2056.93,2068.91,9330.9326
2026-02-25 18:15:00,2068.91,2081.2,2061.47,2077.24,9187.0457
2026-02-25 18:30:00,2077.25,2077.98,2069.97,2070.98,6161.7436
2026-02-25 18:45:00,2070.97,2075.66,2065.37,2074.12,5986.9098
2026-02-25 19:00:00,2074.11,2074.9,2060.05,2066.26,7801.1887
2026-02-25 19:15:00,2066.27,2070.0,2064.0,2067.64,4901.7645
2026-02-25 19:30:00,2067.65,2068.27,2060.06,2066.42,4038.5016
2026-02-25 19:45:00,2066.41,2073.18,2065.24,2071.1,3407.1897
2026-02-25 20:00:00,2071.1,2074.2,2062.01,2063.12,5346.174
2026-02-25 20:15:00,2063.13,2068.39,2059.59,2059.68,4206.1484
2026-02-25 20:30:00,2059.67,2071.44,2058.37,2069.88,7490.1766
2026-02-25 20:45:00,2069.89,2083.99,2069.43,2075.0,11383.0502
2026-02-25 21:00:00,2074.99,2078.03,2070.47,2071.98,3333.5939
2026-02-25 21:15:00,2071.97,2077.03,2067.41,2067.76,4260.4267
2026-02-25 21:30:00,2067.76,2148.39,2065.84,2111.4,52122.2168
2026-02-25 21:45:00,2111.39,2112.74,2093.12,2100.33,13214.813
2026-02-25 22:00:00,2100.33,2115.41,2100.33,2109.82,7927.0801
2026-02-25 22:15:00,2109.81,2112.55,2098.31,2099.85,10136.1971
2026-02-25 22:30:00,2099.85,2105.52,2084.1,2090.06,9259.9419
2026-02-25 22:45:00,2090.06,2094.69,2073.79,2083.15,7663.3695
2026-02-25 23:00:00,2083.14,2087.0,2073.96,2081.7,4545.1392
2026-02-25 23:15:00,2081.7,2081.7,2067.0,2069.58,6127.0975
2026-02-25 23:30:00,2069.58,2071.7,2034.39,2042.14,14705.5913
2026-02-25 23:45:00,2042.14,2057.77,2038.07,2057.48,7637.5814
2026-02-26 00:00:00,2057.48,2066.43,2047.83,2062.75,6500.8459
2026-02-26 00:15:00,2062.75,2076.6,2062.62,2067.64,7351.9316
2026-02-26 00:30:00,2067.64,2074.74,2051.37,2058.42,5905.2463
2026-02-26 00:45:00,2058.43,2063.78,2056.08,2062.36,2526.1746
2026-02-26 01:00:00,2062.36,2066.95,2054.2,2062.48,5389.4672
2026-02-26 01:15:00,2062.47,2063.16,2054.68,2055.87,2688.564
2026-02-26 01:30:00,2055.87,2064.84,2049.74,2057.88,3243.4664
2026-02-26 01:45:00,2057.88,2061.23,2052.57,2058.34,3685.4569
2026-02-26 02:00:00,2058.35,2059.06,2039.37,2041.95,4498.2953
2026-02-26 02:15:00,2041.96,2053.8,2041.53,2045.66,2823.5482
2026-02-26 02:30:00,2045.66,2055.62,2045.66,2054.44,3018.4714
2026-02-26 02:45:00,2054.44,2056.41,2049.36,2053.28,2028.471
2026-02-26 03:00:00,2053.28,2056.49,2047.35,2050.46,3259.7215
2026-02-26 03:15:00,2050.46,2052.35,2048.25,2051.32,1375.6402
2026-02-26 03:30:00,2051.31,2059.35,2049.85,2056.69,2842.1942
2026-02-26 03:45:00,2056.68,2058.26,2054.47,2054.55,1899.8182
2026-02-26 04:00:00,2054.55,2067.99,2051.92,2062.51,6073.6082
2026-02-26 04:15:00,2062.51,2065.87,2057.6,2064.83,3891.5249
2026-02-26 04:30:00,2064.83,2082.81,2064.35,2076.04,10670.9949
2026-02-26 04:45:00,2076.04,2079.66,2073.69,2075.01,2937.3974
2026-02-26 05:00:00,2075.0,2075.55,2059.87,2062.69,3252.4386
2026-02-26 05:15:00,2062.68,2066.92,2056.7,2064.26,3652.2898
2026-02-26 05:30:00,2064.26,2067.19,2059.07,2065.16,2524.2772
2026-02-26 05:45:00,2065.16,2069.16,2062.89,2066.13,2443.4649
2026-02-26 06:00:00,2066.13,2076.5,2060.54,2073.51,3901.7931
2026-02-26 06:15:00,2073.51,2073.99,2064.48,2064.48,2664.7388
2026-02-26 06:30:00,2064.48,2065.68,2061.21,2061.73,3570.0506
2026-02-26 06:45:00,2061.72,2066.76,2059.54,2062.54,2779.3975
2026-02-26 07:00:00,2062.54,2068.29,2061.96,2065.42,2708.704
2026-02-26 07:15:00,2065.43,2066.26,2060.94,2063.45,2288.8437
2026-02-26 07:30:00,2063.44,2064.0,2055.91,2058.25,3852.9744
2026-02-26 07:45:00,2058.24,2059.71,2051.55,2053.37,4076.113
2026-02-26 08:00:00,2053.36,2056.36,2046.7,2052.32,5406.3679
2026-02-26 08:15:00,2052.31,2059.0,2045.2,2048.51,4387.4361
2026-02-26 08:30:00,2048.49,2052.83,2044.36,2049.55,5820.5344
2026-02-26 08:45:00,2049.56,2058.09,2048.03,2054.43,3014.4727
2026-02-26 09:00:00,2054.43,2073.33,2052.79,2069.5,6269.1324
2026-02-26 09:15:00,2069.5,2070.87,2064.44,2065.67,2744.8453
2026-02-26 09:30:00,2065.66,2078.24,2064.18,2073.27,4824.1728
2026-02-26 09:45:00,2073.27,2075.71,2071.76,2074.94,2558.9576
2026-02-26 10:00:00,2074.93,2083.33,2073.79,2074.05,3601.8811
2026-02-26 10:15:00,2074.04,2074.05,2066.24,2066.57,2569.2427
2026-02-26 10:30:00,2066.58,2072.3,2064.54,2072.3,3546.8695
2026-02-26 10:45:00,2072.29,2073.02,2062.19,2065.31,2059.5113
2026-02-26 11:00:00,2065.31,2067.45,2061.0,2064.46,1854.0378
2026-02-26 11:15:00,2064.45,2064.73,2057.32,2059.24,2517.427
2026-02-26 11:30:00,2059.24,2062.41,2058.0,2059.24,4103.3274
2026-02-26 11:45:00,2059.24,2059.61,2053.46,2057.66,2226.0432
2026-02-26 12:00:00,2057.65,2064.84,2055.53,2062.86,2021.0852
2026-02-26 12:15:00,2062.86,2068.62,2061.93,2065.23,2565.4005
2026-02-26 12:30:00,2065.23,2069.99,2062.87,2065.9,2274.8511
2026-02-26 12:45:00,2065.89,2071.76,2062.59,2070.0,1956.8983
2026-02-26 13:00:00,2069.99,2070.48,2063.32,2065.17,1425.8791
2026-02-26 13:15:00,2065.18,2072.41,2061.09,2071.96,3626.0865
2026-02-26 13:30:00,2071.95,2071.95,2066.69,2068.23,3024.9493
2026-02-26 13:45:00,2068.23,2073.95,2063.08,2065.23,2382.5519
2026-02-26 14:00:00,2065.22,2068.74,2058.14,2066.12,4693.9351
2026-02-26 14:15:00,2066.12,2071.35,2062.64,2069.37,5484.7488
2026-02-26 14:30:00,2069.36,2077.81,2054.59,2059.67,11903.4618
2026-02-26 14:45:00,2059.67,2060.92,2034.63,2051.19,16444.2908
2026-02-26 15:00:00,2051.19,2053.43,2038.47,2042.44,7527.074
2026-02-26 15:15:00,2042.45,2042.53,2016.46,2022.79,23919.6475
2026-02-26 15:30:00,2022.78,2033.71,2011.56,2028.82,13230.232
2026-02-26 15:45:00,2028.84,2037.55,2022.92,2033.34,8927.7348
2026-02-26 16:00:00,2033.34,2037.74,2020.5,2026.62,6214.7396
2026-02-26 16:15:00,2026.63,2037.78,2025.66,2033.53,4849.2761
2026-02-26 16:30:00,2033.52,2034.96,2007.94,2011.75,9639.686
2026-02-26 16:45:00,2011.76,2012.44,1978.77,1983.8,25880.0549
2026-02-26 17:00:00,1983.8,1997.02,1982.3,1989.56,8134.3369
2026-02-26 17:15:00,1989.57,1998.98,1986.24,1992.35,6846.993
2026-02-26 17:30:00,1992.35,1997.37,1984.6,1988.03,3904.1464
2026-02-26 17:45:00,1988.02,1990.91,1982.67,1988.43,3424.5628
2026-02-26 18:00:00,1988.42,1992.22,1975.35,1983.33,7817.7101
2026-02-26 18:15:00,1983.32,1994.8,1982.16,1986.86,5858.4958
2026-02-26 18:30:00,1986.86,2009.45,1986.01,2008.33,7999.4065
2026-02-26 18:45:00,2008.33,2008.56,2000.86,2004.23,2095.5559
2026-02-26 19:00:00,2004.23,2033.0,2003.58,2020.15,14838.4476
2026-02-26 19:15:00,2020.15,2032.55,2020.15,2025.83,5354.4671
2026-02-26 19:30:00,2025.82,2029.83,2020.77,2022.32,3173.1096
2026-02-26 19:45:00,2022.33,2034.4,2022.33,2030.14,3591.7686
2026-02-26 20:00:00,2030.13,2042.75,2029.8,2033.12,6920.972
2026-02-26 20:15:00,2033.12,2037.99,2027.45,2028.07,4880.8456
2026-02-26 20:30:00,2028.08,2031.38,2024.56,2029.06,2086.4801
2026-02-26 20:45:00,2029.06,2029.69,2021.64,2023.67,2161.8353
2026-02-26 21:00:00,2023.67,2029.45,2018.33,2023.99,1872.0139
2026-02-26 21:15:00,2024.0,2031.8,2023.19,2031.74,1165.9875
2026-02-26 21:30:00,2031.74,2031.75,2025.41,2029.26,884.4498
2026-02-26 21:45:00,2029.26,2034.99,2027.63,2030.36,1563.8969
2026-02-26 22:00:00,2030.36,2034.57,2027.26,2032.47,1462.2814
2026-02-26 22:15:00,2032.47,2033.14,2027.44,2029.68,523.1195
2026-02-26 22:30:00,2029.68,2036.55,2029.11,2036.55,1383.8726
2026-02-26 22:45:00,2036.55,2037.51,2031.32,2033.29,1027.1292
2026-02-26 23:00:00,2033.29,2033.29,2024.38,2029.73,1829.8759
2026-02-26 23:15:00,2029.74,2033.64,2027.22,2031.33,773.3051
2026-02-26 23:30:00,2031.33,2032.27,2026.25,2027.31,1167.4638
2026-02-26 23:45:00,2027.31,2029.55,2024.67,2027.68,1218.0613
2026-02-27 00:00:00,2027.68,2030.86,2023.5,2025.96,1881.2095
2026-02-27 00:15:00,2025.95,2027.06,2018.09,2022.57,1863.6675
2026-02-27 00:30:00,2022.57,2024.16,2013.85,2014.0,1698.8086
2026-02-27 00:45:00,2014.0,2018.2,2008.34,2014.79,2126.9089
2026-02-27 01:00:00,2014.79,2015.6,2000.02,2008.5,3222.7218
2026-02-27 01:15:00,2008.51,2012.39,2004.13,2008.56,2223.4211
2026-02-27 01:30:00,2008.55,2019.52,2007.08,2012.54,15437.615
2026-02-27 01:45:00,2012.57,2022.6,2010.81,2021.9,7797.7517
2026-02-27 02:00:00,2021.89,2026.61,2019.94,2021.2,1697.895
2026-02-27 02:15:00,2021.19,2034.0,2019.37,2026.29,3931.0481
2026-02-27 02:30:00,2026.28,2034.52,2026.23,2029.64,2094.1716
2026-02-27 02:45:00,2029.64,2031.33,2025.4,2026.0,1262.593
2026-02-27 03:00:00,2026.01,2027.29,2020.35,2021.69,1726.0979
2026-02-27 03:15:00,2021.69,2024.7,2019.5,2020.79,970.7235
2026-02-27 03:30:00,2020.8,2031.0,2020.8,2030.6,1922.9649
2026-02-27 03:45:00,2030.6,2049.48,2028.06,2045.39,4602.0098
2026-02-27 04:00:00,2045.39,2059.17,2043.14,2052.88,7248.8031
2026-02-27 04:15:00,2052.88,2063.52,2052.44,2056.65,7273.6678
2026-02-27 04:30:00,2056.65,2057.55,2045.52,2047.16,3048.3501
2026-02-27 04:45:00,2047.16,2050.15,2039.84,2042.64,4114.2425
2026-02-27 05:00:00,2042.64,2048.84,2042.03,2046.5,2230.616
2026-02-27 05:15:00,2046.5,2049.43,2038.71,2044.4,2653.2358
2026-02-27 05:30:00,2044.39,2047.34,2043.54,2046.1,1266.7325
2026-02-27 05:45:00,2046.09,2046.65,2040.33,2041.61,1744.8487
2026-02-27 06:00:00,2041.6,2042.95,2036.09,2037.41,2508.4063
2026-02-27 06:15:00,2037.41,2039.19,2027.53,2032.5,6197.5167
2026-02-27 06:30:00,2032.5,2039.62,2031.66,2037.17,1998.588
2026-02-27 06:45:00,2037.17,2039.62,2034.41,2035.91,2437.9943
2026-02-27 07:00:00,2035.92,2041.43,2033.62,2037.19,2206.7278
2026-02-27 07:15:00,2037.2,2037.2,2030.0,2030.84,2203.8438
2026-02-27 07:30:00,2030.85,2032.92,2022.16,2024.89,8691.0166
2026-02-27 07:45:00,2024.89,2033.92,2023.2,2032.69,7263.2923
2026-02-27 08:00:00,2032.69,2045.93,2031.39,2039.02,4884.9312
2026-02-27 08:15:00,2039.03,2040.89,2034.53,2037.36,2194.2976
2026-02-27 08:30:00,2037.36,2042.09,2028.08,2033.83,3642.6604
2026-02-27 08:45:00,2033.84,2036.4,2030.45,2033.38,2244.1123
2026-02-27 09:00:00,2033.39,2036.95,2032.02,2036.35,2745.885
2026-02-27 09:15:00,2036.35,2042.43,2031.75,2037.83,2336.0712
2026-02-27 09:30:00,2037.84,2038.75,2018.29,2019.92,4553.9944
2026-02-27 09:45:00,2019.92,2019.92,2008.41,2010.01,5644.5338
2026-02-27 10:00:00,2010.0,2013.69,1984.35,1986.58,15546.0407
2026-02-27 10:15:00,1986.58,1997.51,1985.84,1991.63,6869.4146
2026-02-27 10:30:00,1991.62,1999.58,1991.01,1993.14,3642.2512
2026-02-27 10:45:00,1993.14,1993.38,1978.39,1980.8,6111.8377
2026-02-27 11:00:00,1980.8,1984.12,1979.98,1982.26,3910.7674
2026-02-27 11:15:00,1982.26,1982.26,1966.72,1974.78,11674.3421
2026-02-27 11:30:00,1974.78,1975.21,1954.75,1957.02,10558.1887
2026-02-27 11:45:00,1957.01,1965.57,1953.37,1962.08,5981.957
2026-02-27 12:00:00,1962.08,1965.35,1956.42,1960.95,5813.4119
2026-02-27 12:15:00,1960.95,1969.0,1955.52,1962.61,4378.5773
2026-02-27 12:30:00,1962.61,1965.36,1955.67,1956.6,3470.2543
2026-02-27 12:45:00,1956.61,1960.97,1949.32,1959.92,7392.0196
2026-02-27 13:00:00,1959.91,1967.71,1957.27,1960.36,4676.7234
2026-02-27 13:15:00,1960.36,1963.06,1954.74,1959.99,3478.394
2026-02-27 13:30:00,1959.95,1959.95,1938.82,1954.27,14717.5266
2026-02-27 13:45:00,1954.27,1966.22,1953.23,1963.35,6915.3114
2026-02-27 14:00:00,1963.35,1964.3,1955.9,1961.64,3939.9903
2026-02-27 14:15:00,1961.63,1961.63,1946.88,1951.59,4439.2455
2026-02-27 14:30:00,1951.58,1959.0,1944.86,1946.49,10456.0921
2026-02-27 14:45:00,1946.48,1951.02,1940.03,1942.95,8335.6844
2026-02-27 15:00:00,1942.94,1959.11,1940.62,1951.3,12044.8077
2026-02-27 15:15:00,1951.3,1959.24,1944.73,1951.07,6306.873
2026-02-27 15:30:00,1951.07,1951.46,1942.0,1948.02,4676.9467
2026-02-27 15:45:00,1948.03,1953.54,1945.11,1948.59,4081.6915
2026-02-27 16:00:00,1948.59,1948.86,1927.0,1936.76,11511.2519
2026-02-27 16:15:00,1936.76,1945.45,1935.86,1942.29,2980.0476
2026-02-27 16:30:00,1942.29,1944.37,1930.53,1934.24,3752.3645
2026-02-27 16:45:00,1934.24,1935.85,1924.61,1927.15,6002.2466
2026-02-27 17:00:00,1927.14,1933.75,1921.57,1924.54,3675.0362
2026-02-27 17:15:00,1924.54,1927.12,1911.0,1912.7,7273.8057
2026-02-27 17:30:00,1912.7,1925.37,1907.48,1922.36,7677.2464
2026-02-27 17:45:00,1922.35,1934.98,1917.76,1932.35,4316.9101
2026-02-27 18:00:00,1932.35,1933.06,1923.4,1924.74,2393.9547
2026-02-27 18:15:00,1924.73,1927.53,1917.89,1925.01,2581.7534
2026-02-27 18:30:00,1925.01,1929.14,1922.92,1925.42,2135.6887
2026-02-27 18:45:00,1925.41,1925.68,1915.81,1918.02,2650.3693
2026-02-27 19:00:00,1918.02,1922.44,1912.32,1918.01,2613.1578
2026-02-27 19:15:00,1918.02,1922.94,1915.48,1919.84,1439.6402
2026-02-27 19:30:00,1919.84,1921.54,1914.92,1916.25,1779.6709
2026-02-27 19:45:00,1916.26,1923.46,1916.26,1921.1,1239.8142
2026-02-27 20:00:00,1921.11,1926.78,1920.43,1925.94,1756.7838
2026-02-27 20:15:00,1925.93,1926.64,1923.82,1924.12,1358.6508
2026-02-27 20:30:00,1924.12,1924.92,1921.02,1922.78,1305.449
2026-02-27 20:45:00,1922.78,1925.63,1920.6,1923.14,2489.2975
2026-02-27 21:00:00,1923.16,1933.64,1920.11,1927.56,3877.9213
2026-02-27 21:15:00,1927.56,1933.17,1927.5,1930.89,1819.3078
2026-02-27 21:30:00,1930.88,1930.88,1924.88,1926.58,1541.7423
2026-02-27 21:45:00,1926.59,1926.89,1917.11,1921.26,1994.4088
2026-02-27 22:00:00,1921.26,1922.72,1917.18,1919.22,1876.4005
2026-02-27 22:15:00,1919.22,1922.53,1911.29,1913.56,2924.5749
2026-02-27 22:30:00,1913.56,1922.78,1887.0,1921.77,18568.0912
2026-02-27 22:45:00,1921.77,1927.72,1917.46,1921.4,2536.3172
2026-02-27 23:00:00,1921.39,1929.0,1919.96,1923.12,2125.9294
2026-02-27 23:15:00,1923.12,1933.55,1922.72,1930.37,2415.3398
2026-02-27 23:30:00,1930.38,1931.64,1928.26,1928.32,1556.4298
2026-02-27 23:45:00,1928.33,1932.65,1928.22,1929.84,1305.3065
2026-02-28 00:00:00,1929.84,1937.17,1928.79,1936.54,2332.1022
2026-02-28 00:15:00,1936.55,1937.05,1924.45,1926.48,2698.3169
2026-02-28 00:30:00,1926.47,1933.71,1925.01,1933.08,959.6462
2026-02-28 00:45:00,1933.07,1934.6,1930.91,1932.4,1143.9702
2026-02-28 01:00:00,1932.41,1936.18,1930.22,1931.09,1703.1046
2026-02-28 01:15:00,1931.09,1933.82,1924.38,1925.31,1929.4351
2026-02-28 01:30:00,1925.3,1927.7,1919.8,1926.02,1958.0024
2026-02-28 01:45:00,1926.02,1928.96,1924.51,1924.61,680.6905
2026-02-28 02:00:00,1924.61,1928.69,1922.64,1926.68,850.4321
2026-02-28 02:15:00,1926.68,1930.5,1926.68,1929.58,490.0805
2026-02-28 02:30:00,1929.59,1930.49,1927.63,1929.3,627.4109
2026-02-28 02:45:00,1929.31,1932.54,1929.3,1930.36,1184.5951
2026-02-28 03:00:00,1930.36,1930.59,1927.07,1928.41,942.5402
2026-02-28 03:15:00,1928.4,1931.27,1928.03,1929.08,619.9686
2026-02-28 03:30:00,1929.08,1929.08,1920.61,1923.27,2282.387
2026-02-28 03:45:00,1923.26,1925.73,1923.06,1924.49,696.8728
2026-02-28 04:00:00,1924.49,1926.11,1923.07,1925.4,731.3564
2026-02-28 04:15:00,1925.41,1931.62,1918.7,1920.92,2608.7885
2026-02-28 04:30:00,1920.92,1927.49,1914.73,1926.99,2452.6693
2026-02-28 04:45:00,1926.99,1927.67,1923.77,1925.12,784.8453
2026-02-28 05:00:00,1925.12,1928.2,1924.3,1927.82,770.4296
2026-02-28 05:15:00,1927.83,1928.11,1922.92,1922.92,1846.0798
2026-02-28 05:30:00,1922.92,1922.92,1914.56,1919.52,1955.7384
2026-02-28 05:45:00,1919.53,1920.63,1918.04,1919.94,1220.0165
2026-02-28 06:00:00,1919.95,1920.25,1908.26,1911.13,4663.4917
2026-02-28 06:15:00,1911.13,1912.46,1876.37,1880.56,25289.0616
2026-02-28 06:30:00,1880.57,1880.95,1854.31,1870.81,26419.6442
2026-02-28 06:45:00,1870.82,1871.16,1835.36,1842.45,22003.7661
2026-02-28 07:00:00,1842.46,1864.08,1835.55,1862.91,12851.1001
2026-02-28 07:15:00,1862.92,1868.44,1847.87,1853.61,7895.9848
2026-02-28 07:30:00,1853.6,1885.0,1851.37,1879.08,17710.9523
2026-02-28 07:45:00,1879.09,1879.45,1864.63,1866.73,6056.683
2026-02-28 08:00:00,1866.73,1868.76,1856.2,1857.17,4790.6466
2026-02-28 08:15:00,1857.18,1865.36,1850.76,1857.14,6529.2795
2026-02-28 08:30:00,1857.13,1864.92,1854.56,1858.23,3523.1781
2026-02-28 08:45:00,1858.24,1859.11,1848.48,1852.48,5431.659
2026-02-28 09:00:00,1852.47,1858.35,1845.05,1855.77,5010.2514
2026-02-28 09:15:00,1855.78,1863.51,1852.42,1858.98,3937.1766
2026-02-28 09:30:00,1858.97,1858.97,1849.35,1853.3,3572.66
2026-02-28 09:45:00,1853.29,1857.12,1849.63,1854.98,3320.9073
2026-02-28 10:00:00,1854.99,1855.01,1849.15,1852.53,4090.9325
2026-02-28 10:15:00,1852.53,1860.11,1851.57,1856.57,3627.3325
2026-02-28 10:30:00,1856.6,1868.45,1856.44,1862.51,4786.4756
2026-02-28 10:45:00,1862.5,1866.88,1860.53,1865.09,1982.0107
2026-02-28 11:00:00,1865.09,1875.63,1864.76,1873.43,5303.3508
2026-02-28 11:15:00,1873.42,1880.74,1869.75,1878.63,3760.6535
2026-02-28 11:30:00,1878.62,1881.0,1866.51,1868.66,4136.7451
2026-02-28 11:45:00,1868.67,1871.72,1861.68,1863.31,2544.5248
2026-02-28 12:00:00,1863.32,1868.87,1863.32,1866.47,2928.9288
2026-02-28 12:15:00,1866.47,1874.2,1866.15,1870.0,2527.5174
2026-02-28 12:30:00,1870.01,1871.87,1867.51,1869.33,1497.5026
2026-02-28 12:45:00,1869.33,1870.13,1862.47,1868.53,1529.8087
2026-02-28 13:00:00,1868.53,1872.56,1866.03,1872.54,1571.8664
2026-02-28 13:15:00,1872.54,1877.3,1868.24,1868.91,2808.1156
2026-02-28 13:30:00,1868.91,1872.35,1865.25,1871.99,2145.5033
2026-02-28 13:45:00,1872.12,1910.2,1871.52,1905.58,24414.2247
2026-02-28 14:00:00,1905.58,1915.95,1889.57,1898.6,12335.4378
2026-02-28 14:15:00,1898.59,1904.53,1894.6,1901.1,4778.6807
2026-02-28 14:30:00,1901.11,1913.84,1896.29,1905.77,6422.8769
2026-02-28 14:45:00,1905.77,1909.12,1883.2,1887.75,9388.6305
2026-02-28 15:00:00,1887.76,1895.03,1873.83,1875.72,5136.2854
2026-02-28 15:15:00,1875.73,1903.91,1875.57,1899.79,7095.453
2026-02-28 15:30:00,1899.8,1903.32,1893.06,1897.62,4197.9038
2026-02-28 15:45:00,1897.61,1900.12,1893.33,1898.88,3033.2479
2026-02-28 16:00:00,1898.87,1901.08,1891.72,1900.06,2496.7998
2026-02-28 16:15:00,1900.05,1902.99,1894.46,1899.79,2100.1402
2026-02-28 16:30:00,1899.79,1909.77,1895.9,1908.88,3075.3625
2026-02-28 16:45:00,1908.88,1910.2,1899.85,1903.98,2316.7323
2026-02-28 17:00:00,1903.97,1904.46,1896.81,1898.78,2072.7608
2026-02-28 17:15:00,1898.78,1904.32,1896.26,1902.77,1449.8895
2026-02-28 17:30:00,1902.78,1903.79,1886.92,1890.77,6310.8918
2026-02-28 17:45:00,1890.77,1911.62,1886.02,1906.91,5560.8035
2026-02-28 18:00:00,1906.9,1908.48,1902.67,1903.4,2068.0866
2026-02-28 18:15:00,1903.39,1905.47,1901.27,1903.52,1044.8634
2026-02-28 18:30:00,1903.52,1933.66,1903.52,1926.66,10467.5596
2026-02-28 18:45:00,1926.65,1947.0,1925.59,1936.08,10350.1839
2026-02-28 19:00:00,1936.08,1937.65,1920.38,1925.65,3687.316
2026-02-28 19:15:00,1925.64,1930.51,1924.54,1927.53,3127.847
2026-02-28 19:30:00,1927.53,1955.04,1926.66,1944.99,12920.9941
2026-02-28 19:45:00,1945.0,1952.55,1941.57,1947.02,4121.346
2026-02-28 20:00:00,1947.03,1959.0,1938.76,1955.99,4965.4129
2026-02-28 20:15:00,1955.98,1968.0,1951.3,1960.3,8611.592
2026-02-28 20:30:00,1960.3,1963.61,1950.29,1956.25,4287.2214
2026-02-28 20:45:00,1956.25,1972.44,1955.3,1965.96,5379.1077
2026-02-28 21:00:00,1965.96,1967.76,1949.37,1955.87,4822.2384
2026-02-28 21:15:00,1955.87,1957.09,1946.21,1949.45,4484.9835
2026-02-28 21:30:00,1949.46,1964.84,1945.39,1959.42,5569.1206
2026-02-28 21:45:00,1959.42,1963.8,1952.91,1957.69,2857.0643
2026-02-28 22:00:00,1957.7,1965.36,1955.75,1963.26,4797.6672
2026-02-28 22:15:00,1963.25,1969.65,1961.94,1964.76,3816.0697
2026-02-28 22:30:00,1964.77,1984.99,1963.73,1972.29,12727.5223
2026-02-28 22:45:00,1972.29,1979.22,1964.75,1965.48,4355.2349
2026-02-28 23:00:00,1965.48,1969.97,1961.48,1962.81,2063.7874
2026-02-28 23:15:00,1962.81,1965.75,1960.01,1960.78,1789.8838
2026-02-28 23:30:00,1960.78,1963.5,1956.84,1961.2,2025.5614
2026-02-28 23:45:00,1961.2,1966.55,1961.2,1964.51,1437.0086
2026-03-01 00:00:00,1964.51,1969.28,1959.2,1962.32,3231.3493
2026-03-01 00:15:00,1962.32,1964.99,1957.84,1958.54,1361.0315
2026-03-01 00:30:00,1958.55,1961.45,1954.64,1956.39,1520.7367
2026-03-01 00:45:00,1956.38,1965.0,1955.79,1962.66,1894.0544
2026-03-01 01:00:00,1962.67,1962.7,1946.2,1949.04,3725.4493
2026-03-01 01:15:00,1949.04,1959.19,1943.58,1953.91,5110.4472
2026-03-01 01:30:00,1953.92,1974.39,1952.12,1966.92,4643.2015
2026-03-01 01:45:00,1966.92,2023.4,1966.92,2012.36,26834.8275
2026-03-01 02:00:00,2012.37,2052.81,2008.61,2046.85,32661.9932
2026-03-01 02:15:00,2046.85,2054.8,2026.89,2032.36,15126.967
2026-03-01 02:30:00,2032.36,2045.19,2027.25,2043.14,7213.6379
2026-03-01 02:45:00,2043.14,2048.26,2031.34,2033.05,7447.1867
2026-03-01 03:00:00,2033.04,2039.25,2032.86,2034.86,5008.8243
2026-03-01 03:15:00,2034.85,2036.38,2025.64,2034.16,4295.6986
2026-03-01 03:30:00,2034.16,2034.84,2029.3,2032.85,2439.4126
2026-03-01 03:45:00,2032.85,2034.83,2017.0,2023.29,6265.749
2026-03-01 04:00:00,2023.29,2030.3,2010.96,2013.33,6349.12
2026-03-01 04:15:00,2013.34,2015.91,1998.68,2012.08,10144.9233
2026-03-01 04:30:00,2012.07,2020.21,2010.11,2015.5,3661.4607
2026-03-01 04:45:00,2015.5,2018.39,2014.06,2015.7,1687.4872
2026-03-01 05:00:00,2015.71,2019.21,2009.7,2013.16,2323.4936
2026-03-01 05:15:00,2013.15,2022.9,2013.15,2020.01,2290.4599
2026-03-01 05:30:00,2020.0,2021.14,2014.71,2014.95,1788.9875
2026-03-01 05:45:00,2014.96,2015.57,2009.82,2011.24,2225.3576
2026-03-01 06:00:00,2011.24,2012.67,1993.56,2003.58,6862.7512
2026-03-01 06:15:00,2003.58,2006.52,1999.21,2000.67,3956.4354
2026-03-01 06:30:00,2000.68,2002.3,1989.0,1994.68,10552.5867
2026-03-01 06:45:00,1994.68,2000.63,1989.05,1998.41,3217.3274
2026-03-01 07:00:00,1998.41,2005.37,1993.0,2003.24,3675.1966
2026-03-01 07:15:00,2003.25,2005.23,1997.53,1999.82,2067.5537
2026-03-01 07:30:00,1999.83,2009.63,1996.73,2005.17,4754.7809
2026-03-01 07:45:00,2005.18,2007.64,2003.64,2007.24,4368.2804
2026-03-01 08:00:00,2007.23,2010.18,1998.64,2009.29,3088.7173
2026-03-01 08:15:00,2009.3,2009.3,2003.96,2007.25,1555.0857
2026-03-01 08:30:00,2007.25,2007.5,2001.55,2001.76,2516.9885
2026-03-01 08:45:00,2001.77,2002.44,1981.03,1986.0,7973.501
2026-03-01 09:00:00,1986.01,1990.21,1974.83,1988.53,4918.7278
2026-03-01 09:15:00,1988.53,1996.12,1987.35,1991.0,2887.7317
2026-03-01 09:30:00,1991.0,1991.92,1977.63,1979.88,5014.0179
2026-03-01 09:45:00,1979.89,1982.81,1976.92,1980.69,3612.0255
2026-03-01 10:00:00,1980.69,1984.93,1972.24,1983.55,5391.071
2026-03-01 10:15:00,1983.55,1985.91,1978.49,1984.78,2347.98
2026-03-01 10:30:00,1984.79,1993.03,1980.75,1981.43,4198.3586
2026-03-01 10:45:00,1981.44,1985.48,1979.08,1984.81,1853.9689
2026-03-01 11:00:00,1984.81,1988.83,1984.76,1985.65,1162.0568
2026-03-01 11:15:00,1985.66,1989.48,1985.66,1987.54,1988.6116
2026-03-01 11:30:00,1987.55,1988.71,1982.13,1983.31,1433.7245
2026-03-01 11:45:00,1983.31,1985.86,1981.96,1983.32,1266.0069
2026-03-01 12:00:00,1983.32,1988.0,1981.61,1984.89,1342.3388
2026-03-01 12:15:00,1984.9,1987.26,1979.49,1980.83,1691.2266
2026-03-01 12:30:00,1980.83,1985.93,1976.39,1984.12,2366.2934
2026-03-01 12:45:00,1984.12,1984.12,1976.66,1978.2,1588.8552
2026-03-01 13:00:00,1978.21,1981.54,1974.3,1979.12,1756.3491
2026-03-01 13:15:00,1979.13,1981.55,1968.6,1976.38,5712.5329
2026-03-01 13:30:00,1976.38,1980.32,1973.31,1978.2,1859.3012
2026-03-01 13:45:00,1978.19,2024.4,1976.34,2006.58,21326.7628
2026-03-01 14:00:00,2006.58,2028.0,2002.73,2015.96,10243.1089
2026-03-01 14:15:00,2015.96,2019.06,2003.56,2007.5,5727.0016
2026-03-01 14:30:00,2007.5,2013.08,1993.37,1998.64,7085.6973
2026-03-01 14:45:00,1998.64,2004.89,1996.63,2000.1,3629.4399
2026-03-01 15:00:00,2000.11,2008.66,1998.86,2008.65,2802.1347
2026-03-01 15:15:00,2008.65,2014.4,2005.47,2010.0,6543.3504
2026-03-01 15:30:00,2009.99,2016.23,2009.99,2013.68,2468.2977
2026-03-01 15:45:00,2013.68,2013.73,1992.35,1993.38,4271.883
2026-03-01 16:00:00,1993.38,2004.39,1983.47,1998.77,7123.8691
2026-03-01 16:15:00,1998.77,2009.38,1995.26,2005.77,3593.2012
2026-03-01 16:30:00,2005.77,2007.09,2000.03,2000.04,1465.3087
2026-03-01 16:45:00,2000.05,2000.55,1960.23,1974.03,20469.0632
2026-03-01 17:00:00,1974.02,1975.92,1966.35,1970.85,4308.855
2026-03-01 17:15:00,1970.85,1971.44,1953.3,1965.65,6810.135
2026-03-01 17:30:00,1965.66,1971.49,1960.71,1968.86,2494.2184
2026-03-01 17:45:00,1968.85,1975.35,1958.8,1961.17,4811.4025
2026-03-01 18:00:00,1961.17,1997.53,1961.03,1984.32,15993.6419
2026-03-01 18:15:00,1984.33,1993.25,1979.2,1980.5,5543.3086
2026-03-01 18:30:00,1980.49,1983.65,1973.2,1980.53,3408.7956
2026-03-01 18:45:00,1980.53,1983.13,1973.68,1975.82,2550.4349
2026-03-01 19:00:00,1975.82,1976.37,1963.7,1964.09,5314.607
2026-03-01 19:15:00,1964.09,1966.58,1957.35,1959.89,3286.2893
2026-03-01 19:30:00,1959.9,1967.72,1946.55,1950.48,9013.854
2026-03-01 19:45:00,1950.48,1955.45,1949.11,1953.9,3800.161
2026-03-01 20:00:00,1953.89,1955.01,1928.97,1933.87,7533.8141
2026-03-01 20:15:00,1933.87,1938.05,1924.0,1924.49,6249.1519
2026-03-01 20:30:00,1924.5,1927.12,1907.41,1912.13,14731.2445
2026-03-01 20:45:00,1912.14,1917.66,1908.24,1914.26,5943.0268
2026-03-01 21:00:00,1914.27,1924.96,1912.61,1922.57,5532.6499
2026-03-01 21:15:00,1922.57,1929.42,1920.19,1924.85,4908.7628
2026-03-01 21:30:00,1924.86,1930.35,1921.48,1925.48,2947.6295
2026-03-01 21:45:00,1925.48,1932.34,1924.68,1928.98,2356.2518
2026-03-01 22:00:00,1928.98,1971.01,1926.87,1946.08,12309.5379
2026-03-01 22:15:00,1946.08,1952.12,1931.89,1936.23,8167.2203
2026-03-01 22:30:00,1936.23,1938.45,1914.69,1929.96,7273.5104
2026-03-01 22:45:00,1929.97,1930.01,1920.01,1924.86,3018.1675
2026-03-01 23:00:00,1924.86,1948.15,1918.7,1936.87,9314.3707
2026-03-01 23:15:00,1936.86,1939.35,1931.76,1932.51,2376.3139
2026-03-01 23:30:00,1932.51,1946.14,1931.48,1940.67,3924.5715
2026-03-01 23:45:00,1940.67,1943.76,1936.66,1939.71,2293.5615
2026-03-02 00:00:00,1939.71,1954.13,1937.42,1943.97,5101.9469
2026-03-02 00:15:00,1943.97,1950.68,1939.77,1946.53,2427.1913
2026-03-02 00:30:00,1946.53,1964.0,1946.1,1964.0,3751.6899
2026-03-02 00:45:00,1963.96,1967.49,1955.77,1960.86,4452.9075
2026-03-02 01:00:00,1960.87,1989.23,1959.79,1981.07,10529.8532
2026-03-02 01:15:00,1981.07,1983.94,1965.48,1967.75,5412.5658
2026-03-02 01:30:00,1967.76,1973.32,1967.21,1968.18,2930.5066
2026-03-02 01:45:00,1968.18,1969.48,1959.64,1963.71,2001.1061
2026-03-02 02:00:00,1963.71,1966.16,1939.79,1945.18,7677.9357
2026-03-02 02:15:00,1945.19,1949.96,1942.1,1948.51,4042.4159
2026-03-02 02:30:00,1948.51,1963.2,1947.65,1955.97,3471.0316
2026-03-02 02:45:00,1955.97,1960.71,1951.27,1955.63,1996.1485
2026-03-02 03:00:00,1955.63,1970.48,1948.35,1966.4,4744.0537
2026-03-02 03:15:00,1966.39,1977.0,1965.27,1973.8,3812.358
2026-03-02 03:30:00,1973.81,1979.82,1969.66,1974.54,3913.4902
2026-03-02 03:45:00,1974.54,1979.67,1970.57,1972.3,2791.432
2026-03-02 04:00:00,1972.3,1975.75,1969.42,1971.0,1882.0921
2026-03-02 04:15:00,1971.0,1978.56,1968.31,1978.41,3543.7386
2026-03-02 04:30:00,1978.4,1980.32,1971.46,1974.66,2319.9188
2026-03-02 04:45:00,1974.66,1974.66,1969.66,1972.94,1785.283
2026-03-02 05:00:00,1972.94,1973.33,1961.61,1967.33,3023.6647
2026-03-02 05:15:00,1967.33,1971.57,1964.03,1968.0,2513.0605
2026-03-02 05:30:00,1968.01,1983.6,1968.01,1980.84,3359.621
2026-03-02 05:45:00,1980.84,1981.0,1970.0,1970.84,2479.7879
2026-03-02 06:00:00,1970.9,1971.2,1963.47,1969.19,3334.1653
2026-03-02 06:15:00,1969.2,1970.0,1941.85,1950.22,7794.4033
2026-03-02 06:30:00,1950.23,1951.7,1945.53,1948.35,3229.7811
2026-03-02 06:45:00,1948.36,1949.09,1937.55,1943.31,4745.3567
2026-03-02 07:00:00,1943.31,1944.99,1925.53,1929.94,6657.465
2026-03-02 07:15:00,1929.95,1939.22,1927.38,1936.31,4367.8597
2026-03-02 07:30:00,1936.31,1942.26,1934.33,1942.09,4363.3558
2026-03-02 07:45:00,1942.09,1942.48,1938.29,1941.66,3267.8252
2026-03-02 08:00:00,1941.65,1941.79,1920.0,1936.63,7947.8759
2026-03-02 08:15:00,1936.62,1938.23,1924.59,1927.02,3783.4513
2026-03-02 08:30:00,1927.01,1942.29,1926.69,1938.96,3670.7261
2026-03-02 08:45:00,1938.96,1951.14,1938.03,1949.34,4842.4663
2026-03-02 09:00:00,1949.33,1958.95,1946.85,1956.08,6483.8848
2026-03-02 09:15:00,1956.07,1967.13,1955.63,1958.12,5804.2455
2026-03-02 09:30:00,1958.13,1963.38,1955.0,1956.74,4433.673
2026-03-02 09:45:00,1956.74,1956.97,1947.43,1947.79,4721.7466
2026-03-02 10:00:00,1947.78,1956.18,1944.0,1947.43,2785.6724
2026-03-02 10:15:00,1947.43,1952.57,1947.21,1952.41,1695.1077
2026-03-02 10:30:00,1952.41,1955.7,1947.54,1951.04,1629.2287
2026-03-02 10:45:00,1951.05,1952.53,1946.99,1952.25,1004.2335
2026-03-02 11:00:00,1952.24,1952.24,1935.54,1936.53,4822.9342
2026-03-02 11:15:00,1936.54,1944.28,1935.87,1938.48,2153.9531
2026-03-02 11:30:00,1938.49,1949.7,1936.18,1946.35,2103.2412
2026-03-02 11:45:00,1946.36,1954.81,1946.24,1947.81,4022.8413
2026-03-02 12:00:00,1947.8,1948.98,1944.5,1946.34,1552.2862
2026-03-02 12:15:00,1946.35,1946.58,1935.88,1938.47,2586.4181
2026-03-02 12:30:00,1938.47,1940.21,1930.4,1938.95,2797.4995
2026-03-02 12:45:00,1938.94,1942.03,1936.71,1938.12,1853.6731
2026-03-02 13:00:00,1938.11,1938.94,1929.0,1933.87,3943.0889
2026-03-02 13:15:00,1933.87,1944.5,1930.56,1934.19,3950.5977
2026-03-02 13:30:00,1934.2,1939.77,1926.8,1930.28,3774.1059
2026-03-02 13:45:00,1930.28,1932.97,1922.55,1927.71,4148.4858
2026-03-02 14:00:00,1927.71,1935.09,1921.7,1932.04,5682.6027
2026-03-02 14:15:00,1932.03,1934.94,1921.78,1927.72,5247.3893
2026-03-02 14:30:00,1927.71,1967.25,1925.95,1966.24,28969.0685
2026-03-02 14:45:00,1966.23,1985.48,1959.49,1979.75,18284.5318
2026-03-02 15:00:00,1979.75,2033.42,1974.36,2028.5,32870.5511
2026-03-02 15:15:00,2028.49,2047.82,2026.65,2031.19,25881.4317
2026-03-02 15:30:00,2031.19,2062.42,2021.53,2062.17,21014.4624
2026-03-02 15:45:00,2062.17,2065.48,2035.74,2047.33,19250.9288
2026-03-02 16:00:00,2047.33,2076.86,2043.36,2070.36,18693.9712
2026-03-02 16:15:00,2070.36,2071.65,2056.84,2058.43,9945.9354
2026-03-02 16:30:00,2058.43,2081.7,2044.25,2079.36,17520.9535
2026-03-02 16:45:00,2079.36,2090.0,2060.0,2064.33,14013.3888
2026-03-02 17:00:00,2064.33,2066.0,2050.65,2057.78,6949.135
2026-03-02 17:15:00,2057.78,2061.7,2049.81,2054.4,4277.8563
2026-03-02 17:30:00,2054.36,2058.34,2025.97,2029.17,10114.0085
2026-03-02 17:45:00,2029.17,2043.36,2025.58,2041.01,5917.7172
2026-03-02 18:00:00,2041.01,2041.12,2024.24,2038.85,4629.7122
2026-03-02 18:15:00,2038.85,2038.85,2030.1,2033.52,3512.7108
2026-03-02 18:30:00,2033.53,2038.35,2026.59,2034.19,4258.1562
2026-03-02 18:45:00,2034.19,2038.35,2024.98,2029.4,3783.7963
2026-03-02 19:00:00,2029.4,2032.72,2017.15,2027.5,5986.7892
2026-03-02 19:15:00,2027.51,2038.0,2027.51,2033.36,3999.3949
2026-03-02 19:30:00,2033.36,2041.8,2030.3,2031.9,3250.2422
2026-03-02 19:45:00,2031.9,2049.39,2031.9,2043.57,5563.1449
2026-03-02 20:00:00,2043.56,2057.7,2024.98,2032.13,9532.4201
2026-03-02 20:15:00,2032.12,2043.23,2029.24,2037.3,4281.5793
2026-03-02 20:30:00,2037.31,2044.0,2035.17,2043.11,2046.9564
2026-03-02 20:45:00,2043.1,2050.25,2034.26,2035.5,4959.448
2026-03-02 21:00:00,2035.5,2038.33,2029.35,2038.04,4756.9815
2026-03-02 21:15:00,2038.0,2042.49,2035.84,2040.12,4323.3231
2026-03-02 21:30:00,2040.13,2046.03,2038.81,2045.72,2095.2115
2026-03-02 21:45:00,2045.72,2047.87,2042.64,2043.01,2561.6659
2026-03-02 22:00:00,2043.01,2050.52,2042.82,2044.63,3267.8052
2026-03-02 22:15:00,2044.63,2052.89,2041.41,2050.0,2814.3639
2026-03-02 22:30:00,2050.0,2058.59,2049.32,2055.66,3364.9622
2026-03-02 22:45:00,2055.65,2056.09,2049.89,2053.82,2335.0003
2026-03-02 23:00:00,2053.82,2055.75,2044.43,2045.35,3840.3367
2026-03-02 23:15:00,2045.34,2048.0,2037.18,2037.58,3555.7746
2026-03-02 23:30:00,2037.59,2038.16,2024.32,2027.06,26002.1647
2026-03-02 23:45:00,2027.05,2031.84,2024.81,2027.35,3815.0542
2026-03-03 00:00:00,2027.34,2035.33,2024.27,2027.04,9993.337
2026-03-03 00:15:00,2027.03,2031.61,2021.85,2027.54,3649.9081
2026-03-03 00:30:00,2027.55,2038.94,2018.76,2036.0,11620.9392
2026-03-03 00:45:00,2036.0,2037.6,2026.91,2035.46,3367.8231
2026-03-03 01:00:00,2035.46,2041.48,2028.77,2037.32,3477.0159
2026-03-03 01:15:00,2037.33,2038.4,2028.98,2029.22,3800.9655
2026-03-03 01:30:00,2029.21,2034.3,2022.23,2030.92,2907.7358
2026-03-03 01:45:00,2030.91,2031.85,2019.53,2020.01,2776.8661
2026-03-03 02:00:00,2020.01,2020.52,2005.17,2009.26,6990.2139
2026-03-03 02:15:00,2009.26,2014.58,1998.0,2013.91,8709.3939
2026-03-03 02:30:00,2013.9,2018.6,2011.68,2014.27,2933.3027
2026-03-03 02:45:00,2014.27,2022.89,2013.4,2013.67,3198.8552
2026-03-03 03:00:00,2013.68,2015.88,2006.9,2013.42,1921.0804
2026-03-03 03:15:00,2013.42,2014.29,2005.33,2010.72,3412.6965
2026-03-03 03:30:00,2010.72,2015.0,2008.54,2012.27,2151.4347
2026-03-03 03:45:00,2012.27,2012.43,2006.49,2008.88,1476.3996
2026-03-03 04:00:00,2008.88,2012.52,2006.8,2009.57,1549.9812
2026-03-03 04:15:00,2009.57,2013.66,2007.34,2008.63,1329.9644
2026-03-03 04:30:00,2008.62,2010.97,2000.9,2004.27,3984.4682
2026-03-03 04:45:00,2004.27,2005.15,1998.49,1999.82,3181.5991
2026-03-03 05:00:00,1999.81,2010.56,1993.94,2010.55,5372.566
2026-03-03 05:15:00,2010.55,2019.4,2004.78,2007.11,4608.1385
2026-03-03 05:30:00,2007.1,2007.1,1997.45,1999.21,3522.4851
2026-03-03 05:45:00,1999.2,2001.09,1987.5,1993.36,9872.9319
2026-03-03 06:00:00,1993.35,1996.0,1990.01,1994.13,2279.1507
2026-03-03 06:15:00,1994.12,1996.0,1990.61,1994.01,1975.9022
2026-03-03 06:30:00,1994.01,1996.34,1991.01,1995.45,2434.1293
2026-03-03 06:45:00,1995.44,2001.86,1987.82,1999.27,3118.0286
2026-03-03 07:00:00,1999.28,2001.01,1994.35,2000.34,3682.0361
2026-03-03 07:15:00,2000.34,2003.49,1997.54,2000.69,3799.8801
2026-03-03 07:30:00,2000.68,2001.2,1993.43,1998.0,2462.7014
2026-03-03 07:45:00,1997.99,1999.4,1993.62,1996.33,1573.8506
2026-03-03 08:00:00,1996.32,2000.53,1984.5,1985.23,6164.046
2026-03-03 08:15:00,1985.24,1991.81,1981.56,1983.82,4756.5946
2026-03-03 08:30:00,1983.82,1984.52,1958.52,1961.66,13474.8012
2026-03-03 08:45:00,1961.65,1961.65,1947.93,1953.1,12028.4285
2026-03-03 09:00:00,1953.1,1968.8,1950.95,1965.7,8566.6145
2026-03-03 09:15:00,1965.7,1968.89,1945.55,1949.09,7367.2185
2026-03-03 09:30:00,1949.08,1955.61,1939.1,1950.44,9851.0003
2026-03-03 09:45:00,1950.43,1952.49,1945.23,1951.58,4158.1256
2026-03-03 10:00:00,1951.57,1953.68,1946.06,1947.62,3121.0587
2026-03-03 10:15:00,1947.61,1956.24,1945.24,1950.1,3210.3224
2026-03-03 10:30:00,1950.09,1956.74,1948.8,1956.37,3365.2349
2026-03-03 10:45:00,1956.36,1964.08,1954.21,1958.05,5171.8706
2026-03-03 11:00:00,1958.05,1961.96,1956.13,1959.09,3392.1831
2026-03-03 11:15:00,1959.1,1961.5,1952.11,1957.61,3997.737
2026-03-03 11:30:00,1957.61,1964.71,1956.65,1964.44,3279.0862
2026-03-03 11:45:00,1964.43,1966.97,1960.93,1961.28,2751.816
2026-03-03 12:00:00,1961.28,1990.07,1960.85,1981.58,9277.7537
2026-03-03 12:15:00,1981.57,1982.33,1970.6,1975.01,4890.8285
2026-03-03 12:30:00,1975.0,1975.54,1963.76,1967.58,4746.8494
2026-03-03 12:45:00,1967.59,1970.57,1963.51,1967.57,5080.2187
2026-03-03 13:00:00,1967.58,1968.77,1949.77,1950.35,7884.3011
2026-03-03 13:15:00,1950.36,1960.06,1950.21,1957.22,3280.309
2026-03-03 13:30:00,1957.23,1957.23,1948.35,1951.78,3454.1885
2026-03-03 13:45:00,1951.77,1952.94,1943.73,1952.14,5682.0941
2026-03-03 14:00:00,1952.13,1963.99,1949.18,1961.19,5378.1473
2026-03-03 14:15:00,1961.19,1971.85,1958.3,1961.96,6002.7785
2026-03-03 14:30:00,1961.96,1977.31,1934.84,1937.43,29074.7837
2026-03-03 14:45:00,1937.44,1954.26,1929.56,1942.78,15726.7509
2026-03-03 15:00:00,1942.78,1953.54,1938.41,1945.8,8934.4713
2026-03-03 15:15:00,1945.81,1950.75,1932.04,1942.65,9503.0436
2026-03-03 15:30:00,1942.64,1972.71,1942.4,1959.67,13192.2832
2026-03-03 15:45:00,1959.66,1970.99,1959.66,1969.22,6788.1898
2026-03-03 16:00:00,1969.21,2001.9,1964.94,1995.17,16129.5195
2026-03-03 16:15:00,1995.17,2014.12,1988.24,2006.39,13199.4895
2026-03-03 16:30:00,2006.37,2006.37,1958.76,1970.57,16705.864
2026-03-03 16:45:00,1970.57,1992.31,1969.32,1983.98,8872.3278
2026-03-03 17:00:00,1983.98,1985.55,1960.0,1970.56,6936.4661
2026-03-03 17:15:00,1970.54,1979.83,1965.01,1976.27,4206.7629
2026-03-03 17:30:00,1976.26,1976.52,1959.38,1975.65,5108.4857
2026-03-03 17:45:00,1975.63,1985.6,1972.48,1980.6,3842.6791
2026-03-03 18:00:00,1980.59,1987.16,1969.7,1973.66,4109.1342
2026-03-03 18:15:00,1973.67,1990.57,1973.66,1986.04,3847.3241
2026-03-03 18:30:00,1986.03,2000.32,1985.45,1993.0,6329.1517
2026-03-03 18:45:00,1993.0,1993.0,1984.24,1988.2,2733.4489
2026-03-03 19:00:00,1988.21,1990.66,1977.28,1985.23,5372.2741
2026-03-03 19:15:00,1985.23,1994.37,1981.58,1986.0,8022.134
2026-03-03 19:30:00,1986.01,1993.87,1976.97,1987.66,5031.3952
2026-03-03 19:45:00,1987.67,1993.0,1983.46,1986.02,2021.4365
2026-03-03 20:00:00,1986.03,1989.8,1978.71,1978.71,2404.8617
2026-03-03 20:15:00,1978.7,1987.05,1977.91,1982.28,1606.2268
2026-03-03 20:30:00,1982.28,1989.35,1981.17,1984.64,1477.863
2026-03-03 20:45:00,1984.65,1985.43,1969.83,1978.34,3851.0278
2026-03-03 21:00:00,1978.34,1978.4,1962.31,1967.99,3199.6454
2026-03-03 21:15:00,1967.98,1969.59,1959.35,1963.28,2506.8919
2026-03-03 21:30:00,1963.28,1967.87,1961.71,1965.64,1205.9982
2026-03-03 21:45:00,1965.64,1971.19,1963.02,1968.46,1181.2546
2026-03-03 22:00:00,1968.46,1985.61,1968.25,1980.79,3960.1668
2026-03-03 22:15:00,1980.8,1983.83,1976.93,1980.27,1056.7124
2026-03-03 22:30:00,1980.26,1988.2,1977.49,1986.21,1437.1423
2026-03-03 22:45:00,1986.2,1986.61,1980.33,1983.31,877.0311
2026-03-03 23:00:00,1983.3,2001.63,1981.5,1994.76,4543.9225
2026-03-03 23:15:00,1994.76,1996.23,1987.12,1988.43,2028.7664
2026-03-03 23:30:00,1988.44,1991.98,1983.98,1988.0,2228.682
2026-03-03 23:45:00,1987.99,1989.6,1981.25,1982.8,2606.8568
2026-03-04 00:00:00,1982.81,1983.24,1977.64,1980.92,1820.0477
2026-03-04 00:15:00,1980.92,1986.79,1979.65,1980.86,2463.2001
2026-03-04 00:30:00,1980.85,1981.3,1961.88,1964.65,4523.5024
2026-03-04 00:45:00,1964.65,1979.87,1964.65,1976.68,4845.5959
2026-03-04 01:00:00,1976.69,1984.0,1973.96,1977.93,2598.5849
2026-03-04 01:15:00,1977.94,1982.42,1970.18,1979.31,3418.5627
2026-03-04 01:30:00,1979.3,1998.66,1977.98,1989.97,5487.8203
2026-03-04 01:45:00,1989.97,1990.35,1980.3,1981.73,3703.2561
2026-03-04 02:00:00,1981.72,1982.79,1973.43,1977.05,2487.136
2026-03-04 02:15:00,1977.04,1981.47,1972.43,1973.18,1316.8574
2026-03-04 02:30:00,1973.18,1976.09,1969.1,1973.38,2907.1001
2026-03-04 02:45:00,1973.38,1982.74,1971.78,1979.24,2389.9633
2026-03-04 03:00:00,1979.23,1979.24,1970.17,1975.98,1861.553
2026-03-04 03:15:00,1975.98,1980.18,1962.91,1964.69,5217.6508
2026-03-04 03:30:00,1964.69,1966.04,1945.08,1951.04,13413.6871
2026-03-04 03:45:00,1951.05,1961.51,1947.81,1960.9,3885.2107
2026-03-04 04:00:00,1960.89,1964.65,1953.01,1960.66,3187.4791
2026-03-04 04:15:00,1960.66,1962.07,1952.18,1954.12,2549.9632
2026-03-04 04:30:00,1954.13,1958.74,1950.65,1957.89,2486.1766
2026-03-04 04:45:00,1957.89,1963.0,1956.25,1960.25,2475.1599
2026-03-04 05:00:00,1960.26,1963.18,1957.0,1962.33,1810.462
2026-03-04 05:15:00,1962.33,1965.49,1955.79,1960.12,1922.4714
2026-03-04 05:30:00,1960.13,1977.84,1957.79,1972.63,3907.2869
2026-03-04 05:45:00,1972.62,1975.89,1969.61,1971.14,2635.3107
2026-03-04 06:00:00,1971.14,1971.83,1964.91,1966.41,2218.2643
2026-03-04 06:15:00,1966.41,1967.93,1963.33,1967.23,2732.63
2026-03-04 06:30:00,1967.24,1986.0,1967.24,1985.8,5153.0733
2026-03-04 06:45:00,1985.8,1986.49,1978.28,1980.33,2880.3146
2026-03-04 07:00:00,1980.34,1982.09,1975.0,1975.36,2334.3589
2026-03-04 07:15:00,1975.36,1985.6,1974.64,1985.59,1777.9487
2026-03-04 07:30:00,1985.59,1994.0,1983.8,1993.06,4270.9934
2026-03-04 07:45:00,1993.05,2010.0,1990.04,2006.55,10145.6929
2026-03-04 08:00:00,2006.55,2019.9,2003.88,2009.95,13637.7058
2026-03-04 08:15:00,2009.95,2010.02,2000.47,2005.68,4842.7416
2026-03-04 08:30:00,2005.68,2030.8,2005.3,2030.35,11647.707
2026-03-04 08:45:00,2030.35,2066.66,2030.35,2063.71,30338.7489
2026-03-04 09:00:00,2063.71,2075.0,2055.18,2068.84,16726.1605
2026-03-04 09:15:00,2068.83,2080.0,2066.58,2076.17,13725.4823
2026-03-04 09:30:00,2076.18,2088.0,2071.42,2084.02,19269.9785
2026-03-04 09:45:00,2084.02,2089.55,2071.3,2075.23,9808.551
2026-03-04 10:00:00,2075.24,2092.9,2073.71,2084.83,13563.5734
2026-03-04 10:15:00,2084.82,2085.93,2075.63,2079.99,7072.4123
2026-03-04 10:30:00,2079.99,2081.3,2072.62,2074.03,4416.1122
2026-03-04 10:45:00,2074.03,2075.99,2067.36,2072.34,10466.4872
2026-03-04 11:00:00,2072.33,2076.04,2066.18,2074.86,9342.2216
2026-03-04 11:15:00,2074.86,2078.22,2066.19,2067.86,4887.5296
2026-03-04 11:30:00,2067.86,2069.84,2046.77,2054.01,12882.4811
2026-03-04 11:45:00,2054.01,2058.74,2050.57,2054.97,4703.1793
2026-03-04 12:00:00,2054.97,2059.29,2047.61,2050.59,7428.4799
2026-03-04 12:15:00,2050.59,2051.08,2039.66,2040.99,6446.9577
2026-03-04 12:30:00,2040.99,2053.36,2036.37,2050.29,15301.6143
2026-03-04 12:45:00,2050.3,2054.69,2047.4,2054.33,5460.5817
2026-03-04 13:00:00,2054.34,2068.53,2052.79,2059.76,6161.386
2026-03-04 13:15:00,2059.76,2063.27,2055.53,2059.95,2770.2066
2026-03-04 13:30:00,2059.94,2065.39,2056.28,2063.53,2989.1545
2026-03-04 13:45:00,2063.54,2067.42,2061.29,2064.49,2660.2487
2026-03-04 14:00:00,2064.48,2077.66,2062.82,2074.91,10025.9241
2026-03-04 14:15:00,2074.91,2082.64,2069.95,2078.69,9574.5996
2026-03-04 14:30:00,2078.69,2110.0,2066.66,2066.75,33404.5856
2026-03-04 14:45:00,2066.75,2084.85,2064.9,2080.0,11556.5335
2026-03-04 15:00:00,2079.99,2098.71,2079.09,2089.44,15530.7674
2026-03-04 15:15:00,2089.43,2143.98,2088.76,2139.02,26683.2293
2026-03-04 15:30:00,2139.02,2142.48,2122.59,2127.07,22292.8029
2026-03-04 15:45:00,2127.08,2157.67,2126.36,2150.23,24707.509
2026-03-04 16:00:00,2150.23,2165.75,2133.49,2135.44,24567.0449
2026-03-04 16:15:00,2135.43,2147.54,2129.13,2143.76,12359.0635
2026-03-04 16:30:00,2143.75,2152.12,2141.51,2146.01,13502.1816
2026-03-04 16:45:00,2146.0,2149.44,2140.03,2142.39,8445.7025
2026-03-04 17:00:00,2142.39,2155.35,2138.72,2148.78,10561.9095
2026-03-04 17:15:00,2148.78,2153.74,2130.17,2135.74,14026.5635
2026-03-04 17:30:00,2135.74,2148.8,2135.69,2145.0,10565.1035
2026-03-04 17:45:00,2145.0,2156.83,2144.7,2146.07,8269.1665
2026-03-04 18:00:00,2146.07,2154.32,2138.13,2141.9,5134.8765
2026-03-04 18:15:00,2141.9,2156.0,2141.12,2154.72,6008.0366
2026-03-04 18:30:00,2154.72,2159.09,2145.3,2153.71,4533.5648
2026-03-04 18:45:00,2153.7,2164.38,2152.03,2163.18,4330.1181
2026-03-04 19:00:00,2163.18,2187.05,2161.01,2181.75,20169.0317
2026-03-04 19:15:00,2181.76,2199.0,2174.76,2175.41,19098.1407
2026-03-04 19:30:00,2175.41,2187.87,2170.72,2181.34,6801.3008
2026-03-04 19:45:00,2181.34,2184.99,2175.89,2177.51,3438.9067
2026-03-04 20:00:00,2177.51,2179.66,2162.66,2168.3,5267.5674
2026-03-04 20:15:00,2168.31,2177.02,2165.4,2171.69,3352.7501
2026-03-04 20:30:00,2171.68,2175.49,2165.28,2172.93,3021.3291
2026-03-04 20:45:00,2172.93,2174.05,2149.31,2150.13,6580.9382
2026-03-04 21:00:00,2150.13,2155.18,2142.27,2145.49,5044.0046
2026-03-04 21:15:00,2145.48,2150.0,2142.25,2148.96,2350.8487
2026-03-04 21:30:00,2148.95,2155.77,2146.15,2149.27,2371.6967
2026-03-04 21:45:00,2149.27,2152.1,2145.86,2149.86,1920.461
2026-03-04 22:00:00,2149.85,2164.16,2149.85,2157.45,4033.9194
2026-03-04 22:15:00,2157.45,2159.79,2152.97,2152.97,1887.5261
2026-03-04 22:30:00,2152.97,2154.9,2135.27,2136.66,4766.3134
2026-03-04 22:45:00,2136.67,2136.88,2127.42,2132.11,4473.5029
2026-03-04 23:00:00,2132.11,2136.84,2128.79,2132.3,2147.7152
2026-03-04 23:15:00,2132.3,2135.77,2123.63,2125.37,4775.7681
2026-03-04 23:30:00,2125.38,2131.99,2116.67,2131.34,4861.9433
2026-03-04 23:45:00,2131.33,2133.44,2123.3,2127.28,3824.8521
2026-03-05 00:00:00,2127.28,2130.35,2121.5,2126.48,2342.4656
2026-03-05 00:15:00,2126.48,2134.89,2122.2,2127.05,4275.5343
2026-03-05 00:30:00,2127.04,2134.09,2124.24,2131.03,4640.3894
2026-03-05 00:45:00,2131.03,2135.36,2126.66,2128.13,3151.4579
2026-03-05 01:00:00,2128.14,2141.93,2124.5,2136.78,5853.5346
2026-03-05 01:15:00,2136.79,2138.65,2120.25,2127.71,4229.6023
2026-03-05 01:30:00,2127.71,2128.08,2110.42,2113.87,4861.5616
2026-03-05 01:45:00,2113.88,2116.93,2107.57,2113.73,3776.4819
2026-03-05 02:00:00,2113.72,2133.2,2112.82,2131.4,6412.1552
2026-03-05 02:15:00,2131.41,2134.09,2124.2,2126.75,1611.5038
2026-03-05 02:30:00,2126.75,2126.76,2115.59,2116.52,2162.7485
2026-03-05 02:45:00,2116.53,2124.9,2116.26,2121.85,2178.6246
2026-03-05 03:00:00,2121.85,2126.07,2118.01,2120.04,1592.4907
2026-03-05 03:15:00,2120.04,2122.65,2112.5,2113.95,2126.6623
2026-03-05 03:30:00,2113.96,2115.66,2108.56,2108.86,2317.2503
2026-03-05 03:45:00,2108.87,2122.55,2107.5,2120.15,2523.9402
2026-03-05 04:00:00,2120.15,2129.18,2118.59,2126.05,2619.4096
2026-03-05 04:15:00,2126.05,2135.2,2121.64,2134.41,3511.9616
2026-03-05 04:30:00,2134.42,2140.0,2127.3,2138.99,4538.2909
2026-03-05 04:45:00,2138.98,2144.2,2128.35,2137.36,5139.9256
2026-03-05 05:00:00,2137.35,2139.32,2133.35,2136.79,1227.723
2026-03-05 05:15:00,2136.8,2137.0,2116.68,2119.45,6006.7753
2026-03-05 05:30:00,2119.44,2123.69,2114.03,2117.07,2286.5917
2026-03-05 05:45:00,2117.07,2120.42,2115.21,2119.65,1625.1693
2026-03-05 06:00:00,2119.66,2122.97,2110.15,2114.46,3101.3708
2026-03-05 06:15:00,2114.45,2127.58,2112.38,2120.94,2313.1298
2026-03-05 06:30:00,2120.94,2124.41,2116.59,2122.46,1168.4481
2026-03-05 06:45:00,2122.47,2130.92,2120.31,2128.23,2151.2705
2026-03-05 07:00:00,2128.22,2132.53,2124.51,2129.34,2534.217
2026-03-05 07:15:00,2129.34,2130.48,2125.6,2126.43,1294.5486
2026-03-05 07:30:00,2126.43,2126.43,2116.09,2118.02,2780.3902
2026-03-05 07:45:00,2118.02,2118.56,2095.71,2104.96,11739.9906
2026-03-05 08:00:00,2104.96,2105.48,2093.63,2097.43,4366.4361
2026-03-05 08:15:00,2097.42,2103.04,2093.75,2096.89,5991.5722
2026-03-05 08:30:00,2096.89,2115.53,2095.86,2114.1,4571.5872
2026-03-05 08:45:00,2114.09,2118.82,2109.37,2117.64,2843.1348
2026-03-05 09:00:00,2117.64,2132.97,2116.54,2127.36,6669.6375
2026-03-05 09:15:00,2127.36,2134.05,2124.09,2129.1,5063.5016
2026-03-05 09:30:00,2129.09,2137.71,2124.79,2125.95,4409.7749
2026-03-05 09:45:00,2125.95,2127.96,2122.45,2125.45,1840.1098
2026-03-05 10:00:00,2125.45,2128.23,2119.99,2128.08,3058.1287
2026-03-05 10:15:00,2128.09,2148.0,2126.08,2143.44,5438.8458
2026-03-05 10:30:00,2143.44,2160.47,2143.44,2152.32,7293.2488
2026-03-05 10:45:00,2152.32,2163.66,2150.0,2156.15,5601.3043
2026-03-05 11:00:00,2156.14,2159.31,2145.29,2151.0,5327.165
2026-03-05 11:15:00,2151.0,2151.69,2142.18,2148.36,2796.7476
2026-03-05 11:30:00,2148.37,2148.37,2133.72,2134.12,3611.4211
2026-03-05 11:45:00,2134.13,2139.23,2133.5,2137.92,1640.1199
2026-03-05 12:00:00,2137.92,2138.85,2127.0,2134.08,4673.9489
2026-03-05 12:15:00,2134.08,2135.69,2123.58,2132.0,5271.0215
2026-03-05 12:30:00,2132.0,2137.76,2127.62,2134.74,2739.6756
2026-03-05 12:45:00,2134.73,2142.95,2133.9,2138.25,3050.9817
2026-03-05 13:00:00,2138.25,2139.72,2122.81,2127.23,4126.439
2026-03-05 13:15:00,2127.23,2130.22,2113.78,2123.03,4357.8668
2026-03-05 13:30:00,2123.04,2123.62,2109.18,2119.1,5370.6752
2026-03-05 13:45:00,2119.1,2127.13,2114.32,2117.6,5718.7747
2026-03-05 14:00:00,2117.6,2122.91,2114.41,2122.34,3136.4319
2026-03-05 14:15:00,2122.35,2122.82,2113.86,2117.92,2504.6622
2026-03-05 14:30:00,2117.92,2131.65,2096.76,2099.13,13547.801
2026-03-05 14:45:00,2099.14,2125.35,2096.73,2119.17,11573.8878
2026-03-05 15:00:00,2119.18,2121.93,2083.38,2089.2,17572.9871
2026-03-05 15:15:00,2089.2,2093.91,2072.72,2073.87,19814.0449
2026-03-05 15:30:00,2073.88,2088.21,2067.54,2081.08,13624.9523
2026-03-05 15:45:00,2081.09,2089.93,2079.16,2086.96,7434.6069
2026-03-05 16:00:00,2086.95,2087.42,2056.7,2063.79,12931.1767
2026-03-05 16:15:00,2063.8,2077.32,2060.12,2072.53,7547.2967
2026-03-05 16:30:00,2072.53,2085.0,2070.99,2079.62,5451.7416
2026-03-05 16:45:00,2079.62,2082.33,2075.59,2080.17,2837.9244
2026-03-05 17:00:00,2080.17,2093.7,2071.27,2077.18,7873.9805
2026-03-05 17:15:00,2077.19,2077.9,2069.23,2069.24,4582.2414
2026-03-05 17:30:00,2069.24,2071.0,2059.38,2066.83,6110.2654
2026-03-05 17:45:00,2066.83,2067.93,2054.75,2059.88,6813.7316
2026-03-05 18:00:00,2059.88,2070.26,2056.99,2069.73,4715.439
2026-03-05 18:15:00,2069.72,2073.06,2063.61,2066.69,3472.7202
2026-03-05 18:30:00,2066.67,2078.38,2066.19,2075.38,2697.4838
2026-03-05 18:45:00,2075.38,2077.55,2070.05,2076.59,2017.2218
2026-03-05 19:00:00,2076.6,2089.27,2076.3,2087.83,8087.9213
2026-03-05 19:15:00,2087.83,2093.69,2074.77,2078.37,9408.9269
2026-03-05 19:30:00,2078.37,2081.29,2072.39,2078.44,2543.6384
2026-03-05 19:45:00,2078.44,2083.86,2072.38,2074.36,2285.371
2026-03-05 20:00:00,2074.37,2081.53,2070.09,2080.57,3710.6079
2026-03-05 20:15:00,2080.58,2094.18,2080.0,2087.37,5189.7861
2026-03-05 20:30:00,2087.37,2097.07,2086.48,2088.51,2678.9956
2026-03-05 20:45:00,2088.51,2098.67,2085.71,2092.43,4029.4723
2026-03-05 21:00:00,2092.42,2097.0,2091.77,2093.23,1967.2332
2026-03-05 21:15:00,2093.23,2099.36,2089.92,2093.08,2299.6891
2026-03-05 21:30:00,2093.08,2094.4,2076.84,2081.67,5509.3065
2026-03-05 21:45:00,2081.66,2084.16,2075.77,2080.6,1620.2113
2026-03-05 22:00:00,2080.61,2083.51,2077.6,2080.41,1357.8836
2026-03-05 22:15:00,2080.41,2083.77,2078.59,2079.12,1301.536
2026-03-05 22:30:00,2079.12,2084.18,2078.87,2082.25,1055.8439
2026-03-05 22:45:00,2082.26,2085.0,2080.1,2080.11,1100.875
2026-03-05 23:00:00,2080.11,2082.05,2078.25,2078.98,1343.5351
2026-03-05 23:15:00,2078.98,2084.45,2078.42,2082.82,979.4276
2026-03-05 23:30:00,2082.83,2082.9,2073.31,2075.75,2458.5436
2026-03-05 23:45:00,2075.75,2076.54,2069.72,2072.86,3040.6765
2026-03-06 00:00:00,2072.86,2080.39,2072.2,2080.38,2517.3349
2026-03-06 00:15:00,2080.38,2080.39,2072.09,2072.85,2444.9058
2026-03-06 00:30:00,2072.84,2074.37,2069.76,2071.05,2860.4676
2026-03-06 00:45:00,2071.05,2076.5,2067.7,2075.02,1357.5018
2026-03-06 01:00:00,2075.03,2078.44,2072.01,2073.69,4199.26
2026-03-06 01:15:00,2073.68,2078.23,2061.79,2065.36,3351.7821
2026-03-06 01:30:00,2065.37,2088.33,2065.37,2085.77,3464.8045
2026-03-06 01:45:00,2085.78,2091.38,2081.49,2087.65,2614.7948
2026-03-06 02:00:00,2087.66,2093.33,2084.71,2091.89,1838.2211
2026-03-06 02:15:00,2091.89,2092.99,2080.66,2087.05,2594.1073
2026-03-06 02:30:00,2087.05,2088.74,2082.0,2088.73,1533.4898
2026-03-06 02:45:00,2088.72,2089.41,2081.5,2083.89,1654.584
2026-03-06 03:00:00,2083.89,2086.69,2076.59,2078.49,1564.3948
2026-03-06 03:15:00,2078.5,2088.56,2075.28,2085.9,2032.1812
2026-03-06 03:30:00,2085.9,2088.75,2082.72,2083.68,1590.4241
2026-03-06 03:45:00,2083.67,2084.87,2080.43,2083.8,3458.1629
2026-03-06 04:00:00,2083.81,2085.88,2077.69,2077.9,3631.8357
2026-03-06 04:15:00,2077.9,2080.1,2075.08,2075.38,2839.8394
2026-03-06 04:30:00,2075.38,2079.17,2058.84,2068.79,6747.9802
2026-03-06 04:45:00,2068.8,2071.82,2067.24,2070.86,1368.7368
2026-03-06 05:00:00,2070.87,2072.3,2065.72,2070.35,1894.1754
2026-03-06 05:15:00,2070.35,2074.19,2064.04,2066.28,1830.9621
2026-03-06 05:30:00,2066.28,2068.97,2059.36,2061.47,3098.0799
2026-03-06 05:45:00,2061.48,2071.19,2059.51,2068.94,3788.7213
2026-03-06 06:00:00,2068.93,2070.61,2063.58,2065.26,1690.5389
2026-03-06 06:15:00,2065.27,2071.42,2063.63,2068.57,1759.989
2026-03-06 06:30:00,2068.57,2076.17,2067.12,2075.55,2207.4904
2026-03-06 06:45:00,2075.54,2080.53,2073.36,2074.03,1994.8561
2026-03-06 07:00:00,2074.04,2079.5,2068.79,2071.89,2784.1144
2026-03-06 07:15:00,2071.9,2084.44,2070.92,2084.15,2530.2753
2026-03-06 07:30:00,2084.16,2086.76,2080.83,2084.39,3634.3578
2026-03-06 07:45:00,2084.39,2087.66,2081.75,2082.83,3568.5997
2026-03-06 08:00:00,2082.83,2082.83,2078.79,2080.0,2539.7515
2026-03-06 08:15:00,2080.0,2082.44,2076.79,2077.73,1702.7929
2026-03-06 08:30:00,2077.72,2082.3,2074.33,2080.38,1832.3347
2026-03-06 08:45:00,2080.38,2082.45,2074.98,2075.96,1173.069
2026-03-06 09:00:00,2075.96,2077.5,2063.5,2064.96,3440.9053
2026-03-06 09:15:00,2064.96,2065.26,2054.75,2057.1,6318.3692
2026-03-06 09:30:00,2057.09,2059.45,2045.79,2055.21,8120.3985
2026-03-06 09:45:00,2055.2,2061.77,2051.9,2060.0,3692.5837
2026-03-06 10:00:00,2060.0,2064.98,2058.72,2064.06,3003.6329
2026-03-06 10:15:00,2064.06,2069.43,2062.01,2068.68,2271.3747
2026-03-06 10:30:00,2068.68,2068.68,2061.57,2064.02,1655.4685
2026-03-06 10:45:00,2064.01,2067.8,2062.93,2063.4,2057.7075
2026-03-06 11:00:00,2063.41,2065.98,2057.69,2064.42,4439.8626
2026-03-06 11:15:00,2064.43,2067.34,2062.58,2065.29,1661.1299
2026-03-06 11:30:00,2065.29,2065.75,2054.64,2056.79,2937.6707
2026-03-06 11:45:00,2056.79,2057.63,2049.85,2051.03,3814.0507
2026-03-06 12:00:00,2051.03,2052.68,2037.22,2043.9,8193.2834
2026-03-06 12:15:00,2043.9,2055.0,2043.9,2051.79,3230.449
2026-03-06 12:30:00,2051.79,2052.81,2038.35,2043.73,5349.6253
2026-03-06 12:45:00,2043.74,2052.62,2039.39,2048.52,3109.9803
2026-03-06 13:00:00,2048.52,2052.0,2046.54,2049.26,3593.2695
2026-03-06 13:15:00,2049.25,2052.75,2039.67,2049.43,3481.7192
2026-03-06 13:30:00,2049.42,2062.12,2036.2,2051.4,13693.0111
2026-03-06 13:45:00,2051.4,2051.4,2019.35,2019.88,16595.7988
2026-03-06 14:00:00,2019.89,2024.35,1998.34,2006.72,22967.9915
2026-03-06 14:15:00,2006.71,2014.65,2003.91,2010.12,9266.3356
2026-03-06 14:30:00,2010.15,2014.54,1984.21,1991.31,24903.5111
2026-03-06 14:45:00,1991.31,1996.59,1972.0,1981.55,20837.9681
2026-03-06 15:00:00,1981.55,1988.3,1973.8,1984.97,12663.0217
2026-03-06 15:15:00,1984.97,1997.58,1983.77,1990.42,9601.817
2026-03-06 15:30:00,1990.41,1998.0,1982.51,1984.58,6301.0588
2026-03-06 15:45:00,1984.58,1985.14,1966.24,1978.01,8239.9022
2026-03-06 16:00:00,1978.0,1984.97,1967.0,1969.98,7911.3353
2026-03-06 16:15:00,1969.97,1975.84,1967.4,1974.82,5590.1094
2026-03-06 16:30:00,1974.84,1980.57,1968.0,1975.08,5748.9336
2026-03-06 16:45:00,1975.07,1979.3,1966.27,1971.29,7149.2523
2026-03-06 17:00:00,1971.28,1976.93,1969.01,1973.39,3330.2104
2026-03-06 17:15:00,1973.38,1982.13,1968.73,1974.2,4668.2133
2026-03-06 17:30:00,1974.19,1975.65,1955.95,1959.71,11398.4037
2026-03-06 17:45:00,1959.7,1969.87,1959.39,1966.76,4463.6093
2026-03-06 18:00:00,1966.76,1980.42,1966.61,1978.69,5010.1361
2026-03-06 18:15:00,1978.7,1980.63,1974.22,1976.83,3402.9204
2026-03-06 18:30:00,1976.82,1983.46,1976.33,1981.04,3476.1925
2026-03-06 18:45:00,1981.04,1982.19,1972.75,1974.62,3283.3578
2026-03-06 19:00:00,1974.62,1987.33,1974.62,1986.76,2466.4618
2026-03-06 19:15:00,1986.75,1993.3,1983.13,1986.24,3207.2372
2026-03-06 19:30:00,1986.23,1990.26,1983.62,1983.63,1703.1451
2026-03-06 19:45:00,1983.63,1985.23,1980.99,1983.75,2235.0991
2026-03-06 20:00:00,1983.75,1988.69,1977.53,1978.76,3224.5339
2026-03-06 20:15:00,1978.75,1981.67,1972.34,1973.51,3705.855
2026-03-06 20:30:00,1973.5,1983.17,1969.26,1978.85,4370.7827
2026-03-06 20:45:00,1978.85,1981.67,1977.66,1978.63,3295.2953
2026-03-06 21:00:00,1978.64,1981.5,1976.86,1980.35,1272.4415
2026-03-06 21:15:00,1980.35,1980.66,1971.51,1975.0,1411.0578
2026-03-06 21:30:00,1974.99,1978.62,1974.09,1978.34,953.9917
2026-03-06 21:45:00,1978.34,1984.64,1978.0,1983.77,1333.0332
2026-03-06 22:00:00,1983.76,1985.83,1982.24,1983.43,1197.3329
2026-03-06 22:15:00,1983.43,1987.38,1982.47,1983.23,823.3945
2026-03-06 22:30:00,1983.23,1986.82,1981.58,1984.95,1143.5066
2026-03-06 22:45:00,1984.94,1989.91,1984.94,1987.22,1148.2444
2026-03-06 23:00:00,1987.23,1987.75,1984.11,1985.96,2094.8625
2026-03-06 23:15:00,1985.97,1987.27,1984.7,1986.66,798.9847
2026-03-06 23:30:00,1986.65,1986.65,1980.6,1982.23,1025.2245
2026-03-06 23:45:00,1982.23,1983.15,1977.03,1978.68,1617.7844
2026-03-07 00:00:00,1978.68,1982.28,1976.97,1980.15,1287.5527
2026-03-07 00:15:00,1980.15,1981.71,1978.21,1978.81,677.8123
2026-03-07 00:30:00,1978.81,1983.27,1978.54,1980.32,1142.6982
2026-03-07 00:45:00,1980.32,1983.18,1980.03,1981.45,560.7903
2026-03-07 01:00:00,1981.45,1983.7,1978.96,1980.12,1090.6707
2026-03-07 01:15:00,1980.12,1982.17,1976.52,1979.2,1303.824
2026-03-07 01:30:00,1979.2,1980.5,1976.25,1979.82,3683.9167
2026-03-07 01:45:00,1979.84,1982.92,1978.73,1980.68,1013.1505
2026-03-07 02:00:00,1980.67,1980.95,1979.0,1979.38,828.0787
2026-03-07 02:15:00,1979.38,1980.36,1975.66,1975.72,934.6023
2026-03-07 02:30:00,1975.73,1977.31,1971.79,1974.69,3963.1678
2026-03-07 02:45:00,1974.69,1984.63,1974.69,1983.52,1964.6126
2026-03-07 03:00:00,1983.53,1996.04,1981.39,1995.07,4454.5045
2026-03-07 03:15:00,1995.07,1995.07,1983.64,1983.8,3014.6487
2026-03-07 03:30:00,1983.81,1985.52,1982.28,1982.81,1224.6073
2026-03-07 03:45:00,1982.81,1983.94,1979.83,1980.21,839.6919
2026-03-07 04:00:00,1980.22,1980.22,1964.34,1970.77,6106.4251
2026-03-07 04:15:00,1970.77,1974.61,1970.64,1974.06,1199.5008
2026-03-07 04:30:00,1974.06,1979.03,1972.05,1977.4,1151.4637
2026-03-07 04:45:00,1977.41,1977.41,1975.32,1975.35,634.9824
2026-03-07 05:00:00,1975.35,1978.81,1975.13,1976.35,958.4349
2026-03-07 05:15:00,1976.36,1977.01,1972.46,1975.81,1338.9813
2026-03-07 05:30:00,1975.8,1978.96,1973.42,1978.61,1854.7298
2026-03-07 05:45:00,1978.61,1979.87,1977.29,1979.01,1979.8378
2026-03-07 06:00:00,1979.01,1979.01,1975.14,1976.24,2727.6448
2026-03-07 06:15:00,1976.24,1977.51,1974.38,1974.66,915.5442
2026-03-07 06:30:00,1974.66,1976.45,1971.54,1976.45,1399.5193
2026-03-07 06:45:00,1976.45,1976.83,1968.81,1971.76,4040.4443
2026-03-07 07:00:00,1971.77,1973.32,1967.07,1973.1,4789.2394
2026-03-07 07:15:00,1973.1,1977.31,1971.15,1975.64,3311.18
2026-03-07 07:30:00,1975.65,1978.46,1974.8,1977.81,3810.7523
2026-03-07 07:45:00,1977.82,1984.19,1977.81,1982.94,4544.4962
2026-03-07 08:00:00,1982.94,1984.86,1980.94,1983.19,3438.0745
2026-03-07 08:15:00,1983.19,1987.62,1983.18,1985.68,2280.6246
2026-03-07 08:30:00,1985.68,1987.39,1981.9,1982.0,2637.4603
2026-03-07 08:45:00,1982.01,1982.41,1975.5,1978.03,1369.1751
2026-03-07 09:00:00,1978.02,1984.28,1975.38,1983.95,2210.8352
2026-03-07 09:15:00,1983.96,1989.42,1983.08,1983.75,1994.6979
2026-03-07 09:30:00,1983.75,1985.58,1983.17,1985.33,2944.402
2026-03-07 09:45:00,1985.33,1988.36,1984.54,1986.35,2292.5411
2026-03-07 10:00:00,1986.35,1988.68,1985.25,1988.32,1115.6768
2026-03-07 10:15:00,1988.33,1988.65,1984.23,1984.86,994.117
2026-03-07 10:30:00,1984.86,1986.45,1983.32,1984.42,1379.5127
2026-03-07 10:45:00,1984.41,1986.0,1983.58,1984.36,622.0345
2026-03-07 11:00:00,1984.36,1994.98,1982.19,1994.17,2486.6517
2026-03-07 11:15:00,1994.17,1994.44,1987.83,1989.07,1970.1663
2026-03-07 11:30:00,1989.07,1989.07,1987.03,1988.75,676.7383
2026-03-07 11:45:00,1988.75,1991.11,1988.02,1988.91,1106.5841
2026-03-07 12:00:00,1988.92,1990.95,1986.77,1987.63,913.1299
2026-03-07 12:15:00,1987.62,1989.91,1986.56,1988.01,738.2323
2026-03-07 12:30:00,1988.0,1988.45,1983.5,1984.02,904.449
2026-03-07 12:45:00,1984.03,1984.79,1979.84,1982.51,1514.0101
2026-03-07 13:00:00,1982.51,1984.19,1979.81,1982.14,2303.2845
2026-03-07 13:15:00,1982.14,1983.53,1980.07,1981.8,3135.8289
2026-03-07 13:30:00,1981.79,1983.12,1977.64,1980.64,2899.5246
2026-03-07 13:45:00,1980.64,1982.96,1980.13,1981.83,737.7415
2026-03-07 14:00:00,1981.83,1981.83,1970.47,1974.48,3603.6682
2026-03-07 14:15:00,1974.47,1976.71,1973.73,1975.29,934.401
2026-03-07 14:30:00,1975.3,1987.97,1975.29,1985.22,2439.3718
2026-03-07 14:45:00,1985.23,1990.25,1983.75,1987.0,2851.226
2026-03-07 15:00:00,1987.01,1987.41,1984.05,1985.37,1727.9697
2026-03-07 15:15:00,1985.38,1986.81,1981.93,1982.99,1370.6157
2026-03-07 15:30:00,1982.98,1986.01,1976.22,1978.41,2144.2362
2026-03-07 15:45:00,1978.41,1981.74,1976.94,1981.04,1233.5082
2026-03-07 16:00:00,1981.03,1981.03,1976.99,1979.13,1644.1017
2026-03-07 16:15:00,1979.13,1979.3,1975.1,1976.9,1415.508
2026-03-07 16:30:00,1976.9,1978.76,1974.48,1977.28,1466.3591
2026-03-07 16:45:00,1977.28,1978.5,1976.02,1977.26,1137.8912
2026-03-07 17:00:00,1977.26,1980.26,1977.08,1980.04,1027.52
2026-03-07 17:15:00,1980.03,1983.47,1979.41,1981.07,1048.7296
2026-03-07 17:30:00,1981.08,1981.23,1980.54,1981.18,656.2012
2026-03-07 17:45:00,1981.18,1981.31,1976.19,1977.59,1150.8726
2026-03-07 18:00:00,1977.59,1977.59,1965.78,1971.47,4271.5145
2026-03-07 18:15:00,1971.47,1975.18,1969.57,1974.62,1518.568
2026-03-07 18:30:00,1974.61,1974.61,1968.67,1972.73,1169.4536
2026-03-07 18:45:00,1972.73,1972.9,1970.75,1971.23,676.4236
2026-03-07 19:00:00,1971.22,1971.23,1969.05,1969.43,835.8525
2026-03-07 19:15:00,1969.42,1970.8,1956.33,1959.06,5271.2437
2026-03-07 19:30:00,1959.06,1964.06,1957.71,1961.83,2941.7733
2026-03-07 19:45:00,1961.83,1962.82,1948.09,1955.2,8731.6413
2026-03-07 20:00:00,1955.2,1965.74,1954.89,1962.97,2193.4608
2026-03-07 20:15:00,1962.97,1965.46,1961.21,1963.69,1157.5076
2026-03-07 20:30:00,1963.7,1968.78,1963.16,1966.35,1268.4037
2026-03-07 20:45:00,1966.34,1967.91,1964.41,1966.42,1048.7682
2026-03-07 21:00:00,1966.42,1969.14,1964.68,1967.91,786.1961
2026-03-07 21:15:00,1967.91,1970.66,1967.89,1969.75,735.624
2026-03-07 21:30:00,1969.75,1969.76,1963.97,1966.86,1242.1603
2026-03-07 21:45:00,1966.86,1971.73,1964.79,1970.63,902.4802
2026-03-07 22:00:00,1970.62,1971.03,1966.94,1967.34,840.1199
2026-03-07 22:15:00,1967.33,1969.3,1966.3,1966.77,501.9481
2026-03-07 22:30:00,1966.78,1968.51,1958.36,1965.52,1510.4421
2026-03-07 22:45:00,1965.52,1969.51,1964.41,1966.46,1579.4921
2026-03-07 23:00:00,1966.47,1969.87,1965.49,1968.07,1638.0837
2026-03-07 23:15:00,1968.08,1973.41,1967.3,1971.63,2943.2067
2026-03-07 23:30:00,1971.64,1974.27,1970.0,1971.09,1919.4149
2026-03-07 23:45:00,1971.09,1971.58,1969.06,1969.59,1510.8625
2026-03-08 00:00:00,1969.6,1975.35,1969.59,1973.91,1867.3312
2026-03-08 00:15:00,1973.92,1977.35,1969.62,1970.5,2373.2721
2026-03-08 00:30:00,1970.49,1971.07,1966.84,1969.88,1635.2529
2026-03-08 00:45:00,1969.89,1970.36,1966.66,1968.91,1040.2048
2026-03-08 01:00:00,1968.92,1971.56,1966.35,1970.36,1265.3181
2026-03-08 01:15:00,1970.35,1971.9,1968.49,1968.5,881.2815
2026-03-08 01:30:00,1968.49,1970.0,1963.51,1969.5,1253.4455
2026-03-08 01:45:00,1969.5,1971.5,1968.51,1968.95,1502.9781
2026-03-08 02:00:00,1968.94,1969.88,1965.5,1968.72,804.2247
2026-03-08 02:15:00,1968.71,1969.98,1963.64,1964.15,765.4694
2026-03-08 02:30:00,1964.15,1969.85,1961.37,1969.11,1427.7969
2026-03-08 02:45:00,1969.1,1969.1,1935.73,1942.34,27385.7778
2026-03-08 03:00:00,1942.34,1949.6,1941.54,1947.54,4763.3313
2026-03-08 03:15:00,1947.57,1951.74,1947.57,1949.5,2088.317
2026-03-08 03:30:00,1949.51,1950.83,1946.0,1948.96,2278.1477
2026-03-08 03:45:00,1948.97,1950.14,1947.3,1947.67,944.7253
2026-03-08 04:00:00,1947.67,1953.37,1946.5,1950.59,2599.6697
2026-03-08 04:15:00,1950.59,1953.09,1949.66,1951.3,1662.1852
2026-03-08 04:30:00,1951.3,1951.54,1946.0,1947.52,2971.106
2026-03-08 04:45:00,1947.52,1947.73,1930.0,1938.4,27490.5292
2026-03-08 05:00:00,1938.4,1945.0,1938.0,1944.81,2076.5524
2026-03-08 05:15:00,1944.82,1950.77,1943.65,1948.54,1720.3099
2026-03-08 05:30:00,1948.54,1952.54,1948.19,1950.57,1189.5127
2026-03-08 05:45:00,1950.57,1952.11,1947.69,1949.0,860.5799
2026-03-08 06:00:00,1949.0,1952.33,1946.18,1946.79,1102.2474
2026-03-08 06:15:00,1946.78,1948.25,1943.89,1944.01,1643.6498
2026-03-08 06:30:00,1944.0,1948.58,1943.05,1947.91,1649.4712
2026-03-08 06:45:00,1947.9,1949.46,1945.44,1948.05,1111.7419
2026-03-08 07:00:00,1948.05,1958.58,1947.19,1957.24,2342.35
2026-03-08 07:15:00,1957.24,1960.41,1954.38,1955.74,1881.6705
2026-03-08 07:30:00,1955.74,1956.34,1953.23,1954.3,1503.1899
2026-03-08 07:45:00,1954.3,1956.2,1952.7,1955.23,1539.4058
2026-03-08 08:00:00,1955.22,1956.21,1950.52,1951.24,2110.0546
2026-03-08 08:15:00,1951.25,1952.4,1949.1,1951.96,713.9219
2026-03-08 08:30:00,1951.97,1959.68,1950.34,1958.24,1371.5634
2026-03-08 08:45:00,1958.23,1960.59,1957.32,1959.73,1730.8236
2026-03-08 09:00:00,1959.73,1967.41,1956.77,1964.73,2062.0926
2026-03-08 09:15:00,1964.73,1970.1,1963.32,1968.99,2396.4628
2026-03-08 09:30:00,1969.0,1969.3,1965.65,1966.75,1563.0208
2026-03-08 09:45:00,1966.76,1966.76,1963.06,1963.54,4285.2839
2026-03-08 10:00:00,1963.54,1966.07,1963.36,1966.07,8331.664
2026-03-08 10:15:00,1966.06,1979.8,1965.86,1975.8,18666.0341
2026-03-08 10:30:00,1975.8,1977.21,1971.36,1972.77,11872.2972
2026-03-08 10:45:00,1972.78,1975.01,1970.89,1974.18,2867.9742
2026-03-08 11:00:00,1974.17,1974.32,1952.27,1956.22,4340.193
2026-03-08 11:15:00,1956.21,1961.02,1956.18,1958.99,1130.5935
2026-03-08 11:30:00,1958.98,1962.72,1944.85,1948.7,5710.3801
2026-03-08 11:45:00,1948.69,1952.96,1946.65,1951.38,1799.2896
2026-03-08 12:00:00,1951.39,1954.67,1932.25,1935.48,19225.9183
2026-03-08 12:15:00,1935.48,1950.18,1926.13,1949.18,20377.8223
2026-03-08 12:30:00,1949.17,1951.94,1945.42,1948.05,1970.7419
2026-03-08 12:45:00,1948.05,1948.09,1943.79,1946.29,2328.8744
2026-03-08 13:00:00,1946.28,1948.18,1931.71,1932.78,4244.8873
2026-03-08 13:15:00,1932.78,1941.19,1925.06,1936.81,10020.8225
2026-03-08 13:30:00,1936.81,1936.82,1928.31,1936.32,3940.7672
2026-03-08 13:45:00,1936.33,1947.48,1936.0,1944.29,5862.069
2026-03-08 14:00:00,1944.29,1949.43,1941.9,1946.78,2759.1202
2026-03-08 14:15:00,1946.78,1950.58,1942.52,1943.37,2729.2988
2026-03-08 14:30:00,1943.37,1947.89,1937.66,1940.32,1872.9008
2026-03-08 14:45:00,1940.32,1945.74,1937.68,1945.52,1325.9486
2026-03-08 15:00:00,1945.52,1947.83,1940.27,1946.82,2466.8163
2026-03-08 15:15:00,1946.81,1946.81,1939.18,1939.18,1737.96
2026-03-08 15:30:00,1939.18,1942.48,1937.5,1941.43,1345.4725
2026-03-08 15:45:00,1941.43,1943.97,1937.67,1943.32,1452.8205
2026-03-08 16:00:00,1943.32,1944.97,1940.82,1941.31,799.8419
2026-03-08 16:15:00,1941.31,1943.78,1938.0,1942.15,1052.0201
2026-03-08 16:30:00,1942.14,1943.0,1935.0,1939.39,1864.5284
2026-03-08 16:45:00,1939.39,1939.39,1934.34,1936.87,1572.7916
2026-03-08 17:00:00,1936.87,1946.65,1935.33,1940.87,2519.8798
2026-03-08 17:15:00,1940.87,1941.81,1937.81,1938.75,541.4382
2026-03-08 17:30:00,1938.74,1940.8,1934.41,1936.65,1193.4618
2026-03-08 17:45:00,1936.65,1938.65,1933.1,1935.77,1352.1376
2026-03-08 18:00:00,1935.78,1936.67,1932.0,1932.52,734.4706
2026-03-08 18:15:00,1932.53,1936.43,1929.0,1935.07,7248.5937
2026-03-08 18:30:00,1935.06,1937.04,1928.09,1930.27,3869.1937
2026-03-08 18:45:00,1930.27,1932.66,1928.08,1930.27,908.7538
2026-03-08 19:00:00,1930.28,1950.67,1928.24,1946.68,5876.3065
2026-03-08 19:15:00,1946.67,1963.33,1945.0,1959.54,9058.594
2026-03-08 19:30:00,1959.54,1970.0,1958.22,1966.91,6250.5344
2026-03-08 19:45:00,1966.91,1970.58,1962.5,1964.91,3309.1471
2026-03-08 20:00:00,1964.91,1966.25,1954.74,1954.75,2620.241
2026-03-08 20:15:00,1954.74,1961.0,1953.81,1956.3,1656.0925
2026-03-08 20:30:00,1956.3,1971.95,1955.94,1965.47,2187.7692
2026-03-08 20:45:00,1965.47,1966.42,1957.14,1958.86,1366.6859
2026-03-08 21:00:00,1958.87,1962.24,1946.2,1948.74,3123.0491
2026-03-08 21:15:00,1948.75,1953.23,1944.53,1951.25,1859.4852
2026-03-08 21:30:00,1951.25,1955.0,1951.09,1954.45,754.7763
2026-03-08 21:45:00,1954.44,1956.83,1951.74,1953.95,894.8731
2026-03-08 22:00:00,1953.94,1953.94,1916.14,1931.33,40736.7185
2026-03-08 22:15:00,1931.32,1935.83,1919.83,1929.84,9412.5554
2026-03-08 22:30:00,1929.83,1947.0,1924.1,1937.95,5457.8122
2026-03-08 22:45:00,1937.96,1948.96,1937.96,1943.2,2604.0847
2026-03-08 23:00:00,1943.2,1953.03,1941.46,1948.35,3138.5943
2026-03-08 23:15:00,1948.36,1955.2,1943.82,1951.44,2204.6508
2026-03-08 23:30:00,1951.44,1952.37,1938.52,1939.04,2426.0207
2026-03-08 23:45:00,1939.04,1943.84,1935.58,1937.1,2359.6939
2026-03-09 00:00:00,1937.11,1951.99,1935.62,1946.68,3480.489
2026-03-09 00:15:00,1946.68,1948.52,1929.65,1942.24,4189.969
2026-03-09 00:30:00,1942.24,1966.14,1942.24,1956.07,7568.7601
2026-03-09 00:45:00,1956.07,1959.15,1946.7,1950.99,2657.1241
2026-03-09 01:00:00,1950.99,1954.36,1942.72,1949.95,3346.4646
2026-03-09 01:15:00,1949.96,1956.97,1946.37,1951.76,4489.6682
2026-03-09 01:30:00,1951.75,1963.2,1947.93,1958.54,4617.9303
2026-03-09 01:45:00,1958.53,1959.39,1944.9,1946.0,2525.4612
2026-03-09 02:00:00,1946.0,1953.47,1941.08,1945.89,2984.7403
2026-03-09 02:15:00,1945.88,1945.88,1938.33,1944.23,2326.9996
2026-03-09 02:30:00,1944.23,1961.27,1941.11,1959.2,4521.9564
2026-03-09 02:45:00,1959.2,1963.2,1957.01,1959.66,3094.1356
2026-03-09 03:00:00,1959.66,1997.79,1959.08,1997.72,25427.784
2026-03-09 03:15:00,1997.73,2006.01,1979.82,1984.68,25990.8545
2026-03-09 03:30:00,1984.67,1987.33,1976.51,1977.17,3919.5097
2026-03-09 03:45:00,1977.18,1980.38,1972.8,1977.48,3442.4028
2026-03-09 04:00:00,1977.48,1982.71,1975.0,1975.07,3041.5643
2026-03-09 04:15:00,1975.07,1989.56,1973.52,1987.1,2571.66
2026-03-09 04:30:00,1987.09,1987.15,1982.98,1985.77,2380.3643
2026-03-09 04:45:00,1985.76,1986.55,1976.75,1977.31,2245.2912
2026-03-09 05:00:00,1977.31,1982.38,1976.39,1980.69,2463.2934
2026-03-09 05:15:00,1980.69,1989.63,1978.52,1987.95,9474.0089
2026-03-09 05:30:00,1987.96,2008.19,1986.69,2004.06,11602.4247
2026-03-09 05:45:00,2004.06,2014.26,1996.75,2010.6,20290.9064
2026-03-09 06:00:00,2010.6,2012.7,2003.99,2007.3,5836.8925
2026-03-09 06:15:00,2007.29,2010.86,1998.26,1998.95,3936.5284
2026-03-09 06:30:00,1998.95,2001.49,1987.83,1990.26,3514.6373
2026-03-09 06:45:00,1990.26,1990.26,1983.36,1985.0,2445.8174
2026-03-09 07:00:00,1985.01,1985.74,1973.66,1975.21,3508.459
2026-03-09 07:15:00,1975.21,1978.76,1963.45,1976.69,4922.6082
2026-03-09 07:30:00,1976.69,1985.29,1975.54,1982.16,3586.7903
2026-03-09 07:45:00,1982.16,1985.91,1979.41,1983.9,1827.5564
2026-03-09 08:00:00,1983.91,1987.74,1978.92,1986.71,5196.7977
2026-03-09 08:15:00,1986.7,1998.11,1981.53,1995.92,4368.9905
2026-03-09 08:30:00,1995.92,2000.0,1990.92,1993.41,3593.2911
2026-03-09 08:45:00,1993.41,1999.5,1991.04,1996.81,2496.7408
2026-03-09 09:00:00,1996.81,1997.59,1986.77,1996.04,3013.9502
2026-03-09 09:15:00,1996.03,2004.68,1993.31,2004.04,4978.8566
2026-03-09 09:30:00,2004.03,2022.0,1999.39,2016.06,11038.7531
2026-03-09 09:45:00,2016.06,2017.91,2002.76,2004.48,3728.0561
2026-03-09 10:00:00,2004.49,2007.05,1999.94,2002.51,3481.7714
2026-03-09 10:15:00,2002.55,2005.98,1999.42,2001.53,6694.6723
2026-03-09 10:30:00,2001.52,2004.3,1995.32,1996.74,3617.2972
2026-03-09 10:45:00,1996.75,1998.57,1992.56,1995.41,3354.1463
2026-03-09 11:00:00,1995.41,1999.99,1993.77,1996.87,1420.6373
2026-03-09 11:15:00,1996.88,1997.22,1980.93,1984.12,6682.9807
2026-03-09 11:30:00,1984.12,1992.99,1983.57,1992.1,2458.4544
2026-03-09 11:45:00,1992.1,1996.75,1988.17,1992.2,2005.4145
2026-03-09 12:00:00,1992.2,1998.54,1992.2,1997.29,2409.4784
2026-03-09 12:15:00,1997.29,2008.59,1997.29,2007.86,4081.4462
2026-03-09 12:30:00,2007.86,2013.74,2002.32,2002.66,3885.248
2026-03-09 12:45:00,2002.66,2005.11,1998.87,2002.19,2292.0762
2026-03-09 13:00:00,2002.19,2013.43,2001.43,2009.63,5988.4166
2026-03-09 13:15:00,2009.63,2018.36,2001.13,2018.22,7959.2279
2026-03-09 13:30:00,2018.23,2029.3,2007.65,2028.17,15940.8667
2026-03-09 13:45:00,2028.17,2030.0,2013.06,2018.16,11866.4326
2026-03-09 14:00:00,2018.15,2026.33,2007.82,2013.99,12979.4463
2026-03-09 14:15:00,2014.0,2030.52,2013.99,2021.09,13342.9993
2026-03-09 14:30:00,2021.08,2032.84,2017.87,2030.74,8505.3077
2026-03-09 14:45:00,2030.74,2031.06,2020.62,2022.29,4846.3501
2026-03-09 15:00:00,2022.27,2026.63,2015.0,2025.74,6624.9865
2026-03-09 15:15:00,2025.73,2029.25,2021.85,2025.51,4712.6836
2026-03-09 15:30:00,2025.5,2028.17,2013.97,2019.9,5636.5122
2026-03-09 15:45:00,2019.9,2028.56,2019.51,2022.63,4423.0678
2026-03-09 16:00:00,2022.64,2032.19,2020.88,2023.62,4322.6755
2026-03-09 16:15:00,2023.63,2031.63,2019.18,2028.85,4067.0822
2026-03-09 16:30:00,2028.86,2031.01,2018.93,2028.58,3807.7312
2026-03-09 16:45:00,2028.58,2039.29,2025.4,2027.53,6007.9402
2026-03-09 17:00:00,2027.54,2031.91,2024.92,2029.4,3134.4598
2026-03-09 17:15:00,2029.39,2032.5,2018.85,2020.45,5431.9679
2026-03-09 17:30:00,2020.44,2023.37,2005.76,2010.59,7119.6629
2026-03-09 17:45:00,2010.58,2020.82,2010.02,2016.94,4771.093
2026-03-09 18:00:00,2016.94,2017.44,2006.15,2012.46,3965.7419
2026-03-09 18:15:00,2012.46,2022.78,2011.84,2017.77,3011.5989
2026-03-09 18:30:00,2017.77,2022.9,2015.32,2016.63,2799.7873
2026-03-09 18:45:00,2016.62,2018.75,2010.19,2012.1,2542.6539
2026-03-09 19:00:00,2012.11,2014.96,2010.0,2010.28,2017.2497
2026-03-09 19:15:00,2010.29,2050.39,2010.22,2050.03,13584.6744
2026-03-09 19:30:00,2050.02,2053.52,2025.5,2031.64,9998.1082
2026-03-09 19:45:00,2031.64,2036.79,2027.89,2033.91,4536.5241
2026-03-09 20:00:00,2033.91,2037.3,2031.16,2032.12,2903.3072
2026-03-09 20:15:00,2032.13,2032.76,2028.73,2031.47,1766.3672
2026-03-09 20:30:00,2031.47,2031.47,2021.28,2023.12,2852.5628
2026-03-09 20:45:00,2023.11,2028.78,2018.77,2025.89,2003.88
2026-03-09 21:00:00,2025.89,2035.39,2025.16,2031.39,3075.429
2026-03-09 21:15:00,2031.39,2031.51,2027.66,2028.37,1280.8475
2026-03-09 21:30:00,2028.37,2028.98,2022.19,2027.37,1203.0841
2026-03-09 21:45:00,2027.37,2030.71,2025.12,2028.35,805.6265
2026-03-09 22:00:00,2028.33,2031.32,2018.37,2023.5,2575.1085
2026-03-09 22:15:00,2023.5,2023.5,2019.28,2022.35,789.7656
2026-03-09 22:30:00,2022.34,2022.75,2007.23,2011.1,14429.7752
2026-03-09 22:45:00,2011.09,2012.33,1997.87,2002.53,38267.5388
2026-03-09 23:00:00,2002.52,2007.67,1997.11,2003.85,6362.1583
2026-03-09 23:15:00,2003.85,2004.0,1997.64,1999.01,4594.0759
2026-03-09 23:30:00,1999.0,2002.67,1996.65,1998.36,3325.172
2026-03-09 23:45:00,1998.35,1998.35,1989.12,1992.98,11613.4302
2026-03-10 00:00:00,1992.97,1995.52,1991.0,1994.49,2837.7378
2026-03-10 00:15:00,1994.49,2015.0,1994.44,2013.61,14746.1817
2026-03-10 00:30:00,2013.61,2019.22,2008.75,2018.23,4163.0444
2026-03-10 00:45:00,2018.23,2022.5,2013.01,2015.37,8884.8162
2026-03-10 01:00:00,2015.37,2021.54,2013.24,2018.21,2996.3684
2026-03-10 01:15:00,2018.21,2019.83,2008.75,2012.65,3667.9321
2026-03-10 01:30:00,2012.65,2016.3,2006.23,2010.48,2142.9518
2026-03-10 01:45:00,2010.49,2024.99,2009.1,2019.21,3117.9427
2026-03-10 02:00:00,2019.2,2021.31,2014.01,2019.22,1740.9901
2026-03-10 02:15:00,2019.22,2022.0,2015.69,2020.84,1516.3112
2026-03-10 02:30:00,2020.85,2054.19,2020.85,2047.44,17716.2825
2026-03-10 02:45:00,2047.44,2053.17,2040.46,2042.4,6273.7773
2026-03-10 03:00:00,2042.4,2046.32,2038.82,2042.8,3669.5404
2026-03-10 03:15:00,2042.81,2047.88,2041.26,2042.87,2140.9721
2026-03-10 03:30:00,2042.87,2043.28,2033.49,2034.27,3249.7033
2026-03-10 03:45:00,2034.27,2034.27,2022.63,2026.8,4169.2506
2026-03-10 04:00:00,2026.8,2035.49,2026.36,2034.61,3536.365
2026-03-10 04:15:00,2034.6,2039.37,2031.96,2036.09,2693.2684
2026-03-10 04:30:00,2036.1,2042.59,2036.1,2041.11,2182.5306
2026-03-10 04:45:00,2041.12,2047.31,2038.64,2045.7,2232.6246
2026-03-10 05:00:00,2045.69,2054.2,2043.61,2048.07,4293.3712
2026-03-10 05:15:00,2048.07,2053.3,2042.51,2043.84,3136.0419
2026-03-10 05:30:00,2043.83,2048.41,2040.9,2041.26,12344.8381
2026-03-10 05:45:00,2041.26,2044.99,2039.75,2043.99,3788.5295
2026-03-10 06:00:00,2044.0,2044.3,2039.61,2041.64,2855.7851
2026-03-10 06:15:00,2041.63,2048.58,2036.25,2047.71,3941.2503
2026-03-10 06:30:00,2047.7,2049.34,2043.91,2044.96,2893.9569
2026-03-10 06:45:00,2044.95,2046.43,2041.11,2043.76,2257.6902
2026-03-10 07:00:00,2043.77,2052.88,2040.09,2047.31,4060.9155
2026-03-10 07:15:00,2047.31,2059.69,2046.69,2052.68,4960.3942
2026-03-10 07:30:00,2052.69,2053.21,2048.31,2049.92,2171.8519
2026-03-10 07:45:00,2049.91,2054.58,2048.5,2051.0,3028.8717
2026-03-10 08:00:00,2051.0,2065.19,2051.0,2059.99,8336.2598
2026-03-10 08:15:00,2060.0,2066.93,2057.82,2061.44,6902.1951
2026-03-10 08:30:00,2061.43,2070.5,2061.43,2066.53,5062.1782
2026-03-10 08:45:00,2066.54,2066.54,2056.36,2057.27,3287.9973
2026-03-10 09:00:00,2057.27,2062.28,2055.72,2060.47,2392.656
2026-03-10 09:15:00,2060.47,2074.0,2058.2,2069.45,5477.3485
2026-03-10 09:30:00,2069.45,2070.75,2066.45,2068.42,2659.6597
2026-03-10 09:45:00,2068.42,2070.0,2064.66,2068.18,3222.7812
2026-03-10 10:00:00,2068.17,2069.22,2061.15,2062.88,2511.6129
2026-03-10 10:15:00,2062.89,2063.97,2059.5,2061.32,1603.2719
2026-03-10 10:30:00,2061.32,2065.86,2055.56,2057.73,2502.6826
2026-03-10 10:45:00,2057.73,2064.6,2056.47,2062.86,2305.2853
2026-03-10 11:00:00,2062.86,2067.78,2057.46,2058.06,3901.7792
2026-03-10 11:15:00,2058.06,2065.81,2051.16,2064.64,6345.2654
2026-03-10 11:30:00,2064.64,2065.78,2060.3,2061.53,1207.7752
2026-03-10 11:45:00,2061.53,2065.45,2059.15,2061.69,2731.3163
2026-03-10 12:00:00,2061.7,2062.09,2054.2,2057.79,2770.0252
2026-03-10 12:15:00,2057.8,2059.56,2051.97,2052.61,2469.2324
2026-03-10 12:30:00,2052.6,2056.14,2048.67,2050.42,4577.3655
2026-03-10 12:45:00,2050.41,2052.6,2047.36,2049.82,3083.81
2026-03-10 13:00:00,2049.82,2057.19,2049.82,2054.91,3936.3914
2026-03-10 13:15:00,2054.92,2060.27,2052.6,2054.37,2635.9057
2026-03-10 13:30:00,2054.38,2057.7,2024.04,2030.99,16019.0657
2026-03-10 13:45:00,2030.99,2044.36,2027.5,2033.63,6685.409
2026-03-10 14:00:00,2033.63,2037.01,2011.7,2014.63,15955.8775
2026-03-10 14:15:00,2014.62,2027.78,2008.65,2024.39,9130.7124
2026-03-10 14:30:00,2024.38,2047.18,2024.27,2045.06,11720.0824
2026-03-10 14:45:00,2045.05,2080.27,2041.6,2075.19,18487.9745
2026-03-10 15:00:00,2075.19,2085.73,2063.82,2068.48,19861.5134
2026-03-10 15:15:00,2068.48,2073.72,2059.23,2069.12,8702.0724
2026-03-10 15:30:00,2069.11,2078.98,2062.85,2070.43,8164.8381
2026-03-10 15:45:00,2070.43,2081.0,2067.04,2079.35,5768.9248
2026-03-10 16:00:00,2079.34,2081.2,2069.45,2073.03,3965.0565
2026-03-10 16:15:00,2073.03,2088.19,2072.37,2080.62,6685.9194
2026-03-10 16:30:00,2080.63,2086.0,2077.24,2085.04,4078.7652
2026-03-10 16:45:00,2085.05,2085.54,2078.46,2080.72,3950.5626
2026-03-10 17:00:00,2080.71,2085.19,2075.78,2076.69,3559.2727
2026-03-10 17:15:00,2076.69,2081.5,2070.22,2072.45,3872.5902
2026-03-10 17:30:00,2072.43,2079.48,2058.33,2065.47,7622.2959
2026-03-10 17:45:00,2065.48,2077.25,2061.77,2071.67,5707.214
2026-03-10 18:00:00,2071.67,2073.13,2048.95,2049.55,5841.6267
2026-03-10 18:15:00,2049.55,2056.35,2039.04,2046.74,12708.3284
2026-03-10 18:30:00,2046.75,2055.33,2040.61,2041.51,7615.0357
2026-03-10 18:45:00,2041.51,2047.19,2035.74,2039.68,4279.7243
2026-03-10 19:00:00,2039.68,2043.92,2030.1,2035.9,4374.0422
2026-03-10 19:15:00,2035.91,2044.31,2029.79,2032.55,4164.8942
2026-03-10 19:30:00,2032.54,2040.95,2027.16,2037.72,4775.3677
2026-03-10 19:45:00,2037.72,2039.36,2034.53,2037.02,2430.9113
2026-03-10 20:00:00,2037.02,2042.99,2035.45,2040.58,2724.2254
2026-03-10 20:15:00,2040.57,2045.65,2038.15,2045.23,2471.8454
2026-03-10 20:30:00,2045.23,2047.45,2041.88,2043.59,1776.2558
2026-03-10 20:45:00,2043.58,2044.39,2041.14,2042.56,742.0895
2026-03-10 21:00:00,2042.56,2048.31,2037.6,2038.52,1291.1075
2026-03-10 21:15:00,2038.53,2040.66,2037.82,2039.7,632.6337
2026-03-10 21:30:00,2039.7,2041.1,2027.92,2030.43,3294.069
2026-03-10 21:45:00,2030.43,2031.19,2018.0,2029.2,5664.9614
2026-03-10 22:00:00,2029.2,2032.18,2021.47,2025.44,3142.1994
2026-03-10 22:15:00,2025.44,2032.82,2021.14,2028.61,2160.0658
2026-03-10 22:30:00,2028.61,2029.4,2022.79,2027.7,1801.9783
2026-03-10 22:45:00,2027.7,2031.34,2026.0,2027.64,1393.5235
2026-03-10 23:00:00,2027.63,2035.55,2027.55,2033.86,2192.4679
2026-03-10 23:15:00,2033.86,2035.53,2030.0,2033.38,1350.8233
2026-03-10 23:30:00,2033.38,2035.97,2032.64,2033.75,1643.2095
2026-03-10 23:45:00,2033.75,2037.3,2032.08,2036.51,1667.4588
2026-03-11 00:00:00,2036.5,2039.79,2030.37,2038.15,2884.8307
2026-03-11 00:15:00,2038.15,2040.35,2033.73,2037.79,2340.7245
2026-03-11 00:30:00,2037.79,2037.86,2028.81,2029.84,2489.5079
2026-03-11 00:45:00,2029.83,2041.71,2029.83,2037.68,2415.7781
2026-03-11 01:00:00,2037.68,2041.0,2035.36,2038.85,2260.0466
2026-03-11 01:15:00,2038.84,2040.29,2032.47,2036.23,2317.0964
2026-03-11 01:30:00,2036.24,2036.93,2028.62,2031.98,1551.8694
2026-03-11 01:45:00,2031.97,2038.34,2031.18,2036.1,988.2088
2026-03-11 02:00:00,2036.1,2039.05,2033.51,2033.84,1084.4335
2026-03-11 02:15:00,2033.85,2036.05,2031.47,2033.32,1662.405
2026-03-11 02:30:00,2033.33,2033.33,2018.7,2022.58,5446.1432
2026-03-11 02:45:00,2022.58,2027.0,2019.45,2026.71,3324.0126
2026-03-11 03:00:00,2026.7,2029.35,2022.6,2023.76,1964.0116
2026-03-11 03:15:00,2023.76,2025.04,2018.53,2019.87,2542.5219
2026-03-11 03:30:00,2019.86,2021.81,2019.06,2020.52,1947.439
2026-03-11 03:45:00,2020.52,2022.42,2018.13,2021.17,1544.3209
2026-03-11 04:00:00,2021.17,2024.43,2018.25,2023.75,1802.1639
2026-03-11 04:15:00,2023.75,2037.06,2023.52,2034.66,3337.1713
2026-03-11 04:30:00,2034.65,2037.08,2032.74,2033.85,1745.8383
2026-03-11 04:45:00,2033.84,2041.39,2033.5,2039.08,1794.0911
2026-03-11 05:00:00,2039.08,2041.49,2035.97,2036.94,1309.9941
2026-03-11 05:15:00,2036.93,2036.94,2031.54,2032.55,815.4813
2026-03-11 05:30:00,2032.55,2032.55,2011.37,2017.4,6264.4315
2026-03-11 05:45:00,2017.4,2018.84,2013.65,2014.63,1684.2172
2026-03-11 06:00:00,2014.63,2019.0,2014.0,2017.78,2457.4804
2026-03-11 06:15:00,2017.77,2020.0,2016.0,2019.97,2147.2676
2026-03-11 06:30:00,2019.98,2024.76,2019.79,2021.27,2048.4905
2026-03-11 06:45:00,2021.27,2026.0,2018.13,2024.3,1838.2256
2026-03-11 07:00:00,2024.31,2025.7,2022.04,2023.39,812.0634
2026-03-11 07:15:00,2023.39,2023.53,2019.46,2019.46,1145.8246
2026-03-11 07:30:00,2019.46,2020.0,2007.17,2011.13,4346.6536
2026-03-11 07:45:00,2011.14,2015.67,2010.62,2012.54,2278.5285
2026-03-11 08:00:00,2012.54,2015.67,2010.57,2012.86,2910.869
2026-03-11 08:15:00,2012.87,2013.66,2009.48,2010.84,2297.4187
2026-03-11 08:30:00,2010.84,2025.46,2010.84,2022.11,6841.7713
2026-03-11 08:45:00,2022.11,2025.72,2017.57,2023.76,2202.2843
2026-03-11 09:00:00,2023.75,2023.75,2018.04,2018.95,1230.9876
2026-03-11 09:15:00,2018.94,2023.0,2018.21,2018.23,937.6547
2026-03-11 09:30:00,2018.23,2022.34,2014.51,2020.8,2226.1298
2026-03-11 09:45:00,2020.79,2027.4,2015.15,2017.87,2274.9983
2026-03-11 10:00:00,2017.87,2022.12,2017.24,2022.09,1092.6928
2026-03-11 10:15:00,2022.09,2024.74,2019.38,2021.05,1188.9919
2026-03-11 10:30:00,2021.06,2031.3,2020.94,2029.27,3100.5492
2026-03-11 10:45:00,2029.27,2030.19,2026.77,2028.68,1144.999
2026-03-11 11:00:00,2028.68,2033.52,2026.14,2032.64,2493.4951
2026-03-11 11:15:00,2032.63,2033.96,2021.89,2023.69,1629.6334
2026-03-11 11:30:00,2023.69,2025.84,2019.29,2021.14,1231.2231
2026-03-11 11:45:00,2021.15,2024.1,2015.83,2017.8,3443.4002
2026-03-11 12:00:00,2017.8,2021.98,2012.81,2020.0,2566.8705
2026-03-11 12:15:00,2020.01,2026.81,2018.5,2026.26,2105.5301
2026-03-11 12:30:00,2026.27,2035.5,2019.42,2022.35,9785.421
2026-03-11 12:45:00,2022.35,2025.88,2019.42,2023.09,2074.183
2026-03-11 13:00:00,2023.09,2038.16,2021.67,2034.47,3681.4669
2026-03-11 13:15:00,2034.47,2049.61,2033.74,2046.07,7881.2668
2026-03-11 13:30:00,2046.08,2082.66,2046.08,2063.12,24232.8625
2026-03-11 13:45:00,2063.12,2068.37,2038.0,2050.72,13201.5465
2026-03-11 14:00:00,2050.72,2065.91,2042.93,2050.28,22677.0754
2026-03-11 14:15:00,2050.28,2064.67,2048.66,2063.29,7277.9262
2026-03-11 14:30:00,2063.29,2074.48,2056.52,2072.49,7021.7654
2026-03-11 14:45:00,2072.5,2077.59,2059.92,2062.68,5257.3114
2026-03-11 15:00:00,2062.68,2065.45,2042.26,2045.88,8064.3769
2026-03-11 15:15:00,2045.87,2059.01,2043.95,2049.2,4427.4409
2026-03-11 15:30:00,2049.2,2049.24,2030.03,2039.79,7192.6241
2026-03-11 15:45:00,2039.8,2051.5,2036.72,2049.73,4705.1949
2026-03-11 16:00:00,2049.75,2055.89,2046.46,2054.27,3227.3996
2026-03-11 16:15:00,2054.27,2062.77,2050.0,2055.99,3917.2282
2026-03-11 16:30:00,2055.99,2069.43,2055.32,2068.4,5841.5409
2026-03-11 16:45:00,2068.41,2072.43,2063.84,2067.01,5178.5525
2026-03-11 17:00:00,2067.02,2076.99,2065.91,2071.33,4943.2731
2026-03-11 17:15:00,2071.32,2085.58,2071.02,2082.43,9127.751
2026-03-11 17:30:00,2082.42,2084.99,2057.69,2070.0,8961.8353
2026-03-11 17:45:00,2070.0,2071.9,2062.42,2068.15,3291.6546
2026-03-11 18:00:00,2068.15,2071.92,2064.18,2068.17,5827.8509
2026-03-11 18:15:00,2068.16,2075.34,2065.43,2072.93,2945.9678
2026-03-11 18:30:00,2072.92,2076.26,2066.18,2069.34,4430.7875
2026-03-11 18:45:00,2069.34,2079.66,2068.2,2076.51,3253.9886
2026-03-11 19:00:00,2076.5,2076.97,2069.74,2071.58,8569.2405
2026-03-11 19:15:00,2071.58,2075.83,2068.58,2071.97,2071.3018
2026-03-11 19:30:00,2071.98,2077.9,2068.92,2075.01,2113.4726
2026-03-11 19:45:00,2075.0,2077.64,2073.34,2076.06,2511.8995
2026-03-11 20:00:00,2076.05,2076.19,2068.19,2068.81,2475.0774
2026-03-11 20:15:00,2068.8,2071.84,2067.99,2069.7,884.3258
2026-03-11 20:30:00,2069.69,2071.89,2066.87,2070.59,964.1714
2026-03-11 20:45:00,2070.59,2071.29,2065.09,2068.4,2743.309
2026-03-11 21:00:00,2068.41,2071.55,2063.46,2065.88,2068.6515
2026-03-11 21:15:00,2065.87,2067.01,2064.65,2066.03,1001.0209
2026-03-11 21:30:00,2066.03,2070.76,2066.03,2067.25,1180.8565
2026-03-11 21:45:00,2067.24,2074.94,2067.07,2073.07,1604.8374
2026-03-11 22:00:00,2073.08,2084.53,2069.53,2079.79,3475.3547
2026-03-11 22:15:00,2079.8,2080.04,2068.01,2068.58,2152.1402
2026-03-11 22:30:00,2068.58,2070.66,2061.79,2064.22,2960.2502
2026-03-11 22:45:00,2064.21,2067.2,2058.98,2061.76,2226.5594
2026-03-11 23:00:00,2061.76,2064.99,2060.29,2061.9,1443.1802
2026-03-11 23:15:00,2061.9,2061.9,2057.69,2059.36,1777.6529
2026-03-11 23:30:00,2059.36,2060.53,2054.04,2054.87,2124.0616
2026-03-11 23:45:00,2054.86,2057.08,2045.2,2051.97,3774.8286
2026-03-12 00:00:00,2051.97,2054.52,2047.97,2052.39,1870.627
2026-03-12 00:15:00,2052.36,2057.64,2049.0,2054.4,1570.1432
2026-03-12 00:30:00,2054.4,2058.16,2050.47,2056.25,898.0387
2026-03-12 00:45:00,2056.24,2057.09,2054.26,2055.78,959.3357
2026-03-12 01:00:00,2055.78,2056.14,2042.95,2047.73,4155.0298
2026-03-12 01:15:00,2047.74,2050.42,2046.73,2049.2,1769.0315
2026-03-12 01:30:00,2049.2,2053.17,2044.83,2051.63,1494.0702
2026-03-12 01:45:00,2051.64,2052.83,2044.82,2046.24,1614.3109
2026-03-12 02:00:00,2046.23,2047.93,2043.06,2044.27,1808.6136
2026-03-12 02:15:00,2044.26,2045.34,2035.01,2039.86,4632.142
2026-03-12 02:30:00,2039.86,2040.3,2026.15,2032.84,6105.6258
2026-03-12 02:45:00,2032.85,2033.4,2021.87,2024.67,4416.2695
2026-03-12 03:00:00,2024.66,2028.37,2024.0,2025.73,2380.7719
2026-03-12 03:15:00,2025.73,2032.22,2025.19,2028.79,2736.9412
2026-03-12 03:30:00,2028.78,2035.08,2028.16,2031.11,2285.9682
2026-03-12 03:45:00,2031.1,2031.33,2017.59,2023.38,5666.6152
2026-03-12 04:00:00,2023.39,2029.73,2022.5,2028.54,2397.5941
2026-03-12 04:15:00,2028.54,2029.59,2025.56,2026.7,1129.7763
2026-03-12 04:30:00,2026.7,2027.07,2021.48,2025.0,1406.6216
2026-03-12 04:45:00,2025.0,2025.3,2021.27,2023.09,1350.3403
2026-03-12 05:00:00,2023.08,2027.33,2022.0,2023.05,2048.4652
2026-03-12 05:15:00,2023.05,2024.4,2019.33,2020.97,2827.0277
2026-03-12 05:30:00,2020.96,2028.3,2020.85,2026.97,2851.3211
2026-03-12 05:45:00,2026.98,2027.33,2023.52,2026.85,1897.834
2026-03-12 06:00:00,2026.86,2029.28,2024.64,2029.06,1296.8321
2026-03-12 06:15:00,2029.07,2030.76,2026.48,2030.75,2307.2598
2026-03-12 06:30:00,2030.75,2031.8,2026.11,2029.68,1455.662
2026-03-12 06:45:00,2029.67,2030.79,2027.89,2030.38,1024.1271
2026-03-12 07:00:00,2030.38,2031.03,2025.66,2028.45,1481.6463
2026-03-12 07:15:00,2028.46,2034.68,2028.1,2033.67,1766.1673
2026-03-12 07:30:00,2033.67,2040.81,2033.24,2036.91,3765.3677
2026-03-12 07:45:00,2036.91,2042.26,2036.32,2040.7,7218.6144
2026-03-12 08:00:00,2040.69,2045.36,2038.42,2039.56,3390.1867
2026-03-12 08:15:00,2039.55,2052.59,2038.81,2044.62,4250.4353
2026-03-12 08:30:00,2044.62,2048.49,2041.66,2045.96,1726.7254
2026-03-12 08:45:00,2045.95,2048.55,2044.21,2047.8,3895.1439
2026-03-12 09:00:00,2047.79,2048.93,2041.78,2043.1,1358.8364
2026-03-12 09:15:00,2043.1,2043.83,2038.49,2041.21,2157.2262
2026-03-12 09:30:00,2041.2,2062.43,2039.0,2061.33,5527.6097
2026-03-12 09:45:00,2061.32,2065.61,2049.27,2055.65,4461.1556
2026-03-12 10:00:00,2055.66,2060.0,2052.5,2055.33,2471.4474
2026-03-12 10:15:00,2055.33,2064.01,2054.3,2062.6,4522.1626
2026-03-12 10:30:00,2062.6,2074.66,2062.05,2070.97,5829.6081
2026-03-12 10:45:00,2070.97,2075.49,2068.66,2069.86,3696.9086
2026-03-12 11:00:00,2069.87,2072.48,2066.55,2067.76,2691.4001
2026-03-12 11:15:00,2067.76,2073.0,2066.4,2070.34,2120.0493
2026-03-12 11:30:00,2070.34,2075.66,2069.14,2073.99,2946.9126
2026-03-12 11:45:00,2073.98,2076.65,2058.21,2062.83,5428.9127
2026-03-12 12:00:00,2062.83,2066.0,2057.81,2059.67,2885.1029
2026-03-12 12:15:00,2059.66,2066.27,2058.77,2064.71,2054.0378
2026-03-12 12:30:00,2064.71,2067.94,2059.3,2066.95,2156.6451
2026-03-12 12:45:00,2066.96,2071.08,2063.0,2065.37,2136.8848
2026-03-12 13:00:00,2065.37,2069.6,2063.96,2065.21,2287.7852
2026-03-12 13:15:00,2065.22,2065.69,2051.44,2056.8,4078.7618
2026-03-12 13:30:00,2056.81,2080.0,2051.44,2068.41,12507.1816
2026-03-12 13:45:00,2068.41,2072.93,2055.6,2065.35,9461.4036
2026-03-12 14:00:00,2065.35,2082.5,2065.34,2080.21,11199.1972
2026-03-12 14:15:00,2080.21,2095.0,2057.5,2058.55,18913.2796
2026-03-12 14:30:00,2058.55,2060.79,2038.08,2045.63,11040.0295
2026-03-12 14:45:00,2045.63,2053.0,2037.79,2045.35,7264.589
2026-03-12 15:00:00,2045.34,2052.0,2039.05,2049.16,4345.7652
2026-03-12 15:15:00,2049.15,2070.73,2047.2,2068.61,6281.7873
2026-03-12 15:30:00,2068.61,2082.0,2064.61,2074.12,9556.1566
2026-03-12 15:45:00,2074.11,2078.42,2068.4,2072.33,5847.1978
2026-03-12 16:00:00,2072.33,2078.01,2056.33,2064.66,8972.9653
2026-03-12 16:15:00,2064.67,2078.09,2063.31,2063.59,5240.5811
2026-03-12 16:30:00,2063.58,2075.86,2062.43,2071.02,5888.8356
2026-03-12 16:45:00,2071.01,2073.7,2064.3,2069.63,2755.6433
2026-03-12 17:00:00,2069.62,2075.24,2068.0,2069.76,2357.7103
2026-03-12 17:15:00,2069.76,2070.42,2057.78,2061.53,4718.4722
2026-03-12 17:30:00,2061.53,2067.74,2060.38,2065.76,1635.1086
2026-03-12 17:45:00,2065.77,2066.41,2055.32,2058.4,2962.1867
2026-03-12 18:00:00,2058.41,2062.1,2053.43,2057.14,2348.2478
2026-03-12 18:15:00,2057.15,2060.2,2046.78,2053.18,8857.6446
2026-03-12 18:30:00,2053.19,2059.39,2051.93,2053.93,2716.8605
2026-03-12 18:45:00,2053.94,2054.46,2048.18,2048.78,2724.287
2026-03-12 19:00:00,2048.77,2053.44,2045.42,2049.78,3161.7825
2026-03-12 19:15:00,2049.79,2062.5,2049.78,2061.83,2811.7119
2026-03-12 19:30:00,2061.88,2069.0,2061.61,2068.41,3252.3721
2026-03-12 19:45:00,2068.41,2073.5,2066.41,2069.59,3163.4258
2026-03-12 20:00:00,2069.6,2073.81,2066.02,2067.18,2206.7498
2026-03-12 20:15:00,2067.18,2069.77,2065.27,2066.74,1058.3275
2026-03-12 20:30:00,2066.74,2066.74,2060.35,2061.72,1497.44
2026-03-12 20:45:00,2061.72,2065.43,2060.5,2062.57,888.9501
2026-03-12 21:00:00,2062.58,2069.19,2062.58,2066.14,3529.5835
2026-03-12 21:15:00,2066.13,2066.7,2060.09,2060.91,4741.1015
2026-03-12 21:30:00,2060.9,2061.2,2057.28,2060.47,5915.6255
2026-03-12 21:45:00,2060.46,2065.18,2058.85,2062.61,5183.486
2026-03-12 22:00:00,2062.62,2066.55,2061.24,2065.03,3784.7576
2026-03-12 22:15:00,2065.04,2067.54,2062.11,2064.24,2513.2019
2026-03-12 22:30:00,2064.23,2066.08,2059.98,2060.54,5289.2775
2026-03-12 22:45:00,2060.55,2066.19,2054.99,2065.3,13823.347
2026-03-12 23:00:00,2065.3,2084.69,2064.64,2080.27,12996.1569
2026-03-12 23:15:00,2080.27,2093.45,2079.98,2083.31,15263.3199
2026-03-12 23:30:00,2083.31,2083.31,2078.58,2081.71,5759.0488
2026-03-12 23:45:00,2081.72,2082.74,2072.2,2073.52,3410.8874
2026-03-13 00:00:00,2073.51,2090.0,2070.12,2090.0,4913.3668
2026-03-13 00:15:00,2089.99,2141.04,2089.81,2133.0,49228.6659
2026-03-13 00:30:00,2133.0,2148.8,2123.73,2126.71,23490.8379
2026-03-13 00:45:00,2126.72,2128.52,2109.62,2119.19,7545.7127
2026-03-13 01:00:00,2119.19,2130.4,2119.18,2125.89,4417.8261
2026-03-13 01:15:00,2125.93,2130.16,2117.79,2123.21,3885.2119
2026-03-13 01:30:00,2123.2,2129.35,2111.72,2126.52,5346.3533
2026-03-13 01:45:00,2126.53,2128.3,2123.0,2124.76,2092.2627
2026-03-13 02:00:00,2124.75,2127.12,2121.0,2122.15,2551.9495
2026-03-13 02:15:00,2122.15,2124.18,2115.0,2116.19,3500.2571
2026-03-13 02:30:00,2116.19,2117.55,2108.0,2108.23,3799.7487
2026-03-13 02:45:00,2108.24,2113.28,2102.42,2105.81,4041.9367
2026-03-13 03:00:00,2105.81,2109.82,2104.09,2106.95,5066.7437
2026-03-13 03:15:00,2106.95,2113.61,2106.0,2107.58,2004.5472
2026-03-13 03:30:00,2107.58,2111.48,2102.2,2109.19,1564.3666
2026-03-13 03:45:00,2109.19,2123.58,2108.97,2118.85,3329.552
2026-03-13 04:00:00,2118.86,2120.06,2114.7,2115.13,1600.3752
2026-03-13 04:15:00,2115.12,2116.1,2111.36,2112.1,1566.8364
2026-03-13 04:30:00,2112.1,2114.79,2109.63,2113.83,1282.0837
2026-03-13 04:45:00,2113.84,2114.65,2109.82,2111.68,1012.3946
2026-03-13 05:00:00,2111.67,2112.01,2103.54,2104.99,2314.4851
2026-03-13 05:15:00,2104.99,2110.91,2104.66,2109.62,1328.6022
2026-03-13 05:30:00,2109.61,2115.24,2109.61,2112.84,1758.1884
2026-03-13 05:45:00,2112.83,2114.56,2108.65,2110.47,1821.3807
2026-03-13 06:00:00,2110.47,2113.0,2106.23,2109.38,1579.251
2026-03-13 06:15:00,2109.37,2110.81,2091.86,2096.35,5686.5417
2026-03-13 06:30:00,2096.34,2097.87,2090.0,2092.94,7165.7867
2026-03-13 06:45:00,2092.93,2097.81,2090.33,2095.94,5774.053
2026-03-13 07:00:00,2095.95,2102.61,2092.75,2099.86,4170.801
2026-03-13 07:15:00,2099.86,2104.87,2097.85,2101.73,1581.7118
2026-03-13 07:30:00,2101.73,2103.48,2096.17,2098.25,2808.4351
2026-03-13 07:45:00,2098.26,2102.5,2094.45,2099.38,3745.3351
2026-03-13 08:00:00,2099.38,2100.33,2091.45,2094.42,3025.7511
2026-03-13 08:15:00,2094.42,2099.0,2093.18,2098.6,2069.8657
2026-03-13 08:30:00,2098.59,2117.0,2098.44,2109.22,8289.3214
2026-03-13 08:45:00,2109.23,2110.03,2097.69,2100.05,4431.2259
2026-03-13 09:00:00,2100.05,2106.38,2099.74,2104.15,5645.2321
2026-03-13 09:15:00,2104.15,2104.16,2096.04,2103.21,1826.5114
2026-03-13 09:30:00,2103.2,2109.86,2102.38,2108.53,2491.645
2026-03-13 09:45:00,2108.52,2116.93,2107.24,2113.55,7389.383
2026-03-13 10:00:00,2113.55,2126.43,2112.83,2125.04,6218.3933
2026-03-13 10:15:00,2125.05,2132.91,2122.31,2125.2,6307.1771
2026-03-13 10:30:00,2125.2,2131.35,2124.18,2127.3,4762.7513
2026-03-13 10:45:00,2127.3,2133.3,2124.65,2126.87,3037.6329
2026-03-13 11:00:00,2126.88,2129.3,2122.16,2123.6,3914.1128
2026-03-13 11:15:00,2123.6,2130.0,2123.16,2125.52,1906.2244
2026-03-13 11:30:00,2125.53,2127.51,2119.47,2121.27,3026.7661
2026-03-13 11:45:00,2121.26,2122.86,2118.18,2121.02,2475.4802
2026-03-13 12:00:00,2121.02,2133.0,2120.52,2133.0,3417.7064
2026-03-13 12:15:00,2133.0,2138.13,2126.94,2130.16,4025.0181
2026-03-13 12:30:00,2130.16,2135.69,2128.14,2129.36,4586.1797
2026-03-13 12:45:00,2129.36,2153.17,2129.36,2146.63,20283.0706
2026-03-13 13:00:00,2146.64,2157.32,2141.61,2152.94,6830.1872
2026-03-13 13:15:00,2152.95,2200.0,2150.01,2183.0,49091.3643
2026-03-13 13:30:00,2183.0,2191.09,2174.52,2188.58,14413.7987
2026-03-13 13:45:00,2188.59,2194.5,2184.0,2185.52,8962.3929
2026-03-13 14:00:00,2185.53,2196.84,2183.07,2193.3,11750.2224
2026-03-13 14:15:00,2193.29,2209.03,2187.32,2196.37,18535.0652
2026-03-13 14:30:00,2196.38,2201.54,2172.11,2173.82,12044.591
2026-03-13 14:45:00,2173.83,2176.28,2145.59,2151.14,27379.5279
2026-03-13 15:00:00,2151.15,2160.5,2140.76,2159.77,11934.8693
2026-03-13 15:15:00,2159.77,2165.93,2151.99,2152.97,7608.4194
2026-03-13 15:30:00,2152.97,2157.54,2131.0,2140.71,25129.9565
2026-03-13 15:45:00,2140.71,2145.45,2125.14,2128.01,8545.2989
2026-03-13 16:00:00,2128.01,2134.02,2121.65,2127.78,8764.6586
2026-03-13 16:15:00,2127.78,2129.73,2111.36,2119.73,9063.8517
2026-03-13 16:30:00,2119.73,2135.2,2119.31,2133.35,5713.4312
2026-03-13 16:45:00,2133.31,2143.33,2131.21,2133.91,6132.2997
2026-03-13 17:00:00,2133.91,2138.54,2133.39,2137.58,2505.9604
2026-03-13 17:15:00,2137.58,2141.29,2120.01,2121.1,5062.3839
2026-03-13 17:30:00,2121.09,2122.43,2102.35,2107.4,6178.2641
2026-03-13 17:45:00,2107.4,2108.88,2090.28,2102.75,13028.4642
2026-03-13 18:00:00,2102.75,2108.87,2099.0,2104.82,5707.842
2026-03-13 18:15:00,2104.81,2107.36,2091.04,2103.85,6562.1366
2026-03-13 18:30:00,2103.88,2108.75,2103.06,2105.25,2187.3368
2026-03-13 18:45:00,2105.24,2105.59,2098.57,2100.93,3272.5522
2026-03-13 19:00:00,2100.92,2105.75,2096.5,2104.02,3304.3149
2026-03-13 19:15:00,2104.03,2106.3,2097.4,2098.93,2073.7116
2026-03-13 19:30:00,2098.94,2103.24,2098.94,2103.19,2265.7172
2026-03-13 19:45:00,2103.2,2105.51,2101.37,2102.48,2632.5691
2026-03-13 20:00:00,2102.48,2110.25,2101.15,2109.51,1750.861
2026-03-13 20:15:00,2109.5,2113.65,2108.79,2110.29,1998.5604
2026-03-13 20:30:00,2110.3,2111.69,2108.76,2111.04,935.6063
2026-03-13 20:45:00,2111.04,2114.0,2110.08,2111.37,1295.6529
2026-03-13 21:00:00,2111.37,2116.66,2110.17,2113.01,1450.1312
2026-03-13 21:15:00,2113.01,2113.68,2104.51,2105.8,1659.2943
2026-03-13 21:30:00,2105.8,2109.23,2101.47,2103.58,1793.396
2026-03-13 21:45:00,2103.6,2108.74,2103.07,2103.07,1864.1032
2026-03-13 22:00:00,2103.08,2104.72,2083.35,2091.75,8983.3757
2026-03-13 22:15:00,2091.74,2091.74,2081.87,2082.64,6208.2769
2026-03-13 22:30:00,2082.64,2086.52,2078.5,2083.6,7303.7692
2026-03-13 22:45:00,2083.59,2090.14,2082.33,2088.97,1516.7423
2026-03-13 23:00:00,2088.96,2090.19,2085.54,2089.76,1514.5983
2026-03-13 23:15:00,2089.76,2093.9,2089.42,2091.66,1612.9748
2026-03-13 23:30:00,2091.65,2093.67,2090.45,2092.04,927.4793
2026-03-13 23:45:00,2092.04,2093.4,2090.45,2092.22,1055.9812
2026-03-14 00:00:00,2092.21,2093.65,2087.93,2093.65,1243.3987
2026-03-14 00:15:00,2093.66,2095.21,2088.46,2092.05,1347.3219
2026-03-14 00:30:00,2092.04,2094.31,2082.99,2083.44,5461.3698
2026-03-14 00:45:00,2083.43,2087.13,2082.82,2085.32,2810.8258
2026-03-14 01:00:00,2085.32,2089.85,2085.25,2087.75,2262.6364
2026-03-14 01:15:00,2087.75,2093.91,2087.75,2092.52,1724.8714
2026-03-14 01:30:00,2092.52,2093.69,2081.39,2090.24,2944.1443
2026-03-14 01:45:00,2090.23,2095.46,2090.23,2092.55,1634.9399
2026-03-14 02:00:00,2092.55,2095.71,2090.75,2093.8,1278.6536
2026-03-14 02:15:00,2093.81,2094.92,2089.74,2090.98,780.5855
2026-03-14 02:30:00,2090.97,2093.32,2089.19,2091.71,682.0348
2026-03-14 02:45:00,2091.71,2095.91,2091.3,2092.39,1210.6919
2026-03-14 03:00:00,2092.39,2098.22,2092.38,2097.96,1545.8474
2026-03-14 03:15:00,2097.97,2100.56,2096.18,2098.64,3064.0923
2026-03-14 03:30:00,2098.65,2103.42,2098.38,2101.49,2219.9237
2026-03-14 03:45:00,2101.49,2102.04,2100.08,2101.16,1110.4463
2026-03-14 04:00:00,2101.15,2104.84,2100.0,2103.89,2551.0516
2026-03-14 04:15:00,2103.9,2104.62,2100.9,2103.31,812.8231
2026-03-14 04:30:00,2103.32,2106.09,2101.46,2103.99,1544.977
2026-03-14 04:45:00,2104.0,2105.22,2087.87,2090.42,4410.9242
2026-03-14 05:00:00,2090.43,2094.09,2089.48,2092.82,1403.194
2026-03-14 05:15:00,2092.81,2094.39,2090.52,2092.33,1585.1822
2026-03-14 05:30:00,2092.34,2092.62,2085.71,2090.04,3195.8121
2026-03-14 05:45:00,2090.04,2092.9,2089.34,2092.46,890.792
2026-03-14 06:00:00,2092.46,2092.46,2088.01,2088.9,612.5007
2026-03-14 06:15:00,2088.89,2088.9,2081.69,2085.06,5697.3024
2026-03-14 06:30:00,2085.06,2085.45,2068.28,2075.29,7247.0578
2026-03-14 06:45:00,2075.3,2079.34,2074.3,2078.02,2106.0279
2026-03-14 07:00:00,2078.02,2079.72,2075.65,2079.1,1361.4998
2026-03-14 07:15:00,2079.1,2079.95,2075.95,2079.66,1009.5984
2026-03-14 07:30:00,2079.66,2080.4,2075.97,2079.2,1803.8847
2026-03-14 07:45:00,2079.2,2079.24,2076.7,2077.46,1959.2142
2026-03-14 08:00:00,2077.46,2081.13,2076.53,2080.62,1723.6736
2026-03-14 08:15:00,2080.62,2081.64,2077.24,2079.36,1678.3223
2026-03-14 08:30:00,2079.36,2079.61,2073.21,2074.0,1420.1564
2026-03-14 08:45:00,2074.0,2075.35,2072.71,2074.34,1413.8943
2026-03-14 09:00:00,2074.35,2077.64,2073.43,2077.08,886.156
2026-03-14 09:15:00,2077.1,2077.1,2074.47,2076.43,949.353
2026-03-14 09:30:00,2076.43,2076.96,2072.54,2074.91,1012.6067
2026-03-14 09:45:00,2074.91,2074.97,2063.73,2067.33,6536.3221
2026-03-14 10:00:00,2067.33,2068.88,2065.67,2067.96,1054.7693
2026-03-14 10:15:00,2067.95,2067.96,2064.24,2065.47,1178.2714
2026-03-14 10:30:00,2065.47,2066.24,2061.6,2065.15,2199.1139
2026-03-14 10:45:00,2065.18,2067.06,2063.59,2066.24,1443.6051
2026-03-14 11:00:00,2066.24,2070.4,2065.85,2070.4,1291.5118
2026-03-14 11:15:00,2070.4,2074.73,2069.2,2073.57,1767.4357
2026-03-14 11:30:00,2073.57,2076.65,2072.44,2075.3,1166.5319
2026-03-14 11:45:00,2075.3,2076.57,2071.8,2073.67,1139.8228
2026-03-14 12:00:00,2073.67,2077.87,2072.81,2075.94,1676.9242
2026-03-14 12:15:00,2075.95,2077.36,2074.47,2074.7,956.4125
2026-03-14 12:30:00,2074.69,2075.29,2069.99,2071.56,1377.3534
2026-03-14 12:45:00,2071.55,2076.63,2071.46,2075.44,1466.6178
2026-03-14 13:00:00,2075.44,2075.44,2073.0,2074.64,1610.9432
2026-03-14 13:15:00,2074.65,2080.65,2074.65,2078.88,1885.2293
2026-03-14 13:30:00,2078.88,2079.52,2077.54,2079.19,859.2589
2026-03-14 13:45:00,2079.19,2079.49,2076.56,2078.51,734.6942
2026-03-14 14:00:00,2078.5,2080.52,2073.06,2074.05,1860.4545
2026-03-14 14:15:00,2074.06,2078.27,2073.16,2078.26,2151.8962
2026-03-14 14:30:00,2078.26,2079.49,2069.8,2070.85,2191.6406
2026-03-14 14:45:00,2070.86,2073.86,2070.52,2071.22,1359.1253
2026-03-14 15:00:00,2071.23,2075.68,2070.0,2074.65,1375.9317
2026-03-14 15:15:00,2074.64,2077.73,2074.64,2076.25,1222.6925
2026-03-14 15:30:00,2076.25,2076.25,2071.6,2073.5,1155.3072
2026-03-14 15:45:00,2073.49,2076.23,2072.96,2074.72,543.23
2026-03-14 16:00:00,2074.72,2074.74,2069.19,2073.48,2022.5642
2026-03-14 16:15:00,2073.48,2075.86,2073.0,2075.56,459.1684
2026-03-14 16:30:00,2075.55,2077.51,2075.19,2075.6,939.6562
2026-03-14 16:45:00,2075.59,2078.79,2074.69,2077.54,836.4458
2026-03-14 17:00:00,2077.54,2078.07,2076.46,2077.36,663.4598
2026-03-14 17:15:00,2077.35,2078.14,2075.96,2078.13,567.8409
2026-03-14 17:30:00,2078.13,2078.14,2075.62,2076.11,450.3651
2026-03-14 17:45:00,2076.11,2076.23,2073.5,2075.14,620.9268
2026-03-14 18:00:00,2075.13,2075.13,2073.5,2073.58,367.0587
2026-03-14 18:15:00,2073.59,2074.77,2072.71,2074.04,682.1808
2026-03-14 18:30:00,2074.05,2076.95,2074.05,2075.91,369.7635
2026-03-14 18:45:00,2075.91,2078.14,2075.61,2076.91,507.7725
2026-03-14 19:00:00,2076.91,2077.37,2074.77,2077.36,662.4679
2026-03-14 19:15:00,2077.37,2078.27,2076.48,2077.62,782.8532
2026-03-14 19:30:00,2077.62,2078.69,2076.45,2078.59,398.1549
2026-03-14 19:45:00,2078.58,2079.47,2076.98,2077.49,441.399
2026-03-14 20:00:00,2077.5,2077.99,2076.2,2077.99,642.5535
2026-03-14 20:15:00,2077.99,2080.43,2077.92,2079.41,985.9154
2026-03-14 20:30:00,2079.41,2084.78,2078.82,2083.8,1425.9133
2026-03-14 20:45:00,2083.8,2087.27,2082.34,2086.01,1944.3624
2026-03-14 21:00:00,2086.01,2086.92,2082.86,2082.99,821.4177
2026-03-14 21:15:00,2082.99,2085.02,2081.65,2083.46,632.5073
2026-03-14 21:30:00,2083.47,2086.17,2082.93,2085.3,663.803
2026-03-14 21:45:00,2085.31,2088.92,2084.62,2086.68,1412.9273
2026-03-14 22:00:00,2086.68,2088.3,2085.06,2085.06,977.453
2026-03-14 22:15:00,2085.07,2087.91,2084.75,2086.27,796.6001
2026-03-14 22:30:00,2086.27,2087.71,2085.87,2086.11,471.5243
2026-03-14 22:45:00,2086.11,2086.26,2082.3,2084.45,1076.2355
2026-03-14 23:00:00,2084.45,2099.69,2084.19,2093.97,5545.2169
2026-03-14 23:15:00,2093.97,2095.87,2088.05,2095.31,2308.068
2026-03-14 23:30:00,2095.31,2098.88,2094.13,2096.83,1725.0548
2026-03-14 23:45:00,2096.83,2098.31,2094.9,2096.16,1496.0684
2026-03-15 00:00:00,2096.16,2096.77,2091.65,2093.8,1693.5827
2026-03-15 00:15:00,2093.79,2095.0,2088.83,2089.55,1819.7499
2026-03-15 00:30:00,2089.54,2091.55,2087.42,2091.0,1291.2071
2026-03-15 00:45:00,2091.0,2091.01,2085.49,2088.0,876.4499
2026-03-15 01:00:00,2088.0,2089.72,2084.02,2086.25,1447.3743
2026-03-15 01:15:00,2086.24,2088.19,2084.66,2085.92,891.0515
2026-03-15 01:30:00,2085.92,2086.77,2083.35,2086.58,1134.5615
2026-03-15 01:45:00,2086.59,2091.18,2085.71,2088.32,514.6606
2026-03-15 02:00:00,2088.32,2099.26,2088.32,2096.19,2808.2047
2026-03-15 02:15:00,2096.19,2096.92,2092.0,2093.19,840.5695
2026-03-15 02:30:00,2093.18,2103.98,2090.2,2103.88,2419.1151
2026-03-15 02:45:00,2103.88,2107.91,2099.7,2101.99,7534.9762
2026-03-15 03:00:00,2101.99,2105.05,2101.23,2102.79,1363.9187
2026-03-15 03:15:00,2102.8,2103.19,2094.63,2095.8,1920.0144
2026-03-15 03:30:00,2095.8,2099.0,2093.79,2095.45,1134.7088
2026-03-15 03:45:00,2095.45,2096.34,2093.53,2096.15,929.1715
2026-03-15 04:00:00,2096.15,2103.22,2096.13,2101.7,1021.6357
2026-03-15 04:15:00,2101.71,2104.12,2099.4,2100.41,905.3587
2026-03-15 04:30:00,2100.41,2102.23,2098.34,2101.8,678.6941
2026-03-15 04:45:00,2101.8,2104.34,2099.35,2104.34,750.2367
2026-03-15 05:00:00,2104.34,2104.34,2102.01,2103.81,660.3679
2026-03-15 05:15:00,2103.8,2115.95,2102.69,2109.35,4516.5115
2026-03-15 05:30:00,2109.35,2115.8,2108.27,2112.66,1806.5348
2026-03-15 05:45:00,2112.66,2113.22,2106.64,2107.91,2188.2847
2026-03-15 06:00:00,2107.91,2110.89,2107.7,2109.09,610.9978
2026-03-15 06:15:00,2109.1,2111.28,2105.72,2106.66,1034.5176
2026-03-15 06:30:00,2106.66,2106.66,2103.0,2104.22,909.2381
2026-03-15 06:45:00,2104.22,2108.22,2104.22,2107.76,798.1117
2026-03-15 07:00:00,2107.76,2113.49,2107.5,2111.0,1749.1487
2026-03-15 07:15:00,2111.0,2112.1,2108.06,2108.39,1123.7714
2026-03-15 07:30:00,2108.39,2108.39,2104.93,2104.93,1492.0682
2026-03-15 07:45:00,2104.93,2106.29,2103.46,2105.64,1901.8095
2026-03-15 08:00:00,2105.64,2111.71,2105.64,2109.01,1488.0121
2026-03-15 08:15:00,2109.01,2111.99,2107.53,2108.97,888.8711
2026-03-15 08:30:00,2108.97,2109.47,2107.77,2109.47,565.515
2026-03-15 08:45:00,2109.47,2113.0,2109.47,2112.93,1189.2482
2026-03-15 09:00:00,2112.93,2122.99,2112.83,2119.51,5730.3138
2026-03-15 09:15:00,2119.51,2123.44,2116.8,2117.73,2879.8365
2026-03-15 09:30:00,2117.74,2119.0,2115.37,2115.95,734.3936
2026-03-15 09:45:00,2115.96,2119.39,2114.74,2117.2,673.8485
2026-03-15 10:00:00,2117.2,2118.11,2114.32,2116.23,787.2449
2026-03-15 10:15:00,2116.22,2121.23,2115.37,2119.99,1670.5147
2026-03-15 10:30:00,2120.0,2121.49,2118.38,2120.25,605.2246
2026-03-15 10:45:00,2120.25,2121.02,2119.13,2119.14,763.0487
2026-03-15 11:00:00,2119.14,2120.16,2117.19,2118.31,1082.3265
2026-03-15 11:15:00,2118.31,2120.19,2116.01,2116.28,596.5072
2026-03-15 11:30:00,2116.27,2117.31,2115.04,2117.12,553.6238
2026-03-15 11:45:00,2117.11,2121.27,2116.75,2119.63,811.1776
2026-03-15 12:00:00,2119.63,2119.83,2115.64,2115.9,727.6702
2026-03-15 12:15:00,2115.9,2117.71,2114.95,2117.06,598.7229
2026-03-15 12:30:00,2117.06,2117.61,2109.35,2109.5,1545.2379
2026-03-15 12:45:00,2109.5,2112.05,2108.2,2109.59,2107.3096
2026-03-15 13:00:00,2109.6,2112.76,2091.94,2098.16,7034.7598
2026-03-15 13:15:00,2098.15,2098.15,2088.74,2096.78,3403.9606
2026-03-15 13:30:00,2096.78,2097.81,2086.34,2090.54,10658.601
2026-03-15 13:45:00,2090.53,2098.35,2089.46,2097.4,6612.0216
2026-03-15 14:00:00,2097.39,2099.2,2094.91,2095.38,1754.5137
2026-03-15 14:15:00,2095.37,2095.37,2090.35,2093.06,1454.3054
2026-03-15 14:30:00,2093.06,2093.06,2086.6,2092.23,3093.2808
2026-03-15 14:45:00,2092.23,2097.0,2091.31,2096.99,1352.5761
2026-03-15 15:00:00,2096.99,2097.15,2092.24,2093.8,2789.2567
2026-03-15 15:15:00,2093.8,2096.55,2091.94,2092.49,1282.0807
2026-03-15 15:30:00,2092.5,2095.29,2090.02,2093.8,1009.0154
2026-03-15 15:45:00,2093.81,2095.34,2093.04,2093.79,452.1059
2026-03-15 16:00:00,2093.79,2098.86,2092.99,2098.02,927.9884
2026-03-15 16:15:00,2098.03,2098.03,2089.63,2092.9,1149.3548
2026-03-15 16:30:00,2092.9,2096.01,2089.43,2093.41,1333.3245
2026-03-15 16:45:00,2093.41,2094.02,2088.84,2091.56,819.9479
2026-03-15 17:00:00,2091.57,2095.99,2091.2,2094.8,2585.9822
2026-03-15 17:15:00,2094.8,2096.34,2093.94,2094.98,650.944
2026-03-15 17:30:00,2094.98,2097.3,2094.42,2096.8,392.4613
2026-03-15 17:45:00,2096.79,2117.86,2096.51,2110.77,9059.197
2026-03-15 18:00:00,2110.77,2113.2,2107.46,2108.8,1908.418
2026-03-15 18:15:00,2108.79,2110.84,2106.57,2108.31,1073.7447
2026-03-15 18:30:00,2108.31,2113.53,2108.31,2109.54,1485.2512
2026-03-15 18:45:00,2109.55,2110.01,2094.32,2099.14,3376.6415
2026-03-15 19:00:00,2099.15,2111.73,2096.47,2111.55,2946.094
2026-03-15 19:15:00,2111.55,2112.78,2107.43,2111.82,1108.7758
2026-03-15 19:30:00,2111.82,2114.27,2109.39,2110.43,819.2706
2026-03-15 19:45:00,2110.44,2114.35,2109.12,2113.49,1830.1982
2026-03-15 20:00:00,2113.49,2114.25,2111.45,2112.29,868.7065
2026-03-15 20:15:00,2112.28,2114.42,2110.0,2114.21,2249.0548
2026-03-15 20:30:00,2114.22,2139.0,2114.22,2130.91,9136.9409
2026-03-15 20:45:00,2130.91,2133.19,2128.28,2129.05,2044.3732
2026-03-15 21:00:00,2129.06,2132.63,2123.75,2123.8,2089.7457
2026-03-15 21:15:00,2123.79,2132.0,2123.79,2129.68,1720.5993
2026-03-15 21:30:00,2129.67,2144.76,2129.64,2140.8,4688.7195
2026-03-15 21:45:00,2140.79,2143.93,2135.36,2139.07,2095.8193
2026-03-15 22:00:00,2139.08,2149.61,2128.58,2130.02,7664.6703
2026-03-15 22:15:00,2130.02,2136.51,2125.31,2134.26,3183.2886
2026-03-15 22:30:00,2134.27,2177.99,2134.27,2172.19,21913.2281
2026-03-15 22:45:00,2172.19,2192.49,2172.06,2184.35,19446.0155
2026-03-15 23:00:00,2184.36,2202.87,2184.36,2196.35,22162.7387
2026-03-15 23:15:00,2196.34,2199.91,2172.19,2172.8,15019.8384
2026-03-15 23:30:00,2172.8,2181.17,2165.2,2178.75,12887.0204
2026-03-15 23:45:00,2178.76,2182.99,2169.41,2178.3,4525.8558
2026-03-16 00:00:00,2178.29,2187.33,2174.17,2174.26,5797.6962
2026-03-16 00:15:00,2174.27,2181.07,2167.66,2168.46,4057.5414
2026-03-16 00:30:00,2168.47,2173.87,2164.73,2170.09,6193.5615
2026-03-16 00:45:00,2170.09,2175.24,2169.79,2171.23,2004.44
2026-03-16 01:00:00,2171.23,2174.61,2165.0,2165.82,2910.7172
2026-03-16 01:15:00,2165.82,2182.69,2165.82,2179.54,3706.8092
2026-03-16 01:30:00,2179.54,2181.75,2174.29,2179.24,2948.3858
2026-03-16 01:45:00,2179.25,2190.48,2178.63,2185.89,2933.8103
2026-03-16 02:00:00,2185.88,2189.43,2178.23,2179.72,2931.5911
2026-03-16 02:15:00,2179.73,2181.47,2170.02,2173.73,3745.553
2026-03-16 02:30:00,2173.73,2177.32,2170.27,2176.33,2958.0941
2026-03-16 02:45:00,2176.33,2183.46,2174.06,2180.49,2480.9512
2026-03-16 03:00:00,2180.48,2184.14,2177.38,2181.56,2945.5361
2026-03-16 03:15:00,2181.56,2209.35,2179.71,2201.08,14652.4659
2026-03-16 03:30:00,2201.08,2253.48,2200.83,2238.4,55113.4068
2026-03-16 03:45:00,2238.4,2243.81,2230.08,2235.67,18587.5393
2026-03-16 04:00:00,2235.67,2245.32,2235.67,2244.9,16364.352
2026-03-16 04:15:00,2244.9,2266.65,2243.02,2249.16,23073.634
2026-03-16 04:30:00,2249.15,2269.58,2249.15,2261.23,20675.6935
2026-03-16 04:45:00,2261.23,2278.0,2258.27,2263.3,14460.3548
2026-03-16 05:00:00,2263.3,2269.37,2256.8,2263.41,12132.1321
2026-03-16 05:15:00,2263.4,2270.0,2259.66,2268.77,6090.8916
2026-03-16 05:30:00,2268.76,2272.41,2259.72,2270.51,6172.9151
2026-03-16 05:45:00,2270.5,2288.63,2268.3,2280.47,25717.0859
2026-03-16 06:00:00,2280.46,2281.31,2260.64,2263.44,10217.3207
2026-03-16 06:15:00,2263.44,2271.18,2262.78,2265.58,5823.4529
2026-03-16 06:30:00,2265.58,2270.38,2263.92,2267.01,4023.4188
2026-03-16 06:45:00,2267.01,2267.01,2260.74,2261.7,6780.3231
2026-03-16 07:00:00,2261.7,2269.0,2260.3,2266.01,5857.5688
2026-03-16 07:15:00,2266.01,2268.91,2260.66,2266.9,5634.4722
2026-03-16 07:30:00,2266.9,2267.49,2251.16,2253.39,9872.6641
2026-03-16 07:45:00,2253.39,2254.3,2245.63,2248.95,14065.5181
2026-03-16 08:00:00,2248.95,2258.83,2248.95,2250.37,6136.6509
2026-03-16 08:15:00,2250.38,2257.73,2245.53,2251.13,5844.9226
2026-03-16 08:30:00,2251.12,2253.07,2236.76,2237.22,9154.4462
2026-03-16 08:45:00,2237.22,2246.35,2234.92,2243.54,6605.6441
2026-03-16 09:00:00,2243.54,2248.25,2239.82,2246.08,3119.5619
2026-03-16 09:15:00,2246.08,2256.45,2245.77,2255.12,5448.1087
2026-03-16 09:30:00,2255.12,2256.87,2251.84,2253.68,2488.1056
2026-03-16 09:45:00,2253.68,2265.37,2253.31,2260.51,5663.5042
2026-03-16 10:00:00,2260.51,2269.7,2260.36,2266.19,7144.5359
2026-03-16 10:15:00,2266.19,2272.97,2263.85,2265.88,4657.2423
2026-03-16 10:30:00,2265.89,2265.89,2256.2,2259.17,6746.3125
2026-03-16 10:45:00,2259.16,2279.0,2258.5,2278.3,10085.5844
2026-03-16 11:00:00,2278.3,2279.71,2273.45,2273.92,7329.8773
2026-03-16 11:15:00,2273.93,2280.0,2266.0,2267.45,3613.9744
2026-03-16 11:30:00,2267.45,2272.61,2266.0,2271.06,3188.5207
2026-03-16 11:45:00,2271.06,2275.0,2269.93,2269.94,2095.7031
2026-03-16 12:00:00,2269.94,2293.37,2269.93,2281.53,12465.5067
2026-03-16 12:15:00,2281.53,2303.64,2277.36,2300.0,21062.2534
2026-03-16 12:30:00,2300.0,2303.07,2280.04,2283.01,12485.1269
2026-03-16 12:45:00,2283.01,2284.23,2277.06,2279.28,5346.0286
2026-03-16 13:00:00,2279.28,2282.0,2273.37,2279.69,4027.7371
2026-03-16 13:15:00,2279.7,2282.15,2272.35,2280.93,4479.0328
2026-03-16 13:30:00,2280.93,2308.54,2277.38,2291.31,21952.8699
2026-03-16 13:45:00,2291.31,2302.71,2277.25,2288.79,14240.2178
2026-03-16 14:00:00,2288.8,2304.81,2283.96,2297.68,10129.0446
2026-03-16 14:15:00,2297.68,2302.5,2280.0,2281.11,9348.158
2026-03-16 14:30:00,2281.11,2281.4,2255.04,2263.66,20790.4212
2026-03-16 14:45:00,2263.66,2289.73,2256.4,2288.0,10310.7926
2026-03-16 15:00:00,2287.99,2293.53,2277.59,2287.32,9657.2906
2026-03-16 15:15:00,2287.32,2293.52,2282.17,2291.64,12566.5025
2026-03-16 15:30:00,2291.65,2299.35,2282.2,2284.0,4932.6067
2026-03-16 15:45:00,2284.0,2287.67,2270.17,2273.88,4243.0325
2026-03-16 16:00:00,2273.88,2286.2,2270.0,2277.4,3832.7013
2026-03-16 16:15:00,2277.39,2288.0,2276.74,2282.81,5533.9394
2026-03-16 16:30:00,2282.82,2292.53,2278.03,2291.47,4205.499
2026-03-16 16:45:00,2291.46,2300.22,2287.57,2297.03,8185.1577
2026-03-16 17:00:00,2297.03,2308.22,2293.49,2304.92,11075.6445
2026-03-16 17:15:00,2304.93,2306.47,2298.44,2300.63,5720.0358
2026-03-16 17:30:00,2300.63,2316.59,2300.63,2312.66,10422.7542
2026-03-16 17:45:00,2312.66,2323.0,2308.63,2314.74,8499.1954
2026-03-16 18:00:00,2314.75,2341.73,2313.6,2334.84,18370.5149
2026-03-16 18:15:00,2334.85,2346.16,2330.0,2337.51,9540.0496
2026-03-16 18:30:00,2337.5,2345.39,2333.0,2339.8,7632.0449
2026-03-16 18:45:00,2339.8,2339.8,2319.7,2321.46,10060.0457
2026-03-16 19:00:00,2321.46,2348.06,2318.43,2338.08,10433.8185
2026-03-16 19:15:00,2338.08,2341.66,2324.28,2332.57,5666.2611
2026-03-16 19:30:00,2332.57,2338.12,2329.5,2334.54,4225.0016
2026-03-16 19:45:00,2334.53,2335.12,2324.44,2330.92,4272.649
2026-03-16 20:00:00,2330.92,2332.43,2323.68,2327.0,2689.3981
2026-03-16 20:15:00,2326.99,2332.84,2325.01,2331.11,2921.0392
2026-03-16 20:30:00,2331.11,2342.37,2330.78,2336.93,4181.4327
2026-03-16 20:45:00,2336.94,2347.53,2336.94,2345.31,4084.3083
2026-03-16 21:00:00,2345.31,2357.62,2343.63,2351.11,13195.111
2026-03-16 21:15:00,2351.11,2353.35,2344.76,2346.94,5050.8884
2026-03-16 21:30:00,2346.93,2376.34,2346.0,2359.02,19417.3655
2026-03-16 21:45:00,2359.02,2370.77,2357.06,2361.05,9615.9655
2026-03-16 22:00:00,2361.04,2386.02,2359.79,2376.69,15467.5727
2026-03-16 22:15:00,2376.68,2377.14,2355.33,2359.61,7808.4723
2026-03-16 22:30:00,2359.6,2366.7,2358.32,2365.91,10206.2716
2026-03-16 22:45:00,2365.91,2369.03,2356.47,2357.83,3936.2863
2026-03-16 23:00:00,2357.83,2357.99,2330.0,2339.49,15336.2384
2026-03-16 23:15:00,2339.49,2351.57,2337.18,2351.1,6063.3114
2026-03-16 23:30:00,2351.1,2358.99,2349.89,2357.77,5126.8538
2026-03-16 23:45:00,2357.76,2361.47,2347.0,2352.97,4827.7343
2026-03-17 00:00:00,2352.97,2374.74,2340.21,2367.31,18707.1349
2026-03-17 00:15:00,2367.31,2376.66,2342.13,2354.04,16404.9637
2026-03-17 00:30:00,2354.05,2368.2,2347.88,2353.83,15745.93
2026-03-17 00:45:00,2353.82,2357.62,2346.6,2357.62,5401.6944
2026-03-17 01:00:00,2357.62,2374.39,2346.72,2364.96,12684.821
2026-03-17 01:15:00,2364.96,2368.91,2357.84,2364.56,7712.1042
2026-03-17 01:30:00,2364.56,2375.65,2351.51,2360.54,19785.9205
2026-03-17 01:45:00,2360.55,2366.65,2351.33,2361.21,8007.4752
2026-03-17 02:00:00,2361.2,2361.88,2345.0,2349.5,6805.0817
2026-03-17 02:15:00,2349.5,2350.15,2344.79,2347.92,3483.8733
2026-03-17 02:30:00,2347.93,2361.42,2346.4,2358.57,3162.738
2026-03-17 02:45:00,2358.56,2361.58,2350.5,2351.3,7413.46
2026-03-17 03:00:00,2351.31,2355.99,2341.6,2342.62,4497.6538
2026-03-17 03:15:00,2342.62,2344.47,2333.23,2336.49,5300.2551
2026-03-17 03:30:00,2336.49,2336.5,2314.28,2316.4,12533.2514
2026-03-17 03:45:00,2316.41,2321.17,2308.03,2320.0,11395.2623
2026-03-17 04:00:00,2320.01,2330.0,2318.69,2327.93,6873.9204
2026-03-17 04:15:00,2327.92,2328.49,2308.85,2313.04,10117.3073
2026-03-17 04:30:00,2313.03,2316.59,2294.15,2304.78,20693.9406
2026-03-17 04:45:00,2304.78,2313.36,2304.13,2311.5,4713.6465
2026-03-17 05:00:00,2311.49,2316.09,2305.6,2312.7,3145.3554
2026-03-17 05:15:00,2312.7,2318.43,2310.46,2316.05,2361.8457
2026-03-17 05:30:00,2316.04,2317.89,2302.0,2302.4,3260.2423
2026-03-17 05:45:00,2302.41,2310.5,2297.91,2307.37,5373.7267
2026-03-17 06:00:00,2307.37,2317.35,2298.24,2315.41,4554.4863
2026-03-17 06:15:00,2315.4,2323.7,2313.08,2321.42,3893.4823
2026-03-17 06:30:00,2321.43,2325.13,2310.0,2310.38,4024.7616
2026-03-17 06:45:00,2310.38,2315.64,2308.35,2315.34,2274.1384
2026-03-17 07:00:00,2315.35,2325.29,2315.35,2324.9,2641.9614
2026-03-17 07:15:00,2324.9,2337.86,2324.76,2335.43,7014.652
2026-03-17 07:30:00,2335.42,2336.34,2328.39,2331.03,3961.3159
2026-03-17 07:45:00,2331.02,2332.56,2325.0,2327.7,1878.4937
2026-03-17 08:00:00,2327.71,2335.35,2317.32,2322.4,4420.8122
2026-03-17 08:15:00,2322.41,2330.92,2318.27,2326.52,2090.1617
2026-03-17 08:30:00,2326.52,2332.99,2320.63,2331.3,2696.8566
2026-03-17 08:45:00,2331.29,2332.67,2316.05,2320.66,3636.5125
2026-03-17 09:00:00,2320.67,2324.54,2309.0,2310.59,6424.9161
2026-03-17 09:15:00,2310.59,2329.34,2307.0,2325.0,5682.4096
2026-03-17 09:30:00,2325.0,2326.04,2319.16,2323.3,3542.022
2026-03-17 09:45:00,2323.31,2323.38,2310.8,2315.79,2907.8625
2026-03-17 10:00:00,2315.78,2317.09,2307.0,2312.96,3715.2706
2026-03-17 10:15:00,2312.97,2314.47,2304.0,2313.59,4294.6164
2026-03-17 10:30:00,2313.58,2316.72,2309.5,2310.24,2755.3288
2026-03-17 10:45:00,2310.23,2315.0,2306.65,2312.94,2385.4465
2026-03-17 11:00:00,2312.94,2323.47,2311.77,2323.43,3170.0932
2026-03-17 11:15:00,2323.43,2332.58,2323.43,2328.41,5348.8248
2026-03-17 11:30:00,2328.4,2330.76,2325.4,2329.89,3182.5154
2026-03-17 11:45:00,2329.9,2332.92,2325.0,2326.82,3566.6614
2026-03-17 12:00:00,2326.81,2332.43,2325.78,2326.5,2162.5455
2026-03-17 12:15:00,2326.5,2335.0,2316.74,2320.18,5046.11
2026-03-17 12:30:00,2320.19,2324.2,2312.77,2321.05,2737.6826
2026-03-17 12:45:00,2321.04,2321.05,2313.19,2315.42,4950.3837
2026-03-17 13:00:00,2315.42,2320.36,2313.41,2319.26,2162.6845
2026-03-17 13:15:00,2319.27,2322.39,2315.91,2320.57,2728.0836
2026-03-17 13:30:00,2320.57,2346.48,2318.5,2332.75,10741.1277
2026-03-17 13:45:00,2332.75,2334.28,2316.75,2328.65,10717.3326
2026-03-17 14:00:00,2328.66,2335.59,2318.94,2332.21,10266.9936
2026-03-17 14:15:00,2332.2,2337.15,2322.92,2333.95,4978.4901
2026-03-17 14:30:00,2333.96,2348.94,2333.96,2342.95,8678.2272
2026-03-17 14:45:00,2342.95,2347.3,2336.85,2343.45,5318.3026
2026-03-17 15:00:00,2343.45,2357.73,2328.16,2328.95,11796.3979
2026-03-17 15:15:00,2328.94,2334.8,2320.31,2323.31,4969.0412
2026-03-17 15:30:00,2323.3,2327.14,2304.27,2313.01,12398.7876
2026-03-17 15:45:00,2313.0,2320.64,2307.01,2315.98,5411.8692
2026-03-17 16:00:00,2315.98,2325.6,2312.44,2317.42,3960.1851
2026-03-17 16:15:00,2317.42,2336.96,2316.69,2331.41,6085.6831
2026-03-17 16:30:00,2331.41,2332.9,2320.8,2326.0,4283.9468
2026-03-17 16:45:00,2326.0,2331.25,2321.79,2326.84,2953.4205
2026-03-17 17:00:00,2326.85,2333.92,2320.6,2326.87,2715.1948
2026-03-17 17:15:00,2326.86,2335.44,2324.02,2329.2,2826.1735
2026-03-17 17:30:00,2329.2,2335.5,2325.9,2333.54,2363.8538
2026-03-17 17:45:00,2333.55,2342.64,2331.24,2340.04,4317.5749
2026-03-17 18:00:00,2340.04,2342.7,2336.67,2338.56,3274.1284
2026-03-17 18:15:00,2338.57,2340.9,2331.73,2332.88,2601.0414
2026-03-17 18:30:00,2332.88,2341.58,2332.46,2336.92,2017.7277
2026-03-17 18:45:00,2336.93,2339.61,2328.11,2332.98,2909.9893
2026-03-17 19:00:00,2332.98,2338.64,2331.29,2337.11,1608.8799
2026-03-17 19:15:00,2337.11,2340.0,2332.0,2334.9,1917.7687
2026-03-17 19:30:00,2334.9,2335.34,2325.24,2325.74,2166.2952
2026-03-17 19:45:00,2325.74,2326.43,2317.0,2320.22,4432.5633
2026-03-17 20:00:00,2320.22,2324.0,2317.68,2318.27,3694.6972
2026-03-17 20:15:00,2318.27,2330.39,2318.12,2329.22,1723.0301
2026-03-17 20:30:00,2329.23,2329.23,2325.74,2326.61,1320.8255
2026-03-17 20:45:00,2326.61,2329.21,2324.21,2327.88,1181.7986
2026-03-17 21:00:00,2327.88,2344.69,2327.88,2339.29,3674.2168
2026-03-17 21:15:00,2339.29,2339.55,2336.47,2336.53,1512.6299
2026-03-17 21:30:00,2336.54,2340.87,2332.67,2338.92,2025.4781
2026-03-17 21:45:00,2338.92,2341.24,2336.34,2338.45,1239.8372
2026-03-17 22:00:00,2338.45,2342.11,2332.26,2333.1,2666.2216
2026-03-17 22:15:00,2333.11,2334.36,2328.78,2328.78,1529.9343
2026-03-17 22:30:00,2328.78,2329.33,2318.39,2324.76,3318.9225
2026-03-17 22:45:00,2324.76,2330.46,2323.11,2329.54,1408.9298
2026-03-17 23:00:00,2329.54,2332.75,2327.06,2330.76,1154.8654
2026-03-17 23:15:00,2330.76,2333.11,2324.43,2327.65,2384.4538
2026-03-17 23:30:00,2327.64,2327.64,2318.07,2319.04,1857.6696
2026-03-17 23:45:00,2319.03,2322.29,2316.78,2317.39,1993.8989
2026-03-18 00:00:00,2317.38,2323.51,2315.24,2321.31,1890.3994
2026-03-18 00:15:00,2321.31,2322.0,2309.0,2313.94,4325.3509
2026-03-18 00:30:00,2313.93,2314.71,2307.0,2314.56,3430.3104
2026-03-18 00:45:00,2314.56,2325.66,2314.56,2324.24,2020.3567
2026-03-18 01:00:00,2324.24,2330.0,2323.3,2325.52,2174.1206
2026-03-18 01:15:00,2325.52,2330.97,2323.58,2330.16,1364.7152
2026-03-18 01:30:00,2330.15,2335.33,2328.02,2330.35,2094.0536
2026-03-18 01:45:00,2330.35,2332.67,2323.17,2325.02,1486.3839
2026-03-18 02:00:00,2325.03,2335.25,2324.74,2334.17,1573.0676
2026-03-18 02:15:00,2334.16,2335.0,2329.83,2331.07,955.0001
2026-03-18 02:30:00,2331.08,2341.3,2330.21,2336.33,3108.6651
2026-03-18 02:45:00,2336.33,2337.65,2330.6,2331.49,2371.1126
2026-03-18 03:00:00,2331.48,2333.9,2328.65,2330.85,2038.4987
2026-03-18 03:15:00,2330.86,2342.85,2330.0,2339.8,2941.4881
2026-03-18 03:30:00,2339.8,2350.0,2339.71,2341.78,4782.8979
2026-03-18 03:45:00,2341.78,2342.77,2339.5,2340.61,3198.4477
2026-03-18 04:00:00,2340.61,2342.0,2338.43,2339.17,1683.5993
2026-03-18 04:15:00,2339.18,2339.18,2332.45,2332.7,1579.5574
2026-03-18 04:30:00,2332.69,2332.7,2328.16,2329.99,2254.0213
2026-03-18 04:45:00,2329.99,2331.17,2326.62,2327.51,1480.9857
2026-03-18 05:00:00,2327.5,2330.97,2325.87,2329.94,2413.1183
2026-03-18 05:15:00,2329.94,2330.41,2325.0,2326.41,1834.9782
2026-03-18 05:30:00,2326.4,2328.48,2322.12,2322.2,2206.465
2026-03-18 05:45:00,2322.19,2324.06,2313.81,2318.42,4590.9977
2026-03-18 06:00:00,2318.42,2324.1,2318.18,2324.04,1726.2493
2026-03-18 06:15:00,2324.03,2331.14,2322.38,2328.9,1814.1982
2026-03-18 06:30:00,2328.91,2329.84,2322.8,2324.29,2544.523
2026-03-18 06:45:00,2324.29,2327.63,2322.5,2322.73,1044.5261
2026-03-18 07:00:00,2322.73,2323.22,2316.62,2321.34,1944.3441
2026-03-18 07:15:00,2321.34,2321.79,2315.8,2317.61,2155.2154
2026-03-18 07:30:00,2317.61,2317.61,2311.53,2313.62,2070.9118
2026-03-18 07:45:00,2313.62,2319.25,2312.79,2317.74,1414.2946
2026-03-18 08:00:00,2317.73,2323.79,2317.3,2322.01,1772.9232
2026-03-18 08:15:00,2322.01,2323.16,2319.42,2321.59,1075.8106
2026-03-18 08:30:00,2321.6,2322.91,2318.76,2321.84,1331.4346
2026-03-18 08:45:00,2321.83,2325.5,2320.08,2322.59,781.6761
2026-03-18 09:00:00,2322.59,2329.7,2321.87,2328.34,2812.0523
2026-03-18 09:15:00,2328.33,2332.15,2328.03,2328.66,2048.132
2026-03-18 09:30:00,2328.66,2333.62,2328.56,2331.59,1460.0476
2026-03-18 09:45:00,2331.59,2332.75,2327.03,2329.27,1218.2295
2026-03-18 10:00:00,2329.27,2331.39,2324.11,2330.84,1664.0868
2026-03-18 10:15:00,2330.83,2331.15,2327.37,2330.67,2322.5377
2026-03-18 10:30:00,2330.67,2331.99,2313.0,2314.34,5332.7056
2026-03-18 10:45:00,2314.35,2314.74,2309.42,2312.83,5143.859
2026-03-18 11:00:00,2312.83,2319.16,2304.08,2315.02,5325.4636
2026-03-18 11:15:00,2315.02,2316.97,2292.8,2295.16,7433.0443
2026-03-18 11:30:00,2295.15,2298.2,2263.43,2276.61,24951.8994
2026-03-18 11:45:00,2276.6,2276.97,2265.74,2269.34,6110.241
2026-03-18 12:00:00,2269.33,2270.5,2253.8,2259.84,13473.9961
2026-03-18 12:15:00,2259.84,2264.02,2255.96,2263.52,4523.4169
2026-03-18 12:30:00,2263.52,2263.53,2237.27,2241.82,14066.679
2026-03-18 12:45:00,2241.82,2246.28,2235.45,2237.49,8967.2183
2026-03-18 13:00:00,2237.5,2240.12,2223.69,2238.03,12823.7216
2026-03-18 13:15:00,2238.03,2241.76,2230.33,2238.9,5985.5809
2026-03-18 13:30:00,2238.89,2244.9,2232.0,2237.93,6855.1699
2026-03-18 13:45:00,2237.94,2241.54,2229.39,2235.68,5361.1967
2026-03-18 14:00:00,2235.69,2237.21,2222.08,2223.01,6620.1341
2026-03-18 14:15:00,2223.02,2228.01,2212.53,2215.64,10651.0218
2026-03-18 14:30:00,2215.64,2224.36,2203.24,2204.21,11313.2668
2026-03-18 14:45:00,2204.21,2211.81,2186.93,2190.27,22645.7256
2026-03-18 15:00:00,2190.26,2196.23,2168.97,2181.16,26644.8542
2026-03-18 15:15:00,2181.16,2187.42,2174.9,2182.82,9874.0726
2026-03-18 15:30:00,2182.82,2192.29,2179.47,2183.19,6535.6578
2026-03-18 15:45:00,2183.19,2189.4,2177.4,2187.66,4052.4075
2026-03-18 16:00:00,2187.67,2190.93,2175.16,2177.19,7727.7862
2026-03-18 16:15:00,2177.19,2180.29,2166.87,2174.68,10265.7763
2026-03-18 16:30:00,2174.67,2179.92,2168.69,2179.67,4088.8644
2026-03-18 16:45:00,2179.68,2186.65,2178.12,2181.0,3091.4261
2026-03-18 17:00:00,2181.0,2184.42,2176.99,2182.09,3492.8701
2026-03-18 17:15:00,2182.09,2199.96,2179.82,2198.33,6782.7977
2026-03-18 17:30:00,2198.33,2211.7,2191.94,2204.51,10840.6606
2026-03-18 17:45:00,2204.51,2210.68,2201.5,2204.02,4811.4579
2026-03-18 18:00:00,2204.02,2220.0,2203.27,2215.03,10786.117
2026-03-18 18:15:00,2215.03,2215.03,2192.06,2198.0,7850.322
2026-03-18 18:30:00,2198.0,2209.22,2194.21,2200.02,5436.9412
2026-03-18 18:45:00,2200.01,2200.01,2176.0,2181.2,8814.7951
2026-03-18 19:00:00,2181.2,2193.41,2179.4,2188.62,4250.3163
2026-03-18 19:15:00,2188.62,2196.57,2187.62,2193.37,3401.6074
2026-03-18 19:30:00,2193.36,2196.35,2189.11,2191.3,3308.5752
2026-03-18 19:45:00,2191.3,2192.56,2178.81,2185.85,4120.1575
2026-03-18 20:00:00,2185.85,2188.4,2153.21,2171.7,19568.4032
2026-03-18 20:15:00,2171.71,2178.8,2169.41,2176.68,4449.7696
2026-03-18 20:30:00,2176.68,2185.87,2176.02,2180.98,4696.6625
2026-03-18 20:45:00,2180.98,2194.78,2178.48,2187.36,5168.5201
2026-03-18 21:00:00,2187.36,2195.0,2185.66,2189.01,2700.4838
2026-03-18 21:15:00,2189.0,2199.77,2188.37,2197.35,3922.7519
2026-03-18 21:30:00,2197.35,2204.34,2191.63,2201.68,3378.2998
2026-03-18 21:45:00,2201.67,2206.87,2198.47,2202.49,2997.9829
2026-03-18 22:00:00,2202.5,2203.5,2187.58,2190.26,3914.2603
2026-03-18 22:15:00,2190.25,2195.89,2188.73,2193.98,2122.2993
2026-03-18 22:30:00,2193.98,2194.47,2187.62,2191.58,2102.0077
2026-03-18 22:45:00,2191.59,2194.42,2189.46,2194.41,1875.293
2026-03-18 23:00:00,2194.41,2199.58,2190.62,2193.56,4275.1251
2026-03-18 23:15:00,2193.55,2195.27,2188.77,2194.96,3847.5813
2026-03-18 23:30:00,2194.97,2204.65,2194.96,2202.37,4191.3992
2026-03-18 23:45:00,2202.33,2206.88,2200.32,2203.39,6068.461
2026-03-19 00:00:00,2203.39,2208.28,2194.18,2201.38,4207.1684
2026-03-19 00:15:00,2201.38,2204.28,2196.42,2203.51,2302.7286
2026-03-19 00:30:00,2203.5,2204.22,2191.35,2192.63,3165.9969
2026-03-19 00:45:00,2192.62,2195.73,2190.86,2193.34,2549.8331
2026-03-19 01:00:00,2193.33,2196.99,2188.88,2191.12,2865.2276
2026-03-19 01:15:00,2191.12,2194.02,2187.24,2192.66,2261.1062
2026-03-19 01:30:00,2192.67,2201.42,2190.82,2199.65,2715.4562
2026-03-19 01:45:00,2199.66,2201.98,2196.74,2196.92,2221.4421
2026-03-19 02:00:00,2196.93,2201.4,2188.94,2200.03,2492.3312
2026-03-19 02:15:00,2200.02,2203.69,2198.94,2202.08,802.5502
2026-03-19 02:30:00,2202.08,2205.0,2199.53,2204.16,1219.5835
2026-03-19 02:45:00,2204.15,2204.27,2196.11,2196.68,1677.7487
2026-03-19 03:00:00,2196.69,2207.0,2196.69,2205.38,2192.2305
2026-03-19 03:15:00,2205.37,2233.72,2205.13,2228.38,14774.5528
2026-03-19 03:30:00,2228.38,2229.72,2209.44,2210.39,4490.4368
2026-03-19 03:45:00,2210.39,2215.0,2206.66,2212.29,2641.2338
2026-03-19 04:00:00,2212.29,2213.11,2198.0,2201.13,4197.7475
2026-03-19 04:15:00,2201.13,2202.88,2192.69,2194.67,2412.6352
2026-03-19 04:30:00,2194.67,2198.8,2190.83,2194.52,1910.3262
2026-03-19 04:45:00,2194.52,2197.6,2191.18,2193.61,1307.5561
2026-03-19 05:00:00,2193.62,2196.2,2190.82,2193.46,1199.9101
2026-03-19 05:15:00,2193.45,2198.5,2189.55,2190.74,1159.3813
2026-03-19 05:30:00,2190.74,2194.34,2186.67,2190.65,2526.2429
2026-03-19 05:45:00,2190.66,2192.0,2187.39,2189.14,2044.3534
2026-03-19 06:00:00,2189.14,2193.53,2181.8,2191.33,5961.5339
2026-03-19 06:15:00,2191.32,2195.7,2187.44,2187.44,2143.5309
2026-03-19 06:30:00,2187.43,2188.63,2177.79,2186.71,4008.0217
2026-03-19 06:45:00,2186.71,2188.03,2178.0,2180.64,4276.4761
2026-03-19 07:00:00,2180.65,2182.0,2159.64,2160.71,11828.0582
2026-03-19 07:15:00,2160.71,2163.51,2143.14,2154.9,17025.2043
2026-03-19 07:30:00,2154.9,2175.34,2154.0,2168.07,10051.6331
2026-03-19 07:45:00,2168.08,2173.69,2164.35,2166.68,7158.6758
2026-03-19 08:00:00,2166.68,2170.99,2161.35,2165.67,5037.8103
2026-03-19 08:15:00,2165.67,2168.89,2158.39,2159.56,3474.9924
2026-03-19 08:30:00,2159.56,2166.98,2158.09,2160.99,3066.6551
2026-03-19 08:45:00,2160.99,2165.17,2158.67,2160.66,2555.7041
2026-03-19 09:00:00,2160.65,2167.87,2159.99,2163.95,5701.545
2026-03-19 09:15:00,2163.96,2188.32,2162.81,2179.95,22191.529
2026-03-19 09:30:00,2179.96,2186.63,2176.42,2182.97,3203.3795
2026-03-19 09:45:00,2182.97,2191.16,2181.46,2189.42,3725.7584
2026-03-19 10:00:00,2189.43,2192.07,2182.53,2184.27,2547.168
2026-03-19 10:15:00,2184.27,2186.87,2181.82,2182.2,1715.1804
2026-03-19 10:30:00,2182.21,2182.64,2176.64,2178.17,2131.5471
2026-03-19 10:45:00,2178.17,2178.86,2172.48,2172.76,1832.5432
2026-03-19 11:00:00,2172.76,2176.39,2167.56,2170.45,2827.5313
2026-03-19 11:15:00,2170.45,2175.85,2168.89,2174.75,1793.9376
2026-03-19 11:30:00,2174.75,2177.58,2165.83,2167.75,2741.6595
2026-03-19 11:45:00,2167.76,2169.91,2165.88,2166.92,1239.1046
2026-03-19 12:00:00,2166.92,2167.48,2156.02,2162.06,5082.1071
2026-03-19 12:15:00,2162.06,2162.66,2153.58,2155.74,3035.2308
2026-03-19 12:30:00,2155.75,2158.66,2153.01,2154.22,2569.4147
2026-03-19 12:45:00,2154.22,2154.22,2130.16,2132.45,14102.9086
2026-03-19 13:00:00,2132.45,2136.53,2117.36,2119.52,15265.4252
2026-03-19 13:15:00,2119.52,2137.25,2118.0,2130.13,9561.8703
2026-03-19 13:30:00,2130.12,2142.31,2110.9,2138.1,24944.8126
2026-03-19 13:45:00,2138.1,2143.16,2128.02,2137.49,11438.4295
2026-03-19 14:00:00,2137.5,2147.26,2125.59,2127.15,9078.543
2026-03-19 14:15:00,2127.15,2129.06,2108.28,2109.54,12087.6331
2026-03-19 14:30:00,2109.54,2117.57,2102.16,2114.7,14184.4011
2026-03-19 14:45:00,2114.69,2131.36,2110.6,2121.68,8763.2063
2026-03-19 15:00:00,2121.67,2136.79,2120.25,2128.41,8301.1004
2026-03-19 15:15:00,2128.41,2135.33,2110.86,2112.43,7661.849
2026-03-19 15:30:00,2112.43,2116.3,2104.97,2104.99,7819.8989
2026-03-19 15:45:00,2104.99,2126.97,2099.38,2118.81,11417.4909
2026-03-19 16:00:00,2118.81,2121.95,2112.95,2115.45,18948.8758
2026-03-19 16:15:00,2115.44,2116.93,2106.44,2112.85,7753.0662
2026-03-19 16:30:00,2112.84,2121.92,2106.93,2116.89,3886.371
2026-03-19 16:45:00,2116.88,2117.78,2108.44,2115.09,3699.9629
2026-03-19 17:00:00,2115.08,2116.55,2104.87,2109.42,3523.9441
2026-03-19 17:15:00,2109.43,2127.62,2107.06,2125.47,5359.0523
2026-03-19 17:30:00,2125.47,2128.72,2114.09,2117.73,3212.2003
2026-03-19 17:45:00,2117.73,2131.7,2116.46,2126.96,3126.7113
2026-03-19 18:00:00,2126.97,2129.48,2122.04,2125.86,1972.0149
2026-03-19 18:15:00,2125.86,2127.33,2117.96,2118.82,1811.9247
2026-03-19 18:30:00,2118.83,2120.2,2114.31,2116.84,1855.2526
2026-03-19 18:45:00,2116.83,2126.09,2114.53,2125.04,2263.7639
2026-03-19 19:00:00,2125.04,2151.93,2125.04,2141.87,11221.3531
2026-03-19 19:15:00,2141.88,2156.92,2139.01,2145.07,9459.9237
2026-03-19 19:30:00,2145.06,2147.78,2137.93,2145.49,5371.2049
2026-03-19 19:45:00,2145.48,2148.16,2138.7,2141.19,2927.6776
2026-03-19 20:00:00,2141.18,2144.83,2139.39,2144.13,1395.7645
2026-03-19 20:15:00,2144.13,2149.46,2139.67,2140.69,2370.045
2026-03-19 20:30:00,2140.68,2152.8,2140.06,2147.62,2408.0536
2026-03-19 20:45:00,2147.61,2148.79,2143.34,2146.35,1879.6199
2026-03-19 21:00:00,2146.35,2155.62,2145.72,2153.79,3272.8839
2026-03-19 21:15:00,2153.78,2153.78,2145.38,2148.72,2238.7477
2026-03-19 21:30:00,2148.72,2150.89,2146.04,2148.84,1772.9006
2026-03-19 21:45:00,2148.85,2153.68,2145.16,2149.95,2410.3861
2026-03-19 22:00:00,2149.95,2151.84,2143.51,2150.35,2776.08
2026-03-19 22:15:00,2150.35,2152.36,2147.11,2149.73,1366.7356
2026-03-19 22:30:00,2149.73,2150.76,2133.08,2138.8,6083.0364
2026-03-19 22:45:00,2138.8,2142.13,2135.51,2140.08,2005.1021
2026-03-19 23:00:00,2140.08,2147.48,2140.08,2146.17,2430.6289
2026-03-19 23:15:00,2146.17,2146.17,2136.42,2142.6,2773.4714
2026-03-19 23:30:00,2142.6,2144.51,2130.57,2134.43,4192.4064
2026-03-19 23:45:00,2134.43,2139.53,2133.41,2137.81,2131.2373
2026-03-20 00:00:00,2137.82,2146.16,2134.72,2144.44,2285.4849
2026-03-20 00:15:00,2144.45,2148.37,2138.48,2142.89,2497.761
2026-03-20 00:30:00,2142.89,2149.0,2141.51,2145.99,2513.7768
2026-03-20 00:45:00,2146.0,2148.25,2142.79,2145.6,2180.4971
2026-03-20 01:00:00,2145.61,2154.0,2145.1,2152.01,3604.0305
2026-03-20 01:15:00,2152.01,2153.12,2147.25,2149.69,2557.6626
2026-03-20 01:30:00,2149.7,2160.78,2149.7,2159.07,6494.9256
2026-03-20 01:45:00,2159.07,2160.55,2150.84,2150.88,2568.0895
2026-03-20 02:00:00,2150.89,2151.77,2145.36,2145.7,2161.7464
2026-03-20 02:15:00,2145.7,2145.73,2137.1,2139.09,2724.5455
2026-03-20 02:30:00,2139.09,2144.12,2132.69,2143.06,3112.6229
2026-03-20 02:45:00,2143.06,2149.5,2139.93,2144.44,4248.184
2026-03-20 03:00:00,2144.45,2148.75,2143.61,2145.5,1240.404
2026-03-20 03:15:00,2145.49,2152.89,2145.02,2152.89,1560.3266
2026-03-20 03:30:00,2152.89,2157.08,2148.15,2148.79,2472.825
2026-03-20 03:45:00,2148.79,2154.35,2147.27,2151.38,2271.8779
2026-03-20 04:00:00,2151.38,2159.24,2149.72,2157.18,3004.0014
2026-03-20 04:15:00,2157.18,2157.19,2151.7,2154.5,1805.4391
2026-03-20 04:30:00,2154.5,2154.76,2139.18,2140.59,3998.8924
2026-03-20 04:45:00,2140.6,2149.07,2139.92,2148.38,1874.831
2026-03-20 05:00:00,2148.39,2151.92,2145.44,2151.01,2197.1241
2026-03-20 05:15:00,2151.01,2151.72,2142.45,2143.31,1372.9118
2026-03-20 05:30:00,2143.31,2145.82,2137.73,2144.79,2210.5832
2026-03-20 05:45:00,2144.78,2145.95,2138.4,2140.37,916.3291
2026-03-20 06:00:00,2140.38,2141.78,2136.5,2139.08,1974.4846
2026-03-20 06:15:00,2139.08,2139.08,2133.5,2138.3,1994.6714
2026-03-20 06:30:00,2138.3,2140.42,2132.06,2136.84,2117.9261
2026-03-20 06:45:00,2136.84,2139.9,2135.68,2136.61,1854.2729
2026-03-20 07:00:00,2136.61,2136.61,2121.25,2128.56,7055.5933
2026-03-20 07:15:00,2128.56,2142.52,2128.13,2138.61,2163.4357
2026-03-20 07:30:00,2138.62,2152.85,2136.58,2152.81,4883.577
2026-03-20 07:45:00,2152.8,2153.4,2148.92,2150.54,3855.8764
2026-03-20 08:00:00,2150.53,2176.84,2146.71,2170.8,9562.6495
2026-03-20 08:15:00,2170.79,2171.07,2162.79,2165.27,6303.9361
2026-03-20 08:30:00,2165.27,2167.76,2161.05,2164.4,3042.4571
2026-03-20 08:45:00,2164.39,2166.33,2160.62,2164.2,2679.2194
2026-03-20 09:00:00,2164.19,2164.19,2154.67,2154.68,4616.9591
2026-03-20 09:15:00,2154.69,2155.78,2139.17,2142.44,5736.5129
2026-03-20 09:30:00,2142.44,2148.59,2142.44,2145.73,2511.5445
2026-03-20 09:45:00,2145.73,2146.18,2134.95,2141.21,3509.612
2026-03-20 10:00:00,2141.21,2141.51,2132.44,2135.32,2962.6886
2026-03-20 10:15:00,2135.31,2138.5,2131.56,2135.79,2664.5782
2026-03-20 10:30:00,2135.79,2151.27,2135.62,2147.67,3162.0216
2026-03-20 10:45:00,2147.67,2150.45,2146.61,2148.38,1522.6163
2026-03-20 11:00:00,2148.38,2158.69,2146.96,2158.04,4893.3656
2026-03-20 11:15:00,2158.04,2158.04,2148.84,2150.0,2928.8138
2026-03-20 11:30:00,2150.0,2150.33,2135.0,2139.35,4075.8854
2026-03-20 11:45:00,2139.34,2142.6,2136.86,2141.5,1517.5448
2026-03-20 12:00:00,2141.49,2152.74,2140.13,2145.86,3673.0324
2026-03-20 12:15:00,2145.87,2148.52,2139.74,2142.37,1473.7091
2026-03-20 12:30:00,2142.37,2142.64,2135.37,2139.06,2381.4811
2026-03-20 12:45:00,2139.06,2142.3,2136.76,2141.13,1182.9197
2026-03-20 13:00:00,2141.13,2145.2,2135.52,2138.88,2127.1357
2026-03-20 13:15:00,2138.88,2152.64,2138.09,2146.8,2596.548
2026-03-20 13:30:00,2146.8,2146.8,2123.18,2141.09,8557.5823
2026-03-20 13:45:00,2141.08,2143.28,2124.86,2127.39,5523.2636
2026-03-20 14:00:00,2127.39,2135.51,2116.88,2124.88,8721.3284
2026-03-20 14:15:00,2124.88,2141.65,2119.5,2135.52,8707.3758
2026-03-20 14:30:00,2135.52,2147.74,2134.98,2136.22,5158.7913
2026-03-20 14:45:00,2136.22,2139.69,2126.08,2129.3,3097.1336
2026-03-20 15:00:00,2129.3,2134.96,2120.33,2130.31,4563.0496
2026-03-20 15:15:00,2130.31,2138.78,2122.16,2130.36,5957.8936
2026-03-20 15:30:00,2130.35,2135.46,2127.19,2132.28,2758.1678
2026-03-20 15:45:00,2132.27,2137.14,2129.29,2134.01,2003.883
2026-03-20 16:00:00,2134.0,2142.45,2133.65,2139.33,3623.5502
2026-03-20 16:15:00,2139.33,2144.76,2135.62,2140.23,3069.613
2026-03-20 16:30:00,2140.23,2140.35,2130.61,2135.02,2098.0085
2026-03-20 16:45:00,2135.01,2140.42,2130.58,2137.31,1724.0221
2026-03-20 17:00:00,2137.32,2141.16,2131.53,2133.15,2401.4283
2026-03-20 17:15:00,2133.15,2135.77,2130.64,2130.92,1380.9048
2026-03-20 17:30:00,2130.91,2132.07,2119.72,2124.78,3753.4701
2026-03-20 17:45:00,2124.78,2140.0,2123.81,2136.69,2368.1419
2026-03-20 18:00:00,2136.7,2137.67,2132.59,2135.3,1874.726
2026-03-20 18:15:00,2135.29,2136.11,2124.18,2125.56,1788.7851
2026-03-20 18:30:00,2125.56,2127.11,2117.41,2123.54,4518.8952
2026-03-20 18:45:00,2123.54,2129.0,2120.17,2123.29,4107.2656
2026-03-20 19:00:00,2123.29,2128.06,2120.74,2125.97,2840.717
2026-03-20 19:15:00,2125.96,2128.2,2122.11,2125.12,2474.0872
2026-03-20 19:30:00,2125.12,2129.74,2117.5,2129.51,3745.1291
2026-03-20 19:45:00,2129.51,2134.97,2124.0,2132.91,3240.9979
2026-03-20 20:00:00,2132.91,2137.0,2131.38,2135.16,1834.18
2026-03-20 20:15:00,2135.17,2135.17,2129.38,2130.95,1124.3406
2026-03-20 20:30:00,2130.94,2131.11,2123.96,2128.68,1664.1599
2026-03-20 20:45:00,2128.67,2135.51,2127.33,2133.25,1598.7067
2026-03-20 21:00:00,2133.25,2134.9,2130.83,2134.22,1602.3033
2026-03-20 21:15:00,2134.21,2153.31,2133.99,2151.93,6624.8194
2026-03-20 21:30:00,2151.93,2157.25,2142.7,2144.67,4403.6198
2026-03-20 21:45:00,2144.67,2149.68,2144.42,2147.53,1330.6594
2026-03-20 22:00:00,2147.53,2168.0,2147.53,2160.46,6575.9546
2026-03-20 22:15:00,2160.47,2162.79,2156.13,2156.62,1453.8683
2026-03-20 22:30:00,2156.63,2157.94,2153.72,2154.38,1559.112
2026-03-20 22:45:00,2154.37,2160.0,2152.47,2154.71,2657.1083
2026-03-20 23:00:00,2154.7,2155.72,2145.23,2145.38,2162.0535
2026-03-20 23:15:00,2145.38,2148.99,2143.16,2146.84,1357.9786
2026-03-20 23:30:00,2146.85,2148.52,2145.49,2146.49,680.2702
2026-03-20 23:45:00,2146.49,2148.54,2145.09,2146.22,568.8915
2026-03-21 00:00:00,2146.21,2149.52,2144.24,2146.6,1721.9003
2026-03-21 00:15:00,2146.6,2156.77,2146.03,2150.61,2960.8955
2026-03-21 00:30:00,2150.61,2153.74,2148.89,2150.23,1208.4896
2026-03-21 00:45:00,2150.23,2153.73,2149.35,2153.3,651.0274
2026-03-21 01:00:00,2153.3,2159.87,2151.78,2155.26,1443.6724
2026-03-21 01:15:00,2155.26,2155.8,2151.44,2153.64,925.946
2026-03-21 01:30:00,2153.65,2153.65,2149.09,2149.3,1273.4233
2026-03-21 01:45:00,2149.35,2150.88,2147.35,2147.55,651.0297
2026-03-21 02:00:00,2147.54,2150.25,2146.35,2148.12,761.7339
2026-03-21 02:15:00,2148.12,2153.09,2148.12,2151.91,854.9597
2026-03-21 02:30:00,2151.9,2154.45,2149.78,2154.0,587.0604
2026-03-21 02:45:00,2154.0,2156.32,2152.92,2154.9,425.0141
2026-03-21 03:00:00,2154.89,2155.95,2152.74,2153.76,492.6944
2026-03-21 03:15:00,2153.76,2154.18,2152.16,2153.42,631.9676
2026-03-21 03:30:00,2153.42,2153.42,2150.99,2152.44,554.2492
2026-03-21 03:45:00,2152.43,2154.38,2152.09,2153.6,572.675
2026-03-21 04:00:00,2153.59,2158.19,2153.3,2155.54,1320.8742
2026-03-21 04:15:00,2155.54,2157.65,2154.57,2156.37,1200.2275
2026-03-21 04:30:00,2156.37,2156.37,2150.36,2152.1,1106.0699
2026-03-21 04:45:00,2152.1,2152.73,2151.61,2151.75,448.2425
2026-03-21 05:00:00,2151.76,2160.0,2151.75,2153.46,4303.5717
2026-03-21 05:15:00,2153.46,2156.51,2153.45,2155.95,889.1214
2026-03-21 05:30:00,2155.95,2157.99,2153.97,2155.11,773.6811
2026-03-21 05:45:00,2155.12,2155.4,2152.57,2153.39,698.8819
2026-03-21 06:00:00,2153.39,2154.13,2152.47,2152.69,462.9191
2026-03-21 06:15:00,2152.68,2155.0,2152.28,2154.79,641.0173
2026-03-21 06:30:00,2154.79,2156.49,2154.45,2155.56,703.6827
2026-03-21 06:45:00,2155.55,2155.81,2154.26,2155.8,404.0874
2026-03-21 07:00:00,2155.81,2156.36,2155.05,2155.83,565.5293
2026-03-21 07:15:00,2155.83,2161.34,2155.54,2159.99,1252.0076
2026-03-21 07:30:00,2160.0,2160.0,2156.77,2157.62,926.1573
2026-03-21 07:45:00,2157.62,2157.62,2153.72,2155.67,798.1122
2026-03-21 08:00:00,2155.67,2157.22,2154.67,2156.15,1008.4705
2026-03-21 08:15:00,2156.14,2156.36,2150.01,2150.36,1187.0496
2026-03-21 08:30:00,2150.36,2154.17,2149.57,2153.7,1065.7704
2026-03-21 08:45:00,2153.71,2154.86,2152.63,2154.0,310.2089
2026-03-21 09:00:00,2153.99,2158.5,2153.8,2157.62,1292.4654
2026-03-21 09:15:00,2157.62,2157.62,2155.01,2155.13,1197.7864
2026-03-21 09:30:00,2155.13,2159.0,2155.12,2157.97,1362.9055
2026-03-21 09:45:00,2157.98,2159.0,2157.44,2158.77,705.4795
2026-03-21 10:00:00,2158.77,2159.52,2155.68,2156.08,872.1398
2026-03-21 10:15:00,2156.09,2156.22,2153.94,2155.12,656.2752
2026-03-21 10:30:00,2155.11,2156.95,2154.68,2155.24,384.8074
2026-03-21 10:45:00,2155.24,2155.24,2153.05,2154.34,366.1102
2026-03-21 11:00:00,2154.34,2154.57,2153.05,2153.06,264.775
2026-03-21 11:15:00,2153.05,2156.27,2153.0,2155.31,484.8806
2026-03-21 11:30:00,2155.3,2157.01,2154.16,2156.92,336.9095
2026-03-21 11:45:00,2156.92,2157.91,2155.99,2157.37,544.1
2026-03-21 12:00:00,2157.37,2159.46,2157.37,2158.91,709.4276
2026-03-21 12:15:00,2158.91,2160.62,2157.4,2159.51,974.0921
2026-03-21 12:30:00,2159.51,2159.52,2157.27,2158.39,401.855
2026-03-21 12:45:00,2158.39,2158.85,2156.76,2157.98,482.3469
2026-03-21 13:00:00,2157.98,2158.16,2156.78,2157.3,451.904
2026-03-21 13:15:00,2157.29,2159.79,2155.55,2156.04,574.8515
2026-03-21 13:30:00,2156.04,2157.66,2155.01,2155.3,581.4369
2026-03-21 13:45:00,2155.31,2156.38,2155.0,2155.86,245.4943
2026-03-21 14:00:00,2155.86,2168.27,2155.79,2165.01,3059.2164
2026-03-21 14:15:00,2165.0,2166.62,2160.89,2161.87,1710.9202
2026-03-21 14:30:00,2161.87,2165.2,2160.69,2161.1,1190.0529
2026-03-21 14:45:00,2161.1,2161.1,2150.61,2152.13,2258.0451
2026-03-21 15:00:00,2152.13,2154.17,2150.93,2153.82,1541.7452
2026-03-21 15:15:00,2153.82,2154.31,2146.45,2152.67,3598.4722
2026-03-21 15:30:00,2152.67,2157.58,2152.39,2154.1,1532.3099
2026-03-21 15:45:00,2154.09,2155.91,2153.74,2155.12,638.9832
2026-03-21 16:00:00,2155.13,2155.58,2151.56,2152.24,1611.0652
2026-03-21 16:15:00,2152.25,2154.4,2146.61,2148.73,1430.4507
2026-03-21 16:30:00,2148.73,2150.95,2147.41,2148.42,809.3228
2026-03-21 16:45:00,2148.41,2150.85,2144.67,2146.65,1160.9701
2026-03-21 17:00:00,2146.64,2148.63,2142.01,2144.98,1245.1743
2026-03-21 17:15:00,2144.97,2148.54,2143.99,2147.65,943.9134
2026-03-21 17:30:00,2147.65,2150.4,2147.65,2149.74,628.1141
2026-03-21 17:45:00,2149.73,2150.61,2147.16,2148.56,405.1472
2026-03-21 18:00:00,2148.56,2150.09,2147.79,2150.08,743.2221
2026-03-21 18:15:00,2150.09,2153.05,2149.69,2151.56,840.8491
2026-03-21 18:30:00,2151.55,2155.64,2151.55,2155.03,760.4122
2026-03-21 18:45:00,2155.04,2155.04,2150.43,2151.46,402.7864
2026-03-21 19:00:00,2151.47,2152.68,2151.21,2152.16,686.2257
2026-03-21 19:15:00,2152.17,2153.03,2150.89,2152.48,1374.2514
2026-03-21 19:30:00,2152.47,2152.48,2149.06,2150.14,533.8371
2026-03-21 19:45:00,2150.14,2152.73,2150.13,2152.16,389.899
2026-03-21 20:00:00,2152.17,2153.23,2150.74,2152.59,239.3006
2026-03-21 20:15:00,2152.6,2154.98,2150.41,2153.89,653.3624
2026-03-21 20:30:00,2153.89,2156.5,2153.49,2155.36,1312.3581
2026-03-21 20:45:00,2155.36,2156.59,2154.74,2155.67,497.1125
2026-03-21 21:00:00,2155.67,2157.0,2153.52,2154.33,639.9819
2026-03-21 21:15:00,2154.33,2155.17,2153.35,2154.23,319.5613
2026-03-21 21:30:00,2154.23,2156.22,2153.47,2155.13,508.7002
2026-03-21 21:45:00,2155.12,2156.0,2152.21,2153.7,1415.3775
2026-03-21 22:00:00,2153.69,2153.69,2150.05,2152.37,1082.6319
2026-03-21 22:15:00,2152.37,2152.51,2150.17,2150.51,360.5989
2026-03-21 22:30:00,2150.5,2153.23,2150.08,2151.58,749.3235
2026-03-21 22:45:00,2151.57,2151.58,2149.36,2149.94,463.4839
2026-03-21 23:00:00,2149.93,2149.93,2145.01,2146.24,557.6127
2026-03-21 23:15:00,2146.23,2147.78,2144.42,2144.43,855.4596
2026-03-21 23:30:00,2144.43,2147.56,2144.0,2146.78,478.9937
2026-03-21 23:45:00,2146.78,2146.78,2070.78,2084.87,44257.7562
2026-03-22 00:00:00,2084.86,2084.97,2050.12,2071.82,30220.1493
2026-03-22 00:15:00,2071.83,2086.6,2070.26,2085.97,9957.7131
2026-03-22 00:30:00,2085.98,2095.43,2085.98,2090.73,10376.5284
2026-03-22 00:45:00,2090.73,2094.91,2080.3,2087.67,10352.2885
2026-03-22 01:00:00,2087.68,2094.49,2083.74,2088.5,9003.0398
2026-03-22 01:15:00,2088.49,2093.43,2085.99,2090.45,3522.9909
2026-03-22 01:30:00,2090.46,2092.02,2082.0,2084.36,4912.8926
2026-03-22 01:45:00,2084.36,2092.37,2084.36,2091.36,2160.0477
2026-03-22 02:00:00,2091.37,2093.1,2088.0,2091.81,2021.7327
2026-03-22 02:15:00,2091.81,2109.36,2089.45,2106.0,4541.458
2026-03-22 02:30:00,2105.99,2106.59,2099.6,2100.56,4512.0458
2026-03-22 02:45:00,2100.56,2106.32,2098.36,2102.29,3164.7355
2026-03-22 03:00:00,2102.29,2105.87,2098.09,2104.32,2271.2486
2026-03-22 03:15:00,2104.32,2118.8,2103.07,2114.14,3252.4614
2026-03-22 03:30:00,2114.15,2127.21,2112.88,2118.37,6594.9526
2026-03-22 03:45:00,2118.37,2119.17,2112.8,2113.83,2657.3634
2026-03-22 04:00:00,2113.83,2122.46,2113.51,2116.4,2922.23
2026-03-22 04:15:00,2116.4,2122.94,2106.36,2112.83,4279.3377
2026-03-22 04:30:00,2112.82,2119.64,2110.3,2117.06,2714.9064
2026-03-22 04:45:00,2117.07,2121.83,2117.06,2119.39,2468.1968
2026-03-22 05:00:00,2119.39,2120.94,2116.23,2118.38,1704.9464
2026-03-22 05:15:00,2118.38,2119.35,2114.84,2116.23,2021.2355
2026-03-22 05:30:00,2116.24,2118.11,2114.6,2114.77,1425.2766
2026-03-22 05:45:00,2114.77,2117.49,2112.71,2113.0,1142.8325
2026-03-22 06:00:00,2113.01,2113.01,2107.42,2109.76,2994.183
2026-03-22 06:15:00,2109.75,2112.21,2108.04,2112.21,945.5568
2026-03-22 06:30:00,2112.2,2113.34,2109.45,2111.66,578.7116
2026-03-22 06:45:00,2111.65,2111.65,2106.99,2108.76,926.8809
2026-03-22 07:00:00,2108.76,2111.96,2107.61,2109.34,1345.4472
2026-03-22 07:15:00,2109.34,2112.05,2109.34,2111.01,328.186
2026-03-22 07:30:00,2111.0,2111.0,2097.41,2098.76,3457.9542
2026-03-22 07:45:00,2098.76,2104.2,2092.35,2093.38,3387.7512
2026-03-22 08:00:00,2093.4,2095.89,2083.57,2092.25,6281.8229
2026-03-22 08:15:00,2092.25,2092.39,2074.36,2077.61,7755.3695
2026-03-22 08:30:00,2077.6,2085.31,2076.42,2083.29,3446.971
2026-03-22 08:45:00,2083.28,2088.14,2082.05,2086.5,1939.5377
2026-03-22 09:00:00,2086.5,2092.59,2085.3,2092.41,2786.8853
2026-03-22 09:15:00,2092.41,2096.82,2079.9,2081.79,3852.302
2026-03-22 09:30:00,2081.79,2087.21,2081.63,2085.15,884.9894
2026-03-22 09:45:00,2085.16,2087.2,2082.28,2085.09,1437.5709
2026-03-22 10:00:00,2085.1,2086.95,2080.82,2083.51,776.7378
2026-03-22 10:15:00,2083.51,2084.52,2080.24,2083.05,736.4977
2026-03-22 10:30:00,2083.05,2085.05,2077.33,2080.16,1622.0673
2026-03-22 10:45:00,2080.17,2083.07,2079.32,2081.45,991.4458
2026-03-22 11:00:00,2081.44,2083.8,2078.85,2082.01,1048.7995
2026-03-22 11:15:00,2082.01,2083.61,2075.05,2076.31,2799.5829
2026-03-22 11:30:00,2076.31,2081.13,2067.09,2075.27,3766.4468
2026-03-22 11:45:00,2075.28,2076.0,2066.97,2069.98,2935.509
2026-03-22 12:00:00,2069.97,2074.62,2068.37,2073.93,2270.8528
2026-03-22 12:15:00,2073.92,2088.44,2073.17,2084.62,3495.7194
2026-03-22 12:30:00,2084.62,2085.1,2080.95,2082.31,2257.9618
2026-03-22 12:45:00,2082.31,2085.33,2078.29,2082.44,1711.1055
2026-03-22 13:00:00,2082.44,2092.63,2082.27,2086.54,3282.5047
2026-03-22 13:15:00,2086.54,2089.78,2084.57,2085.81,2711.8722
2026-03-22 13:30:00,2085.81,2087.61,2072.77,2076.38,3020.951
2026-03-22 13:45:00,2076.39,2080.8,2075.09,2078.71,1389.6853
2026-03-22 14:00:00,2078.71,2080.8,2071.67,2079.11,2017.3786
2026-03-22 14:15:00,2079.12,2085.19,2077.45,2080.85,1677.0997
2026-03-22 14:30:00,2080.85,2084.81,2078.54,2081.79,2831.4227
2026-03-22 14:45:00,2081.78,2081.78,2075.84,2078.14,1516.4428
2026-03-22 15:00:00,2078.14,2083.49,2078.09,2082.48,1418.9543
2026-03-22 15:15:00,2082.48,2084.58,2077.5,2079.96,1504.4247
2026-03-22 15:30:00,2079.97,2080.74,2075.67,2080.58,1636.3611
2026-03-22 15:45:00,2080.57,2083.49,2078.45,2083.1,1571.5515
2026-03-22 16:00:00,2083.1,2084.45,2080.39,2081.58,1110.073
2026-03-22 16:15:00,2081.58,2083.78,2078.45,2079.12,1310.4191
2026-03-22 16:30:00,2079.12,2082.49,2077.88,2080.15,1005.4976
2026-03-22 16:45:00,2080.15,2083.55,2080.14,2082.09,679.4527
2026-03-22 17:00:00,2082.1,2083.34,2079.89,2082.95,885.7875
2026-03-22 17:15:00,2082.96,2084.35,2080.68,2082.23,1122.3817
2026-03-22 17:30:00,2082.23,2083.54,2077.41,2078.66,1246.9592
2026-03-22 17:45:00,2078.65,2081.43,2078.65,2079.61,798.6582
2026-03-22 18:00:00,2079.6,2080.41,2075.63,2079.92,1112.8234
2026-03-22 18:15:00,2079.92,2079.93,2077.08,2078.23,740.2352
2026-03-22 18:30:00,2078.22,2079.92,2057.0,2065.35,7187.9855
2026-03-22 18:45:00,2065.35,2072.55,2064.74,2072.27,1580.5345
2026-03-22 19:00:00,2072.26,2072.7,2059.61,2061.24,3257.2819
2026-03-22 19:15:00,2061.24,2063.51,2059.19,2059.76,1425.9037
2026-03-22 19:30:00,2059.76,2067.5,2054.35,2065.66,3207.6224
2026-03-22 19:45:00,2065.65,2067.22,2059.06,2063.21,1300.753
2026-03-22 20:00:00,2063.22,2068.78,2063.21,2067.49,1361.5028
2026-03-22 20:15:00,2067.48,2072.25,2063.04,2064.7,1653.2963
2026-03-22 20:30:00,2064.8,2066.61,2060.02,2066.03,1667.1745
2026-03-22 20:45:00,2066.02,2066.02,2056.35,2058.58,2883.0044
2026-03-22 21:00:00,2058.58,2060.51,2029.4,2040.17,18516.4883
2026-03-22 21:15:00,2040.17,2043.61,2026.0,2041.98,6325.9179
2026-03-22 21:30:00,2041.98,2048.78,2037.29,2045.28,2380.965
2026-03-22 21:45:00,2045.28,2047.27,2039.46,2045.96,1705.115
2026-03-22 22:00:00,2045.96,2052.65,2032.57,2043.1,7449.1389
2026-03-22 22:15:00,2043.11,2064.96,2041.41,2059.7,6339.7554
2026-03-22 22:30:00,2059.7,2062.88,2054.1,2055.11,2954.6722
2026-03-22 22:45:00,2055.11,2065.65,2055.11,2062.67,1854.0014
2026-03-22 23:00:00,2062.68,2074.16,2060.5,2069.16,3587.7281
2026-03-22 23:15:00,2069.17,2069.54,2060.31,2062.34,2143.8378
2026-03-22 23:30:00,2062.33,2064.9,2057.54,2060.8,1749.8956
2026-03-22 23:45:00,2060.8,2060.97,2051.27,2053.89,2983.5903
2026-03-23 00:00:00,2053.9,2063.08,2048.41,2057.21,3803.7268
2026-03-23 00:15:00,2057.22,2059.67,2051.91,2053.98,3344.191
2026-03-23 00:30:00,2053.98,2054.52,2035.69,2046.03,6958.9492
2026-03-23 00:45:00,2046.03,2053.28,2041.74,2043.31,2660.4874
2026-03-23 01:00:00,2043.31,2055.61,2039.46,2050.57,3017.4931
2026-03-23 01:15:00,2050.57,2062.38,2050.43,2059.48,2966.331
2026-03-23 01:30:00,2059.49,2061.79,2051.86,2054.88,1749.9035
2026-03-23 01:45:00,2054.89,2059.15,2047.39,2047.69,2616.1133
2026-03-23 02:00:00,2047.7,2058.17,2046.72,2048.96,4211.2662
2026-03-23 02:15:00,2048.97,2070.24,2047.65,2067.78,5094.8479
2026-03-23 02:30:00,2067.78,2068.4,2060.32,2060.32,2506.5749
2026-03-23 02:45:00,2060.32,2063.82,2057.14,2063.42,1519.7566
2026-03-23 03:00:00,2063.42,2072.33,2058.92,2059.11,2422.5538
2026-03-23 03:15:00,2059.11,2060.32,2055.81,2056.73,1054.4562
2026-03-23 03:30:00,2056.74,2057.61,2052.18,2055.89,980.3654
2026-03-23 03:45:00,2055.89,2057.49,2051.67,2052.54,1186.4728
2026-03-23 04:00:00,2052.53,2055.17,2050.64,2052.62,1336.0025
2026-03-23 04:15:00,2052.62,2057.11,2051.77,2055.59,867.5775
2026-03-23 04:30:00,2055.6,2061.28,2055.5,2056.04,1380.0265
2026-03-23 04:45:00,2056.04,2066.21,2056.04,2065.47,2381.7859
2026-03-23 05:00:00,2065.47,2070.5,2065.47,2070.26,3332.7793
2026-03-23 05:15:00,2070.26,2072.11,2063.59,2065.35,2324.9626
2026-03-23 05:30:00,2065.34,2070.64,2061.69,2063.14,2536.4491
2026-03-23 05:45:00,2063.15,2069.88,2060.71,2069.27,2572.175
2026-03-23 06:00:00,2069.26,2069.26,2057.03,2058.74,2842.9061
2026-03-23 06:15:00,2058.73,2061.5,2055.01,2059.12,2111.3228
2026-03-23 06:30:00,2059.12,2059.25,2028.47,2033.66,9316.3235
2026-03-23 06:45:00,2033.67,2038.67,2028.72,2037.3,5145.1233
2026-03-23 07:00:00,2037.31,2039.36,2023.04,2037.23,6164.4823
2026-03-23 07:15:00,2037.23,2039.22,2026.33,2032.68,4067.7891
2026-03-23 07:30:00,2032.67,2049.86,2030.96,2047.82,5951.1827
2026-03-23 07:45:00,2047.81,2050.0,2043.83,2044.72,5185.141
2026-03-23 08:00:00,2044.73,2056.87,2044.73,2056.87,4832.8816
2026-03-23 08:15:00,2056.87,2059.16,2052.14,2053.55,3261.1312
2026-03-23 08:30:00,2053.54,2057.72,2049.53,2051.35,2271.9299
2026-03-23 08:45:00,2051.36,2054.07,2044.2,2048.02,2629.677
2026-03-23 09:00:00,2048.01,2049.13,2037.75,2042.91,2501.1905
2026-03-23 09:15:00,2042.9,2046.63,2038.59,2043.58,1485.6301
2026-03-23 09:30:00,2043.58,2043.58,2028.2,2038.39,4295.5623
2026-03-23 09:45:00,2038.39,2043.64,2038.22,2043.63,1549.8323
2026-03-23 10:00:00,2043.64,2054.04,2042.08,2049.94,2512.5609
2026-03-23 10:15:00,2049.95,2049.95,2042.26,2045.12,2361.0366
2026-03-23 10:30:00,2045.12,2046.1,2040.39,2044.35,1451.1499
2026-03-23 10:45:00,2044.34,2050.14,2041.01,2049.04,1571.3264
2026-03-23 11:00:00,2049.04,2198.57,2049.04,2169.72,86266.2357
2026-03-23 11:15:00,2169.28,2190.0,2147.02,2167.79,37733.4916
2026-03-23 11:30:00,2167.79,2179.81,2154.09,2155.01,18002.4685
2026-03-23 11:45:00,2155.04,2157.06,2132.72,2134.78,19421.1052
2026-03-23 12:00:00,2134.78,2140.0,2107.43,2117.06,28509.1191
2026-03-23 12:15:00,2117.06,2134.13,2115.83,2125.37,10752.3743
2026-03-23 12:30:00,2125.36,2147.0,2120.88,2145.3,10249.8401
2026-03-23 12:45:00,2145.31,2147.85,2139.17,2144.27,8403.3739
2026-03-23 13:00:00,2144.27,2154.28,2140.11,2146.21,10115.5613
2026-03-23 13:15:00,2146.22,2154.09,2145.91,2150.4,6025.0826
2026-03-23 13:30:00,2150.4,2177.53,2142.98,2169.17,19243.7786
2026-03-23 13:45:00,2169.16,2189.0,2164.04,2185.64,20346.1346
2026-03-23 14:00:00,2185.65,2192.44,2178.44,2181.62,16969.4721
2026-03-23 14:15:00,2181.62,2187.41,2175.49,2179.87,9041.1595
2026-03-23 14:30:00,2179.87,2183.06,2171.98,2175.3,7995.1812
2026-03-23 14:45:00,2175.29,2183.39,2169.28,2181.16,7856.4431
2026-03-23 15:00:00,2181.16,2188.09,2178.8,2179.02,6641.0959
2026-03-23 15:15:00,2179.01,2179.8,2163.0,2164.56,9111.9549
2026-03-23 15:30:00,2164.57,2166.85,2147.24,2150.01,10140.2032
2026-03-23 15:45:00,2150.0,2157.71,2124.75,2128.45,17843.1548
2026-03-23 16:00:00,2128.46,2139.71,2128.0,2138.89,10684.8579
2026-03-23 16:15:00,2138.89,2140.41,2117.92,2120.55,12929.2509
2026-03-23 16:30:00,2120.54,2133.82,2117.77,2131.8,5844.1081
2026-03-23 16:45:00,2131.77,2142.72,2130.87,2135.88,6150.5181
2026-03-23 17:00:00,2135.88,2140.16,2131.77,2135.74,4341.1073
2026-03-23 17:15:00,2135.74,2137.25,2124.57,2131.52,3291.2123
2026-03-23 17:30:00,2131.52,2158.54,2131.01,2147.32,11088.6225
2026-03-23 17:45:00,2147.32,2153.94,2146.51,2152.71,2536.804
2026-03-23 18:00:00,2152.71,2156.66,2146.0,2150.77,3548.085
2026-03-23 18:15:00,2150.77,2152.3,2145.71,2146.29,2172.6845
2026-03-23 18:30:00,2146.29,2158.0,2146.29,2156.02,3053.566
2026-03-23 18:45:00,2156.02,2171.76,2155.69,2168.72,8635.7688
2026-03-23 19:00:00,2168.72,2178.74,2160.61,2164.38,8840.3751
2026-03-23 19:15:00,2164.38,2168.0,2160.56,2165.35,4021.6875
2026-03-23 19:30:00,2165.34,2167.09,2159.21,2160.84,2603.8065
2026-03-23 19:45:00,2160.84,2163.21,2150.48,2154.46,3268.6218
2026-03-23 20:00:00,2154.45,2159.94,2150.71,2159.68,2051.6035
2026-03-23 20:15:00,2159.69,2162.02,2157.89,2160.31,1252.3685
2026-03-23 20:30:00,2160.31,2166.81,2159.25,2164.38,1948.4551
2026-03-23 20:45:00,2164.38,2164.6,2160.31,2161.49,995.4839
2026-03-23 21:00:00,2161.49,2163.8,2154.57,2154.82,1866.0914
2026-03-23 21:15:00,2154.82,2158.21,2154.57,2156.58,643.1375
2026-03-23 21:30:00,2156.58,2162.39,2156.25,2160.92,1102.6847
2026-03-23 21:45:00,2160.91,2163.55,2157.0,2157.7,1608.6283
2026-03-23 22:00:00,2157.7,2159.61,2146.66,2150.89,2628.0526
2026-03-23 22:15:00,2150.89,2151.55,2147.05,2149.35,1137.4386
2026-03-23 22:30:00,2149.35,2153.84,2143.94,2151.76,2237.2872
2026-03-23 22:45:00,2151.77,2154.33,2149.99,2152.81,1287.5298
2026-03-23 23:00:00,2152.8,2154.11,2143.88,2146.41,2590.9811
2026-03-23 23:15:00,2146.41,2150.45,2140.71,2149.2,1930.7013
2026-03-23 23:30:00,2149.2,2151.41,2144.91,2150.42,1538.465
2026-03-23 23:45:00,2150.43,2155.21,2145.4,2152.03,1677.7949
2026-03-24 00:00:00,2152.03,2156.22,2146.48,2147.18,2803.3152
2026-03-24 00:15:00,2147.17,2147.67,2138.46,2142.55,3402.1107
2026-03-24 00:30:00,2142.55,2144.72,2130.1,2141.01,5059.0116
2026-03-24 00:45:00,2141.0,2148.36,2140.85,2143.22,1650.276
2026-03-24 01:00:00,2143.22,2145.7,2138.95,2141.01,1812.8834
2026-03-24 01:15:00,2141.0,2149.78,2137.64,2147.67,1363.3468
2026-03-24 01:30:00,2147.66,2148.81,2124.26,2130.9,5097.9854
2026-03-24 01:45:00,2130.9,2140.75,2129.07,2137.56,2774.5189
2026-03-24 02:00:00,2137.57,2145.92,2134.14,2135.76,3470.4731
2026-03-24 02:15:00,2135.75,2142.86,2134.45,2139.39,1851.9523
2026-03-24 02:30:00,2139.4,2143.13,2132.64,2139.08,2265.203
2026-03-24 02:45:00,2139.08,2141.09,2135.22,2135.86,1934.019
2026-03-24 03:00:00,2135.87,2137.89,2130.7,2134.36,3047.5868
2026-03-24 03:15:00,2134.37,2139.88,2134.37,2139.16,1868.8922
2026-03-24 03:30:00,2139.16,2140.0,2135.06,2138.74,2702.0818
2026-03-24 03:45:00,2138.75,2143.3,2137.99,2141.59,1963.9904
2026-03-24 04:00:00,2141.59,2152.03,2141.48,2145.98,3208.8909
2026-03-24 04:15:00,2145.98,2146.0,2140.21,2140.48,1362.9583
2026-03-24 04:30:00,2140.48,2140.48,2132.22,2135.38,1878.22
2026-03-24 04:45:00,2135.38,2139.49,2131.83,2136.33,1503.8826
2026-03-24 05:00:00,2136.32,2136.45,2128.84,2130.37,2749.4365
2026-03-24 05:15:00,2130.38,2138.49,2129.4,2129.75,2424.8336
2026-03-24 05:30:00,2129.74,2138.0,2129.55,2135.7,1533.6533
2026-03-24 05:45:00,2135.7,2138.48,2132.77,2133.64,1473.0835
2026-03-24 06:00:00,2133.64,2137.79,2132.0,2137.78,1158.6916
2026-03-24 06:15:00,2137.79,2140.55,2135.13,2137.54,1790.5345
2026-03-24 06:30:00,2137.55,2144.3,2137.55,2142.8,2230.651
2026-03-24 06:45:00,2142.79,2146.35,2140.57,2145.3,2099.3018
2026-03-24 07:00:00,2145.3,2166.3,2144.13,2160.87,6702.4881
2026-03-24 07:15:00,2160.87,2165.46,2158.64,2160.79,4070.4968
2026-03-24 07:30:00,2160.78,2162.01,2152.49,2155.55,5678.4132
2026-03-24 07:45:00,2155.54,2170.65,2152.32,2165.61,6209.5222
2026-03-24 08:00:00,2165.61,2167.37,2161.1,2163.96,3518.2268
2026-03-24 08:15:00,2163.97,2164.02,2152.17,2154.94,3671.5432
2026-03-24 08:30:00,2154.93,2163.23,2153.08,2160.86,2153.6854
2026-03-24 08:45:00,2160.86,2161.4,2153.06,2155.06,2185.9832
2026-03-24 09:00:00,2155.07,2157.99,2148.08,2148.09,2367.6553
2026-03-24 09:15:00,2148.08,2154.13,2147.36,2152.98,1447.1028
2026-03-24 09:30:00,2152.98,2162.79,2151.54,2162.76,2381.2417
2026-03-24 09:45:00,2162.76,2167.9,2159.14,2164.97,2588.8575
2026-03-24 10:00:00,2164.97,2164.98,2160.95,2161.09,1597.3169
2026-03-24 10:15:00,2161.09,2161.87,2155.83,2156.21,2180.9639
2026-03-24 10:30:00,2156.22,2162.41,2155.27,2160.65,1340.6362
2026-03-24 10:45:00,2160.65,2161.75,2157.67,2161.25,1105.064
2026-03-24 11:00:00,2161.25,2162.94,2152.13,2159.47,3052.4412
2026-03-24 11:15:00,2159.47,2161.93,2154.23,2160.99,2262.7446
2026-03-24 11:30:00,2160.98,2175.16,2160.0,2171.57,5226.6454
2026-03-24 11:45:00,2171.58,2173.21,2160.15,2165.9,3060.6414
2026-03-24 12:00:00,2165.89,2170.52,2161.86,2166.85,2327.4312
2026-03-24 12:15:00,2166.84,2168.33,2164.21,2167.15,1155.0083
2026-03-24 12:30:00,2167.14,2167.15,2158.89,2161.65,2138.0327
2026-03-24 12:45:00,2161.66,2165.0,2160.27,2162.44,1534.4605
2026-03-24 13:00:00,2162.43,2165.53,2151.37,2157.0,2836.213
2026-03-24 13:15:00,2157.0,2159.01,2149.0,2150.48,2945.2436
2026-03-24 13:30:00,2150.49,2161.05,2135.65,2138.42,10367.8285
2026-03-24 13:45:00,2138.42,2144.57,2130.46,2138.38,8508.2953
2026-03-24 14:00:00,2138.37,2148.31,2126.0,2130.77,9170.6826
2026-03-24 14:15:00,2130.77,2136.72,2124.97,2133.88,5687.2099
2026-03-24 14:30:00,2133.87,2140.51,2129.15,2133.51,4255.1272
2026-03-24 14:45:00,2133.53,2142.73,2120.0,2133.98,13626.9578
2026-03-24 15:00:00,2133.98,2140.89,2132.2,2136.8,5766.6056
2026-03-24 15:15:00,2136.81,2147.74,2136.17,2138.86,4312.072
2026-03-24 15:30:00,2138.85,2144.86,2131.5,2139.55,2930.2018
2026-03-24 15:45:00,2139.54,2142.31,2132.89,2135.15,2771.6375
2026-03-24 16:00:00,2135.15,2138.94,2132.84,2138.01,4131.7148
2026-03-24 16:15:00,2138.0,2140.57,2131.69,2135.35,2944.8567
2026-03-24 16:30:00,2135.35,2136.59,2120.9,2130.51,5697.2986
2026-03-24 16:45:00,2130.5,2131.78,2124.46,2127.2,2105.6106
2026-03-24 17:00:00,2127.2,2128.7,2112.73,2117.34,9187.2084
2026-03-24 17:15:00,2117.33,2119.35,2111.92,2113.75,3501.0122
2026-03-24 17:30:00,2113.75,2116.19,2103.02,2104.37,7892.5643
2026-03-24 17:45:00,2104.37,2112.82,2103.37,2109.17,6154.5436
2026-03-24 18:00:00,2109.18,2112.26,2105.07,2111.3,3780.2575
2026-03-24 18:15:00,2111.3,2118.92,2109.44,2117.33,2826.984
2026-03-24 18:30:00,2117.34,2127.9,2116.48,2120.38,3420.1969
2026-03-24 18:45:00,2120.38,2122.5,2117.95,2118.92,1345.0971
2026-03-24 19:00:00,2118.92,2127.29,2118.92,2125.73,1643.0108
2026-03-24 19:15:00,2125.73,2127.84,2119.78,2120.49,1469.8975
2026-03-24 19:30:00,2120.48,2121.37,2116.12,2120.29,1783.1484
2026-03-24 19:45:00,2120.28,2120.28,2114.37,2116.87,1671.3772
2026-03-24 20:00:00,2116.86,2120.74,2115.63,2120.73,1432.1593
2026-03-24 20:15:00,2120.73,2154.5,2120.48,2141.78,9135.4297
2026-03-24 20:30:00,2141.77,2152.0,2141.72,2149.21,6461.0582
2026-03-24 20:45:00,2149.22,2154.32,2143.14,2148.48,4453.2252
2026-03-24 21:00:00,2148.48,2150.81,2142.85,2144.09,1737.7056
2026-03-24 21:15:00,2144.1,2145.9,2140.46,2144.61,1530.0337
2026-03-24 21:30:00,2144.6,2151.8,2143.0,2148.02,2381.1946
2026-03-24 21:45:00,2148.01,2149.89,2144.83,2148.88,1389.8015
2026-03-24 22:00:00,2148.89,2155.82,2145.07,2154.79,3077.1822
2026-03-24 22:15:00,2154.79,2154.79,2145.24,2146.41,2661.2865
2026-03-24 22:30:00,2146.4,2147.4,2140.67,2144.03,1988.8476
2026-03-24 22:45:00,2144.03,2147.6,2143.48,2145.61,1518.0923
2026-03-24 23:00:00,2145.6,2152.28,2143.0,2150.31,1442.1387
2026-03-24 23:15:00,2150.31,2160.45,2149.51,2159.45,3131.8144
2026-03-24 23:30:00,2159.45,2163.7,2159.45,2160.51,3522.7307
2026-03-24 23:45:00,2160.51,2161.17,2156.22,2156.23,1669.5325
2026-03-25 00:00:00,2156.22,2160.9,2154.93,2160.25,2130.3484
2026-03-25 00:15:00,2160.26,2160.45,2153.37,2155.31,1541.6229
2026-03-25 00:30:00,2155.32,2168.61,2146.35,2165.13,6806.684
2026-03-25 00:45:00,2165.13,2168.63,2160.04,2161.77,3311.6629
2026-03-25 01:00:00,2161.76,2167.37,2158.12,2162.48,5145.924
2026-03-25 01:15:00,2162.47,2163.13,2158.38,2160.82,1138.0429
2026-03-25 01:30:00,2160.83,2165.17,2157.3,2161.7,1667.8695
2026-03-25 01:45:00,2161.7,2162.66,2156.94,2156.94,1092.0419
2026-03-25 02:00:00,2156.95,2158.17,2154.11,2154.46,1783.5333
2026-03-25 02:15:00,2154.46,2158.45,2153.58,2156.23,1565.6673
2026-03-25 02:30:00,2156.22,2161.21,2154.97,2160.03,1401.2917
2026-03-25 02:45:00,2160.03,2161.5,2154.69,2155.5,1346.3057
2026-03-25 03:00:00,2155.51,2156.26,2148.93,2151.82,1690.3138
2026-03-25 03:15:00,2151.82,2153.04,2147.0,2152.63,1733.1508
2026-03-25 03:30:00,2152.63,2159.63,2152.63,2157.68,1252.46
2026-03-25 03:45:00,2157.68,2160.53,2156.97,2158.54,1621.6408
2026-03-25 04:00:00,2158.53,2163.87,2156.83,2162.62,1667.0102
2026-03-25 04:15:00,2162.61,2164.68,2160.06,2163.67,1131.191
2026-03-25 04:30:00,2163.68,2164.52,2160.29,2160.72,1139.2091
2026-03-25 04:45:00,2160.72,2167.75,2160.0,2166.32,1314.2978
2026-03-25 05:00:00,2166.31,2179.73,2164.46,2174.52,6975.0373
2026-03-25 05:15:00,2174.51,2174.56,2169.53,2172.01,1973.6518
2026-03-25 05:30:00,2172.01,2173.81,2169.73,2173.13,1985.8297
2026-03-25 05:45:00,2173.12,2173.41,2168.47,2169.03,4546.9013
2026-03-25 06:00:00,2169.03,2170.28,2163.46,2165.55,2037.3193
2026-03-25 06:15:00,2165.55,2172.5,2164.9,2172.27,1762.1746
2026-03-25 06:30:00,2172.27,2172.84,2170.2,2171.0,2762.9872
2026-03-25 06:45:00,2171.0,2173.19,2163.43,2163.81,2672.3864
2026-03-25 07:00:00,2163.82,2172.43,2163.25,2172.17,2230.9853
2026-03-25 07:15:00,2172.17,2172.2,2168.0,2168.06,1550.464
2026-03-25 07:30:00,2168.06,2177.49,2168.06,2170.53,1735.7297
2026-03-25 07:45:00,2170.49,2170.67,2159.81,2164.57,3452.2451
2026-03-25 08:00:00,2164.57,2170.73,2164.57,2164.88,2641.8091
2026-03-25 08:15:00,2164.89,2185.0,2164.89,2179.78,5072.0958
2026-03-25 08:30:00,2179.77,2191.93,2179.29,2183.76,10173.7944
2026-03-25 08:45:00,2183.75,2183.75,2175.52,2176.64,2440.9045
2026-03-25 09:00:00,2176.64,2181.28,2175.16,2179.84,1957.1737
2026-03-25 09:15:00,2179.84,2184.07,2177.4,2181.06,2283.279
2026-03-25 09:30:00,2181.07,2183.54,2180.6,2180.79,1045.704
2026-03-25 09:45:00,2180.8,2188.9,2175.55,2186.64,2753.6667
2026-03-25 10:00:00,2186.64,2189.04,2183.07,2186.18,2179.9424
2026-03-25 10:15:00,2186.17,2188.0,2184.01,2184.3,1512.8757
2026-03-25 10:30:00,2184.37,2185.44,2181.24,2182.51,1943.5716
2026-03-25 10:45:00,2182.51,2187.37,2182.51,2185.27,1761.3735
2026-03-25 11:00:00,2185.26,2187.02,2183.22,2187.02,1161.8562
2026-03-25 11:15:00,2187.02,2194.73,2187.01,2193.16,5571.4482
2026-03-25 11:30:00,2193.16,2199.02,2190.68,2191.38,9098.4321
2026-03-25 11:45:00,2191.37,2191.38,2179.48,2186.41,5169.0913
2026-03-25 12:00:00,2186.41,2193.59,2186.41,2190.87,2644.6676
2026-03-25 12:15:00,2190.87,2191.67,2167.59,2171.94,9470.4035
2026-03-25 12:30:00,2171.94,2177.59,2165.02,2172.0,5579.6962
2026-03-25 12:45:00,2172.01,2195.09,2170.02,2183.31,7418.3021
2026-03-25 13:00:00,2183.31,2188.88,2179.71,2184.61,4193.459
2026-03-25 13:15:00,2184.6,2186.32,2181.0,2182.48,2135.1539
2026-03-25 13:30:00,2182.48,2198.16,2182.26,2188.89,7901.9569
2026-03-25 13:45:00,2188.88,2192.94,2182.0,2184.37,3013.8885
2026-03-25 14:00:00,2184.38,2188.02,2176.11,2178.85,5293.8363
2026-03-25 14:15:00,2178.86,2184.21,2175.36,2180.03,3763.357
2026-03-25 14:30:00,2180.04,2186.24,2177.83,2178.7,2406.4992
2026-03-25 14:45:00,2178.69,2180.61,2173.19,2174.14,2820.5289
2026-03-25 15:00:00,2174.14,2176.9,2157.99,2161.02,6634.7775
2026-03-25 15:15:00,2161.02,2166.85,2147.67,2166.02,8139.678
2026-03-25 15:30:00,2166.02,2167.82,2157.43,2161.98,3021.3653
2026-03-25 15:45:00,2161.97,2165.78,2159.31,2162.56,2172.2759
2026-03-25 16:00:00,2162.56,2164.0,2155.93,2160.2,4715.352
2026-03-25 16:15:00,2160.19,2186.85,2158.3,2175.51,9589.2861
2026-03-25 16:30:00,2175.51,2182.35,2170.99,2177.94,5479.4868
2026-03-25 16:45:00,2177.94,2178.3,2171.36,2173.83,2130.2093
2026-03-25 17:00:00,2173.83,2176.24,2168.33,2170.84,1918.9766
2026-03-25 17:15:00,2170.84,2174.18,2165.04,2168.65,2004.4563
2026-03-25 17:30:00,2168.64,2169.15,2162.45,2165.23,2178.0647
2026-03-25 17:45:00,2165.23,2167.72,2160.66,2164.1,2757.3467
2026-03-25 18:00:00,2164.1,2169.47,2162.99,2168.49,1990.1867
2026-03-25 18:15:00,2168.5,2173.35,2168.34,2169.53,1630.9411
2026-03-25 18:30:00,2169.53,2170.81,2163.0,2163.99,1905.5238
2026-03-25 18:45:00,2163.99,2168.03,2157.85,2162.38,1852.0456
2026-03-25 19:00:00,2162.37,2169.5,2159.48,2169.28,3105.203
2026-03-25 19:15:00,2169.28,2173.48,2168.58,2170.94,2009.9855
2026-03-25 19:30:00,2170.93,2176.38,2169.19,2171.74,1533.6477
2026-03-25 19:45:00,2171.74,2174.94,2167.92,2172.69,1312.7953
2026-03-25 20:00:00,2172.68,2173.03,2165.19,2165.96,1121.2778
2026-03-25 20:15:00,2165.96,2168.3,2159.42,2161.38,1426.2322
2026-03-25 20:30:00,2161.38,2165.84,2160.67,2165.84,641.3758
2026-03-25 20:45:00,2165.84,2167.51,2164.59,2166.49,784.6704
2026-03-25 21:00:00,2166.49,2169.14,2164.68,2169.13,781.3564
2026-03-25 21:15:00,2169.14,2169.53,2161.79,2164.01,1110.9262
2026-03-25 21:30:00,2164.01,2165.58,2163.05,2163.67,690.3984
2026-03-25 21:45:00,2163.68,2165.06,2162.24,2164.04,745.9012
2026-03-25 22:00:00,2164.05,2167.53,2161.89,2163.21,905.638
2026-03-25 22:15:00,2163.21,2166.03,2161.87,2163.93,801.1886
2026-03-25 22:30:00,2163.93,2183.5,2163.55,2175.17,5675.0392
2026-03-25 22:45:00,2175.16,2177.35,2173.06,2174.53,762.024
2026-03-25 23:00:00,2174.54,2177.14,2173.01,2173.44,1188.3713
2026-03-25 23:15:00,2173.43,2174.67,2170.07,2173.15,1400.19
2026-03-25 23:30:00,2173.15,2173.31,2165.13,2166.01,2243.0265
2026-03-25 23:45:00,2166.01,2170.07,2164.74,2169.02,1707.5586
2026-03-26 00:00:00,2169.02,2170.13,2165.0,2166.84,2633.4979
2026-03-26 00:15:00,2166.85,2170.94,2164.47,2166.14,1860.2599
2026-03-26 00:30:00,2166.14,2169.49,2165.15,2168.0,1223.3294
2026-03-26 00:45:00,2167.99,2172.19,2162.53,2166.69,1656.4742
2026-03-26 01:00:00,2166.69,2169.27,2162.3,2163.72,2641.5251
2026-03-26 01:15:00,2163.71,2168.61,2160.0,2166.84,1578.1567
2026-03-26 01:30:00,2166.85,2169.01,2164.47,2164.72,789.5449
2026-03-26 01:45:00,2164.71,2166.41,2162.49,2164.84,701.7892
2026-03-26 02:00:00,2164.83,2165.79,2158.33,2159.87,1970.1096
2026-03-26 02:15:00,2159.86,2160.0,2152.58,2154.16,2082.1849
2026-03-26 02:30:00,2154.16,2154.5,2144.05,2149.29,3399.397
2026-03-26 02:45:00,2149.28,2150.7,2147.25,2149.97,1843.8494
2026-03-26 03:00:00,2149.96,2155.56,2144.65,2155.52,2578.6093
2026-03-26 03:15:00,2155.52,2155.52,2145.66,2147.84,2114.7337
2026-03-26 03:30:00,2147.84,2153.65,2147.81,2152.37,1108.6242
2026-03-26 03:45:00,2152.36,2154.32,2150.15,2153.21,1344.573
2026-03-26 04:00:00,2153.22,2153.63,2148.05,2148.69,940.7403
2026-03-26 04:15:00,2148.7,2153.06,2147.9,2152.73,685.8937
2026-03-26 04:30:00,2152.73,2154.04,2151.3,2152.21,1197.2932
2026-03-26 04:45:00,2152.21,2154.58,2148.78,2149.71,1047.1212
2026-03-26 05:00:00,2149.71,2150.9,2137.56,2140.83,4953.8515
2026-03-26 05:15:00,2140.82,2143.15,2137.58,2142.44,1407.4441
2026-03-26 05:30:00,2142.44,2144.78,2126.5,2130.26,5884.4375
2026-03-26 05:45:00,2130.26,2130.9,2113.63,2119.55,10465.017
2026-03-26 06:00:00,2119.54,2121.64,2112.17,2121.07,3562.162
2026-03-26 06:15:00,2121.08,2125.01,2117.67,2122.82,2748.8125
2026-03-26 06:30:00,2122.81,2124.56,2119.79,2120.0,1463.8566
2026-03-26 06:45:00,2120.0,2123.33,2118.42,2121.86,1747.3101
2026-03-26 07:00:00,2121.86,2124.69,2119.79,2120.11,3153.8572
2026-03-26 07:15:00,2120.11,2122.5,2115.0,2117.65,5370.5875
2026-03-26 07:30:00,2117.66,2122.69,2112.87,2120.72,2601.8898
2026-03-26 07:45:00,2120.73,2124.78,2120.63,2123.64,1984.4964
2026-03-26 08:00:00,2123.64,2126.89,2116.78,2117.45,3202.8247
2026-03-26 08:15:00,2117.45,2120.5,2114.22,2115.8,2816.6186
2026-03-26 08:30:00,2115.8,2118.73,2114.46,2116.34,1806.7813
2026-03-26 08:45:00,2116.34,2121.6,2115.67,2119.64,1820.5607
2026-03-26 09:00:00,2119.65,2121.87,2116.33,2118.8,1773.3629
2026-03-26 09:15:00,2118.79,2118.8,2115.1,2116.9,880.6405
2026-03-26 09:30:00,2116.89,2116.89,2074.96,2084.09,28107.622
2026-03-26 09:45:00,2084.08,2084.46,2077.24,2082.64,4813.7772
2026-03-26 10:00:00,2082.63,2082.63,2072.73,2077.2,6522.9767
2026-03-26 10:15:00,2077.2,2083.89,2077.2,2083.02,2551.8383
2026-03-26 10:30:00,2083.01,2083.38,2074.68,2076.97,3282.8687
2026-03-26 10:45:00,2076.96,2078.73,2076.36,2078.65,1324.3936
2026-03-26 11:00:00,2078.65,2081.41,2062.94,2071.43,7445.8256
2026-03-26 11:15:00,2071.43,2073.25,2064.62,2068.29,4857.6813
2026-03-26 11:30:00,2068.29,2073.84,2067.87,2071.19,2989.1609
2026-03-26 11:45:00,2071.19,2073.62,2067.69,2068.44,2279.7704
2026-03-26 12:00:00,2068.45,2072.82,2066.12,2071.79,5141.5747
2026-03-26 12:15:00,2071.79,2073.04,2070.62,2071.74,2211.5752
2026-03-26 12:30:00,2071.74,2074.26,2066.74,2072.01,4100.998
2026-03-26 12:45:00,2072.01,2075.66,2071.42,2073.6,3445.4784
2026-03-26 13:00:00,2073.6,2079.7,2072.42,2079.17,3352.7133
2026-03-26 13:15:00,2079.17,2080.7,2075.97,2076.65,3344.8628
2026-03-26 13:30:00,2076.64,2083.48,2069.46,2083.48,4972.7351
2026-03-26 13:45:00,2083.49,2093.79,2077.44,2081.22,11070.4068
2026-03-26 14:00:00,2081.22,2085.84,2076.46,2079.67,4166.036
2026-03-26 14:15:00,2079.68,2082.01,2072.52,2075.83,2974.8771
2026-03-26 14:30:00,2075.84,2084.78,2075.83,2077.37,3179.1511
2026-03-26 14:45:00,2077.36,2078.68,2067.25,2076.27,4854.3305
2026-03-26 15:00:00,2076.28,2076.72,2058.15,2059.19,6130.0028
2026-03-26 15:15:00,2059.19,2068.28,2052.01,2065.62,8382.989
2026-03-26 15:30:00,2065.62,2067.37,2062.49,2064.09,2403.735
2026-03-26 15:45:00,2064.1,2075.5,2063.36,2070.4,4527.556
2026-03-26 16:00:00,2070.4,2070.95,2066.48,2069.93,2505.6619
2026-03-26 16:15:00,2069.93,2070.23,2063.99,2064.7,3188.7172
2026-03-26 16:30:00,2064.69,2068.29,2063.1,2065.64,2937.6058
2026-03-26 16:45:00,2065.64,2066.47,2059.94,2060.9,2417.5986
2026-03-26 17:00:00,2060.9,2067.0,2060.04,2063.02,2854.9708
2026-03-26 17:15:00,2063.03,2068.38,2063.0,2068.37,1617.4873
2026-03-26 17:30:00,2068.38,2070.51,2066.18,2066.94,1938.7377
2026-03-26 17:45:00,2066.93,2067.13,2045.17,2049.41,19648.2288
2026-03-26 18:00:00,2049.41,2055.83,2044.02,2051.01,4810.5203
2026-03-26 18:15:00,2051.0,2051.24,2034.54,2037.47,9000.0831
2026-03-26 18:30:00,2037.48,2043.32,2037.17,2042.34,2837.5537
2026-03-26 18:45:00,2042.33,2047.34,2041.31,2047.17,2034.6372
2026-03-26 19:00:00,2047.18,2047.47,2040.75,2043.39,1997.9405
2026-03-26 19:15:00,2043.39,2047.61,2040.37,2042.16,1970.3811
2026-03-26 19:30:00,2042.16,2052.5,2039.59,2051.56,3291.0854
2026-03-26 19:45:00,2051.56,2054.0,2047.26,2049.12,2493.9881
2026-03-26 20:00:00,2049.11,2080.42,2046.54,2072.01,14958.2346
2026-03-26 20:15:00,2072.01,2078.18,2066.5,2068.63,3908.0994
2026-03-26 20:30:00,2068.64,2073.36,2068.64,2071.54,1569.4684
2026-03-26 20:45:00,2071.55,2071.67,2062.57,2064.89,1579.5858
2026-03-26 21:00:00,2064.89,2066.61,2060.29,2065.7,1954.6224
2026-03-26 21:15:00,2065.7,2077.84,2064.71,2073.6,3002.1364
2026-03-26 21:30:00,2073.6,2075.01,2069.7,2070.79,2095.7386
2026-03-26 21:45:00,2070.79,2071.28,2068.37,2068.37,989.5576
2026-03-26 22:00:00,2068.38,2072.91,2066.81,2069.11,1495.5218
2026-03-26 22:15:00,2069.12,2069.78,2054.88,2062.56,3260.6907
2026-03-26 22:30:00,2062.56,2065.29,2058.86,2064.69,1315.8233
2026-03-26 22:45:00,2064.69,2065.89,2062.65,2065.88,1284.9266
2026-03-26 23:00:00,2065.89,2069.6,2062.04,2063.33,1447.9219
2026-03-26 23:15:00,2063.34,2065.97,2058.7,2061.84,1234.8399
2026-03-26 23:30:00,2061.83,2062.17,2056.35,2059.45,2314.8575
2026-03-26 23:45:00,2059.45,2062.0,2058.7,2060.43,576.2472
2026-03-27 00:00:00,2060.43,2067.5,2058.13,2066.63,1946.3314
2026-03-27 00:15:00,2066.62,2067.66,2059.42,2060.39,1180.8263
2026-03-27 00:30:00,2060.4,2065.97,2056.8,2062.49,1935.9897
2026-03-27 00:45:00,2062.49,2066.5,2059.68,2065.03,899.9439
2026-03-27 01:00:00,2065.03,2070.72,2063.33,2069.17,2605.4265
2026-03-27 01:15:00,2069.18,2072.41,2067.59,2071.57,1666.6541
2026-03-27 01:30:00,2071.57,2073.46,2068.4,2070.89,661.2347
2026-03-27 01:45:00,2070.9,2074.59,2069.14,2074.2,1531.1671
2026-03-27 02:00:00,2074.2,2077.19,2073.04,2073.05,1875.4309
2026-03-27 02:15:00,2073.04,2073.27,2070.53,2073.16,791.5264
2026-03-27 02:30:00,2073.17,2075.97,2067.95,2069.5,820.3416
2026-03-27 02:45:00,2069.51,2070.77,2067.45,2068.28,608.6093
2026-03-27 03:00:00,2068.28,2069.2,2059.52,2061.88,2352.8271
2026-03-27 03:15:00,2061.89,2064.35,2060.0,2063.45,793.5056
2026-03-27 03:30:00,2063.46,2065.64,2059.33,2063.4,1641.033
2026-03-27 03:45:00,2063.4,2063.4,2060.56,2061.48,1432.4766
2026-03-27 04:00:00,2061.49,2062.01,2043.49,2046.73,7978.3902
2026-03-27 04:15:00,2046.73,2052.42,2044.88,2051.61,1878.8175
2026-03-27 04:30:00,2051.62,2054.4,2050.4,2052.67,1021.3867
2026-03-27 04:45:00,2052.68,2054.5,2052.43,2053.12,900.0892
2026-03-27 05:00:00,2053.11,2063.67,2052.28,2062.77,2026.5413
2026-03-27 05:15:00,2062.77,2066.31,2056.95,2058.85,1603.5054
2026-03-27 05:30:00,2058.85,2062.87,2056.47,2058.58,767.6521
2026-03-27 05:45:00,2058.58,2061.71,2057.9,2061.2,1103.2748
2026-03-27 06:00:00,2061.2,2063.7,2058.5,2063.7,1235.1974
2026-03-27 06:15:00,2063.69,2067.85,2063.04,2064.88,3283.8143
2026-03-27 06:30:00,2064.87,2068.07,2063.55,2065.16,1182.5403
2026-03-27 06:45:00,2065.15,2065.15,2061.39,2062.71,2449.0846
2026-03-27 07:00:00,2062.71,2069.52,2059.99,2067.94,2517.2874
2026-03-27 07:15:00,2067.94,2072.36,2066.59,2070.31,3632.8747
2026-03-27 07:30:00,2070.31,2071.82,2062.6,2067.82,11125.2665
2026-03-27 07:45:00,2067.83,2071.37,2064.75,2066.23,9412.4764
2026-03-27 08:00:00,2066.24,2069.6,2061.87,2063.37,4637.9696
2026-03-27 08:15:00,2063.37,2064.7,2054.71,2054.71,8445.8584
2026-03-27 08:30:00,2054.71,2057.68,2034.33,2043.27,10756.8996
2026-03-27 08:45:00,2043.27,2053.64,2043.12,2047.93,3742.8525
2026-03-27 09:00:00,2047.91,2049.62,2036.48,2041.68,4602.7664
2026-03-27 09:15:00,2041.69,2051.68,2041.53,2050.44,2162.5548
2026-03-27 09:30:00,2050.44,2050.45,2043.57,2044.4,1277.3199
2026-03-27 09:45:00,2044.4,2047.0,2040.5,2041.08,1773.7278
2026-03-27 10:00:00,2041.08,2043.94,2037.4,2040.01,1433.3261
2026-03-27 10:15:00,2040.01,2044.52,2039.49,2043.16,1116.1616
2026-03-27 10:30:00,2043.16,2044.27,2004.75,2011.4,21339.0358
2026-03-27 10:45:00,2011.39,2013.3,1986.3,1991.67,27046.482
2026-03-27 11:00:00,1991.67,1995.8,1983.02,1994.52,11284.5534
2026-03-27 11:15:00,1994.52,1998.13,1992.92,1997.23,8405.7181
2026-03-27 11:30:00,1997.23,1998.44,1994.13,1995.11,2607.0967
2026-03-27 11:45:00,1995.11,1998.34,1990.0,1991.8,8642.5522
2026-03-27 12:00:00,1991.8,1994.85,1989.47,1991.16,10953.3419
2026-03-27 12:15:00,1991.15,1992.51,1986.61,1987.74,3124.0513
2026-03-27 12:30:00,1987.74,1989.48,1982.19,1988.31,4182.3605
2026-03-27 12:45:00,1988.31,1991.48,1984.39,1989.44,2320.4352
2026-03-27 13:00:00,1989.45,1993.2,1987.5,1990.51,3709.2114
2026-03-27 13:15:00,1990.52,1997.33,1989.96,1996.18,3133.4065
2026-03-27 13:30:00,1996.17,1997.42,1971.0,1987.65,13182.3044
2026-03-27 13:45:00,1987.65,1990.36,1974.25,1979.22,7584.1648
2026-03-27 14:00:00,1979.22,1989.17,1977.6,1986.87,6131.6973
2026-03-27 14:15:00,1986.86,1987.69,1970.93,1973.76,11232.0787
2026-03-27 14:30:00,1973.76,1981.58,1973.09,1978.71,4414.2358
2026-03-27 14:45:00,1978.72,1989.54,1975.9,1989.39,4306.8577
2026-03-27 15:00:00,1989.39,1994.52,1989.0,1990.01,5919.0351
2026-03-27 15:15:00,1990.0,2000.63,1983.42,1995.43,10288.544
2026-03-27 15:30:00,1995.43,2010.45,1994.2,1999.81,11743.4046
2026-03-27 15:45:00,1999.81,2002.54,1989.15,1991.32,6648.2445
2026-03-27 16:00:00,1991.32,1991.32,1981.89,1987.31,6213.7662
2026-03-27 16:15:00,1987.32,1989.54,1981.44,1985.37,3846.041
2026-03-27 16:30:00,1985.38,1989.34,1980.25,1987.19,3544.5793
2026-03-27 16:45:00,1987.19,1992.27,1984.51,1986.5,2160.8004
2026-03-27 17:00:00,1986.5,1997.6,1985.0,1993.81,3317.8539
2026-03-27 17:15:00,1993.81,1995.36,1982.57,1983.46,3147.6427
2026-03-27 17:30:00,1983.46,1984.85,1976.61,1976.93,4273.1396
2026-03-27 17:45:00,1976.93,1980.5,1974.9,1977.27,3038.2588
2026-03-27 18:00:00,1977.28,1982.87,1976.95,1978.94,2706.9791
2026-03-27 18:15:00,1978.95,1985.71,1974.48,1980.11,3566.5008
2026-03-27 18:30:00,1980.1,1984.87,1979.09,1982.13,3248.0186
2026-03-27 18:45:00,1982.13,1986.29,1981.79,1984.43,1626.3182
2026-03-27 19:00:00,1984.43,1985.05,1978.94,1982.17,5596.7808
2026-03-27 19:15:00,1982.16,1991.11,1981.52,1990.31,7283.7192
2026-03-27 19:30:00,1990.31,1997.73,1988.58,1989.67,9854.9686
2026-03-27 19:45:00,1989.68,1996.03,1987.82,1991.71,6925.3643
2026-03-27 20:00:00,1991.7,1996.31,1990.8,1993.24,2813.0477
2026-03-27 20:15:00,1993.25,1994.49,1980.0,1983.47,3498.4585
2026-03-27 20:30:00,1983.48,1984.75,1981.43,1982.3,1595.058
2026-03-27 20:45:00,1982.31,1988.61,1981.43,1986.04,1696.6963
2026-03-27 21:00:00,1986.05,1991.08,1986.05,1990.03,1117.0881
2026-03-27 21:15:00,1990.04,1990.75,1987.5,1988.94,634.4355
2026-03-27 21:30:00,1988.95,1990.0,1984.36,1987.36,1234.1098
2026-03-27 21:45:00,1987.36,1987.71,1984.4,1985.73,998.2736
2026-03-27 22:00:00,1985.74,1986.79,1981.95,1985.23,1066.5281
2026-03-27 22:15:00,1985.22,1987.23,1984.07,1984.94,739.2194
2026-03-27 22:30:00,1984.93,1986.22,1982.0,1985.66,534.009
2026-03-27 22:45:00,1985.65,1986.51,1984.91,1985.52,381.1077
2026-03-27 23:00:00,1985.51,1986.29,1980.54,1985.78,1843.6056
2026-03-27 23:15:00,1985.78,1989.28,1984.47,1988.28,943.0598
2026-03-27 23:30:00,1988.27,1991.32,1988.13,1991.18,885.3146
2026-03-27 23:45:00,1991.18,1993.85,1991.18,1992.75,1533.01
2026-03-28 00:00:00,1992.76,1993.59,1989.68,1989.69,851.0485
2026-03-28 00:15:00,1989.69,1992.56,1989.69,1992.09,759.1488
2026-03-28 00:30:00,1992.09,1995.16,1991.49,1993.91,1530.2148
2026-03-28 00:45:00,1993.91,1994.32,1991.63,1992.59,869.3892
2026-03-28 01:00:00,1992.6,1992.7,1985.46,1986.97,3741.2999
2026-03-28 01:15:00,1986.96,1989.72,1986.96,1988.33,688.8277
2026-03-28 01:30:00,1988.33,1990.98,1984.93,1988.21,2495.7084
2026-03-28 01:45:00,1988.22,1991.3,1988.22,1990.43,849.4854
2026-03-28 02:00:00,1990.43,1993.69,1990.28,1990.61,951.8902
2026-03-28 02:15:00,1990.61,1991.48,1985.0,1985.49,1272.9274
2026-03-28 02:30:00,1985.5,1986.96,1983.17,1986.62,841.8983
2026-03-28 02:45:00,1986.62,1987.33,1985.13,1987.32,472.0032
2026-03-28 03:00:00,1987.32,1989.11,1987.13,1988.05,499.736
2026-03-28 03:15:00,1988.06,1990.37,1988.06,1990.37,464.432
2026-03-28 03:30:00,1990.37,1991.25,1988.86,1990.77,1235.9241
2026-03-28 03:45:00,1990.77,1990.79,1988.4,1989.19,471.8859
2026-03-28 04:00:00,1989.19,1990.04,1987.3,1988.47,703.9456
2026-03-28 04:15:00,1988.47,1992.51,1988.33,1991.19,790.0118
2026-03-28 04:30:00,1991.2,1991.77,1990.48,1991.08,342.2599
2026-03-28 04:45:00,1991.08,1991.6,1989.6,1990.8,528.9141
2026-03-28 05:00:00,1990.8,1991.26,1988.32,1989.92,732.7587
2026-03-28 05:15:00,1989.93,1994.11,1989.32,1992.65,1157.3933
2026-03-28 05:30:00,1992.64,1993.65,1992.1,1993.35,604.9514
2026-03-28 05:45:00,1993.34,1994.9,1993.34,1994.23,699.5894
2026-03-28 06:00:00,1994.22,1997.72,1993.39,1996.6,1051.5643
2026-03-28 06:15:00,1996.59,2007.0,1996.59,2003.42,4563.4102
2026-03-28 06:30:00,2003.43,2004.78,2001.44,2001.45,1233.672
2026-03-28 06:45:00,2001.45,2002.97,2000.0,2000.95,1490.7893
2026-03-28 07:00:00,2000.95,2004.78,2000.68,2004.42,883.1014
2026-03-28 07:15:00,2004.41,2007.0,2004.4,2005.2,1119.6609
2026-03-28 07:30:00,2005.2,2005.61,2004.09,2004.57,772.4832
2026-03-28 07:45:00,2004.58,2008.35,2004.03,2007.07,1643.9615
2026-03-28 08:00:00,2007.07,2008.34,2005.6,2005.86,1540.2856
2026-03-28 08:15:00,2005.86,2007.47,2004.38,2004.39,520.1959
2026-03-28 08:30:00,2004.39,2004.57,2000.6,2001.4,857.6251
2026-03-28 08:45:00,2001.4,2002.78,1998.26,1999.24,1240.1161
2026-03-28 09:00:00,1999.24,1999.3,1995.6,1996.88,1514.7997
2026-03-28 09:15:00,1996.89,1999.31,1995.61,1999.13,1145.5292
2026-03-28 09:30:00,1999.14,1999.58,1996.77,1997.35,2213.4979
2026-03-28 09:45:00,1997.35,1999.76,1997.35,1999.52,433.7158
2026-03-28 10:00:00,1999.51,2004.57,1999.42,2000.33,1527.0039
2026-03-28 10:15:00,2000.33,2001.27,1993.39,1994.69,1852.97
2026-03-28 10:30:00,1994.69,1996.45,1992.77,1994.51,1205.3182
2026-03-28 10:45:00,1994.51,1997.03,1993.39,1996.69,954.1748
2026-03-28 11:00:00,1996.69,1998.23,1995.86,1997.15,920.9826
2026-03-28 11:15:00,1997.14,1997.63,1996.31,1997.44,371.8906
2026-03-28 11:30:00,1997.44,1998.49,1996.53,1998.29,956.5416
2026-03-28 11:45:00,1998.28,2000.56,1996.91,1997.64,982.9759
2026-03-28 12:00:00,1997.64,2000.79,1995.81,2000.47,572.0329
2026-03-28 12:15:00,2000.46,2004.5,1999.83,2002.0,1785.7384
2026-03-28 12:30:00,2002.0,2002.12,1992.25,1995.75,2797.9625
2026-03-28 12:45:00,1995.74,2001.45,1995.74,1999.67,1319.3922
2026-03-28 13:00:00,1999.67,2003.09,1999.3,2002.39,2331.778
2026-03-28 13:15:00,2002.38,2003.22,2000.68,2002.6,1848.0365
2026-03-28 13:30:00,2002.6,2047.45,2002.59,2028.06,20085.6502
2026-03-28 13:45:00,2028.07,2033.23,2022.16,2026.4,6161.6994
2026-03-28 14:00:00,2026.39,2026.68,2019.35,2023.14,5288.6201
2026-03-28 14:15:00,2023.14,2027.05,2020.05,2024.83,1932.637
2026-03-28 14:30:00,2024.82,2028.99,2022.05,2026.72,2224.2776
2026-03-28 14:45:00,2026.75,2028.44,2016.14,2020.84,4236.8573
2026-03-28 15:00:00,2020.83,2023.4,2018.4,2022.55,1468.7852
2026-03-28 15:15:00,2022.56,2040.26,2022.01,2028.5,9187.5804
2026-03-28 15:30:00,2028.5,2031.48,2024.75,2028.46,2629.4815
2026-03-28 15:45:00,2028.45,2029.44,2023.76,2026.84,1339.5631
2026-03-28 16:00:00,2026.84,2029.88,2024.91,2028.08,1298.6215
2026-03-28 16:15:00,2028.07,2030.23,2025.86,2028.75,1368.1871
2026-03-28 16:30:00,2028.74,2028.75,2023.36,2024.06,978.9171
2026-03-28 16:45:00,2024.06,2025.93,2021.68,2024.78,1244.2013
2026-03-28 17:00:00,2024.79,2027.15,2022.59,2024.02,879.6735
2026-03-28 17:15:00,2024.02,2024.03,2020.49,2021.31,845.5142
2026-03-28 17:30:00,2021.31,2025.02,2016.5,2021.37,2727.7329
2026-03-28 17:45:00,2021.37,2021.78,2019.21,2020.84,404.793
2026-03-28 18:00:00,2020.84,2024.66,2020.37,2024.55,474.7485
2026-03-28 18:15:00,2024.54,2024.55,2021.89,2022.19,507.6505
2026-03-28 18:30:00,2022.19,2023.55,2020.68,2023.55,398.1143
2026-03-28 18:45:00,2023.54,2023.54,2021.45,2021.8,250.1271
2026-03-28 19:00:00,2021.79,2022.81,2017.01,2018.76,514.1252
2026-03-28 19:15:00,2018.77,2020.52,2017.99,2020.09,286.1825
2026-03-28 19:30:00,2020.09,2020.76,2019.35,2019.71,191.0426
2026-03-28 19:45:00,2019.71,2020.57,2019.12,2020.56,340.9191
2026-03-28 20:00:00,2020.57,2026.04,2020.56,2025.74,1262.2466
2026-03-28 20:15:00,2025.73,2026.48,2023.2,2023.49,472.0599
2026-03-28 20:30:00,2023.5,2025.83,2022.26,2022.64,503.8958
2026-03-28 20:45:00,2022.65,2024.71,2022.65,2024.59,208.4756
2026-03-28 21:00:00,2024.6,2025.56,2019.97,2022.44,849.9431
2026-03-28 21:15:00,2022.44,2022.79,2018.59,2019.64,755.0388
2026-03-28 21:30:00,2019.64,2019.93,2016.8,2019.5,614.5865
2026-03-28 21:45:00,2019.5,2019.51,2006.69,2009.61,3696.1026
2026-03-28 22:00:00,2009.61,2011.96,2005.88,2006.24,1920.6425
2026-03-28 22:15:00,2006.24,2012.95,2005.38,2011.52,1374.2542
2026-03-28 22:30:00,2011.52,2011.89,2008.92,2009.61,382.1596
2026-03-28 22:45:00,2009.62,2013.14,2009.61,2011.89,749.1377
2026-03-28 23:00:00,2011.88,2011.88,1989.64,1995.2,5806.824
2026-03-28 23:15:00,1995.2,1997.42,1990.03,1996.33,1689.2211
2026-03-28 23:30:00,1996.34,1999.43,1995.0,1995.26,1029.4147
2026-03-28 23:45:00,1995.26,1996.07,1992.64,1994.74,1045.2504
2026-03-29 00:00:00,1994.74,1997.89,1993.89,1995.63,659.8843
2026-03-29 00:15:00,1995.63,1998.81,1991.52,1993.85,1213.433
2026-03-29 00:30:00,1993.85,1996.95,1992.64,1994.6,858.8046
2026-03-29 00:45:00,1994.6,2000.0,1994.52,1999.16,1309.9028
2026-03-29 01:00:00,1999.16,2007.61,1997.78,2004.24,2230.7395
2026-03-29 01:15:00,2004.23,2006.0,2002.85,2004.19,651.1324
2026-03-29 01:30:00,2004.19,2004.7,1999.21,2002.33,880.8592
2026-03-29 01:45:00,2002.32,2005.28,2000.06,2005.08,616.4641
2026-03-29 02:00:00,2005.09,2006.3,2003.62,2006.05,1204.3435
2026-03-29 02:15:00,2006.04,2007.47,2004.72,2005.28,623.3878
2026-03-29 02:30:00,2005.28,2007.54,2002.55,2006.61,863.428
2026-03-29 02:45:00,2006.61,2010.55,2005.86,2008.93,967.3947
2026-03-29 03:00:00,2008.93,2009.65,2007.46,2007.82,676.2651
2026-03-29 03:15:00,2007.82,2019.65,2007.04,2013.73,2932.757
2026-03-29 03:30:00,2013.74,2014.73,2011.14,2011.92,522.3277
2026-03-29 03:45:00,2011.92,2012.16,2010.61,2011.1,402.1371
2026-03-29 04:00:00,2011.1,2012.72,2009.46,2012.16,597.7953
2026-03-29 04:15:00,2012.16,2012.16,2005.64,2006.14,1196.3676
2026-03-29 04:30:00,2006.14,2007.59,2004.23,2005.65,804.0105
2026-03-29 04:45:00,2005.65,2006.74,2004.62,2005.85,377.5241
2026-03-29 05:00:00,2005.84,2006.3,2000.69,2001.9,728.5714
2026-03-29 05:15:00,2001.89,2002.47,1997.67,2000.35,1219.1923
2026-03-29 05:30:00,2000.35,2002.55,2000.34,2001.74,334.7071
2026-03-29 05:45:00,2001.75,2007.27,2001.63,2005.31,1039.5039
2026-03-29 06:00:00,2005.31,2008.33,2005.02,2005.03,381.2032
2026-03-29 06:15:00,2005.03,2006.91,2000.02,2001.99,805.6234
2026-03-29 06:30:00,2002.0,2004.01,2001.56,2003.61,853.9232
2026-03-29 06:45:00,2003.61,2006.95,2003.57,2004.98,412.849
2026-03-29 07:00:00,2004.98,2004.98,2000.04,2002.74,803.0317
2026-03-29 07:15:00,2002.73,2004.2,2001.62,2004.2,694.2856
2026-03-29 07:30:00,2004.19,2005.65,2003.05,2004.09,1289.086
2026-03-29 07:45:00,2004.09,2009.91,2002.84,2006.14,1290.7854
2026-03-29 08:00:00,2006.14,2007.5,2002.66,2003.74,860.8559
2026-03-29 08:15:00,2003.74,2005.02,2002.94,2004.92,619.7091
2026-03-29 08:30:00,2004.93,2006.4,2004.92,2005.35,494.8731
2026-03-29 08:45:00,2005.35,2005.79,2003.28,2004.26,609.7301
2026-03-29 09:00:00,2004.26,2005.42,2000.29,2003.64,862.322
2026-03-29 09:15:00,2003.64,2004.84,2001.03,2002.36,379.7734
2026-03-29 09:30:00,2002.36,2003.73,1994.5,1998.69,3452.6385
2026-03-29 09:45:00,1998.7,2000.55,1998.7,1999.21,506.221
2026-03-29 10:00:00,1999.2,1999.2,1995.35,1996.48,896.6921
2026-03-29 10:15:00,1996.48,1996.58,1991.9,1994.05,1176.9663
2026-03-29 10:30:00,1994.05,1996.57,1991.98,1995.83,730.6808
2026-03-29 10:45:00,1995.84,1997.83,1995.81,1995.89,625.0914
2026-03-29 11:00:00,1995.9,2007.66,1995.22,2002.76,1536.8356
2026-03-29 11:15:00,2002.76,2004.89,2000.8,2003.82,852.8322
2026-03-29 11:30:00,2003.81,2006.7,2003.05,2006.06,606.1954
2026-03-29 11:45:00,2006.06,2008.16,2002.47,2003.78,856.4062
2026-03-29 12:00:00,2003.78,2004.9,2001.99,2002.39,570.3121
2026-03-29 12:15:00,2002.38,2003.33,2001.54,2002.69,556.5263
2026-03-29 12:30:00,2002.7,2003.66,1997.82,1999.08,1105.395
2026-03-29 12:45:00,1999.09,2003.11,1998.68,2001.68,490.1656
2026-03-29 13:00:00,2001.68,2002.14,1983.56,1989.65,5272.2853
2026-03-29 13:15:00,1989.66,1993.41,1987.06,1991.17,1342.5576
2026-03-29 13:30:00,1991.16,1993.4,1990.31,1992.05,698.788
2026-03-29 13:45:00,1992.04,1992.6,1985.88,1987.09,1947.4691
2026-03-29 14:00:00,1987.09,2002.35,1983.99,1995.45,3945.7168
2026-03-29 14:15:00,1995.45,1996.15,1991.0,1992.15,1191.4407
2026-03-29 14:30:00,1992.14,1995.12,1991.45,1995.11,610.4948
2026-03-29 14:45:00,1995.12,1995.12,1991.25,1994.17,998.3168
2026-03-29 15:00:00,1994.17,1998.98,1989.43,1993.62,2855.2212
2026-03-29 15:15:00,1993.62,1998.0,1986.32,1989.63,2005.8978
2026-03-29 15:30:00,1989.63,1991.77,1987.76,1990.93,932.1242
2026-03-29 15:45:00,1990.94,1994.32,1990.23,1992.97,709.9573
2026-03-29 16:00:00,1992.98,1994.73,1992.03,1993.3,876.811
2026-03-29 16:15:00,1993.3,2003.61,1992.83,2001.0,3469.6278
2026-03-29 16:30:00,2001.0,2001.0,1997.1,1997.37,1222.3899
2026-03-29 16:45:00,1997.36,1999.67,1996.67,1997.82,922.0329
2026-03-29 17:00:00,1997.82,2000.21,1993.08,1994.14,1030.6713
2026-03-29 17:15:00,1994.15,1994.15,1987.6,1990.4,2427.0991
2026-03-29 17:30:00,1990.4,1997.42,1989.82,1996.76,710.8626
2026-03-29 17:45:00,1996.76,1996.82,1994.79,1995.1,513.597
2026-03-29 18:00:00,1995.11,1996.21,1991.79,1993.92,636.01
2026-03-29 18:15:00,1993.91,1995.98,1991.58,1993.59,733.4204
2026-03-29 18:30:00,1993.59,2002.0,1993.35,1998.61,1233.6194
2026-03-29 18:45:00,1998.61,1998.96,1996.16,1997.33,911.917
2026-03-29 19:00:00,1997.33,1998.25,1996.08,1998.08,402.5961
2026-03-29 19:15:00,1998.07,2000.11,1997.0,1997.61,488.0795
2026-03-29 19:30:00,1997.62,1999.41,1994.36,1995.26,886.7109
2026-03-29 19:45:00,1995.25,1996.71,1994.62,1995.89,498.5909
2026-03-29 20:00:00,1995.89,1999.4,1995.84,1997.32,732.6175
2026-03-29 20:15:00,1997.33,2009.48,1997.08,2006.16,2406.9186
2026-03-29 20:30:00,2006.17,2006.84,2001.63,2001.64,727.8933
2026-03-29 20:45:00,2001.64,2002.5,2000.6,2002.5,396.5875
2026-03-29 21:00:00,2002.49,2005.04,2001.5,2002.2,739.1919
2026-03-29 21:15:00,2002.2,2005.51,2001.54,2004.08,627.0543
2026-03-29 21:30:00,2004.09,2007.24,2003.52,2004.68,688.8594
2026-03-29 21:45:00,2004.68,2007.01,2004.05,2006.51,475.2807
2026-03-29 22:00:00,2006.51,2006.51,1988.32,1992.35,3801.8144
2026-03-29 22:15:00,1992.35,1998.03,1991.82,1994.64,1398.8435
2026-03-29 22:30:00,1994.65,1995.2,1964.0,1966.91,14945.3895
2026-03-29 22:45:00,1966.94,1977.45,1938.82,1973.99,29877.7681
2026-03-29 23:00:00,1973.99,1994.67,1973.63,1986.29,8033.105
2026-03-29 23:15:00,1986.29,1993.78,1981.49,1983.29,4741.7111
2026-03-29 23:30:00,1983.29,1987.31,1978.74,1985.79,4918.4113
2026-03-29 23:45:00,1985.8,1991.59,1975.5,1984.64,5509.0441
2026-03-30 00:00:00,1984.65,1986.96,1980.28,1983.62,3054.6502
2026-03-30 00:15:00,1983.63,2023.73,1981.83,2007.74,17250.7808
2026-03-30 00:30:00,2007.75,2013.32,1994.88,1998.73,4328.2199
2026-03-30 00:45:00,1998.73,2001.94,1991.84,1997.25,2858.4054
2026-03-30 01:00:00,1997.27,2007.72,1997.19,2001.2,2771.7216
2026-03-30 01:15:00,2001.22,2011.04,1998.68,2007.66,2528.5365
2026-03-30 01:30:00,2007.67,2013.22,2006.16,2010.26,2213.8572
2026-03-30 01:45:00,2010.22,2016.33,2009.26,2010.43,2151.2286
2026-03-30 02:00:00,2010.44,2019.55,2008.65,2018.81,2656.983
2026-03-30 02:15:00,2018.82,2021.5,2012.71,2014.42,2147.3955
2026-03-30 02:30:00,2014.42,2020.21,2007.53,2019.19,2444.6653
2026-03-30 02:45:00,2019.19,2043.5,2018.8,2029.93,16281.709
2026-03-30 03:00:00,2029.93,2033.79,2027.5,2029.59,2871.5053
2026-03-30 03:15:00,2029.58,2039.87,2028.87,2037.69,3221.3747
2026-03-30 03:30:00,2037.7,2038.86,2033.74,2035.62,1527.1487
2026-03-30 03:45:00,2035.61,2042.07,2034.31,2035.88,1721.4045
2026-03-30 04:00:00,2035.88,2048.35,2035.88,2044.39,4551.4462
2026-03-30 04:15:00,2044.38,2053.0,2042.49,2046.85,4188.8693
2026-03-30 04:30:00,2046.86,2050.86,2043.21,2044.0,1990.6786
2026-03-30 04:45:00,2044.01,2050.5,2043.46,2048.39,1724.1973
2026-03-30 05:00:00,2048.39,2058.96,2048.15,2053.44,6879.5194
2026-03-30 05:15:00,2053.44,2056.48,2052.53,2054.56,3356.4644
2026-03-30 05:30:00,2054.56,2056.62,2048.77,2050.76,2764.787
2026-03-30 05:45:00,2050.75,2051.68,2045.14,2047.84,3018.1689
2026-03-30 06:00:00,2047.84,2052.0,2045.0,2045.39,2838.7559
2026-03-30 06:15:00,2045.38,2046.67,2043.29,2045.35,2726.8103
2026-03-30 06:30:00,2045.34,2048.06,2044.12,2047.46,1177.3462
2026-03-30 06:45:00,2047.45,2049.36,2041.19,2042.46,1761.3177
2026-03-30 07:00:00,2042.46,2049.31,2041.75,2046.99,1285.9003
2026-03-30 07:15:00,2046.99,2048.06,2043.78,2044.49,1169.1904
2026-03-30 07:30:00,2044.5,2046.47,2041.54,2043.66,1537.983
2026-03-30 07:45:00,2043.66,2068.28,2043.66,2059.58,11289.4785
2026-03-30 08:00:00,2059.58,2067.21,2058.15,2063.09,5948.9635
2026-03-30 08:15:00,2063.09,2065.58,2059.21,2060.0,3705.3412
2026-03-30 08:30:00,2060.0,2075.0,2060.0,2066.62,5229.0176
2026-03-30 08:45:00,2066.62,2068.41,2062.32,2062.33,1922.4716
2026-03-30 09:00:00,2062.32,2063.13,2059.13,2059.58,1674.0595
2026-03-30 09:15:00,2059.57,2062.49,2055.69,2056.45,2753.3058
2026-03-30 09:30:00,2056.46,2057.62,2053.87,2055.77,2028.0654
2026-03-30 09:45:00,2055.76,2057.17,2054.02,2055.16,1186.6804
2026-03-30 10:00:00,2055.16,2056.0,2052.2,2053.53,1730.4107
2026-03-30 10:15:00,2053.54,2058.0,2052.95,2053.93,1335.9929
2026-03-30 10:30:00,2053.93,2054.0,2048.14,2051.41,2080.5445
2026-03-30 10:45:00,2051.4,2058.3,2050.9,2057.78,1739.7208
2026-03-30 11:00:00,2057.78,2063.2,2057.78,2060.55,2077.1808
2026-03-30 11:15:00,2060.55,2081.65,2059.8,2066.46,9940.6007
2026-03-30 11:30:00,2066.46,2072.7,2065.29,2065.99,4371.628
2026-03-30 11:45:00,2066.0,2075.05,2064.69,2071.28,2903.4853
2026-03-30 12:00:00,2071.29,2076.32,2069.61,2072.68,2200.8452
2026-03-30 12:15:00,2072.68,2074.92,2069.07,2070.85,1798.422
2026-03-30 12:30:00,2070.85,2078.89,2070.85,2074.29,2844.7828
2026-03-30 12:45:00,2074.29,2076.08,2072.19,2074.54,1350.4625
2026-03-30 13:00:00,2074.54,2076.51,2070.76,2073.24,2125.1638
2026-03-30 13:15:00,2073.25,2085.0,2071.58,2073.84,5518.1645
2026-03-30 13:30:00,2073.84,2077.71,2066.78,2068.16,6147.3789
2026-03-30 13:45:00,2068.16,2073.3,2058.17,2060.92,5328.2397
2026-03-30 14:00:00,2060.93,2070.32,2058.16,2068.19,4932.2349
2026-03-30 14:15:00,2068.14,2068.93,2051.34,2053.97,4378.997
2026-03-30 14:30:00,2053.97,2059.54,2044.25,2049.49,9514.1874
2026-03-30 14:45:00,2049.48,2076.16,2047.2,2071.64,8841.1559
2026-03-30 15:00:00,2071.65,2079.92,2065.22,2066.84,4849.6281
2026-03-30 15:15:00,2066.85,2070.75,2061.91,2067.8,2346.9508
2026-03-30 15:30:00,2067.8,2079.51,2065.71,2076.05,3795.1082
2026-03-30 15:45:00,2076.04,2079.61,2071.28,2074.53,4223.4605
2026-03-30 16:00:00,2074.53,2074.99,2066.66,2068.68,3534.0297
2026-03-30 16:15:00,2068.68,2069.5,2062.59,2064.3,2126.7535
2026-03-30 16:30:00,2064.29,2067.51,2061.91,2065.01,2102.8372
2026-03-30 16:45:00,2065.02,2067.36,2058.95,2066.18,3026.5175
2026-03-30 17:00:00,2066.18,2072.18,2059.59,2060.05,3616.6994
2026-03-30 17:15:00,2060.06,2060.41,2032.0,2041.19,9517.5252
2026-03-30 17:30:00,2041.19,2047.01,2036.28,2046.92,5324.9377
2026-03-30 17:45:00,2046.91,2050.42,2040.25,2041.8,2936.1884
2026-03-30 18:00:00,2041.79,2043.94,2034.88,2040.09,2764.044
2026-03-30 18:15:00,2040.08,2044.11,2032.57,2035.88,4381.5709
2026-03-30 18:30:00,2035.89,2041.29,2030.82,2037.2,2910.893
2026-03-30 18:45:00,2037.19,2039.64,2028.04,2032.61,3405.3184
2026-03-30 19:00:00,2032.6,2032.65,2015.0,2019.13,5905.4618
2026-03-30 19:15:00,2019.14,2021.6,2013.33,2016.01,3118.738
2026-03-30 19:30:00,2016.02,2020.55,2014.22,2018.42,3399.0141
2026-03-30 19:45:00,2018.42,2026.8,2016.51,2023.7,2167.8777
2026-03-30 20:00:00,2023.7,2027.78,2023.41,2025.02,1718.88
2026-03-30 20:15:00,2025.03,2026.44,2021.49,2025.62,914.8234
2026-03-30 20:30:00,2025.63,2025.95,2021.14,2024.75,1666.2553
2026-03-30 20:45:00,2024.75,2026.46,2023.07,2023.2,1551.3576
2026-03-30 21:00:00,2023.19,2039.37,2021.16,2038.64,4666.885
2026-03-30 21:15:00,2038.64,2049.1,2035.99,2041.97,6029.3719
2026-03-30 21:30:00,2041.96,2046.69,2041.14,2044.0,1750.6527
2026-03-30 21:45:00,2044.01,2044.59,2035.76,2036.0,1953.4972
2026-03-30 22:00:00,2036.0,2044.22,2032.25,2034.97,2337.993
2026-03-30 22:15:00,2034.96,2039.56,2033.14,2037.12,1137.0607
2026-03-30 22:30:00,2037.12,2037.12,2033.83,2035.51,987.2614
2026-03-30 22:45:00,2035.52,2036.08,2029.51,2033.08,1211.0968
2026-03-30 23:00:00,2033.07,2033.07,2013.92,2021.0,6310.3223
2026-03-30 23:15:00,2021.0,2025.35,2020.0,2024.9,1276.6045
2026-03-30 23:30:00,2024.91,2027.36,2023.16,2026.34,1016.5421
2026-03-30 23:45:00,2026.34,2026.55,2023.15,2026.48,424.2735
2026-03-31 00:00:00,2026.48,2027.81,2016.29,2020.88,1699.2672
2026-03-31 00:15:00,2020.89,2027.34,2017.82,2026.97,2917.7617
2026-03-31 00:30:00,2026.97,2030.45,2023.45,2029.65,2236.1665
2026-03-31 00:45:00,2029.67,2041.04,2029.67,2036.65,4722.6039
2026-03-31 01:00:00,2036.65,2040.16,2032.27,2040.0,2212.4047
2026-03-31 01:15:00,2040.0,2062.8,2040.0,2061.21,7879.1565
2026-03-31 01:30:00,2061.21,2092.34,2058.02,2073.93,24677.7829
2026-03-31 01:45:00,2073.94,2076.88,2069.5,2073.0,3182.6624
2026-03-31 02:00:00,2072.99,2077.48,2067.25,2075.6,3095.0684
2026-03-31 02:15:00,2075.61,2082.92,2075.61,2077.62,2981.614
2026-03-31 02:30:00,2077.62,2079.16,2072.25,2075.09,1934.1306
2026-03-31 02:45:00,2075.08,2079.23,2072.1,2073.09,1797.9574
2026-03-31 03:00:00,2073.08,2076.61,2068.12,2071.81,1968.1137
2026-03-31 03:15:00,2071.82,2073.01,2064.88,2066.92,1636.5471
2026-03-31 03:30:00,2066.92,2069.7,2061.87,2064.09,1690.1068
2026-03-31 03:45:00,2064.09,2069.32,2063.56,2066.71,1870.7964
2026-03-31 04:00:00,2066.71,2070.14,2062.88,2065.77,2513.1315
2026-03-31 04:15:00,2065.77,2072.24,2057.35,2060.45,2957.0839
2026-03-31 04:30:00,2060.45,2062.39,2057.06,2061.62,2724.074
2026-03-31 04:45:00,2061.63,2066.65,2059.89,2060.87,1573.2971
2026-03-31 05:00:00,2060.87,2063.68,2055.2,2056.6,1653.6922
2026-03-31 05:15:00,2056.6,2065.81,2054.77,2064.8,2678.2986
2026-03-31 05:30:00,2064.8,2067.5,2062.76,2065.21,1304.6385
2026-03-31 05:45:00,2065.22,2069.0,2063.01,2064.31,1329.8321
2026-03-31 06:00:00,2064.32,2064.95,2058.34,2059.06,1354.8313
2026-03-31 06:15:00,2059.05,2060.49,2055.48,2057.6,2115.0227
2026-03-31 06:30:00,2057.61,2060.6,2055.2,2058.79,2371.4695
2026-03-31 06:45:00,2058.78,2063.09,2058.74,2062.33,1263.1662
2026-03-31 07:00:00,2062.33,2062.91,2050.0,2051.33,3587.8452
2026-03-31 07:15:00,2051.33,2052.16,2042.31,2050.47,4245.9759
2026-03-31 07:30:00,2050.46,2054.45,2048.58,2053.08,1865.5771
2026-03-31 07:45:00,2053.07,2057.37,2053.07,2055.97,1311.646
2026-03-31 08:00:00,2055.98,2059.16,2051.5,2054.05,1757.2307
2026-03-31 08:15:00,2054.05,2059.2,2052.34,2054.42,1483.287
2026-03-31 08:30:00,2054.43,2054.43,2039.44,2041.1,3633.3208
2026-03-31 08:45:00,2041.11,2044.1,2036.03,2040.1,3400.5071
2026-03-31 09:00:00,2040.11,2044.5,2033.0,2037.59,5265.2473
2026-03-31 09:15:00,2037.59,2038.59,2023.16,2026.39,9213.2393
2026-03-31 09:30:00,2026.4,2032.05,2025.0,2030.56,3244.5892
2026-03-31 09:45:00,2030.57,2030.69,2012.64,2018.37,5085.1615
2026-03-31 10:00:00,2018.37,2025.51,2017.18,2025.1,2278.2621
2026-03-31 10:15:00,2025.1,2028.8,2023.79,2026.22,1950.4521
2026-03-31 10:30:00,2026.21,2027.52,2021.01,2023.87,2260.8943
2026-03-31 10:45:00,2023.87,2030.28,2023.24,2026.5,3263.5745
2026-03-31 11:00:00,2026.5,2035.97,2023.0,2033.79,6775.9392
2026-03-31 11:15:00,2033.78,2042.52,2032.05,2038.0,6972.6728
2026-03-31 11:30:00,2038.0,2044.51,2036.3,2042.35,3635.7778
2026-03-31 11:45:00,2042.35,2042.36,2037.31,2041.2,2559.382
2026-03-31 12:00:00,2041.21,2047.32,2036.95,2037.79,4104.7173
2026-03-31 12:15:00,2037.78,2052.82,2035.02,2051.54,4255.3654
2026-03-31 12:30:00,2051.54,2057.92,2049.02,2056.23,3235.8056
2026-03-31 12:45:00,2056.24,2057.74,2045.4,2047.78,3671.4683
2026-03-31 13:00:00,2047.78,2060.64,2047.78,2060.13,3394.0439
2026-03-31 13:15:00,2060.13,2065.0,2056.48,2058.39,2607.7025
2026-03-31 13:30:00,2058.39,2069.44,2057.52,2063.09,6514.6093
2026-03-31 13:45:00,2063.1,2079.88,2063.1,2075.37,8294.237
2026-03-31 14:00:00,2075.37,2085.0,2068.17,2079.16,9866.459
2026-03-31 14:15:00,2079.16,2092.0,2078.83,2086.69,11117.5618
2026-03-31 14:30:00,2086.69,2088.72,2063.44,2068.68,6191.208
2026-03-31 14:45:00,2068.68,2068.68,2037.58,2045.94,11278.6237
2026-03-31 15:00:00,2045.94,2077.81,2045.65,2075.47,8806.3951
2026-03-31 15:15:00,2075.47,2076.85,2058.91,2060.51,5771.6719
2026-03-31 15:30:00,2060.5,2067.34,2056.69,2059.22,3473.2038
2026-03-31 15:45:00,2059.22,2064.93,2053.51,2054.85,3366.3756
2026-03-31 16:00:00,2054.85,2066.83,2054.29,2064.48,3551.2823
2026-03-31 16:15:00,2064.47,2071.08,2062.37,2066.24,1848.3444
2026-03-31 16:30:00,2066.23,2108.52,2061.42,2094.48,25399.1544
2026-03-31 16:45:00,2094.48,2103.64,2085.49,2091.7,15752.6021
2026-03-31 17:00:00,2091.7,2116.42,2088.88,2114.16,15843.6983
2026-03-31 17:15:00,2114.16,2124.03,2107.43,2108.08,14900.7594
2026-03-31 17:30:00,2108.07,2113.98,2094.5,2099.33,9948.7684
2026-03-31 17:45:00,2099.32,2103.15,2090.22,2093.36,10159.7512
2026-03-31 18:00:00,2093.35,2108.45,2093.35,2108.01,5373.652
2026-03-31 18:15:00,2108.0,2115.14,2096.84,2102.43,7192.6113
2026-03-31 18:30:00,2102.43,2106.15,2098.01,2100.49,3341.4173
2026-03-31 18:45:00,2100.49,2103.99,2096.93,2099.89,2823.0806
2026-03-31 19:00:00,2099.88,2104.0,2097.98,2101.76,2169.3379
2026-03-31 19:15:00,2101.75,2104.0,2096.64,2098.21,2691.0305
2026-03-31 19:30:00,2098.21,2100.2,2092.23,2096.36,2377.0071
2026-03-31 19:45:00,2096.36,2099.65,2092.73,2096.54,2699.7676
2026-03-31 20:00:00,2096.54,2106.58,2096.32,2106.03,3313.3172
2026-03-31 20:15:00,2106.03,2106.88,2101.98,2103.71,1671.8795
2026-03-31 20:30:00,2103.71,2107.9,2101.52,2104.61,2233.8031
2026-03-31 20:45:00,2104.61,2111.01,2103.09,2107.66,2175.9391
2026-03-31 21:00:00,2107.66,2107.68,2095.29,2097.37,3036.0942
2026-03-31 21:15:00,2097.38,2100.58,2093.12,2100.1,2248.832
2026-03-31 21:30:00,2100.11,2103.74,2099.32,2101.35,1987.0198
2026-03-31 21:45:00,2101.36,2109.03,2099.47,2102.63,2146.0577
2026-03-31 22:00:00,2102.64,2104.27,2094.07,2100.1,2177.5952
2026-03-31 22:15:00,2100.09,2102.13,2096.96,2096.96,1385.6849
2026-03-31 22:30:00,2096.95,2099.79,2088.35,2097.4,3044.6427
2026-03-31 22:45:00,2097.4,2097.41,2093.59,2096.51,1591.2423
2026-03-31 23:00:00,2096.52,2100.2,2093.21,2096.84,1828.9946
2026-03-31 23:15:00,2096.84,2106.09,2095.23,2100.51,3123.1701
2026-03-31 23:30:00,2100.5,2105.62,2100.09,2105.12,1377.5848
2026-03-31 23:45:00,2105.13,2108.66,2101.06,2105.43,2403.0724
2026-04-01 00:00:00,2105.43,2106.88,2100.57,2102.25,2720.4259
2026-04-01 00:15:00,2102.26,2107.85,2097.32,2101.25,2411.2015
2026-04-01 00:30:00,2101.26,2103.52,2096.89,2103.51,1566.0341
2026-04-01 00:45:00,2103.51,2117.79,2100.57,2114.72,4622.8109
2026-04-01 01:00:00,2114.73,2115.83,2104.74,2107.41,2330.6254
2026-04-01 01:15:00,2107.42,2107.42,2099.85,2099.87,2465.596
2026-04-01 01:30:00,2099.88,2102.48,2091.4,2096.72,4150.022
2026-04-01 01:45:00,2096.73,2097.25,2092.18,2092.95,1620.0098
2026-04-01 02:00:00,2092.94,2096.38,2088.7,2092.56,1870.7334
2026-04-01 02:15:00,2092.55,2096.0,2082.08,2085.52,3275.5154
2026-04-01 02:30:00,2085.53,2090.8,2082.8,2088.17,1829.5915
2026-04-01 02:45:00,2088.17,2091.47,2086.35,2088.45,1526.8376
2026-04-01 03:00:00,2088.46,2106.88,2088.46,2101.24,3568.6315
2026-04-01 03:15:00,2101.24,2102.64,2096.86,2098.46,1493.6557
2026-04-01 03:30:00,2098.47,2101.53,2095.63,2100.72,889.7383
2026-04-01 03:45:00,2100.72,2106.88,2100.72,2102.91,1634.5693
2026-04-01 04:00:00,2102.91,2105.13,2100.35,2101.83,1675.7201
2026-04-01 04:15:00,2101.82,2110.65,2100.72,2110.29,2495.1958
2026-04-01 04:30:00,2110.28,2111.93,2107.94,2109.95,1469.6157
2026-04-01 04:45:00,2109.95,2116.46,2109.06,2111.26,2069.2379
2026-04-01 05:00:00,2111.26,2115.29,2106.42,2113.65,1813.9571
2026-04-01 05:15:00,2113.64,2137.35,2112.52,2127.49,12445.0237
2026-04-01 05:30:00,2127.5,2131.46,2123.5,2125.64,3438.3084
2026-04-01 05:45:00,2125.64,2128.25,2122.51,2122.67,2377.9338
2026-04-01 06:00:00,2122.67,2144.0,2122.57,2138.22,8990.6217
2026-04-01 06:15:00,2138.21,2144.93,2135.1,2143.87,6282.9787
2026-04-01 06:30:00,2143.87,2155.19,2141.6,2154.92,10388.3596
2026-04-01 06:45:00,2154.91,2156.23,2146.84,2151.23,4986.707
2026-04-01 07:00:00,2151.24,2158.0,2146.91,2149.66,6360.1869
2026-04-01 07:15:00,2149.65,2149.88,2137.71,2139.34,5397.6923
2026-04-01 07:30:00,2139.34,2141.87,2137.5,2139.5,3014.27
2026-04-01 07:45:00,2139.5,2140.25,2130.2,2131.0,4973.2131
2026-04-01 08:00:00,2131.0,2136.18,2125.0,2126.48,5869.9442
2026-04-01 08:15:00,2126.47,2137.33,2125.88,2136.3,3330.0669
2026-04-01 08:30:00,2136.3,2142.74,2135.0,2139.87,3916.6007
2026-04-01 08:45:00,2139.87,2142.93,2132.39,2136.96,5269.1565
2026-04-01 09:00:00,2136.95,2140.46,2131.5,2133.5,2576.6441
2026-04-01 09:15:00,2133.51,2135.26,2128.12,2133.71,2680.6279
2026-04-01 09:30:00,2133.7,2136.6,2128.47,2130.39,5707.261
2026-04-01 09:45:00,2130.41,2138.34,2130.41,2136.39,2693.1862
2026-04-01 10:00:00,2136.4,2137.93,2131.08,2131.08,1623.3662
2026-04-01 10:15:00,2131.08,2134.99,2130.26,2130.83,2246.3211
2026-04-01 10:30:00,2130.84,2132.88,2126.28,2131.1,2064.96
2026-04-01 10:45:00,2131.1,2136.26,2128.19,2132.65,1775.3709
2026-04-01 11:00:00,2132.64,2139.37,2130.71,2137.29,1757.0106
2026-04-01 11:15:00,2137.29,2137.55,2131.96,2134.03,1857.3304
2026-04-01 11:30:00,2134.03,2136.95,2132.26,2136.01,1489.2992
2026-04-01 11:45:00,2136.0,2136.95,2133.81,2135.32,1377.1065
2026-04-01 12:00:00,2135.32,2136.58,2129.22,2134.23,3712.0994
2026-04-01 12:15:00,2134.23,2136.61,2131.47,2132.85,1121.6629
2026-04-01 12:30:00,2132.85,2152.0,2121.95,2142.15,7543.5986
2026-04-01 12:45:00,2142.15,2142.94,2127.55,2130.82,9040.1004
2026-04-01 13:00:00,2130.82,2131.61,2113.56,2127.57,9885.4429
2026-04-01 13:15:00,2127.58,2134.49,2127.5,2133.07,3256.1549
2026-04-01 13:30:00,2133.08,2135.31,2108.72,2116.33,8569.5449
2026-04-01 13:45:00,2116.33,2124.35,2111.5,2119.28,7046.1872
2026-04-01 14:00:00,2119.27,2123.72,2114.05,2121.58,5529.5816
2026-04-01 14:15:00,2121.59,2128.17,2120.58,2125.43,3778.1084
2026-04-01 14:30:00,2125.44,2129.92,2115.37,2121.38,4890.071
2026-04-01 14:45:00,2121.39,2130.6,2119.15,2126.81,2464.8972
2026-04-01 15:00:00,2126.82,2131.33,2123.48,2124.79,2190.2902
2026-04-01 15:15:00,2124.8,2137.72,2122.2,2131.5,3780.9436
2026-04-01 15:30:00,2131.5,2135.0,2129.26,2131.93,2540.9534
2026-04-01 15:45:00,2131.93,2137.58,2131.93,2135.04,1911.3764
2026-04-01 16:00:00,2135.04,2135.66,2125.0,2127.13,3552.2979
2026-04-01 16:15:00,2127.12,2139.9,2126.0,2136.05,2864.7379
2026-04-01 16:30:00,2136.05,2152.51,2132.92,2150.12,8900.0303
2026-04-01 16:45:00,2150.11,2150.46,2144.4,2146.09,4335.0669
2026-04-01 17:00:00,2146.1,2167.85,2145.86,2152.55,14300.4746
2026-04-01 17:15:00,2152.56,2156.87,2140.24,2141.76,6891.4757
2026-04-01 17:30:00,2141.77,2145.22,2134.09,2140.39,4489.0728
2026-04-01 17:45:00,2140.4,2140.83,2133.96,2137.21,2933.9267
2026-04-01 18:00:00,2137.21,2137.87,2123.58,2131.29,6542.2375
2026-04-01 18:15:00,2131.29,2133.08,2125.43,2127.56,3240.7479
2026-04-01 18:30:00,2127.55,2135.03,2125.62,2132.31,2804.2172
2026-04-01 18:45:00,2132.31,2132.84,2125.85,2129.23,2317.1987
2026-04-01 19:00:00,2129.23,2134.39,2128.81,2130.85,1850.8208
2026-04-01 19:15:00,2130.85,2142.15,2128.0,2142.08,2585.3801
2026-04-01 19:30:00,2142.04,2142.96,2135.0,2138.89,2843.183
2026-04-01 19:45:00,2138.89,2145.48,2138.68,2141.43,4188.1986
2026-04-01 20:00:00,2141.43,2143.44,2130.7,2136.73,2812.2278
2026-04-01 20:15:00,2136.74,2139.84,2133.72,2133.89,1089.3429
2026-04-01 20:30:00,2133.9,2141.74,2131.42,2141.27,2814.5991
2026-04-01 20:45:00,2141.28,2147.67,2140.97,2143.92,1872.2007
2026-04-01 21:00:00,2143.92,2155.57,2143.32,2151.61,6363.0094
2026-04-01 21:15:00,2151.61,2160.51,2149.97,2155.8,3944.5503
2026-04-01 21:30:00,2155.8,2159.1,2155.58,2156.41,7907.2831
2026-04-01 21:45:00,2156.41,2165.42,2151.95,2156.89,15301.0422
2026-04-01 22:00:00,2156.89,2158.8,2147.5,2151.09,11518.8812
2026-04-01 22:15:00,2151.09,2151.1,2143.0,2147.51,10171.9113
2026-04-01 22:30:00,2147.51,2149.25,2143.26,2145.53,6794.4899
2026-04-01 22:45:00,2145.53,2146.67,2137.4,2139.95,7850.7348
2026-04-01 23:00:00,2139.96,2146.0,2139.08,2142.1,1940.9639
2026-04-01 23:15:00,2142.09,2143.11,2138.83,2140.54,1448.2949
2026-04-01 23:30:00,2140.53,2144.23,2135.5,2142.2,1879.9517
2026-04-01 23:45:00,2142.2,2142.65,2137.39,2140.35,1228.5426
2026-04-02 00:00:00,2140.35,2141.81,2136.09,2140.17,2505.8924
2026-04-02 00:15:00,2140.17,2143.15,2137.0,2138.32,1647.677
2026-04-02 00:30:00,2138.32,2157.21,2137.64,2153.93,4741.9533
2026-04-02 00:45:00,2153.92,2159.37,2150.0,2156.14,3346.8423
2026-04-02 01:00:00,2156.14,2156.15,2121.16,2140.74,18244.962
2026-04-02 01:15:00,2140.73,2140.74,2105.88,2112.43,16398.3136
2026-04-02 01:30:00,2112.4,2112.4,2092.05,2092.18,9625.7774
2026-04-02 01:45:00,2092.19,2102.46,2090.0,2100.03,5837.9003
2026-04-02 02:00:00,2100.02,2100.02,2078.55,2079.06,8261.7522
2026-04-02 02:15:00,2079.06,2087.72,2078.32,2082.65,5329.0555
2026-04-02 02:30:00,2082.66,2088.89,2065.09,2066.34,8339.698
2026-04-02 02:45:00,2066.34,2076.16,2065.0,2073.89,3401.3233
2026-04-02 03:00:00,2073.9,2076.67,2067.45,2069.66,2803.8845
2026-04-02 03:15:00,2069.66,2076.03,2064.92,2074.19,3097.1628
2026-04-02 03:30:00,2074.19,2075.36,2046.48,2054.47,12379.9103
2026-04-02 03:45:00,2054.47,2057.94,2052.18,2056.33,2822.4144
2026-04-02 04:00:00,2056.33,2058.45,2052.64,2053.83,2450.1129
2026-04-02 04:15:00,2053.83,2057.59,2047.67,2051.21,3418.4732
2026-04-02 04:30:00,2051.21,2053.29,2042.5,2045.26,4879.6246
2026-04-02 04:45:00,2045.25,2047.51,2041.77,2044.56,2017.0102
2026-04-02 05:00:00,2044.57,2049.2,2038.63,2043.17,3982.4138
2026-04-02 05:15:00,2043.18,2049.19,2043.0,2046.71,2854.9108
2026-04-02 05:30:00,2046.71,2050.01,2043.77,2049.37,2589.2227
2026-04-02 05:45:00,2049.37,2051.38,2046.3,2050.21,1995.3489
2026-04-02 06:00:00,2050.21,2051.32,2045.89,2046.67,2352.2683
2026-04-02 06:15:00,2046.67,2053.71,2045.98,2050.48,5165.0061
2026-04-02 06:30:00,2050.47,2051.16,2045.56,2045.67,2554.8769
2026-04-02 06:45:00,2045.68,2050.51,2045.67,2050.09,1296.8107
2026-04-02 07:00:00,2050.09,2050.76,2044.29,2045.48,1752.8499
2026-04-02 07:15:00,2045.48,2050.5,2045.47,2047.04,1387.3693
2026-04-02 07:30:00,2047.04,2054.1,2046.92,2053.89,3165.4291
2026-04-02 07:45:00,2053.89,2056.76,2053.89,2056.09,4012.4184
2026-04-02 08:00:00,2056.09,2056.09,2050.1,2051.69,2488.9668
2026-04-02 08:15:00,2051.69,2052.43,2047.35,2050.33,2138.9354
2026-04-02 08:30:00,2050.34,2053.25,2046.17,2046.47,1351.5255
2026-04-02 08:45:00,2046.47,2048.11,2045.36,2046.29,1608.2936
2026-04-02 09:00:00,2046.3,2047.53,2039.27,2043.69,4129.8914
2026-04-02 09:15:00,2043.7,2048.14,2042.04,2046.63,2479.9425
2026-04-02 09:30:00,2046.63,2047.6,2043.16,2044.8,1991.5319
2026-04-02 09:45:00,2044.8,2044.98,2042.46,2044.0,737.6533
2026-04-02 10:00:00,2044.0,2045.05,2032.85,2034.58,4411.1512
2026-04-02 10:15:00,2034.59,2037.21,2032.54,2036.01,2002.3714
2026-04-02 10:30:00,2036.01,2040.5,2035.23,2039.9,1811.1246
2026-04-02 10:45:00,2039.89,2040.07,2037.65,2038.79,1212.6246
2026-04-02 11:00:00,2038.8,2040.28,2031.44,2032.18,1935.3463
2026-04-02 11:15:00,2032.18,2038.0,2024.73,2037.6,4199.748
2026-04-02 11:30:00,2037.59,2038.9,2032.2,2034.45,1147.5905
2026-04-02 11:45:00,2034.46,2036.04,2032.26,2033.01,1130.2747
2026-04-02 12:00:00,2033.02,2033.25,2026.54,2029.53,2500.4766
2026-04-02 12:15:00,2029.54,2034.03,2024.42,2031.12,4971.0999
2026-04-02 12:30:00,2031.12,2032.06,2028.0,2031.02,1946.5509
2026-04-02 12:45:00,2031.02,2032.74,2026.11,2026.98,1869.6935
2026-04-02 13:00:00,2026.98,2030.5,2020.01,2022.26,3649.5154
2026-04-02 13:15:00,2022.26,2033.81,2020.46,2030.64,3525.2982
2026-04-02 13:30:00,2030.64,2033.63,2017.04,2020.33,6988.1177
2026-04-02 13:45:00,2020.32,2041.02,2018.87,2038.81,7688.1288
2026-04-02 14:00:00,2038.81,2042.57,2032.99,2039.32,9198.514
2026-04-02 14:15:00,2039.33,2049.28,2037.2,2038.47,9477.8788
2026-04-02 14:30:00,2038.48,2071.56,2038.0,2070.83,14340.7743
2026-04-02 14:45:00,2070.83,2072.22,2056.66,2063.82,5666.1948
2026-04-02 15:00:00,2063.82,2067.89,2058.62,2063.7,5025.1811
2026-04-02 15:15:00,2063.7,2063.7,2048.6,2056.13,5497.9174
2026-04-02 15:30:00,2056.14,2065.28,2051.91,2064.7,4449.4055
2026-04-02 15:45:00,2064.7,2065.41,2054.98,2059.6,2026.8012
2026-04-02 16:00:00,2059.59,2061.52,2055.83,2058.22,5937.5057
2026-04-02 16:15:00,2058.22,2059.34,2052.52,2058.11,5796.8166
2026-04-02 16:30:00,2058.11,2077.64,2057.71,2067.8,6307.3334
2026-04-02 16:45:00,2067.81,2071.04,2063.31,2063.31,1554.0825
2026-04-02 17:00:00,2063.32,2066.44,2055.64,2064.93,2338.4089
2026-04-02 17:15:00,2064.93,2072.0,2064.58,2065.86,2578.2191
2026-04-02 17:30:00,2065.85,2066.15,2057.24,2059.18,2286.2801
2026-04-02 17:45:00,2059.19,2059.5,2044.5,2047.23,3945.111
2026-04-02 18:00:00,2047.22,2051.52,2043.65,2047.31,2934.6088
2026-04-02 18:15:00,2047.31,2051.0,2044.56,2044.67,1079.9093
2026-04-02 18:30:00,2044.67,2050.66,2044.67,2049.82,756.6962
2026-04-02 18:45:00,2049.83,2063.0,2049.56,2058.32,3556.1052
2026-04-02 19:00:00,2058.33,2061.11,2056.79,2059.49,1514.1388
2026-04-02 19:15:00,2059.49,2062.42,2056.38,2060.77,1151.3676
2026-04-02 19:30:00,2060.78,2061.85,2054.97,2058.96,1434.9167
2026-04-02 19:45:00,2058.96,2066.66,2057.77,2065.34,1753.4509
2026-04-02 20:00:00,2065.35,2070.69,2061.06,2065.72,2458.1078
2026-04-02 20:15:00,2065.71,2071.59,2065.71,2071.16,1803.2454
2026-04-02 20:30:00,2071.15,2074.16,2068.5,2071.37,1412.8288
2026-04-02 20:45:00,2071.38,2071.61,2067.5,2068.19,1435.9025
2026-04-02 21:00:00,2068.2,2070.46,2056.11,2059.51,2747.0298
2026-04-02 21:15:00,2059.51,2063.5,2058.14,2059.48,1243.904
2026-04-02 21:30:00,2059.47,2062.24,2057.23,2057.97,1138.8005
2026-04-02 21:45:00,2057.98,2063.41,2057.98,2062.98,1065.9103
2026-04-02 22:00:00,2062.99,2064.94,2060.53,2061.84,1404.4231
2026-04-02 22:15:00,2061.84,2064.56,2053.54,2057.15,2043.0532
2026-04-02 22:30:00,2057.15,2062.14,2057.15,2061.29,1172.7988
2026-04-02 22:45:00,2061.29,2061.95,2058.6,2060.03,725.1119
2026-04-02 23:00:00,2060.04,2061.56,2056.0,2057.69,1632.0736
2026-04-02 23:15:00,2057.68,2061.89,2054.75,2055.25,1623.5541
2026-04-02 23:30:00,2055.25,2056.93,2054.0,2055.43,1229.64
2026-04-02 23:45:00,2055.43,2057.66,2054.35,2057.17,554.3128
2026-04-03 00:00:00,2057.18,2059.21,2053.04,2055.69,1427.2463
2026-04-03 00:15:00,2055.7,2059.63,2053.58,2055.05,696.7543
2026-04-03 00:30:00,2055.06,2057.87,2052.46,2053.41,779.4288
2026-04-03 00:45:00,2053.41,2053.42,2050.04,2053.01,755.1286
2026-04-03 01:00:00,2053.01,2055.51,2051.62,2054.39,889.0336
2026-04-03 01:15:00,2054.38,2060.04,2051.19,2059.27,1241.7087
2026-04-03 01:30:00,2059.27,2062.49,2045.62,2048.27,3003.8614
2026-04-03 01:45:00,2048.27,2050.94,2045.4,2050.61,823.0757
2026-04-03 02:00:00,2050.61,2050.61,2044.59,2049.61,3756.6588
2026-04-03 02:15:00,2049.61,2059.73,2048.57,2049.0,1882.8331
2026-04-03 02:30:00,2049.01,2050.0,2040.66,2044.0,4725.7767
2026-04-03 02:45:00,2043.99,2054.54,2043.53,2052.48,3276.4961
2026-04-03 03:00:00,2052.47,2055.8,2050.08,2055.73,1854.9806
2026-04-03 03:15:00,2055.72,2057.22,2051.39,2052.64,1422.8384
2026-04-03 03:30:00,2052.63,2056.41,2051.16,2053.23,716.0349
2026-04-03 03:45:00,2053.23,2055.24,2051.42,2054.23,610.7249
2026-04-03 04:00:00,2054.22,2056.15,2053.07,2055.6,772.8688
2026-04-03 04:15:00,2055.53,2057.8,2051.23,2051.23,924.1376
2026-04-03 04:30:00,2051.23,2052.93,2048.89,2051.78,1005.8378
2026-04-03 04:45:00,2051.78,2056.21,2051.67,2054.53,832.265
2026-04-03 05:00:00,2054.52,2056.5,2053.4,2053.41,1015.9475
2026-04-03 05:15:00,2053.4,2054.14,2047.35,2053.82,1199.7717
2026-04-03 05:30:00,2053.83,2064.58,2053.83,2060.85,3141.3109
2026-04-03 05:45:00,2060.84,2060.99,2055.97,2057.12,1589.4232
2026-04-03 06:00:00,2057.12,2060.21,2054.98,2059.99,1863.7248
2026-04-03 06:15:00,2059.98,2063.3,2058.41,2059.78,1186.0086
2026-04-03 06:30:00,2059.79,2066.61,2057.0,2062.92,2594.4149
2026-04-03 06:45:00,2062.91,2064.4,2061.39,2063.66,1075.1374
2026-04-03 07:00:00,2063.66,2067.8,2062.2,2064.23,1553.3543
2026-04-03 07:15:00,2064.23,2066.03,2062.99,2065.66,764.2928
2026-04-03 07:30:00,2065.66,2075.17,2064.41,2069.07,2983.2836
2026-04-03 07:45:00,2069.06,2069.07,2064.33,2065.85,1969.4786
2026-04-03 08:00:00,2065.84,2072.0,2064.79,2068.25,1146.205
2026-04-03 08:15:00,2068.24,2069.01,2065.47,2066.0,1922.7098
2026-04-03 08:30:00,2066.0,2067.67,2059.0,2060.44,3505.4797
2026-04-03 08:45:00,2060.45,2062.57,2058.89,2060.96,3074.9948
2026-04-03 09:00:00,2060.97,2063.05,2060.47,2061.89,1135.5103
2026-04-03 09:15:00,2061.89,2064.06,2057.03,2059.29,2121.2137
2026-04-03 09:30:00,2059.29,2063.14,2058.46,2062.38,838.1508
2026-04-03 09:45:00,2062.39,2062.52,2058.97,2061.35,726.6823
2026-04-03 10:00:00,2061.35,2061.35,2057.37,2058.6,921.258
2026-04-03 10:15:00,2058.59,2059.9,2055.63,2055.81,1373.1165
2026-04-03 10:30:00,2055.81,2057.5,2053.46,2056.8,893.7677
2026-04-03 10:45:00,2056.79,2060.66,2056.79,2059.9,863.848
2026-04-03 11:00:00,2059.91,2061.24,2058.41,2059.1,629.2677
2026-04-03 11:15:00,2059.1,2061.73,2057.94,2060.73,634.1711
2026-04-03 11:30:00,2060.74,2064.76,2059.91,2063.17,958.2889
2026-04-03 11:45:00,2063.17,2064.23,2061.94,2062.64,652.9639
2026-04-03 12:00:00,2062.64,2063.96,2059.1,2060.91,726.4725
2026-04-03 12:15:00,2060.9,2068.11,2058.75,2067.34,1233.2821
2026-04-03 12:30:00,2067.34,2081.76,2056.6,2058.52,7858.4281
2026-04-03 12:45:00,2058.51,2060.39,2045.08,2049.84,5517.347
2026-04-03 13:00:00,2049.85,2051.18,2042.0,2045.52,2827.9442
2026-04-03 13:15:00,2045.51,2050.0,2044.29,2048.73,1737.8259
2026-04-03 13:30:00,2048.73,2049.23,2045.0,2047.15,1850.0821
2026-04-03 13:45:00,2047.15,2049.28,2041.65,2048.17,1534.4872
2026-04-03 14:00:00,2048.17,2053.14,2045.32,2049.85,1810.6508
2026-04-03 14:15:00,2049.86,2057.12,2047.52,2053.46,1395.3964
2026-04-03 14:30:00,2053.46,2054.06,2048.97,2050.5,1461.5865
2026-04-03 14:45:00,2050.5,2056.96,2050.49,2054.59,1370.5033
2026-04-03 15:00:00,2054.59,2057.77,2053.82,2056.0,1359.5394
2026-04-03 15:15:00,2056.01,2056.01,2051.24,2053.59,934.5696
2026-04-03 15:30:00,2053.6,2054.82,2049.34,2050.48,1658.8198
2026-04-03 15:45:00,2050.47,2052.72,2049.95,2051.26,1455.0401
2026-04-03 16:00:00,2051.26,2053.76,2049.84,2052.84,765.4458
2026-04-03 16:15:00,2052.85,2056.08,2052.08,2055.7,1086.135
2026-04-03 16:30:00,2055.69,2055.69,2051.25,2052.48,1102.6385
2026-04-03 16:45:00,2052.49,2056.54,2051.71,2054.7,1109.7402
2026-04-03 17:00:00,2054.7,2055.4,2052.19,2052.2,706.68
2026-04-03 17:15:00,2052.19,2052.19,2043.78,2047.65,2321.9698
2026-04-03 17:30:00,2047.65,2050.5,2047.64,2049.43,784.8429
2026-04-03 17:45:00,2049.43,2051.3,2047.46,2050.36,398.7654
2026-04-03 18:00:00,2050.36,2051.15,2048.06,2050.07,517.431
2026-04-03 18:15:00,2050.08,2053.34,2049.86,2050.55,545.5207
2026-04-03 18:30:00,2050.56,2053.24,2050.0,2050.94,412.0441
2026-04-03 18:45:00,2050.94,2051.12,2048.6,2049.26,401.5883
2026-04-03 19:00:00,2049.26,2049.7,2045.21,2047.65,708.4929
2026-04-03 19:15:00,2047.64,2050.81,2047.64,2049.01,335.0196
2026-04-03 19:30:00,2049.01,2050.94,2048.5,2050.66,549.8194
2026-04-03 19:45:00,2050.65,2054.11,2050.64,2052.68,955.7093
2026-04-03 20:00:00,2052.69,2054.21,2052.09,2053.7,694.8077
2026-04-03 20:15:00,2053.7,2055.0,2052.17,2052.78,565.7331
2026-04-03 20:30:00,2052.79,2054.36,2052.0,2053.9,851.534
2026-04-03 20:45:00,2053.9,2054.65,2052.66,2052.75,756.2058
2026-04-03 21:00:00,2052.75,2060.92,2052.67,2058.78,2150.4441
2026-04-03 21:15:00,2058.78,2059.37,2056.22,2056.95,1164.6279
2026-04-03 21:30:00,2056.94,2059.65,2056.8,2058.18,915.9012
2026-04-03 21:45:00,2058.17,2059.34,2057.12,2058.42,657.716
2026-04-03 22:00:00,2058.41,2059.72,2054.5,2054.9,915.7715
2026-04-03 22:15:00,2054.91,2056.75,2053.55,2054.88,751.2529
2026-04-03 22:30:00,2054.89,2055.49,2053.7,2054.31,622.2605
2026-04-03 22:45:00,2054.32,2054.41,2049.58,2051.79,1334.7721
2026-04-03 23:00:00,2051.8,2052.62,2050.0,2051.1,1144.1889
2026-04-03 23:15:00,2051.1,2051.54,2049.24,2050.08,605.3021
2026-04-03 23:30:00,2050.08,2052.16,2049.23,2050.88,1077.972
2026-04-03 23:45:00,2050.89,2054.1,2050.88,2053.83,892.865
2026-04-04 00:00:00,2053.83,2053.84,2051.5,2052.6,969.223
2026-04-04 00:15:00,2052.6,2053.79,2051.5,2052.25,214.5401
2026-04-04 00:30:00,2052.24,2053.86,2051.93,2053.56,215.5971
2026-04-04 00:45:00,2053.56,2053.56,2052.08,2052.26,275.8321
2026-04-04 01:00:00,2052.26,2053.8,2050.85,2050.91,337.0898
2026-04-04 01:15:00,2050.9,2051.22,2049.57,2050.29,524.2326
2026-04-04 01:30:00,2050.29,2051.82,2049.8,2050.83,307.1588
2026-04-04 01:45:00,2050.83,2051.9,2050.66,2051.27,513.1429
2026-04-04 02:00:00,2051.27,2053.3,2048.27,2049.73,1064.4371
2026-04-04 02:15:00,2049.72,2049.83,2047.92,2049.21,972.3474
2026-04-04 02:30:00,2049.2,2050.52,2049.14,2049.22,249.5949
2026-04-04 02:45:00,2049.22,2050.13,2048.23,2050.13,298.1408
2026-04-04 03:00:00,2050.13,2052.08,2050.12,2051.69,393.8266
2026-04-04 03:15:00,2051.69,2051.78,2050.62,2050.99,190.9156
2026-04-04 03:30:00,2050.99,2051.15,2049.77,2049.94,324.1688
2026-04-04 03:45:00,2049.95,2050.95,2049.94,2050.05,182.5496
2026-04-04 04:00:00,2050.05,2050.24,2048.6,2048.75,520.9699
2026-04-04 04:15:00,2048.75,2050.78,2048.41,2050.78,209.7416
2026-04-04 04:30:00,2050.77,2051.62,2050.3,2051.35,253.3209
2026-04-04 04:45:00,2051.34,2051.6,2050.43,2051.21,326.6032
2026-04-04 05:00:00,2051.21,2052.06,2050.38,2051.16,397.6316
2026-04-04 05:15:00,2051.16,2052.82,2051.16,2052.14,475.989
2026-04-04 05:30:00,2052.14,2054.89,2052.14,2052.85,660.9761
2026-04-04 05:45:00,2052.85,2054.16,2052.85,2053.79,283.5334
2026-04-04 06:00:00,2053.79,2055.0,2053.44,2055.0,384.5609
2026-04-04 06:15:00,2055.0,2056.1,2052.89,2054.2,667.123
2026-04-04 06:30:00,2054.19,2054.58,2052.81,2054.57,384.4274
2026-04-04 06:45:00,2054.58,2058.0,2054.57,2056.46,1768.555
2026-04-04 07:00:00,2056.46,2057.37,2053.42,2054.12,886.009
2026-04-04 07:15:00,2054.12,2054.18,2052.75,2053.14,375.1399
2026-04-04 07:30:00,2053.14,2054.03,2052.95,2052.96,936.4528
2026-04-04 07:45:00,2052.96,2054.13,2051.6,2053.82,644.3465
2026-04-04 08:00:00,2053.82,2055.17,2053.51,2053.99,408.1014
2026-04-04 08:15:00,2053.99,2055.44,2053.98,2055.04,474.4485
2026-04-04 08:30:00,2055.04,2055.04,2051.8,2051.9,671.7926
2026-04-04 08:45:00,2051.91,2052.14,2049.84,2050.57,809.1114
2026-04-04 09:00:00,2050.57,2051.58,2049.95,2051.38,275.3758
2026-04-04 09:15:00,2051.38,2051.9,2049.49,2050.33,975.4681
2026-04-04 09:30:00,2050.33,2050.57,2049.42,2049.43,581.9631
2026-04-04 09:45:00,2049.43,2050.72,2049.43,2050.43,1030.1631
2026-04-04 10:00:00,2050.43,2051.35,2047.89,2047.9,1032.6238
2026-04-04 10:15:00,2047.9,2049.07,2047.89,2048.92,311.3701
2026-04-04 10:30:00,2048.92,2054.69,2047.95,2052.56,1060.6634
2026-04-04 10:45:00,2052.57,2054.92,2052.01,2054.32,1207.4007
2026-04-04 11:00:00,2054.32,2055.03,2052.34,2052.95,960.5086
2026-04-04 11:15:00,2052.95,2053.06,2052.04,2052.15,698.6679
2026-04-04 11:30:00,2052.16,2052.45,2051.3,2051.5,594.0142
2026-04-04 11:45:00,2051.5,2051.84,2051.37,2051.84,530.0705
2026-04-04 12:00:00,2051.84,2053.17,2049.77,2050.34,697.5817
2026-04-04 12:15:00,2050.34,2052.49,2050.2,2051.45,321.8939
2026-04-04 12:30:00,2051.45,2051.75,2048.26,2048.39,834.7242
2026-04-04 12:45:00,2048.4,2050.15,2048.4,2050.15,719.7914
2026-04-04 13:00:00,2050.15,2051.04,2050.02,2050.3,2839.0076
2026-04-04 13:15:00,2050.3,2051.29,2050.2,2050.29,1133.741
2026-04-04 13:30:00,2050.3,2054.31,2050.0,2052.86,972.1578
2026-04-04 13:45:00,2052.86,2055.0,2051.28,2053.59,1508.9038
2026-04-04 14:00:00,2053.58,2054.68,2053.4,2053.44,695.6254
2026-04-04 14:15:00,2053.44,2053.84,2052.01,2052.07,663.9799
2026-04-04 14:30:00,2052.07,2052.07,2044.63,2049.55,2194.8509
2026-04-04 14:45:00,2049.55,2053.36,2049.36,2053.1,1195.5462
2026-04-04 15:00:00,2053.1,2062.02,2052.35,2056.46,4269.9471
2026-04-04 15:15:00,2056.46,2058.74,2053.34,2054.9,1785.0755
2026-04-04 15:30:00,2054.9,2055.75,2053.5,2054.23,849.0171
2026-04-04 15:45:00,2054.23,2056.36,2052.95,2056.29,763.321
2026-04-04 16:00:00,2056.29,2056.54,2054.0,2054.18,657.8101
2026-04-04 16:15:00,2054.17,2062.1,2053.38,2059.91,1282.824
2026-04-04 16:30:00,2059.9,2061.03,2057.24,2059.91,1065.5192
2026-04-04 16:45:00,2059.91,2061.42,2055.07,2055.75,1183.664
2026-04-04 17:00:00,2055.75,2056.43,2053.07,2056.42,1220.2967
2026-04-04 17:15:00,2056.42,2058.29,2055.78,2057.65,865.6251
2026-04-04 17:30:00,2057.64,2057.65,2055.21,2055.22,412.8955
2026-04-04 17:45:00,2055.22,2057.37,2055.06,2056.98,435.2552
2026-04-04 18:00:00,2056.98,2057.68,2055.94,2056.83,450.7541
2026-04-04 18:15:00,2056.83,2058.34,2056.82,2056.98,787.3778
2026-04-04 18:30:00,2056.98,2056.98,2055.38,2055.51,178.832
2026-04-04 18:45:00,2055.51,2056.33,2055.01,2055.15,275.3115
2026-04-04 19:00:00,2055.15,2079.64,2055.14,2079.24,8493.9665
2026-04-04 19:15:00,2079.23,2084.0,2068.13,2068.56,5355.484
2026-04-04 19:30:00,2068.56,2069.97,2064.69,2065.18,1320.6665
2026-04-04 19:45:00,2065.18,2067.6,2064.09,2064.71,1530.9357
2026-04-04 20:00:00,2064.71,2064.89,2059.6,2061.5,2015.5453
2026-04-04 20:15:00,2061.5,2064.12,2061.5,2063.82,878.303
2026-04-04 20:30:00,2063.82,2063.94,2062.43,2063.38,340.4001
2026-04-04 20:45:00,2063.38,2063.39,2061.9,2062.81,288.3604
2026-04-04 21:00:00,2062.8,2064.29,2062.63,2063.07,408.972
2026-04-04 21:15:00,2063.07,2067.6,2063.06,2067.38,1087.6421
2026-04-04 21:30:00,2067.38,2068.67,2066.11,2066.91,715.6435
2026-04-04 21:45:00,2066.91,2071.75,2066.91,2068.83,1211.4357
2026-04-04 22:00:00,2068.84,2070.61,2067.99,2069.68,663.326
2026-04-04 22:15:00,2069.67,2072.15,2069.53,2071.22,547.7978
2026-04-04 22:30:00,2071.21,2071.58,2069.4,2071.58,398.1505
2026-04-04 22:45:00,2071.58,2071.58,2068.55,2069.14,558.9261
2026-04-04 23:00:00,2069.14,2069.24,2065.83,2066.24,637.3332
2026-04-04 23:15:00,2066.23,2066.24,2064.25,2064.26,471.3975
2026-04-04 23:30:00,2064.26,2064.84,2062.84,2064.0,409.1176
2026-04-04 23:45:00,2064.0,2066.88,2062.64,2065.52,1079.7868
2026-04-05 00:00:00,2065.51,2065.63,2063.12,2063.14,399.8484
2026-04-05 00:15:00,2063.14,2065.3,2063.03,2064.8,474.2945
2026-04-05 00:30:00,2064.8,2065.55,2063.69,2065.25,373.5983
2026-04-05 00:45:00,2065.25,2065.34,2060.33,2062.1,693.6156
2026-04-05 01:00:00,2062.1,2062.46,2057.33,2060.7,889.5933
2026-04-05 01:15:00,2060.7,2060.71,2058.43,2059.32,477.7361
2026-04-05 01:30:00,2059.32,2059.42,2057.5,2058.12,752.4212
2026-04-05 01:45:00,2058.12,2059.01,2057.17,2057.37,293.5252
2026-04-05 02:00:00,2057.37,2057.37,2054.15,2054.58,1243.9507
2026-04-05 02:15:00,2054.58,2059.51,2054.58,2058.34,809.7331
2026-04-05 02:30:00,2058.34,2059.84,2058.01,2058.42,308.6115
2026-04-05 02:45:00,2058.42,2059.91,2058.06,2059.86,323.8847
2026-04-05 03:00:00,2059.86,2060.55,2059.26,2060.19,418.4136
2026-04-05 03:15:00,2060.19,2060.19,2057.38,2058.35,288.1444
2026-04-05 03:30:00,2058.36,2058.36,2055.37,2057.05,315.4796
2026-04-05 03:45:00,2057.04,2057.56,2055.77,2056.64,304.404
2026-04-05 04:00:00,2056.64,2056.64,2054.11,2054.65,215.057
2026-04-05 04:15:00,2054.64,2058.09,2054.32,2057.94,370.401
2026-04-05 04:30:00,2057.95,2057.95,2054.86,2055.34,301.0134
2026-04-05 04:45:00,2055.33,2056.6,2054.48,2055.16,270.6642
2026-04-05 05:00:00,2055.16,2056.83,2054.22,2054.44,1060.8599
2026-04-05 05:15:00,2054.45,2054.67,2051.11,2052.84,1564.2667
2026-04-05 05:30:00,2052.84,2053.39,2051.63,2052.89,422.2216
2026-04-05 05:45:00,2052.9,2053.44,2047.21,2048.6,1295.3513
2026-04-05 06:00:00,2048.6,2048.93,2031.44,2033.24,5595.1773
2026-04-05 06:15:00,2033.25,2036.62,2027.75,2035.39,3492.9864
2026-04-05 06:30:00,2035.38,2040.07,2034.81,2039.33,1398.4572
2026-04-05 06:45:00,2039.33,2039.89,2038.32,2038.32,548.4253
2026-04-05 07:00:00,2038.32,2042.11,2038.32,2041.83,689.007
2026-04-05 07:15:00,2041.83,2042.59,2038.92,2040.22,1045.6698
2026-04-05 07:30:00,2040.22,2040.22,2034.48,2036.3,1093.4619
2026-04-05 07:45:00,2036.3,2037.78,2034.84,2037.29,833.3602
2026-04-05 08:00:00,2037.29,2038.79,2035.91,2038.28,551.1032
2026-04-05 08:15:00,2038.28,2039.38,2037.3,2037.4,468.1672
2026-04-05 08:30:00,2037.4,2039.28,2037.22,2037.64,475.4983
2026-04-05 08:45:00,2037.64,2039.94,2037.64,2039.16,466.1083
2026-04-05 09:00:00,2039.17,2042.43,2038.87,2040.09,670.4183
2026-04-05 09:15:00,2040.08,2044.51,2040.08,2043.85,624.1763
2026-04-05 09:30:00,2043.85,2045.69,2042.99,2045.5,526.2395
2026-04-05 09:45:00,2045.5,2046.0,2044.41,2044.42,538.2091
2026-04-05 10:00:00,2044.41,2045.67,2043.17,2043.41,509.1621
2026-04-05 10:15:00,2043.4,2045.1,2042.44,2045.1,396.3182
2026-04-05 10:30:00,2045.09,2052.53,2044.51,2047.27,1718.0412
2026-04-05 10:45:00,2047.26,2047.27,2044.21,2044.74,380.0663
2026-04-05 11:00:00,2044.74,2045.74,2043.05,2045.15,368.0592
2026-04-05 11:15:00,2045.15,2045.83,2041.81,2042.75,509.5141
2026-04-05 11:30:00,2042.76,2043.11,2040.57,2041.35,453.4516
2026-04-05 11:45:00,2041.35,2042.56,2040.52,2042.32,261.5178
2026-04-05 12:00:00,2042.31,2042.31,2038.48,2038.94,963.5451
2026-04-05 12:15:00,2038.94,2040.12,2037.57,2037.59,473.8301
2026-04-05 12:30:00,2037.59,2038.0,2021.5,2025.03,6593.5177
2026-04-05 12:45:00,2025.04,2029.65,2023.15,2028.36,1815.0902
2026-04-05 13:00:00,2028.37,2030.71,2026.43,2026.66,953.0248
2026-04-05 13:15:00,2026.67,2033.13,2025.81,2026.01,1197.7751
2026-04-05 13:30:00,2026.01,2031.3,2025.71,2029.93,1394.9449
2026-04-05 13:45:00,2029.93,2037.75,2029.82,2036.63,1327.0945
2026-04-05 14:00:00,2036.63,2041.97,2035.19,2036.78,1826.5346
2026-04-05 14:15:00,2036.78,2040.78,2035.67,2039.95,583.1521
2026-04-05 14:30:00,2039.94,2043.32,2038.64,2040.81,2361.1309
2026-04-05 14:45:00,2040.81,2040.84,2038.11,2038.49,619.9607
2026-04-05 15:00:00,2038.49,2041.65,2034.58,2040.84,1276.0759
2026-04-05 15:15:00,2040.84,2063.8,2040.4,2060.66,7793.9251
2026-04-05 15:30:00,2060.66,2069.89,2053.33,2059.46,6513.4509
2026-04-05 15:45:00,2059.47,2059.63,2052.99,2053.85,1661.6021
2026-04-05 16:00:00,2053.85,2057.96,2053.17,2055.54,1479.3329
2026-04-05 16:15:00,2055.54,2057.42,2054.8,2054.8,550.8315
2026-04-05 16:30:00,2054.8,2059.3,2054.21,2056.21,905.1297
2026-04-05 16:45:00,2056.21,2056.21,2050.29,2052.15,1073.0218
2026-04-05 17:00:00,2052.15,2057.1,2048.69,2055.9,2013.9328
2026-04-05 17:15:00,2055.89,2056.61,2051.87,2055.96,638.2428
2026-04-05 17:30:00,2055.96,2061.0,2055.0,2060.69,1015.0684
2026-04-05 17:45:00,2060.7,2062.54,2058.43,2062.53,4203.9934
2026-04-05 18:00:00,2062.54,2062.93,2057.1,2058.85,1119.1372
2026-04-05 18:15:00,2058.85,2059.68,2057.81,2057.81,432.5686
2026-04-05 18:30:00,2057.82,2066.6,2057.82,2064.92,1672.6151
2026-04-05 18:45:00,2064.92,2066.45,2061.74,2062.99,990.0338
2026-04-05 19:00:00,2062.99,2064.18,2061.85,2063.21,760.5752
2026-04-05 19:15:00,2063.2,2069.95,2062.82,2066.44,1936.9511
2026-04-05 19:30:00,2066.44,2066.74,2058.66,2059.22,1794.3342
2026-04-05 19:45:00,2059.22,2062.39,2058.25,2062.37,804.6029
2026-04-05 20:00:00,2062.38,2064.37,2062.0,2062.96,1408.7803
2026-04-05 20:15:00,2062.97,2066.65,2062.97,2066.02,628.0039
2026-04-05 20:30:00,2066.01,2075.11,2065.51,2067.47,3443.6753
2026-04-05 20:45:00,2067.47,2070.7,2067.22,2068.91,688.6257
2026-04-05 21:00:00,2068.9,2069.12,2059.11,2061.02,2309.7181
2026-04-05 21:15:00,2061.02,2062.23,2058.33,2060.55,654.8971
2026-04-05 21:30:00,2060.55,2061.22,2056.73,2060.0,1984.5943
2026-04-05 21:45:00,2060.0,2065.54,2059.32,2060.01,1500.6974
2026-04-05 22:00:00,2060.01,2067.45,2050.66,2055.03,4418.7037
2026-04-05 22:15:00,2055.02,2057.07,2050.0,2054.15,1456.8705
2026-04-05 22:30:00,2054.15,2072.27,2053.04,2070.31,2887.3959
2026-04-05 22:45:00,2070.31,2088.0,2069.83,2085.79,7385.7181
2026-04-05 23:00:00,2085.78,2097.2,2082.35,2097.19,7384.6603
2026-04-05 23:15:00,2097.19,2118.1,2096.82,2108.21,12481.0852
2026-04-05 23:30:00,2108.2,2123.49,2107.83,2111.05,9234.4677
2026-04-05 23:45:00,2111.06,2116.14,2108.23,2110.17,3260.7152
2026-04-06 00:00:00,2110.17,2135.39,2110.17,2119.81,10841.196
2026-04-06 00:15:00,2119.81,2125.5,2115.45,2123.13,4494.2982
2026-04-06 00:30:00,2123.13,2132.12,2120.2,2128.53,4614.204
2026-04-06 00:45:00,2128.52,2129.68,2121.37,2121.99,1702.4798
2026-04-06 01:00:00,2122.0,2124.53,2115.48,2115.66,3807.4093
2026-04-06 01:15:00,2115.67,2119.9,2112.48,2119.71,3196.2275
2026-04-06 01:30:00,2119.71,2120.5,2114.17,2115.71,4007.1686
2026-04-06 01:45:00,2115.72,2118.91,2114.41,2115.12,1491.7627
2026-04-06 02:00:00,2115.11,2147.24,2114.59,2133.57,10860.6676
2026-04-06 02:15:00,2133.57,2140.8,2130.36,2134.88,4116.9184
2026-04-06 02:30:00,2134.88,2141.34,2131.81,2133.83,4540.9554
2026-04-06 02:45:00,2133.83,2137.3,2132.68,2133.59,2512.3199
2026-04-06 03:00:00,2133.59,2136.79,2130.69,2131.77,2822.9476
2026-04-06 03:15:00,2131.77,2137.27,2128.76,2135.83,3250.7275
2026-04-06 03:30:00,2135.83,2137.22,2130.61,2131.81,1489.5806
2026-04-06 03:45:00,2131.81,2133.19,2126.59,2129.35,2113.5513
2026-04-06 04:00:00,2129.35,2134.33,2125.76,2128.66,2582.9739
2026-04-06 04:15:00,2128.66,2128.66,2125.12,2127.31,2064.2127
2026-04-06 04:30:00,2127.31,2134.77,2126.49,2132.75,2800.3428
2026-04-06 04:45:00,2132.75,2133.89,2129.94,2131.06,1644.8276
2026-04-06 05:00:00,2131.06,2132.0,2129.71,2130.97,1477.0681
2026-04-06 05:15:00,2130.97,2134.62,2129.0,2130.75,1438.2672
2026-04-06 05:30:00,2130.75,2132.35,2129.68,2131.48,1084.444
2026-04-06 05:45:00,2131.48,2132.63,2128.42,2131.29,1375.1343
2026-04-06 06:00:00,2131.29,2139.0,2127.69,2136.86,4150.7413
2026-04-06 06:15:00,2136.86,2136.86,2120.4,2121.53,3529.2613
2026-04-06 06:30:00,2121.53,2125.18,2120.04,2123.23,2557.1952
2026-04-06 06:45:00,2123.22,2130.44,2123.0,2127.53,3073.6547
2026-04-06 07:00:00,2127.53,2128.38,2122.83,2124.91,2318.6837
2026-04-06 07:15:00,2124.92,2136.78,2124.92,2134.66,3608.7782
2026-04-06 07:30:00,2134.66,2137.22,2130.81,2131.23,2904.0242
2026-04-06 07:45:00,2131.23,2141.0,2130.26,2134.9,3522.5491
2026-04-06 08:00:00,2134.91,2138.24,2133.42,2136.98,2496.0516
2026-04-06 08:15:00,2136.97,2140.5,2134.64,2136.8,2200.6135
2026-04-06 08:30:00,2136.8,2147.95,2136.0,2140.81,5120.7581
2026-04-06 08:45:00,2140.81,2141.37,2137.4,2138.48,1445.3624
2026-04-06 09:00:00,2138.48,2154.82,2138.47,2148.57,7860.0894
2026-04-06 09:15:00,2148.56,2174.79,2148.41,2158.79,19299.4898
2026-04-06 09:30:00,2158.79,2162.92,2149.53,2152.12,6831.8341
2026-04-06 09:45:00,2152.12,2154.12,2148.38,2150.97,2276.7313
2026-04-06 10:00:00,2150.97,2156.82,2150.62,2155.13,2312.2542
2026-04-06 10:15:00,2155.12,2157.5,2152.21,2154.66,1561.4038
2026-04-06 10:30:00,2154.66,2157.36,2153.46,2155.46,2203.2845
2026-04-06 10:45:00,2155.46,2155.46,2149.36,2153.27,3429.3672
2026-04-06 11:00:00,2153.27,2153.53,2146.98,2149.2,2872.0651
2026-04-06 11:15:00,2149.21,2151.0,2146.61,2150.99,1628.8348
2026-04-06 11:30:00,2150.99,2153.21,2150.0,2151.05,1694.2044
2026-04-06 11:45:00,2151.06,2153.7,2150.0,2151.53,1742.7446
2026-04-06 12:00:00,2151.53,2152.49,2147.43,2148.66,1411.734
2026-04-06 12:15:00,2148.66,2150.43,2146.65,2148.46,1609.5105
2026-04-06 12:30:00,2148.47,2153.46,2146.79,2151.63,2131.7619
2026-04-06 12:45:00,2151.63,2154.52,2142.31,2143.59,4518.6035
2026-04-06 13:00:00,2143.59,2146.44,2142.0,2144.2,3585.6807
2026-04-06 13:15:00,2144.2,2144.8,2139.0,2143.76,2665.7711
2026-04-06 13:30:00,2143.77,2149.41,2137.91,2142.13,5606.3014
2026-04-06 13:45:00,2142.12,2149.07,2141.07,2145.99,3333.4379
2026-04-06 14:00:00,2146.0,2158.9,2137.76,2142.28,8032.3878
2026-04-06 14:15:00,2142.28,2165.74,2142.16,2155.02,11271.8189
2026-04-06 14:30:00,2155.02,2162.47,2142.72,2148.01,9321.6966
2026-04-06 14:45:00,2148.02,2158.92,2143.51,2156.71,4525.6081
2026-04-06 15:00:00,2156.72,2168.3,2155.5,2167.2,7040.0848
2026-04-06 15:15:00,2167.2,2168.5,2159.24,2165.97,4535.2241
2026-04-06 15:30:00,2165.98,2169.6,2160.71,2164.62,4094.1295
2026-04-06 15:45:00,2164.62,2166.77,2162.69,2164.65,2227.5624
2026-04-06 16:00:00,2164.65,2168.72,2160.31,2166.58,3882.6968
2026-04-06 16:15:00,2166.58,2166.92,2158.31,2158.44,2487.1252
2026-04-06 16:30:00,2158.44,2164.0,2156.83,2162.1,2510.6185
2026-04-06 16:45:00,2162.1,2168.4,2140.45,2140.62,7987.7944
2026-04-06 17:00:00,2140.62,2141.0,2125.6,2127.41,10915.76
2026-04-06 17:15:00,2127.41,2136.36,2123.6,2134.62,5950.947
2026-04-06 17:30:00,2134.63,2139.0,2131.69,2133.2,2962.7928
2026-04-06 17:45:00,2133.2,2136.24,2131.19,2134.95,2393.8554
2026-04-06 18:00:00,2134.96,2146.78,2131.6,2142.13,4447.0624
2026-04-06 18:15:00,2142.13,2148.51,2141.3,2146.3,2439.65
2026-04-06 18:30:00,2146.29,2147.74,2141.5,2142.38,1296.3694
2026-04-06 18:45:00,2142.39,2146.05,2140.04,2144.84,986.5579
2026-04-06 19:00:00,2144.84,2144.84,2135.94,2139.64,2292.9667
2026-04-06 19:15:00,2139.63,2145.0,2139.42,2143.81,997.2442
2026-04-06 19:30:00,2143.8,2145.61,2139.4,2141.75,1817.2179
2026-04-06 19:45:00,2141.74,2145.94,2139.53,2144.25,3330.0389
2026-04-06 20:00:00,2144.25,2145.86,2140.45,2145.77,1303.8996
2026-04-06 20:15:00,2145.76,2155.06,2145.76,2152.75,3085.2433
2026-04-06 20:30:00,2152.74,2153.67,2150.1,2150.39,696.6511
2026-04-06 20:45:00,2150.39,2151.24,2147.75,2148.81,700.3608
2026-04-06 21:00:00,2148.8,2148.8,2145.03,2146.25,1049.9151
2026-04-06 21:15:00,2146.24,2146.99,2145.08,2145.51,781.3648
2026-04-06 21:30:00,2145.51,2145.66,2139.03,2139.04,1679.7936
2026-04-06 21:45:00,2139.04,2141.63,2137.73,2139.54,779.0027
2026-04-06 22:00:00,2139.54,2140.46,2136.13,2140.39,1662.3835
2026-04-06 22:15:00,2140.4,2140.95,2130.76,2135.19,3620.5972
2026-04-06 22:30:00,2135.19,2135.19,2128.6,2129.3,1400.613
2026-04-06 22:45:00,2129.3,2129.3,2105.41,2105.41,9337.6661
2026-04-06 23:00:00,2105.41,2105.41,2087.5,2098.32,13071.9652
2026-04-06 23:15:00,2098.31,2099.95,2088.19,2091.47,6366.5637
2026-04-06 23:30:00,2091.46,2106.97,2089.0,2103.51,4747.4143
2026-04-06 23:45:00,2103.52,2110.39,2103.28,2107.16,2191.1832
2026-04-07 00:00:00,2107.16,2120.14,2105.63,2115.87,4639.4748
2026-04-07 00:15:00,2115.87,2119.52,2111.08,2114.63,3235.7688
2026-04-07 00:30:00,2114.63,2118.9,2107.5,2112.21,2938.2094
2026-04-07 00:45:00,2112.21,2117.38,2111.25,2112.66,1409.4396
2026-04-07 01:00:00,2112.66,2112.66,2104.6,2107.37,2784.7656
2026-04-07 01:15:00,2107.37,2120.1,2107.37,2113.03,2876.7257
2026-04-07 01:30:00,2113.03,2114.7,2106.23,2110.12,2336.9505
2026-04-07 01:45:00,2110.13,2110.46,2097.3,2099.51,3346.7773
2026-04-07 02:00:00,2099.51,2102.33,2093.64,2099.09,2934.7148
2026-04-07 02:15:00,2099.09,2106.37,2098.38,2106.16,1707.5265
2026-04-07 02:30:00,2106.15,2111.63,2103.42,2106.03,1693.1139
2026-04-07 02:45:00,2106.03,2107.43,2102.64,2106.84,1713.139
2026-04-07 03:00:00,2106.84,2109.89,2104.54,2106.64,854.9045
2026-04-07 03:15:00,2106.63,2109.77,2103.77,2109.06,1097.3396
2026-04-07 03:30:00,2109.06,2109.65,2107.69,2109.01,572.371
2026-04-07 03:45:00,2109.02,2109.53,2106.5,2108.37,667.0136
2026-04-07 04:00:00,2108.37,2109.0,2105.0,2106.06,1032.0445
2026-04-07 04:15:00,2106.06,2107.76,2103.68,2105.93,723.1936
2026-04-07 04:30:00,2105.94,2113.64,2105.93,2113.3,1330.6393
2026-04-07 04:45:00,2113.31,2119.21,2112.68,2114.22,1935.955
2026-04-07 05:00:00,2114.23,2114.61,2110.34,2111.06,892.1213
2026-04-07 05:15:00,2111.05,2112.43,2106.74,2106.74,1264.6334
2026-04-07 05:30:00,2106.73,2106.93,2103.98,2104.7,748.8741
2026-04-07 05:45:00,2104.69,2106.56,2103.73,2105.52,1618.5485
2026-04-07 06:00:00,2105.53,2105.74,2099.1,2100.45,2058.9432
2026-04-07 06:15:00,2100.45,2102.32,2096.69,2101.45,2165.1889
2026-04-07 06:30:00,2101.44,2101.98,2098.25,2101.71,1266.3022
2026-04-07 06:45:00,2101.7,2106.58,2100.54,2104.25,1750.9418
2026-04-07 07:00:00,2104.26,2104.52,2099.0,2101.8,876.9116
2026-04-07 07:15:00,2101.81,2104.32,2098.9,2101.2,1186.2088
2026-04-07 07:30:00,2101.21,2106.29,2101.2,2103.61,2546.6002
2026-04-07 07:45:00,2103.61,2105.85,2100.0,2104.04,2676.2729
2026-04-07 08:00:00,2104.03,2112.16,2103.29,2108.2,3097.5249
2026-04-07 08:15:00,2108.19,2113.15,2106.18,2109.28,2223.9851
2026-04-07 08:30:00,2109.28,2115.64,2109.28,2115.42,1855.8433
2026-04-07 08:45:00,2115.42,2117.37,2113.1,2114.84,1325.1947
2026-04-07 09:00:00,2114.85,2133.83,2114.13,2126.61,6692.0335
2026-04-07 09:15:00,2126.62,2128.38,2122.9,2125.39,1943.0431
2026-04-07 09:30:00,2125.39,2131.24,2124.76,2128.55,3067.7312
2026-04-07 09:45:00,2128.54,2129.19,2126.17,2128.26,776.4973
2026-04-07 10:00:00,2128.26,2131.38,2116.22,2117.37,3302.3402
2026-04-07 10:15:00,2117.37,2123.12,2104.59,2106.5,4991.3697
2026-04-07 10:30:00,2106.49,2108.65,2096.78,2099.11,3693.1636
2026-04-07 10:45:00,2099.11,2099.95,2085.79,2089.32,7012.9518
2026-04-07 11:00:00,2089.31,2092.01,2082.35,2089.02,6204.8629
2026-04-07 11:15:00,2089.03,2094.03,2086.46,2091.72,2940.9812
2026-04-07 11:30:00,2091.71,2092.62,2087.0,2090.13,1586.3152
2026-04-07 11:45:00,2090.13,2090.79,2087.72,2089.58,1967.6395
2026-04-07 12:00:00,2089.58,2093.17,2074.09,2083.93,7823.9229
2026-04-07 12:15:00,2083.93,2088.1,2078.89,2084.94,3369.2643
2026-04-07 12:30:00,2084.96,2086.43,2075.14,2077.07,2739.2275
2026-04-07 12:45:00,2077.06,2091.68,2074.5,2086.99,5621.4167
2026-04-07 13:00:00,2086.99,2093.17,2084.27,2090.14,2982.6592
2026-04-07 13:15:00,2090.13,2090.52,2083.54,2084.53,1667.6589
2026-04-07 13:30:00,2084.54,2089.96,2076.08,2078.76,4733.9337
2026-04-07 13:45:00,2078.76,2083.57,2074.5,2074.97,4198.6656
2026-04-07 14:00:00,2074.98,2077.25,2060.24,2067.39,10334.6082
2026-04-07 14:15:00,2067.4,2078.18,2062.54,2076.88,8452.464
2026-04-07 14:30:00,2076.87,2078.31,2070.35,2072.11,3469.5231
2026-04-07 14:45:00,2072.11,2081.46,2069.33,2069.44,3601.2127
2026-04-07 15:00:00,2069.44,2073.62,2064.76,2070.78,6107.317
2026-04-07 15:15:00,2070.78,2081.15,2070.37,2080.58,5487.8878
2026-04-07 15:30:00,2080.58,2082.74,2075.92,2076.91,3889.2041
2026-04-07 15:45:00,2076.91,2083.75,2075.69,2080.06,2069.9967
2026-04-07 16:00:00,2080.07,2089.69,2077.89,2079.56,4070.0531
2026-04-07 16:15:00,2079.57,2085.27,2077.52,2084.71,2381.0048
2026-04-07 16:30:00,2084.7,2087.39,2082.49,2086.97,2177.1561
2026-04-07 16:45:00,2086.97,2090.14,2082.11,2083.76,1901.7754
2026-04-07 17:00:00,2083.75,2087.77,2082.03,2082.49,1749.1639
2026-04-07 17:15:00,2082.5,2086.14,2079.8,2085.26,1305.4508
2026-04-07 17:30:00,2085.26,2115.17,2085.26,2097.23,10697.5029
2026-04-07 17:45:00,2097.22,2102.55,2096.84,2099.5,2544.5911
2026-04-07 18:00:00,2099.49,2101.39,2094.0,2096.93,1597.7234
2026-04-07 18:15:00,2096.93,2096.93,2093.48,2094.8,1373.7684
2026-04-07 18:30:00,2094.79,2098.14,2090.16,2090.91,1267.4733
2026-04-07 18:45:00,2090.91,2091.42,2082.43,2086.3,3356.3934
2026-04-07 19:00:00,2086.29,2090.13,2084.04,2088.03,1392.2051
2026-04-07 19:15:00,2088.04,2105.05,2088.04,2096.64,4901.5138
2026-04-07 19:30:00,2096.64,2096.64,2090.56,2094.65,1663.2674
2026-04-07 19:45:00,2094.65,2116.65,2094.01,2113.39,12823.0894
2026-04-07 20:00:00,2113.39,2125.59,2112.94,2119.74,7431.6681
2026-04-07 20:15:00,2119.75,2121.89,2113.04,2115.78,3221.6189
2026-04-07 20:30:00,2115.77,2119.94,2112.32,2115.72,1763.8219
2026-04-07 20:45:00,2115.72,2115.94,2110.68,2115.53,1973.6496
2026-04-07 21:00:00,2115.52,2153.0,2115.52,2142.31,14686.3488
2026-04-07 21:15:00,2142.3,2144.32,2128.19,2130.84,5241.9689
2026-04-07 21:30:00,2130.84,2143.49,2130.84,2143.49,3794.7544
2026-04-07 21:45:00,2143.49,2150.97,2140.59,2145.04,6294.4544
2026-04-07 22:00:00,2145.05,2165.82,2145.05,2159.09,11256.8969
2026-04-07 22:15:00,2159.1,2161.35,2153.57,2159.74,6304.8611
2026-04-07 22:30:00,2159.74,2192.04,2159.74,2178.01,36334.018
2026-04-07 22:45:00,2178.01,2219.88,2175.7,2219.77,26404.0066
2026-04-07 23:00:00,2219.78,2242.0,2215.73,2230.9,28171.3325
2026-04-07 23:15:00,2230.91,2270.61,2221.25,2270.38,28294.829
2026-04-07 23:30:00,2270.36,2273.87,2241.49,2248.31,20583.374
2026-04-07 23:45:00,2248.31,2260.5,2238.47,2240.01,15023.0204
2026-04-08 00:00:00,2240.01,2251.39,2237.36,2243.63,9829.1174
2026-04-08 00:15:00,2243.63,2249.1,2238.31,2240.1,6448.9393
2026-04-08 00:30:00,2240.11,2243.29,2232.84,2236.44,8238.8143
2026-04-08 00:45:00,2236.44,2238.16,2228.24,2236.08,5839.933
2026-04-08 01:00:00,2236.09,2242.77,2231.89,2241.4,4743.0226
2026-04-08 01:15:00,2241.41,2241.41,2230.45,2232.69,3512.056
2026-04-08 01:30:00,2232.7,2239.54,2231.95,2236.85,3159.7425
2026-04-08 01:45:00,2236.84,2239.82,2233.43,2234.06,2445.317
2026-04-08 02:00:00,2234.07,2247.42,2232.68,2245.43,7688.6264
2026-04-08 02:15:00,2245.44,2245.68,2230.76,2236.1,4646.8045
2026-04-08 02:30:00,2236.1,2237.08,2230.95,2233.0,3582.9175
2026-04-08 02:45:00,2232.99,2237.42,2231.36,2237.28,2569.5592
2026-04-08 03:00:00,2237.28,2238.05,2233.39,2233.39,1736.0078
2026-04-08 03:15:00,2233.4,2239.46,2232.0,2239.23,3124.2424
2026-04-08 03:30:00,2239.22,2239.22,2235.42,2237.19,1771.7764
2026-04-08 03:45:00,2237.19,2237.29,2233.68,2234.68,1946.4506
2026-04-08 04:00:00,2234.68,2250.0,2234.68,2243.64,7851.2841
2026-04-08 04:15:00,2243.65,2247.55,2242.1,2244.98,2068.242
2026-04-08 04:30:00,2244.98,2252.5,2243.6,2248.82,4692.935
2026-04-08 04:45:00,2248.82,2250.46,2240.03,2240.77,2670.4144
2026-04-08 05:00:00,2240.76,2244.66,2240.37,2241.72,2268.273
2026-04-08 05:15:00,2241.72,2245.1,2240.56,2244.1,1518.0604
2026-04-08 05:30:00,2244.09,2244.42,2239.5,2240.62,2618.6956
2026-04-08 05:45:00,2240.63,2245.0,2238.3,2240.7,1850.2719
2026-04-08 06:00:00,2240.7,2242.4,2235.49,2241.52,2343.2024
2026-04-08 06:15:00,2241.53,2253.86,2240.49,2250.94,9025.7263
2026-04-08 06:30:00,2250.96,2250.96,2248.0,2249.18,2450.0248
2026-04-08 06:45:00,2249.19,2250.73,2245.32,2246.01,2122.3687
2026-04-08 07:00:00,2246.01,2251.61,2244.63,2250.63,1926.5881
2026-04-08 07:15:00,2250.62,2260.76,2249.1,2256.8,7674.1162
2026-04-08 07:30:00,2256.79,2256.79,2247.3,2250.72,4489.2988
2026-04-08 07:45:00,2250.71,2253.76,2249.43,2253.76,4186.5081
2026-04-08 08:00:00,2253.76,2259.51,2252.25,2254.01,5117.5781
2026-04-08 08:15:00,2254.01,2258.97,2252.86,2256.34,2117.7058
2026-04-08 08:30:00,2256.35,2259.31,2250.44,2253.23,4489.6475
2026-04-08 08:45:00,2253.22,2257.93,2252.47,2256.48,2267.3245
2026-04-08 09:00:00,2256.47,2263.35,2256.47,2257.64,3856.9301
2026-04-08 09:15:00,2257.64,2258.98,2250.45,2250.45,6415.0974
2026-04-08 09:30:00,2250.46,2253.07,2246.42,2246.43,4924.2929
2026-04-08 09:45:00,2246.43,2251.0,2245.99,2249.59,4169.0705
2026-04-08 10:00:00,2249.59,2253.86,2246.73,2248.09,2202.457
2026-04-08 10:15:00,2248.08,2251.98,2246.85,2250.02,1179.5919
2026-04-08 10:30:00,2250.02,2250.38,2242.39,2244.94,2366.1705
2026-04-08 10:45:00,2244.94,2248.38,2242.39,2242.67,1254.6068
2026-04-08 11:00:00,2242.66,2249.42,2241.22,2248.24,1453.4574
2026-04-08 11:15:00,2248.24,2254.72,2245.0,2253.69,2378.6525
2026-04-08 11:30:00,2253.68,2253.69,2237.12,2241.69,3413.5245
2026-04-08 11:45:00,2241.69,2248.5,2239.06,2247.23,4720.5028
2026-04-08 12:00:00,2247.23,2254.0,2247.23,2253.99,6098.8262
2026-04-08 12:15:00,2253.99,2254.81,2242.67,2248.35,3824.2977
2026-04-08 12:30:00,2248.35,2256.48,2247.72,2254.8,2607.1071
2026-04-08 12:45:00,2254.79,2259.33,2253.52,2255.88,3126.8111
2026-04-08 13:00:00,2255.88,2270.55,2255.32,2261.88,10062.3668
2026-04-08 13:15:00,2261.89,2267.18,2253.52,2260.63,5007.5388
2026-04-08 13:30:00,2260.64,2266.08,2234.61,2235.35,12014.4662
2026-04-08 13:45:00,2235.35,2246.22,2231.58,2236.06,11161.244
2026-04-08 14:00:00,2236.05,2240.94,2221.59,2231.43,11831.4517
2026-04-08 14:15:00,2231.43,2234.17,2224.75,2225.69,4309.4633
2026-04-08 14:30:00,2225.69,2227.9,2202.3,2206.96,18749.0011
2026-04-08 14:45:00,2206.96,2209.15,2186.61,2195.22,20575.785
2026-04-08 15:00:00,2195.23,2204.95,2193.46,2204.94,6318.1424
2026-04-08 15:15:00,2204.95,2209.12,2200.74,2206.72,4749.6595
2026-04-08 15:30:00,2206.72,2218.35,2204.36,2211.62,6493.2823
2026-04-08 15:45:00,2211.63,2216.83,2211.35,2215.45,2553.5882
2026-04-08 16:00:00,2215.44,2218.18,2212.44,2215.7,2654.6008
2026-04-08 16:15:00,2215.69,2222.65,2213.08,2219.25,3574.0927
2026-04-08 16:30:00,2219.25,2219.58,2211.23,2217.02,3080.2578
2026-04-08 16:45:00,2217.02,2225.41,2215.63,2220.76,3779.3601
2026-04-08 17:00:00,2220.77,2227.09,2220.54,2225.52,2530.4695
2026-04-08 17:15:00,2225.51,2225.68,2213.03,2219.28,3623.7124
2026-04-08 17:30:00,2219.28,2239.5,2219.28,2233.93,6946.3561
2026-04-08 17:45:00,2233.93,2235.04,2230.29,2231.88,1575.1651
2026-04-08 18:00:00,2231.87,2232.65,2224.58,2227.03,2211.0699
2026-04-08 18:15:00,2227.04,2228.56,2211.85,2213.03,5103.5691
2026-04-08 18:30:00,2213.03,2219.88,2207.23,2207.76,2513.319
2026-04-08 18:45:00,2207.76,2210.49,2199.32,2201.41,5656.3447
2026-04-08 19:00:00,2201.4,2206.78,2197.7,2205.5,3430.2764
2026-04-08 19:15:00,2205.49,2206.18,2199.7,2199.7,1572.8026
2026-04-08 19:30:00,2199.71,2209.24,2197.76,2206.4,3724.2697
2026-04-08 19:45:00,2206.4,2211.74,2205.7,2211.04,1560.6421
2026-04-08 20:00:00,2211.03,2216.17,2210.61,2214.98,1609.2062
2026-04-08 20:15:00,2214.97,2216.66,2212.64,2214.54,984.9509
2026-04-08 20:30:00,2214.54,2214.69,2205.84,2207.17,1274.307
2026-04-08 20:45:00,2207.17,2210.08,2205.84,2209.81,1248.553
2026-04-08 21:00:00,2209.81,2219.26,2207.9,2214.59,3137.4627
2026-04-08 21:15:00,2214.59,2222.55,2214.32,2220.29,1518.6947
2026-04-08 21:30:00,2220.29,2221.12,2214.77,2215.62,1408.5091
2026-04-08 21:45:00,2215.62,2217.58,2212.97,2214.53,1076.3351
2026-04-08 22:00:00,2214.54,2215.15,2208.75,2209.96,1324.4126
2026-04-08 22:15:00,2209.96,2210.99,2192.0,2193.51,4897.3057
2026-04-08 22:30:00,2193.52,2201.69,2186.97,2198.01,4151.1992
2026-04-08 22:45:00,2198.01,2199.78,2189.31,2189.87,2116.4281
2026-04-08 23:00:00,2189.86,2193.7,2183.0,2193.47,5024.5627
2026-04-08 23:15:00,2193.47,2193.95,2179.78,2184.94,4376.4752
2026-04-08 23:30:00,2184.93,2189.8,2182.25,2187.77,2351.782
2026-04-08 23:45:00,2187.78,2192.56,2187.56,2190.0,1832.1616
2026-04-09 00:00:00,2190.0,2193.79,2188.5,2191.48,1623.4391
2026-04-09 00:15:00,2191.49,2192.42,2184.6,2184.92,1854.0931
2026-04-09 00:30:00,2184.92,2187.38,2179.3,2183.01,3243.9344
2026-04-09 00:45:00,2183.0,2186.65,2180.15,2183.03,2904.7421
2026-04-09 01:00:00,2183.03,2185.27,2162.0,2171.71,8704.6574
2026-04-09 01:15:00,2171.7,2172.14,2165.32,2170.09,2207.3201
2026-04-09 01:30:00,2170.09,2178.47,2168.91,2174.74,1716.7915
2026-04-09 01:45:00,2174.74,2179.81,2171.58,2178.69,2499.1475
2026-04-09 02:00:00,2178.68,2182.34,2174.57,2174.96,1820.4639
2026-04-09 02:15:00,2174.97,2183.97,2174.01,2182.01,1326.8647
2026-04-09 02:30:00,2182.01,2183.84,2176.72,2179.66,1282.1966
2026-04-09 02:45:00,2179.66,2185.5,2178.9,2181.69,1553.0586
2026-04-09 03:00:00,2181.69,2183.58,2179.65,2180.84,616.9279
2026-04-09 03:15:00,2180.84,2181.69,2176.55,2178.55,1467.1795
2026-04-09 03:30:00,2178.55,2181.13,2177.16,2177.99,645.2051
2026-04-09 03:45:00,2177.99,2183.98,2175.6,2182.49,1442.951
2026-04-09 04:00:00,2182.49,2182.49,2178.79,2179.44,1085.5543
2026-04-09 04:15:00,2179.44,2179.44,2176.42,2178.19,927.8647
2026-04-09 04:30:00,2178.19,2180.99,2177.8,2179.76,847.0162
2026-04-09 04:45:00,2179.76,2180.82,2176.54,2177.64,1319.7721
2026-04-09 05:00:00,2177.64,2179.19,2175.6,2178.02,722.5769
2026-04-09 05:15:00,2178.02,2181.86,2176.66,2181.6,1705.1503
2026-04-09 05:30:00,2181.61,2188.99,2180.79,2187.77,3793.9753
2026-04-09 05:45:00,2187.78,2187.78,2180.01,2182.17,1481.1504
2026-04-09 06:00:00,2182.18,2186.13,2182.18,2183.27,791.7474
2026-04-09 06:15:00,2183.28,2183.28,2176.29,2177.57,1957.3483
2026-04-09 06:30:00,2177.58,2180.08,2175.6,2178.3,1001.1296
2026-04-09 06:45:00,2178.31,2181.52,2177.28,2181.51,523.6261
2026-04-09 07:00:00,2181.52,2185.78,2181.52,2184.65,1605.7787
2026-04-09 07:15:00,2184.65,2184.66,2180.41,2181.1,720.7895
2026-04-09 07:30:00,2181.11,2184.28,2180.42,2182.03,2931.8967
2026-04-09 07:45:00,2182.04,2182.98,2180.02,2181.14,2840.714
2026-04-09 08:00:00,2181.14,2183.95,2177.16,2179.18,2876.1466
2026-04-09 08:15:00,2179.17,2180.89,2176.37,2180.13,1634.0361
2026-04-09 08:30:00,2180.13,2189.56,2180.13,2188.8,1727.633
2026-04-09 08:45:00,2188.8,2190.72,2183.11,2186.37,2020.0099
2026-04-09 09:00:00,2186.36,2186.36,2179.72,2183.06,1569.7369
2026-04-09 09:15:00,2183.07,2188.24,2182.75,2185.01,2029.1963
2026-04-09 09:30:00,2185.02,2188.67,2184.1,2185.74,1631.5112
2026-04-09 09:45:00,2185.74,2197.7,2185.14,2194.14,3696.7316
2026-04-09 10:00:00,2194.13,2194.2,2188.08,2188.58,1669.1958
2026-04-09 10:15:00,2188.59,2193.77,2188.34,2192.69,1337.0271
2026-04-09 10:30:00,2192.68,2196.22,2190.63,2194.78,1257.6873
2026-04-09 10:45:00,2194.78,2195.89,2189.51,2190.7,4681.8563
2026-04-09 11:00:00,2190.69,2193.13,2185.42,2185.75,2084.0404
2026-04-09 11:15:00,2185.75,2185.75,2178.31,2180.5,2908.9331
2026-04-09 11:30:00,2180.5,2183.49,2178.5,2181.2,1277.7798
2026-04-09 11:45:00,2181.21,2183.07,2179.65,2180.26,943.0615
2026-04-09 12:00:00,2180.26,2182.95,2180.0,2181.18,1019.9622
2026-04-09 12:15:00,2181.18,2186.51,2174.27,2184.8,4610.6644
2026-04-09 12:30:00,2184.8,2186.98,2179.32,2183.71,2578.1996
2026-04-09 12:45:00,2183.71,2183.98,2177.63,2183.34,1431.2455
2026-04-09 13:00:00,2183.33,2186.54,2177.63,2177.76,1420.147
2026-04-09 13:15:00,2177.77,2179.38,2174.55,2178.6,1957.7123
2026-04-09 13:30:00,2178.61,2179.99,2164.55,2169.63,6821.4874
2026-04-09 13:45:00,2169.63,2170.35,2158.19,2165.22,5920.0205
2026-04-09 14:00:00,2165.23,2172.39,2162.23,2169.51,3024.1727
2026-04-09 14:15:00,2169.52,2170.75,2157.31,2163.11,2865.9821
2026-04-09 14:30:00,2163.11,2172.8,2161.01,2171.85,2926.1517
2026-04-09 14:45:00,2171.85,2182.19,2171.84,2177.63,4431.4905
2026-04-09 15:00:00,2177.64,2187.12,2169.51,2185.38,3991.9219
2026-04-09 15:15:00,2185.37,2194.35,2184.07,2184.6,6710.8397
2026-04-09 15:30:00,2184.61,2220.0,2181.7,2213.02,18287.1995
2026-04-09 15:45:00,2213.01,2225.0,2210.49,2217.99,8026.1636
2026-04-09 16:00:00,2218.0,2229.4,2215.4,2215.57,5856.9711
2026-04-09 16:15:00,2215.56,2221.73,2209.65,2209.71,4067.33
2026-04-09 16:30:00,2209.71,2210.52,2194.76,2202.96,4955.6101
2026-04-09 16:45:00,2202.97,2208.48,2193.0,2208.33,4856.9419
2026-04-09 17:00:00,2208.33,2224.5,2207.36,2224.0,6629.2985
2026-04-09 17:15:00,2223.99,2225.47,2212.0,2215.21,4292.6878
2026-04-09 17:30:00,2215.2,2224.45,2206.43,2220.81,4238.4485
2026-04-09 17:45:00,2220.81,2224.0,2217.72,2222.75,1571.8148
2026-04-09 18:00:00,2222.75,2223.69,2203.73,2207.36,4238.391
2026-04-09 18:15:00,2207.37,2212.01,2201.74,2209.14,2082.2105
2026-04-09 18:30:00,2209.13,2210.52,2202.35,2205.16,1669.6431
2026-04-09 18:45:00,2205.16,2208.2,2200.64,2206.86,1476.6954
2026-04-09 19:00:00,2206.86,2220.45,2204.62,2215.07,3879.8319
2026-04-09 19:15:00,2215.08,2216.1,2204.39,2207.41,2132.2035
2026-04-09 19:30:00,2207.41,2219.74,2207.41,2217.46,2041.6572
2026-04-09 19:45:00,2217.46,2224.52,2214.34,2216.42,3209.3047
2026-04-09 20:00:00,2216.42,2219.94,2213.54,2219.47,1248.9058
2026-04-09 20:15:00,2219.47,2222.0,2216.93,2217.88,1283.0122
2026-04-09 20:30:00,2217.87,2220.82,2216.26,2217.78,1928.4599
2026-04-09 20:45:00,2217.78,2217.92,2210.31,2213.08,4832.5673
2026-04-09 21:00:00,2213.08,2226.34,2208.65,2213.85,3551.5729
2026-04-09 21:15:00,2213.85,2214.32,2208.0,2209.86,1333.4649
2026-04-09 21:30:00,2209.85,2216.12,2207.54,2215.85,1758.9969
2026-04-09 21:45:00,2215.86,2217.17,2209.81,2210.78,1058.0896
2026-04-09 22:00:00,2210.79,2219.33,2209.79,2218.79,1464.6579
2026-04-09 22:15:00,2218.78,2246.0,2218.65,2221.69,10073.6198
2026-04-09 22:30:00,2221.68,2222.43,2211.5,2211.85,2906.2488
2026-04-09 22:45:00,2211.85,2214.8,2197.5,2197.69,6358.8652
2026-04-09 23:00:00,2197.69,2201.09,2186.61,2190.48,3770.6061
2026-04-09 23:15:00,2190.49,2196.44,2183.37,2191.85,3448.4357
2026-04-09 23:30:00,2191.84,2191.84,2183.33,2189.11,3156.2463
2026-04-09 23:45:00,2189.1,2191.43,2186.16,2190.2,1412.1545
2026-04-10 00:00:00,2190.17,2191.46,2184.73,2188.55,1853.3921
2026-04-10 00:15:00,2188.55,2189.84,2181.95,2189.84,3153.6318
2026-04-10 00:30:00,2189.83,2195.01,2187.67,2192.83,1774.3772
2026-04-10 00:45:00,2192.82,2197.39,2190.85,2195.17,1363.7047
2026-04-10 01:00:00,2195.17,2197.03,2189.28,2194.23,1687.8572
2026-04-10 01:15:00,2194.23,2195.88,2176.1,2186.31,4576.7889
2026-04-10 01:30:00,2186.31,2204.1,2184.79,2199.5,4812.6242
2026-04-10 01:45:00,2199.51,2202.36,2194.26,2194.7,1881.1419
2026-04-10 02:00:00,2194.69,2198.62,2192.48,2195.72,1143.882
2026-04-10 02:15:00,2195.72,2197.3,2193.55,2196.2,807.8702
2026-04-10 02:30:00,2196.21,2197.47,2193.91,2195.73,1099.1713
2026-04-10 02:45:00,2195.72,2195.72,2187.01,2189.12,2427.5202
2026-04-10 03:00:00,2189.11,2192.38,2186.54,2186.96,2110.9201
2026-04-10 03:15:00,2186.95,2189.76,2183.32,2183.32,1883.3336
2026-04-10 03:30:00,2183.32,2187.96,2182.68,2187.2,1453.2699
2026-04-10 03:45:00,2187.19,2189.0,2185.18,2186.06,1143.8094
2026-04-10 04:00:00,2186.05,2188.94,2185.95,2187.44,1490.2415
2026-04-10 04:15:00,2187.44,2192.4,2186.98,2190.48,3222.1035
2026-04-10 04:30:00,2190.49,2192.56,2188.61,2190.4,1310.4286
2026-04-10 04:45:00,2190.4,2199.34,2189.43,2195.71,2426.9068
2026-04-10 05:00:00,2195.71,2197.39,2192.49,2194.45,1354.9431
2026-04-10 05:15:00,2194.45,2203.11,2193.42,2201.7,2414.8552
2026-04-10 05:30:00,2201.69,2202.35,2197.83,2198.04,1844.2696
2026-04-10 05:45:00,2198.05,2200.43,2195.52,2196.9,1317.5191
2026-04-10 06:00:00,2196.91,2198.44,2195.14,2197.17,1113.237
2026-04-10 06:15:00,2197.17,2197.17,2190.0,2190.71,1825.7357
2026-04-10 06:30:00,2190.71,2191.43,2187.02,2188.08,2681.2485
2026-04-10 06:45:00,2188.08,2189.68,2184.0,2186.2,1874.2205
2026-04-10 07:00:00,2186.21,2188.57,2184.15,2184.15,1353.4265
2026-04-10 07:15:00,2184.16,2188.35,2183.99,2187.17,920.2535
2026-04-10 07:30:00,2187.17,2188.32,2182.35,2183.59,2354.5713
2026-04-10 07:45:00,2183.58,2184.38,2176.4,2179.28,4110.0371
2026-04-10 08:00:00,2179.27,2183.4,2177.13,2181.08,1898.6375
2026-04-10 08:15:00,2181.09,2185.27,2179.93,2183.89,1562.615
2026-04-10 08:30:00,2183.89,2190.11,2183.28,2186.85,2263.4873
2026-04-10 08:45:00,2186.84,2186.84,2181.59,2185.86,1780.7164
2026-04-10 09:00:00,2185.85,2189.58,2185.83,2188.09,999.8716
2026-04-10 09:15:00,2188.09,2197.58,2188.09,2194.01,5151.533
2026-04-10 09:30:00,2194.0,2195.19,2192.61,2193.49,874.6162
2026-04-10 09:45:00,2193.5,2196.86,2192.1,2196.03,871.3147
2026-04-10 10:00:00,2196.04,2196.15,2191.31,2193.48,983.4314
2026-04-10 10:15:00,2193.49,2194.6,2191.52,2191.52,1246.2566
2026-04-10 10:30:00,2191.52,2194.97,2190.66,2193.65,1023.4857
2026-04-10 10:45:00,2193.65,2198.29,2192.91,2197.24,1776.9141
2026-04-10 11:00:00,2197.25,2212.72,2197.22,2210.9,4716.1091
2026-04-10 11:15:00,2210.89,2217.99,2210.39,2217.16,5876.9154
2026-04-10 11:30:00,2217.16,2223.12,2214.24,2217.96,12181.1166
2026-04-10 11:45:00,2217.97,2224.28,2215.47,2215.65,4464.2128
2026-04-10 12:00:00,2215.66,2221.32,2215.63,2216.52,4781.955
2026-04-10 12:15:00,2216.53,2221.4,2210.24,2217.33,5107.3516
2026-04-10 12:30:00,2217.05,2228.51,2208.18,2224.7,9065.9799
2026-04-10 12:45:00,2224.7,2226.07,2218.0,2218.9,2421.9568
2026-04-10 13:00:00,2218.9,2220.54,2215.95,2218.81,2190.4174
2026-04-10 13:15:00,2218.8,2221.36,2216.11,2219.79,1422.9732
2026-04-10 13:30:00,2219.8,2222.77,2208.4,2215.56,4909.9808
2026-04-10 13:45:00,2215.57,2225.51,2213.49,2223.08,5182.348
2026-04-10 14:00:00,2223.08,2235.12,2220.43,2234.34,9144.5495
2026-04-10 14:15:00,2234.35,2253.29,2234.35,2245.25,16388.2998
2026-04-10 14:30:00,2245.25,2254.27,2237.0,2239.56,9616.0583
2026-04-10 14:45:00,2239.56,2247.57,2236.83,2242.76,4056.6119
2026-04-10 15:00:00,2242.76,2249.31,2239.05,2244.74,3242.2156
2026-04-10 15:15:00,2244.75,2257.99,2237.03,2237.79,7129.9892
2026-04-10 15:30:00,2237.8,2240.34,2228.33,2232.82,6408.895
2026-04-10 15:45:00,2232.81,2232.96,2220.36,2224.27,4681.1657
2026-04-10 16:00:00,2224.28,2232.57,2221.46,2231.31,3000.0922
2026-04-10 16:15:00,2231.3,2244.19,2230.47,2241.56,6776.5724
2026-04-10 16:30:00,2241.56,2242.33,2235.19,2236.99,1587.0105
2026-04-10 16:45:00,2236.99,2247.42,2236.99,2245.36,3007.5302
2026-04-10 17:00:00,2245.37,2247.54,2240.32,2242.6,2363.619
2026-04-10 17:15:00,2242.59,2247.35,2240.48,2244.35,2243.8743
2026-04-10 17:30:00,2244.35,2244.51,2239.29,2242.35,1805.9526
2026-04-10 17:45:00,2242.35,2249.45,2241.99,2248.42,2313.1116
2026-04-10 18:00:00,2248.41,2249.15,2239.06,2248.32,2260.2595
2026-04-10 18:15:00,2248.31,2251.9,2243.61,2248.06,3281.1623
2026-04-10 18:30:00,2248.06,2249.64,2243.78,2245.68,1522.5892
2026-04-10 18:45:00,2245.67,2250.38,2244.99,2249.33,1232.7793
2026-04-10 19:00:00,2249.32,2256.0,2248.59,2254.27,2186.1796
2026-04-10 19:15:00,2254.27,2254.37,2247.93,2247.94,1265.4456
2026-04-10 19:30:00,2247.95,2247.95,2243.52,2244.85,1150.8875
2026-04-10 19:45:00,2244.85,2254.83,2244.12,2253.17,1705.3565
2026-04-10 20:00:00,2253.17,2255.36,2251.52,2253.64,2301.482
2026-04-10 20:15:00,2253.61,2255.22,2251.15,2252.65,1401.7483
2026-04-10 20:30:00,2252.64,2256.87,2243.03,2247.74,3609.6895
2026-04-10 20:45:00,2247.75,2257.14,2244.68,2255.33,2703.4274
2026-04-10 21:00:00,2255.33,2255.68,2244.91,2246.24,1935.4348
2026-04-10 21:15:00,2246.24,2250.07,2245.14,2247.3,880.3285
2026-04-10 21:30:00,2247.29,2251.18,2242.34,2249.53,1741.0137
2026-04-10 21:45:00,2249.52,2255.57,2247.37,2254.87,1673.1757
2026-04-10 22:00:00,2254.88,2255.49,2251.16,2252.72,1540.6897
2026-04-10 22:15:00,2252.72,2253.85,2247.3,2247.6,1398.3034
2026-04-10 22:30:00,2247.59,2247.59,2235.41,2241.06,3800.4094
2026-04-10 22:45:00,2241.06,2243.09,2241.06,2242.24,828.8687
2026-04-10 23:00:00,2242.25,2242.63,2239.31,2241.96,949.0072
2026-04-10 23:15:00,2241.95,2244.52,2240.16,2243.35,783.5695
2026-04-10 23:30:00,2243.36,2244.0,2241.33,2243.63,524.9756
2026-04-10 23:45:00,2243.63,2245.66,2243.19,2245.05,915.2668
2026-04-11 00:00:00,2245.06,2245.06,2239.51,2241.71,1126.9342
2026-04-11 00:15:00,2241.71,2242.17,2238.47,2239.64,868.1432
2026-04-11 00:30:00,2239.63,2240.0,2236.7,2237.41,2141.6068
2026-04-11 00:45:00,2237.42,2239.82,2235.92,2238.77,863.4776
2026-04-11 01:00:00,2238.77,2241.18,2236.32,2238.72,807.0387
2026-04-11 01:15:00,2238.71,2239.43,2234.81,2238.85,1291.4692
2026-04-11 01:30:00,2238.86,2243.55,2238.66,2241.47,1937.4826
2026-04-11 01:45:00,2241.47,2246.5,2241.47,2244.2,1081.0474
2026-04-11 02:00:00,2244.2,2247.21,2242.2,2244.57,1088.5481
2026-04-11 02:15:00,2244.56,2249.49,2244.54,2249.18,833.0193
2026-04-11 02:30:00,2249.18,2252.15,2246.72,2246.88,1618.3151
2026-04-11 02:45:00,2246.88,2248.19,2245.56,2248.19,722.2682
2026-04-11 03:00:00,2248.19,2250.78,2246.78,2249.86,801.7112
2026-04-11 03:15:00,2249.85,2249.86,2247.48,2247.83,640.9733
2026-04-11 03:30:00,2247.83,2248.1,2244.5,2245.23,644.7422
2026-04-11 03:45:00,2245.22,2245.61,2235.77,2237.17,2888.3287
2026-04-11 04:00:00,2237.18,2242.93,2235.45,2238.5,1974.8019
2026-04-11 04:15:00,2238.51,2239.98,2236.46,2239.19,1541.7151
2026-04-11 04:30:00,2239.2,2241.89,2238.95,2240.3,1061.1229
2026-04-11 04:45:00,2240.3,2241.7,2239.55,2240.97,442.4625
2026-04-11 05:00:00,2240.98,2241.71,2230.03,2231.25,3423.9395
2026-04-11 05:15:00,2231.26,2235.56,2229.0,2235.56,2044.386
2026-04-11 05:30:00,2235.56,2237.42,2234.4,2235.03,1345.3896
2026-04-11 05:45:00,2235.02,2235.51,2232.57,2232.79,1564.294
2026-04-11 06:00:00,2232.79,2234.23,2229.62,2231.65,2389.0413
2026-04-11 06:15:00,2231.65,2234.02,2229.83,2231.84,1117.4803
2026-04-11 06:30:00,2231.83,2234.4,2231.73,2233.97,943.1584
2026-04-11 06:45:00,2233.97,2236.73,2232.88,2235.66,1327.4598
2026-04-11 07:00:00,2235.68,2235.82,2232.63,2234.23,1009.6256
2026-04-11 07:15:00,2234.23,2236.51,2233.72,2235.31,661.9341
2026-04-11 07:30:00,2235.31,2235.31,2232.21,2232.26,790.6467
2026-04-11 07:45:00,2232.27,2232.6,2230.58,2232.6,839.8825
2026-04-11 08:00:00,2232.6,2235.26,2232.33,2234.23,732.5485
2026-04-11 08:15:00,2234.22,2235.43,2233.88,2234.0,1533.2698
2026-04-11 08:30:00,2234.01,2235.22,2232.14,2234.1,1206.2844
2026-04-11 08:45:00,2234.09,2235.27,2232.44,2232.9,1186.6602
2026-04-11 09:00:00,2232.89,2235.21,2232.24,2235.2,1638.7406
2026-04-11 09:15:00,2235.21,2249.31,2235.21,2245.76,6307.9999
2026-04-11 09:30:00,2245.76,2245.77,2240.72,2242.62,1387.6484
2026-04-11 09:45:00,2242.63,2244.37,2242.32,2243.83,911.3085
2026-04-11 10:00:00,2243.84,2245.12,2238.38,2239.97,1406.904
2026-04-11 10:15:00,2239.97,2242.14,2237.7,2241.49,910.0211
2026-04-11 10:30:00,2241.49,2242.13,2238.61,2238.91,826.665
2026-04-11 10:45:00,2238.92,2240.76,2238.23,2240.46,503.5627
2026-04-11 11:00:00,2240.42,2242.31,2239.59,2240.63,1086.0114
2026-04-11 11:15:00,2240.64,2241.27,2238.67,2239.23,958.7112
2026-04-11 11:30:00,2239.23,2243.38,2239.0,2242.82,437.3079
2026-04-11 11:45:00,2242.82,2247.0,2242.13,2246.11,1628.184
2026-04-11 12:00:00,2246.12,2246.26,2243.58,2244.77,691.2467
2026-04-11 12:15:00,2244.76,2245.0,2241.16,2242.71,709.3967
2026-04-11 12:30:00,2242.71,2246.71,2242.27,2245.39,747.4541
2026-04-11 12:45:00,2245.38,2246.27,2244.89,2245.5,554.2584
2026-04-11 13:00:00,2245.49,2245.5,2233.72,2235.73,2782.5263
2026-04-11 13:15:00,2235.75,2242.14,2234.64,2237.65,2110.273
2026-04-11 13:30:00,2237.66,2241.32,2236.89,2240.02,665.9114
2026-04-11 13:45:00,2240.01,2241.47,2239.5,2239.76,924.8333
2026-04-11 14:00:00,2239.75,2244.1,2238.39,2242.1,861.0489
2026-04-11 14:15:00,2242.11,2243.28,2240.66,2241.11,972.0504
2026-04-11 14:30:00,2241.11,2242.14,2238.42,2239.91,628.2017
2026-04-11 14:45:00,2239.92,2242.62,2239.5,2242.1,294.1118
2026-04-11 15:00:00,2242.1,2243.77,2241.39,2243.77,497.5073
2026-04-11 15:15:00,2243.77,2256.11,2243.49,2248.44,3970.0478
2026-04-11 15:30:00,2248.45,2249.93,2246.25,2246.59,1299.6316
2026-04-11 15:45:00,2246.59,2250.23,2245.49,2249.54,1288.3394
2026-04-11 16:00:00,2249.54,2250.29,2246.81,2249.3,609.3872
2026-04-11 16:15:00,2249.3,2250.89,2246.53,2247.41,521.2066
2026-04-11 16:30:00,2247.42,2274.42,2246.61,2263.61,8743.6384
2026-04-11 16:45:00,2263.62,2265.41,2258.62,2258.68,2920.7677
2026-04-11 17:00:00,2258.68,2261.25,2256.12,2256.57,1473.7245
2026-04-11 17:15:00,2256.56,2260.0,2253.87,2258.41,1797.8333
2026-04-11 17:30:00,2258.41,2265.49,2258.41,2262.17,2599.7386
2026-04-11 17:45:00,2262.17,2265.0,2259.0,2260.01,1421.6409
2026-04-11 18:00:00,2260.01,2260.88,2257.34,2260.88,765.46
2026-04-11 18:15:00,2260.87,2264.98,2260.87,2263.01,1067.8043
2026-04-11 18:30:00,2263.02,2311.53,2263.01,2295.67,29907.8215
2026-04-11 18:45:00,2295.66,2309.54,2295.35,2305.44,6256.8224
2026-04-11 19:00:00,2305.43,2327.66,2305.31,2314.4,15249.2083
2026-04-11 19:15:00,2314.4,2322.7,2309.9,2321.0,6384.8121
2026-04-11 19:30:00,2321.0,2329.93,2317.62,2319.01,7013.7476
2026-04-11 19:45:00,2319.0,2319.01,2312.16,2315.96,2523.4952
2026-04-11 20:00:00,2315.96,2317.14,2305.05,2306.81,4070.5912
2026-04-11 20:15:00,2306.81,2310.97,2301.79,2303.06,4559.1495
2026-04-11 20:30:00,2303.06,2303.08,2288.32,2296.03,6793.8068
2026-04-11 20:45:00,2296.04,2302.6,2294.54,2298.32,2848.3474
2026-04-11 21:00:00,2298.32,2304.13,2292.35,2303.09,3505.2682
2026-04-11 21:15:00,2303.09,2303.16,2297.71,2298.19,1546.5106
2026-04-11 21:30:00,2298.19,2302.42,2296.37,2297.79,1325.5648
2026-04-11 21:45:00,2297.79,2303.65,2297.77,2299.36,1094.3564
2026-04-11 22:00:00,2299.35,2304.99,2296.83,2303.69,1105.3607
2026-04-11 22:15:00,2303.68,2308.0,2301.95,2305.76,1802.3952
2026-04-11 22:30:00,2305.77,2306.29,2289.03,2296.81,3407.9895
2026-04-11 22:45:00,2296.8,2297.5,2292.14,2296.88,1241.058
2026-04-11 23:00:00,2296.89,2296.89,2276.47,2283.92,5805.1144
2026-04-11 23:15:00,2283.93,2289.45,2283.59,2287.44,1294.7888
2026-04-11 23:30:00,2287.44,2289.49,2284.28,2284.46,751.2083
2026-04-11 23:45:00,2284.45,2287.34,2283.77,2284.99,885.6731
2026-04-12 00:00:00,2285.0,2288.24,2273.0,2283.98,5556.6654
2026-04-12 00:15:00,2283.98,2286.7,2282.51,2283.97,1495.2987
2026-04-12 00:30:00,2283.96,2286.35,2279.29,2280.61,2869.6508
2026-04-12 00:45:00,2280.61,2285.81,2280.61,2285.72,2029.3483
2026-04-12 01:00:00,2285.72,2288.57,2279.63,2284.34,1728.7617
2026-04-12 01:15:00,2284.34,2286.41,2282.65,2283.66,638.5136
2026-04-12 01:30:00,2283.67,2283.67,2219.25,2227.33,31787.018
2026-04-12 01:45:00,2227.32,2227.83,2209.14,2219.05,13098.5002
2026-04-12 02:00:00,2219.05,2229.89,2207.06,2225.31,7556.2791
2026-04-12 02:15:00,2225.31,2234.35,2218.25,2224.1,5423.6068
2026-04-12 02:30:00,2224.11,2228.73,2224.09,2226.21,1525.433
2026-04-12 02:45:00,2226.2,2226.63,2222.99,2223.43,1871.8085
2026-04-12 03:00:00,2223.42,2227.15,2217.73,2222.16,2397.0004
2026-04-12 03:15:00,2222.14,2223.57,2218.25,2219.7,2199.4355
2026-04-12 03:30:00,2219.69,2222.11,2212.86,2216.56,4483.2195
2026-04-12 03:45:00,2216.56,2217.71,2211.99,2213.71,6676.9217
2026-04-12 04:00:00,2213.7,2216.03,2211.71,2214.92,6648.828
2026-04-12 04:15:00,2214.92,2216.5,2209.08,2212.47,2337.7658
2026-04-12 04:30:00,2212.46,2213.93,2211.11,2213.14,878.4432
2026-04-12 04:45:00,2213.13,2213.9,2210.6,2212.16,1675.8022
2026-04-12 05:00:00,2212.17,2213.82,2208.32,2211.76,2821.6681
2026-04-12 05:15:00,2211.75,2219.01,2209.7,2219.0,1739.4922
2026-04-12 05:30:00,2219.01,2219.96,2214.47,2215.44,2514.3019
2026-04-12 05:45:00,2215.45,2219.27,2215.25,2217.28,840.8611
2026-04-12 06:00:00,2217.28,2220.87,2217.02,2220.5,1309.9415
2026-04-12 06:15:00,2220.49,2220.68,2217.38,2219.52,741.2476
2026-04-12 06:30:00,2219.51,2219.51,2214.85,2215.28,1071.5551
2026-04-12 06:45:00,2215.27,2216.97,2214.71,2216.07,513.022
2026-04-12 07:00:00,2216.08,2216.62,2212.2,2214.0,1553.9026
2026-04-12 07:15:00,2214.0,2215.39,2213.0,2214.94,737.5663
2026-04-12 07:30:00,2214.93,2219.23,2214.62,2218.96,1103.4328
2026-04-12 07:45:00,2218.96,2220.48,2218.0,2218.02,1156.2153
2026-04-12 08:00:00,2218.02,2218.26,2215.32,2216.02,975.6559
2026-04-12 08:15:00,2216.02,2218.7,2216.0,2218.7,722.3896
2026-04-12 08:30:00,2218.69,2219.04,2216.87,2217.97,1373.0052
2026-04-12 08:45:00,2217.97,2217.98,2211.92,2214.0,2093.4273
2026-04-12 09:00:00,2214.0,2214.79,2211.44,2214.78,1906.2722
2026-04-12 09:15:00,2214.77,2216.08,2214.31,2214.31,1449.5497
2026-04-12 09:30:00,2214.32,2215.56,2212.93,2213.7,986.4666
2026-04-12 09:45:00,2213.7,2215.0,2212.21,2214.19,872.0317
2026-04-12 10:00:00,2214.2,2217.24,2213.29,2214.88,801.0316
2026-04-12 10:15:00,2214.88,2216.28,2214.07,2214.87,1169.4796
2026-04-12 10:30:00,2214.86,2215.16,2212.75,2213.16,752.2701
2026-04-12 10:45:00,2213.16,2213.21,2194.32,2201.66,8067.0838
2026-04-12 11:00:00,2201.65,2207.41,2197.54,2205.62,2632.4711
2026-04-12 11:15:00,2205.61,2205.97,2203.2,2205.92,922.8389
2026-04-12 11:30:00,2205.92,2206.05,2202.99,2204.07,952.106
2026-04-12 11:45:00,2204.07,2205.4,2203.13,2204.62,1051.684
2026-04-12 12:00:00,2204.62,2204.62,2200.23,2202.81,2147.7105
2026-04-12 12:15:00,2202.82,2204.98,2202.17,2204.85,940.1158
2026-04-12 12:30:00,2204.85,2208.22,2200.0,2206.82,1590.8115
2026-04-12 12:45:00,2206.82,2207.3,2188.0,2194.76,8203.3693
2026-04-12 13:00:00,2194.76,2199.17,2187.22,2191.86,7114.8826
2026-04-12 13:15:00,2191.86,2197.22,2191.86,2195.01,2695.3391
2026-04-12 13:30:00,2195.01,2196.14,2187.68,2190.57,2566.7068
2026-04-12 13:45:00,2190.58,2191.07,2185.17,2186.98,2909.4412
2026-04-12 14:00:00,2186.98,2191.89,2184.04,2189.04,6235.0159
2026-04-12 14:15:00,2189.05,2193.53,2189.05,2192.61,1859.1458
2026-04-12 14:30:00,2192.61,2192.64,2179.15,2183.61,6046.3277
2026-04-12 14:45:00,2183.62,2184.7,2178.69,2180.86,2659.5251
2026-04-12 15:00:00,2180.88,2184.33,2179.94,2184.28,2360.8496
2026-04-12 15:15:00,2184.28,2184.33,2179.0,2181.05,1488.68
2026-04-12 15:30:00,2181.04,2184.44,2175.0,2182.99,3039.6585
2026-04-12 15:45:00,2182.99,2188.89,2182.14,2186.47,1733.1017
2026-04-12 16:00:00,2186.47,2190.43,2184.58,2188.12,1903.844
2026-04-12 16:15:00,2188.11,2188.12,2183.09,2186.9,1073.5284
2026-04-12 16:30:00,2186.91,2187.32,2183.96,2185.71,842.2363
2026-04-12 16:45:00,2185.71,2187.43,2184.43,2187.09,854.784
2026-04-12 17:00:00,2187.09,2191.53,2187.09,2187.79,1159.3174
2026-04-12 17:15:00,2187.79,2193.28,2187.76,2193.03,1126.092
2026-04-12 17:30:00,2193.03,2197.5,2193.02,2195.44,1961.2153
2026-04-12 17:45:00,2195.41,2205.0,2192.17,2203.17,3298.8931
2026-04-12 18:00:00,2203.18,2206.15,2201.43,2204.56,1928.5783
2026-04-12 18:15:00,2204.56,2207.23,2200.35,2200.67,1266.7365
2026-04-12 18:30:00,2200.67,2206.68,2200.66,2202.94,1272.6465
2026-04-12 18:45:00,2202.94,2203.0,2199.56,2200.6,1120.7419
2026-04-12 19:00:00,2200.6,2205.2,2200.49,2202.58,769.1842
2026-04-12 19:15:00,2202.58,2204.73,2201.21,2204.72,1340.1399
2026-04-12 19:30:00,2204.72,2205.04,2200.56,2201.24,486.3439
2026-04-12 19:45:00,2201.23,2201.65,2197.4,2198.27,1012.2284
2026-04-12 20:00:00,2198.27,2199.62,2194.04,2195.57,1606.2151
2026-04-12 20:15:00,2195.58,2198.01,2193.34,2197.73,622.5997
2026-04-12 20:30:00,2197.72,2218.13,2197.57,2212.55,3763.7102
2026-04-12 20:45:00,2212.56,2215.85,2207.28,2213.53,2801.7985
2026-04-12 21:00:00,2213.54,2217.71,2206.0,2207.89,1496.5598
2026-04-12 21:15:00,2207.89,2211.97,2207.89,2208.9,1116.738
2026-04-12 21:30:00,2208.9,2212.39,2205.19,2210.37,1125.4708
2026-04-12 21:45:00,2210.38,2211.91,2206.82,2211.24,1126.9384
2026-04-12 22:00:00,2211.24,2211.26,2187.09,2196.55,8834.6619
2026-04-12 22:15:00,2196.55,2198.58,2184.52,2188.34,3835.6367
2026-04-12 22:30:00,2188.33,2201.54,2183.99,2196.78,3271.7405
2026-04-12 22:45:00,2196.78,2200.45,2193.77,2199.37,1047.2277
2026-04-12 23:00:00,2199.36,2199.36,2188.42,2189.42,1977.0212
2026-04-12 23:15:00,2189.42,2193.39,2187.26,2191.68,1358.4485
2026-04-12 23:30:00,2191.67,2191.67,2186.35,2190.93,1726.5088
2026-04-12 23:45:00,2190.93,2194.22,2186.51,2191.65,1729.1449
2026-04-13 00:00:00,2191.64,2196.66,2187.2,2196.0,2217.03
2026-04-13 00:15:00,2195.99,2204.78,2193.7,2200.26,2002.2804
2026-04-13 00:30:00,2200.26,2204.38,2197.11,2198.65,3441.3403
2026-04-13 00:45:00,2198.66,2208.32,2197.88,2205.18,2696.9065
2026-04-13 01:00:00,2205.18,2209.05,2203.17,2203.61,1663.9499
2026-04-13 01:15:00,2203.61,2204.9,2201.33,2203.2,991.8314
2026-04-13 01:30:00,2203.24,2207.36,2200.55,2204.19,1648.4238
2026-04-13 01:45:00,2204.18,2205.09,2202.2,2203.69,1126.8578
2026-04-13 02:00:00,2203.68,2205.84,2192.49,2194.36,1752.5969
2026-04-13 02:15:00,2194.37,2203.76,2194.37,2201.56,939.7494
2026-04-13 02:30:00,2201.56,2203.74,2193.56,2193.84,2258.8661
2026-04-13 02:45:00,2193.84,2195.86,2192.57,2194.22,503.2483
2026-04-13 03:00:00,2194.23,2194.66,2190.1,2192.46,2103.533
2026-04-13 03:15:00,2192.46,2195.8,2191.16,2193.63,1457.8541
2026-04-13 03:30:00,2193.62,2194.67,2190.24,2193.64,982.5408
2026-04-13 03:45:00,2193.64,2194.85,2191.83,2194.36,668.4698
2026-04-13 04:00:00,2194.36,2195.67,2191.48,2193.07,849.7405
2026-04-13 04:15:00,2193.08,2195.59,2191.76,2194.99,893.4111
2026-04-13 04:30:00,2194.99,2199.14,2194.67,2196.27,1547.2401
2026-04-13 04:45:00,2196.27,2196.27,2187.58,2190.26,1658.5098
2026-04-13 05:00:00,2190.25,2190.89,2186.06,2187.09,1355.5303
2026-04-13 05:15:00,2187.08,2189.05,2184.38,2188.79,1183.0393
2026-04-13 05:30:00,2188.79,2188.79,2182.22,2185.18,1726.2507
2026-04-13 05:45:00,2185.17,2191.35,2185.17,2191.34,2890.2696
2026-04-13 06:00:00,2191.34,2196.15,2190.32,2195.27,3437.2423
2026-04-13 06:15:00,2195.28,2199.41,2194.44,2196.58,2987.0318
2026-04-13 06:30:00,2196.58,2200.34,2194.9,2199.48,2202.4096
2026-04-13 06:45:00,2199.48,2201.45,2196.74,2198.49,2742.9697
2026-04-13 07:00:00,2198.49,2199.76,2192.51,2192.88,1878.1462
2026-04-13 07:15:00,2192.88,2192.88,2183.11,2184.44,4627.8605
2026-04-13 07:30:00,2184.45,2188.22,2184.21,2186.67,2029.26
2026-04-13 07:45:00,2186.66,2189.57,2186.0,2186.56,1182.8514
2026-04-13 08:00:00,2186.57,2189.65,2183.6,2183.82,2418.753
2026-04-13 08:15:00,2183.82,2187.01,2181.55,2185.69,1798.4594
2026-04-13 08:30:00,2185.69,2185.69,2180.0,2181.59,2594.926
2026-04-13 08:45:00,2181.59,2185.84,2180.49,2185.28,1083.0515
2026-04-13 09:00:00,2185.28,2195.34,2185.28,2189.21,1591.3088
2026-04-13 09:15:00,2189.22,2191.76,2187.82,2190.24,853.3738
2026-04-13 09:30:00,2190.24,2190.62,2188.23,2189.65,548.5436
2026-04-13 09:45:00,2189.65,2189.65,2187.23,2188.08,891.1964
2026-04-13 10:00:00,2188.08,2188.78,2185.29,2187.21,884.5375
2026-04-13 10:15:00,2187.21,2187.21,2182.12,2182.53,994.5616
2026-04-13 10:30:00,2182.53,2185.53,2179.0,2183.52,1636.3583
2026-04-13 10:45:00,2183.52,2185.92,2181.15,2183.41,1032.7189
2026-04-13 11:00:00,2183.41,2187.59,2182.45,2186.0,1289.2705
2026-04-13 11:15:00,2185.99,2187.38,2184.56,2186.55,642.8184
2026-04-13 11:30:00,2186.56,2189.92,2185.0,2189.12,1389.8833
2026-04-13 11:45:00,2189.13,2190.96,2187.01,2187.33,967.7944
2026-04-13 12:00:00,2187.33,2188.96,2183.63,2186.56,2311.7617
2026-04-13 12:15:00,2186.56,2186.77,2180.34,2180.34,1254.2878
2026-04-13 12:30:00,2180.34,2183.31,2175.68,2179.66,3176.0897
2026-04-13 12:45:00,2179.67,2200.0,2179.66,2192.25,10030.4945
2026-04-13 13:00:00,2192.3,2200.42,2192.3,2200.2,4221.9827
2026-04-13 13:15:00,2200.2,2202.1,2195.5,2196.81,3631.3205
2026-04-13 13:30:00,2196.81,2198.67,2181.4,2187.84,6402.4523
2026-04-13 13:45:00,2187.85,2215.62,2182.9,2215.47,16179.6244
2026-04-13 14:00:00,2215.46,2218.3,2203.45,2208.05,6073.3695
2026-04-13 14:15:00,2208.04,2213.0,2203.74,2211.31,4940.2999
2026-04-13 14:30:00,2211.31,2227.65,2210.74,2225.85,8066.627
2026-04-13 14:45:00,2225.86,2235.03,2218.25,2234.18,11991.536
2026-04-13 15:00:00,2234.18,2236.43,2215.77,2220.35,9568.2565
2026-04-13 15:15:00,2220.36,2220.93,2211.27,2214.0,7019.8843
2026-04-13 15:30:00,2214.0,2214.0,2199.52,2206.72,6532.2074
2026-04-13 15:45:00,2206.71,2210.0,2201.33,2209.28,2859.1683
2026-04-13 16:00:00,2209.28,2219.24,2200.0,2219.2,4151.9736
2026-04-13 16:15:00,2219.21,2227.62,2215.46,2226.16,3570.8982
2026-04-13 16:30:00,2226.17,2233.62,2223.86,2227.96,4962.0607
2026-04-13 16:45:00,2227.97,2234.62,2221.98,2225.86,3575.3828
2026-04-13 17:00:00,2225.85,2230.66,2222.76,2225.79,1875.5401
2026-04-13 17:15:00,2225.79,2232.95,2224.51,2232.62,1713.5335
2026-04-13 17:30:00,2232.62,2242.9,2232.52,2235.86,4787.8631
2026-04-13 17:45:00,2235.87,2237.63,2222.5,2225.13,3673.7388
2026-04-13 18:00:00,2225.12,2231.32,2223.99,2227.38,2075.7311
2026-04-13 18:15:00,2227.37,2229.26,2218.53,2221.97,1921.1579
2026-04-13 18:30:00,2221.96,2233.6,2221.96,2231.01,1841.8178
2026-04-13 18:45:00,2231.01,2233.63,2228.01,2232.23,819.0884
2026-04-13 19:00:00,2232.22,2235.42,2227.72,2228.24,1670.4252
2026-04-13 19:15:00,2228.24,2244.95,2228.24,2242.08,7156.1717
2026-04-13 19:30:00,2242.09,2256.25,2240.87,2251.13,9302.7306
2026-04-13 19:45:00,2251.13,2268.88,2251.13,2262.33,11712.5453
2026-04-13 20:00:00,2262.33,2263.48,2249.26,2249.66,5981.5645
2026-04-13 20:15:00,2249.67,2254.05,2247.5,2254.05,2952.1711
2026-04-13 20:30:00,2254.05,2259.17,2251.93,2255.38,3010.1078
2026-04-13 20:45:00,2255.38,2257.26,2249.52,2252.49,2236.7086
2026-04-13 21:00:00,2252.49,2259.5,2249.62,2256.03,2042.6343
2026-04-13 21:15:00,2256.03,2259.46,2251.99,2253.74,1365.8133
2026-04-13 21:30:00,2253.75,2266.66,2253.54,2261.33,2568.7039
2026-04-13 21:45:00,2261.33,2264.42,2256.96,2260.07,2178.5519
2026-04-13 22:00:00,2260.07,2305.11,2259.81,2295.42,17468.886
2026-04-13 22:15:00,2295.42,2337.2,2294.82,2325.44,35469.0896
2026-04-13 22:30:00,2325.45,2347.0,2325.45,2344.17,21708.9992
2026-04-13 22:45:00,2344.17,2363.94,2341.2,2352.74,21227.8294
2026-04-13 23:00:00,2352.74,2359.55,2341.53,2353.76,13138.1311
2026-04-13 23:15:00,2353.76,2394.71,2347.61,2387.99,50071.5847
2026-04-13 23:30:00,2387.99,2390.96,2371.79,2373.01,13461.7701
2026-04-13 23:45:00,2373.02,2376.64,2368.61,2369.46,9653.4656
2026-04-14 00:00:00,2369.46,2375.9,2364.5,2367.56,7876.3795
2026-04-14 00:15:00,2367.57,2374.51,2364.65,2366.56,7746.9879
2026-04-14 00:30:00,2366.56,2371.5,2363.21,2369.86,5211.4411
2026-04-14 00:45:00,2369.87,2370.1,2359.55,2361.0,6243.296
2026-04-14 01:00:00,2361.01,2365.42,2354.6,2365.37,8460.7839
2026-04-14 01:15:00,2365.37,2369.5,2362.13,2363.55,4383.3491
2026-04-14 01:30:00,2363.54,2369.53,2361.0,2367.29,4570.7072
2026-04-14 01:45:00,2367.29,2373.42,2366.3,2368.7,4434.9869
2026-04-14 02:00:00,2368.7,2375.57,2368.69,2374.57,4071.0612
2026-04-14 02:15:00,2374.56,2378.06,2370.5,2370.51,2762.0184
2026-04-14 02:30:00,2370.51,2375.0,2366.22,2372.55,3766.1151
2026-04-14 02:45:00,2372.55,2373.22,2367.05,2367.62,4325.7917
2026-04-14 03:00:00,2367.62,2370.53,2366.43,2366.75,2308.4439
2026-04-14 03:15:00,2366.76,2367.87,2361.55,2363.3,3201.6068
2026-04-14 03:30:00,2363.3,2369.53,2362.95,2368.48,2624.5098
2026-04-14 03:45:00,2368.48,2369.0,2365.0,2365.5,2445.374
2026-04-14 04:00:00,2365.5,2368.38,2363.35,2365.97,1807.5351
2026-04-14 04:15:00,2365.98,2368.03,2364.24,2366.35,1685.9457
2026-04-14 04:30:00,2366.35,2366.97,2363.75,2364.39,2139.472
2026-04-14 04:45:00,2364.4,2365.65,2361.81,2364.33,2342.4407
2026-04-14 05:00:00,2364.34,2364.62,2361.84,2362.4,2426.2304
2026-04-14 05:15:00,2362.4,2369.55,2360.5,2367.0,4810.5477
2026-04-14 05:30:00,2367.0,2367.0,2361.7,2362.4,2971.4746
2026-04-14 05:45:00,2362.39,2362.4,2354.76,2355.49,5368.7703
2026-04-14 06:00:00,2355.49,2363.51,2355.49,2361.07,4113.9565
2026-04-14 06:15:00,2361.08,2367.45,2359.84,2366.36,2629.9147
2026-04-14 06:30:00,2366.36,2369.44,2365.01,2367.64,2422.9147
2026-04-14 06:45:00,2367.64,2376.68,2367.13,2373.08,4690.559
2026-04-14 07:00:00,2373.08,2389.99,2371.23,2382.56,10497.5086
2026-04-14 07:15:00,2382.57,2384.0,2377.93,2380.34,4566.6402
2026-04-14 07:30:00,2380.33,2380.85,2371.32,2371.32,5182.1124
2026-04-14 07:45:00,2371.32,2377.92,2370.59,2377.91,6200.0984
2026-04-14 08:00:00,2377.92,2380.0,2374.04,2377.35,2651.7698
2026-04-14 08:15:00,2377.36,2380.35,2375.58,2380.16,3676.3267
2026-04-14 08:30:00,2380.15,2396.03,2378.48,2387.88,13972.9958
2026-04-14 08:45:00,2387.88,2390.12,2385.77,2387.61,4627.1178
2026-04-14 09:00:00,2387.62,2392.95,2385.56,2392.53,4066.8294
2026-04-14 09:15:00,2392.53,2394.73,2387.22,2389.81,3076.0733
2026-04-14 09:30:00,2389.8,2393.52,2385.95,2387.0,3517.6765
2026-04-14 09:45:00,2386.99,2388.62,2382.82,2387.14,2756.0041
2026-04-14 10:00:00,2387.14,2387.85,2382.48,2384.95,3151.7754
2026-04-14 10:15:00,2384.95,2386.07,2381.26,2383.4,3093.7989
2026-04-14 10:30:00,2383.41,2385.51,2375.06,2375.59,3115.9033
2026-04-14 10:45:00,2375.59,2377.89,2373.0,2375.08,3686.1365
2026-04-14 11:00:00,2375.08,2376.24,2373.08,2373.66,3963.8257
2026-04-14 11:15:00,2373.65,2376.24,2368.56,2369.45,3784.0464
2026-04-14 11:30:00,2369.46,2374.49,2367.61,2372.06,2172.8302
2026-04-14 11:45:00,2372.05,2377.91,2371.69,2374.53,4858.2165
2026-04-14 12:00:00,2374.54,2377.31,2368.56,2369.7,4197.7426
2026-04-14 12:15:00,2369.71,2373.73,2368.73,2372.64,2582.9039
2026-04-14 12:30:00,2372.63,2377.74,2370.21,2370.89,3835.0775
2026-04-14 12:45:00,2370.9,2375.38,2370.65,2373.94,1662.6355
2026-04-14 13:00:00,2373.95,2381.91,2372.67,2381.0,2579.8662
2026-04-14 13:15:00,2381.0,2384.44,2373.96,2373.96,5183.0924
2026-04-14 13:30:00,2373.97,2395.97,2373.97,2390.01,18875.3351
2026-04-14 13:45:00,2390.01,2393.63,2384.49,2391.5,10417.9076
2026-04-14 14:00:00,2391.51,2394.07,2378.21,2383.14,8840.3362
2026-04-14 14:15:00,2383.14,2393.79,2380.11,2392.26,7302.5992
2026-04-14 14:30:00,2392.26,2415.5,2365.9,2371.35,31227.0592
2026-04-14 14:45:00,2371.35,2373.4,2352.59,2353.05,17111.5397
2026-04-14 15:00:00,2353.05,2357.81,2332.72,2342.19,18816.3905
2026-04-14 15:15:00,2342.19,2347.6,2338.93,2341.47,7894.5587
2026-04-14 15:30:00,2341.47,2367.02,2340.72,2366.35,8530.1626
2026-04-14 15:45:00,2366.35,2372.12,2361.8,2364.63,5950.1915
2026-04-14 16:00:00,2364.62,2371.48,2358.55,2361.16,5864.5021
2026-04-14 16:15:00,2361.16,2362.0,2347.7,2353.01,4661.12
2026-04-14 16:30:00,2353.0,2354.53,2345.0,2350.81,3271.8434
2026-04-14 16:45:00,2350.8,2351.28,2329.56,2334.0,6918.3879
2026-04-14 17:00:00,2334.0,2340.17,2329.41,2338.58,4455.4457
2026-04-14 17:15:00,2338.58,2345.49,2334.8,2334.81,2471.1892
2026-04-14 17:30:00,2334.8,2337.18,2323.66,2332.75,5723.8698
2026-04-14 17:45:00,2332.75,2338.39,2330.97,2338.37,1545.4792
2026-04-14 18:00:00,2338.37,2344.69,2337.53,2339.27,6410.9857
2026-04-14 18:15:00,2339.27,2342.11,2329.56,2334.77,3108.1213
2026-04-14 18:30:00,2334.77,2337.84,2322.53,2326.45,3699.8607
2026-04-14 18:45:00,2326.45,2327.94,2309.28,2313.89,9436.0606
2026-04-14 19:00:00,2313.89,2322.73,2311.0,2317.68,3905.7837
2026-04-14 19:15:00,2317.67,2321.55,2302.9,2313.74,4716.7959
2026-04-14 19:30:00,2313.73,2317.89,2308.95,2310.65,4047.3173
2026-04-14 19:45:00,2310.64,2314.25,2308.63,2313.32,2934.1263
2026-04-14 20:00:00,2313.32,2322.73,2311.94,2320.87,2431.41
2026-04-14 20:15:00,2320.86,2321.54,2308.72,2311.43,1897.8016
2026-04-14 20:30:00,2311.43,2314.76,2308.53,2314.39,979.9395
2026-04-14 20:45:00,2314.39,2317.5,2310.24,2315.1,1229.9224
2026-04-14 21:00:00,2315.1,2326.0,2314.87,2320.16,2543.7853
2026-04-14 21:15:00,2320.16,2321.82,2315.43,2321.47,1359.4605
2026-04-14 21:30:00,2321.46,2322.23,2316.31,2319.4,998.5014
2026-04-14 21:45:00,2319.39,2326.21,2317.34,2323.72,1331.6913
2026-04-14 22:00:00,2323.72,2332.35,2320.23,2328.21,5105.9005
2026-04-14 22:15:00,2328.21,2328.21,2313.7,2314.4,1848.6485
2026-04-14 22:30:00,2314.4,2320.0,2311.75,2312.49,1714.2102
2026-04-14 22:45:00,2312.48,2317.48,2312.02,2314.99,1062.2905
2026-04-14 23:00:00,2314.99,2321.28,2314.32,2318.93,1025.5979
2026-04-14 23:15:00,2318.92,2322.32,2317.31,2319.44,1099.0887
2026-04-14 23:30:00,2319.45,2326.65,2319.42,2324.28,1236.0518
2026-04-14 23:45:00,2324.29,2326.65,2319.37,2322.44,1604.497
2026-04-15 00:00:00,2322.44,2342.76,2321.63,2338.23,4968.7596
2026-04-15 00:15:00,2338.23,2341.2,2330.58,2337.97,2398.8876
2026-04-15 00:30:00,2337.98,2339.08,2331.5,2333.17,1921.9896
2026-04-15 00:45:00,2333.17,2335.16,2328.59,2333.81,1631.6691
2026-04-15 01:00:00,2333.8,2339.76,2331.24,2339.75,1760.2173
2026-04-15 01:15:00,2339.75,2340.89,2333.01,2336.25,1498.4338
2026-04-15 01:30:00,2336.25,2339.08,2331.18,2338.13,1791.5965
2026-04-15 01:45:00,2338.12,2342.6,2333.05,2335.66,2404.5945
2026-04-15 02:00:00,2335.66,2338.02,2332.15,2334.51,985.5008
2026-04-15 02:15:00,2334.52,2335.5,2325.65,2325.8,2058.9475
2026-04-15 02:30:00,2325.8,2326.0,2317.56,2322.03,2090.0172
2026-04-15 02:45:00,2322.03,2325.32,2318.41,2324.77,1717.3146
2026-04-15 03:00:00,2324.78,2325.2,2321.1,2322.94,1246.2957
2026-04-15 03:15:00,2322.94,2329.08,2320.57,2327.15,1020.7549
2026-04-15 03:30:00,2327.15,2329.39,2322.5,2324.19,702.6105
2026-04-15 03:45:00,2324.19,2329.38,2323.56,2328.81,703.9574
2026-04-15 04:00:00,2328.82,2334.32,2328.66,2331.34,1044.0442
2026-04-15 04:15:00,2331.34,2334.2,2328.0,2329.77,1153.9791
2026-04-15 04:30:00,2329.77,2334.57,2328.14,2331.29,1265.3698
2026-04-15 04:45:00,2331.29,2334.7,2328.48,2333.44,1456.9287
2026-04-15 05:00:00,2333.43,2338.23,2328.53,2330.18,2492.1186
2026-04-15 05:15:00,2330.18,2331.15,2320.56,2322.12,1756.025
2026-04-15 05:30:00,2322.13,2322.89,2314.0,2317.85,2838.9871
2026-04-15 05:45:00,2317.86,2320.77,2315.94,2319.45,1483.745
2026-04-15 06:00:00,2319.44,2321.02,2314.99,2317.75,3051.7019
2026-04-15 06:15:00,2317.76,2321.02,2317.53,2317.53,1238.354
2026-04-15 06:30:00,2317.54,2319.17,2315.52,2318.48,970.5988
2026-04-15 06:45:00,2318.49,2320.04,2315.75,2317.37,810.0512
2026-04-15 07:00:00,2317.37,2323.53,2317.36,2320.2,1374.0095
2026-04-15 07:15:00,2320.19,2320.31,2308.5,2314.57,3603.7406
2026-04-15 07:30:00,2314.57,2314.57,2310.01,2313.17,2835.832
2026-04-15 07:45:00,2313.17,2318.75,2309.2,2316.62,4130.0584
2026-04-15 08:00:00,2316.62,2321.89,2314.07,2319.75,4334.6754
2026-04-15 08:15:00,2319.75,2324.47,2318.38,2324.01,2792.3617
2026-04-15 08:30:00,2324.0,2333.0,2324.0,2327.18,5842.9633
2026-04-15 08:45:00,2327.17,2330.0,2322.72,2327.4,3636.8897
2026-04-15 09:00:00,2327.4,2329.62,2320.82,2323.94,1498.6227
2026-04-15 09:15:00,2323.93,2326.8,2319.19,2320.26,1041.6575
2026-04-15 09:30:00,2320.25,2322.97,2318.75,2320.77,1095.9034
2026-04-15 09:45:00,2320.77,2321.0,2318.47,2319.95,1183.665
2026-04-15 10:00:00,2319.95,2325.61,2317.2,2322.09,2403.0234
2026-04-15 10:15:00,2322.1,2322.2,2313.31,2314.31,1956.471
2026-04-15 10:30:00,2314.3,2322.35,2312.15,2322.35,1526.3376
2026-04-15 10:45:00,2322.35,2328.52,2315.5,2316.64,2040.9746
2026-04-15 11:00:00,2316.65,2331.25,2316.65,2326.42,2561.4563
2026-04-15 11:15:00,2326.42,2327.34,2323.4,2325.01,1305.6357
2026-04-15 11:30:00,2325.0,2329.26,2324.12,2329.26,799.2744
2026-04-15 11:45:00,2329.25,2339.42,2328.67,2337.43,5754.8718
2026-04-15 12:00:00,2337.42,2339.84,2331.96,2334.38,2853.7595
2026-04-15 12:15:00,2334.39,2334.44,2329.66,2331.79,1214.6333
2026-04-15 12:30:00,2331.78,2340.0,2331.78,2336.63,2149.41
2026-04-15 12:45:00,2336.62,2337.0,2332.97,2332.98,2537.8638
2026-04-15 13:00:00,2332.97,2334.0,2328.0,2331.68,1862.096
2026-04-15 13:15:00,2331.68,2334.76,2327.65,2332.39,1603.7631
2026-04-15 13:30:00,2332.39,2333.95,2318.08,2318.77,4389.2065
2026-04-15 13:45:00,2318.76,2330.0,2317.54,2326.94,3973.9593
2026-04-15 14:00:00,2326.93,2333.22,2321.94,2333.04,3875.9379
2026-04-15 14:15:00,2333.05,2344.88,2331.27,2339.99,6899.5789
2026-04-15 14:30:00,2340.0,2342.0,2327.6,2328.84,3547.0601
2026-04-15 14:45:00,2328.85,2340.07,2328.85,2338.4,2265.0765
2026-04-15 15:00:00,2338.41,2349.46,2332.09,2347.42,4681.607
2026-04-15 15:15:00,2347.41,2348.91,2334.73,2336.45,3698.0802
2026-04-15 15:30:00,2336.45,2336.46,2320.77,2332.73,6821.7785
2026-04-15 15:45:00,2332.73,2337.5,2328.62,2332.04,2983.027
2026-04-15 16:00:00,2332.03,2341.93,2329.1,2341.63,2564.5379
2026-04-15 16:15:00,2341.63,2347.8,2339.99,2344.48,3266.7775
2026-04-15 16:30:00,2344.48,2349.87,2336.39,2338.17,2746.8574
2026-04-15 16:45:00,2338.18,2344.35,2335.15,2341.48,3044.7973
2026-04-15 17:00:00,2341.48,2347.91,2340.09,2345.72,3553.6244
2026-04-15 17:15:00,2345.71,2358.82,2340.85,2352.29,4038.8639
2026-04-15 17:30:00,2352.3,2355.76,2339.65,2342.63,6741.7903
2026-04-15 17:45:00,2342.63,2349.25,2341.85,2348.66,2481.5396
2026-04-15 18:00:00,2348.66,2356.21,2346.34,2353.99,4535.2201
2026-04-15 18:15:00,2353.99,2355.73,2347.48,2349.11,1853.0845
2026-04-15 18:30:00,2349.1,2355.0,2348.15,2353.88,1513.8004
2026-04-15 18:45:00,2353.88,2359.96,2353.02,2358.66,2829.9598
2026-04-15 19:00:00,2358.66,2368.86,2357.37,2365.05,5233.0842
2026-04-15 19:15:00,2365.04,2366.42,2360.11,2365.29,2572.1191
2026-04-15 19:30:00,2365.28,2385.61,2364.8,2375.43,9445.3938
2026-04-15 19:45:00,2375.43,2378.45,2370.55,2375.05,3617.1541
2026-04-15 20:00:00,2375.05,2376.31,2359.49,2363.15,4018.1648
2026-04-15 20:15:00,2363.15,2363.16,2353.72,2360.71,2806.0604
2026-04-15 20:30:00,2360.71,2367.11,2356.03,2358.06,2563.4784
2026-04-15 20:45:00,2358.07,2364.33,2358.06,2362.95,2001.6324
2026-04-15 21:00:00,2362.95,2363.33,2353.77,2353.78,3478.3131
2026-04-15 21:15:00,2353.78,2354.27,2348.58,2353.04,2722.3946
2026-04-15 21:30:00,2353.03,2360.51,2350.14,2358.26,2009.7738
2026-04-15 21:45:00,2358.26,2363.5,2357.19,2361.3,1409.1666
2026-04-15 22:00:00,2361.29,2380.45,2360.33,2373.69,7607.7122
2026-04-15 22:15:00,2373.7,2373.7,2364.63,2368.89,3019.6025
2026-04-15 22:30:00,2368.89,2380.35,2365.33,2369.36,4592.5237
2026-04-15 22:45:00,2369.35,2373.56,2362.85,2363.45,2732.3959
2026-04-15 23:00:00,2363.46,2363.46,2355.73,2357.72,2660.8496
2026-04-15 23:15:00,2357.72,2357.92,2349.6,2355.84,3584.7378
2026-04-15 23:30:00,2355.85,2356.92,2349.8,2353.41,3593.711
2026-04-15 23:45:00,2353.41,2361.43,2353.04,2359.95,3812.805
2026-04-16 00:00:00,2359.94,2360.41,2351.79,2353.26,1551.1739
2026-04-16 00:15:00,2353.25,2355.88,2349.93,2354.53,1183.6566
2026-04-16 00:30:00,2354.53,2363.54,2354.53,2358.92,1512.758
2026-04-16 00:45:00,2358.92,2363.03,2355.91,2360.58,842.014
2026-04-16 01:00:00,2360.58,2360.58,2345.04,2350.42,2772.7502
2026-04-16 01:15:00,2350.43,2356.54,2348.08,2351.41,895.4226
2026-04-16 01:30:00,2351.42,2355.64,2350.21,2354.86,1204.6
2026-04-16 01:45:00,2354.86,2356.01,2348.82,2352.06,905.9614
2026-04-16 02:00:00,2352.06,2356.96,2351.84,2352.6,923.7649
2026-04-16 02:15:00,2352.59,2359.45,2350.01,2359.01,1393.7113
2026-04-16 02:30:00,2359.02,2369.59,2359.02,2366.32,3720.6807
2026-04-16 02:45:00,2366.32,2368.46,2354.91,2356.68,2587.9206
2026-04-16 03:00:00,2356.67,2362.92,2355.91,2358.0,1481.6497
2026-04-16 03:15:00,2358.0,2365.88,2358.0,2361.21,1666.2699
2026-04-16 03:30:00,2361.21,2362.05,2357.5,2360.58,797.3671
2026-04-16 03:45:00,2360.59,2361.4,2357.5,2357.86,933.0195
2026-04-16 04:00:00,2357.85,2361.25,2355.12,2359.18,1149.7324
2026-04-16 04:15:00,2359.18,2360.98,2357.01,2358.43,700.3636
2026-04-16 04:30:00,2358.43,2364.0,2355.65,2361.8,1483.6452
2026-04-16 04:45:00,2361.8,2361.8,2348.38,2354.13,3145.2419
2026-04-16 05:00:00,2354.14,2356.0,2349.59,2352.35,2000.4823
2026-04-16 05:15:00,2352.35,2359.5,2351.43,2357.36,1945.8625
2026-04-16 05:30:00,2357.36,2361.79,2356.52,2357.92,2580.3081
2026-04-16 05:45:00,2357.91,2358.27,2355.36,2356.86,1113.8082
2026-04-16 06:00:00,2356.86,2360.57,2355.87,2356.62,1439.99
2026-04-16 06:15:00,2356.62,2358.84,2355.36,2355.56,1296.1046
2026-04-16 06:30:00,2355.57,2356.16,2349.77,2353.09,2161.5076
2026-04-16 06:45:00,2353.09,2356.14,2351.55,2356.01,1185.9687
2026-04-16 07:00:00,2356.02,2357.56,2351.06,2352.33,1586.0725
2026-04-16 07:15:00,2352.33,2354.44,2350.29,2352.64,1184.2573
2026-04-16 07:30:00,2352.64,2353.23,2349.38,2350.02,2987.8747
2026-04-16 07:45:00,2350.02,2350.24,2335.72,2341.52,7068.886
2026-04-16 08:00:00,2341.52,2342.89,2334.65,2335.0,3842.0793
2026-04-16 08:15:00,2335.01,2341.83,2335.0,2341.16,1907.382
2026-04-16 08:30:00,2341.15,2344.35,2340.18,2343.22,1515.9296
2026-04-16 08:45:00,2343.22,2345.98,2338.25,2339.11,1834.7217
2026-04-16 09:00:00,2339.12,2344.01,2338.0,2343.64,3701.8004
2026-04-16 09:15:00,2343.65,2348.4,2343.65,2346.31,3223.5034
2026-04-16 09:30:00,2346.3,2346.97,2338.67,2339.58,1624.6312
2026-04-16 09:45:00,2339.58,2340.92,2337.79,2338.09,2330.2432
2026-04-16 10:00:00,2338.09,2340.21,2329.44,2330.67,5842.6178
2026-04-16 10:15:00,2330.66,2337.54,2329.01,2335.11,2739.7607
2026-04-16 10:30:00,2335.11,2337.53,2332.35,2332.86,2053.096
2026-04-16 10:45:00,2332.86,2334.96,2328.64,2332.42,1807.3981
2026-04-16 11:00:00,2332.42,2333.87,2330.1,2331.04,1000.0461
2026-04-16 11:15:00,2331.05,2332.75,2329.8,2332.49,1161.8937
2026-04-16 11:30:00,2332.49,2335.69,2331.67,2332.54,2311.3237
2026-04-16 11:45:00,2332.54,2336.26,2331.92,2335.67,1821.5183
2026-04-16 12:00:00,2335.68,2349.45,2334.99,2344.21,4689.9839
2026-04-16 12:15:00,2344.21,2346.31,2339.01,2340.78,1587.9166
2026-04-16 12:30:00,2340.79,2341.99,2336.75,2339.41,1405.8234
2026-04-16 12:45:00,2339.4,2341.62,2337.55,2340.44,1300.4956
2026-04-16 13:00:00,2340.44,2345.35,2337.8,2344.7,1901.9975
2026-04-16 13:15:00,2344.71,2351.8,2344.16,2349.3,3846.3808
2026-04-16 13:30:00,2349.28,2350.44,2332.24,2336.96,7446.5763
2026-04-16 13:45:00,2336.96,2336.98,2290.57,2308.29,29712.1803
2026-04-16 14:00:00,2308.28,2312.68,2297.84,2306.09,11233.282
2026-04-16 14:15:00,2306.09,2308.33,2285.1,2294.97,14326.8187
2026-04-16 14:30:00,2294.96,2306.67,2294.0,2304.92,6642.6255
2026-04-16 14:45:00,2304.92,2316.34,2303.77,2309.97,7701.4001
2026-04-16 15:00:00,2309.96,2330.45,2308.5,2325.08,7571.5446
2026-04-16 15:15:00,2325.09,2328.88,2318.94,2319.16,7061.1502
2026-04-16 15:30:00,2319.15,2349.84,2318.01,2338.7,11445.1878
2026-04-16 15:45:00,2338.7,2343.18,2331.5,2339.01,4242.3285
2026-04-16 16:00:00,2339.01,2348.69,2334.1,2336.02,6955.0106
2026-04-16 16:15:00,2336.01,2342.5,2331.81,2332.08,3762.6906
2026-04-16 16:30:00,2332.09,2335.0,2317.31,2321.65,6346.6363
2026-04-16 16:45:00,2321.65,2325.09,2309.96,2316.76,5310.9339
2026-04-16 17:00:00,2316.77,2321.06,2311.32,2311.45,3043.6168
2026-04-16 17:15:00,2311.44,2325.54,2310.0,2324.64,3361.7651
2026-04-16 17:30:00,2324.64,2329.47,2318.26,2328.31,2114.3954
2026-04-16 17:45:00,2328.31,2329.48,2319.85,2325.79,2802.957
2026-04-16 18:00:00,2325.8,2334.67,2320.4,2327.48,3947.2269
2026-04-16 18:15:00,2327.47,2330.78,2322.61,2325.9,3266.2237
2026-04-16 18:30:00,2325.9,2335.3,2324.71,2333.36,2836.9356
2026-04-16 18:45:00,2333.36,2346.66,2333.36,2343.1,9668.6295
2026-04-16 19:00:00,2343.11,2345.83,2334.66,2337.05,4786.7122
2026-04-16 19:15:00,2337.05,2347.5,2335.87,2345.19,3173.7288
2026-04-16 19:30:00,2345.18,2359.9,2343.12,2357.99,6720.7008
2026-04-16 19:45:00,2357.99,2361.96,2354.7,2359.7,4421.6799
2026-04-16 20:00:00,2359.69,2364.68,2354.11,2359.06,4440.6876
2026-04-16 20:15:00,2359.06,2361.25,2349.32,2351.3,8400.7969
2026-04-16 20:30:00,2351.3,2351.31,2341.51,2344.88,3117.1214
2026-04-16 20:45:00,2344.87,2350.66,2343.63,2350.23,1940.6539
2026-04-16 21:00:00,2350.23,2356.53,2347.55,2351.04,1964.5607
2026-04-16 21:15:00,2351.04,2352.0,2336.25,2340.8,2960.6423
2026-04-16 21:30:00,2340.8,2343.57,2337.34,2339.84,1603.3138
2026-04-16 21:45:00,2339.84,2341.41,2338.77,2341.17,1026.7842
2026-04-16 22:00:00,2341.18,2350.56,2341.09,2343.7,2667.8629
2026-04-16 22:15:00,2343.7,2345.52,2339.3,2343.34,2516.8906
2026-04-16 22:30:00,2343.34,2346.17,2341.59,2344.96,1393.6961
2026-04-16 22:45:00,2344.95,2347.58,2341.23,2342.6,825.7967
2026-04-16 23:00:00,2342.59,2346.31,2341.61,2345.13,1233.1527
2026-04-16 23:15:00,2345.13,2353.0,2342.21,2348.28,1674.4329
2026-04-16 23:30:00,2348.25,2355.0,2347.81,2352.72,1462.5445
2026-04-16 23:45:00,2352.72,2352.89,2346.43,2348.17,975.6944
2026-04-17 00:00:00,2348.16,2350.9,2342.38,2343.01,2172.1547
2026-04-17 00:15:00,2343.0,2346.33,2341.0,2345.81,970.6536
2026-04-17 00:30:00,2345.81,2350.49,2345.55,2345.55,902.1374
2026-04-17 00:45:00,2345.54,2346.76,2343.69,2344.4,1052.0128
2026-04-17 01:00:00,2344.39,2349.0,2341.65,2344.03,1115.2444
2026-04-17 01:15:00,2344.03,2345.19,2328.32,2333.64,3962.887
2026-04-17 01:30:00,2333.63,2336.4,2328.12,2332.69,1162.9143
2026-04-17 01:45:00,2332.69,2339.18,2327.34,2335.38,2824.5894
2026-04-17 02:00:00,2335.37,2338.74,2330.45,2332.86,765.223
2026-04-17 02:15:00,2332.85,2333.24,2327.8,2327.81,1285.9767
2026-04-17 02:30:00,2327.81,2333.38,2324.93,2330.48,1227.975
2026-04-17 02:45:00,2330.48,2332.21,2328.99,2331.75,684.6396
2026-04-17 03:00:00,2331.75,2331.77,2327.46,2328.82,705.8266
2026-04-17 03:15:00,2328.82,2331.18,2327.15,2328.47,830.5162
2026-04-17 03:30:00,2328.47,2331.02,2323.83,2328.83,1323.3043
2026-04-17 03:45:00,2328.84,2330.73,2325.23,2325.52,1015.9264
2026-04-17 04:00:00,2325.53,2327.63,2324.21,2327.47,1188.6349
2026-04-17 04:15:00,2327.47,2332.21,2327.47,2329.97,930.9622
2026-04-17 04:30:00,2329.96,2333.08,2329.45,2332.38,826.9961
2026-04-17 04:45:00,2332.38,2333.73,2328.35,2328.96,974.5695
2026-04-17 05:00:00,2328.96,2329.36,2317.43,2320.86,3450.2348
2026-04-17 05:15:00,2320.88,2325.3,2320.29,2322.25,1383.4719
2026-04-17 05:30:00,2322.25,2323.91,2320.14,2321.29,1312.5001
2026-04-17 05:45:00,2321.28,2322.29,2317.99,2319.29,4763.3731
2026-04-17 06:00:00,2319.29,2324.88,2317.49,2323.7,3302.4307
2026-04-17 06:15:00,2323.71,2326.0,2323.22,2325.73,2112.3689
2026-04-17 06:30:00,2325.73,2329.67,2324.07,2329.22,1300.8481
2026-04-17 06:45:00,2329.23,2332.4,2328.03,2331.09,2051.2254
2026-04-17 07:00:00,2331.1,2342.02,2331.06,2339.87,3448.7633
2026-04-17 07:15:00,2339.87,2339.87,2334.52,2337.14,1676.8876
2026-04-17 07:30:00,2337.13,2338.67,2333.4,2335.15,1209.1912
2026-04-17 07:45:00,2335.15,2335.16,2330.09,2334.16,1546.306
2026-04-17 08:00:00,2334.15,2339.99,2332.98,2336.51,1635.9559
2026-04-17 08:15:00,2336.52,2341.72,2335.48,2340.49,2687.9751
2026-04-17 08:30:00,2340.48,2354.94,2339.97,2348.99,5852.7594
2026-04-17 08:45:00,2348.99,2359.27,2345.06,2354.87,4753.796
2026-04-17 09:00:00,2354.87,2356.75,2348.28,2356.35,4191.7683
2026-04-17 09:15:00,2356.35,2377.0,2351.85,2371.69,8866.2274
2026-04-17 09:30:00,2371.68,2373.4,2350.01,2355.58,7046.9072
2026-04-17 09:45:00,2355.58,2361.87,2352.01,2359.1,2864.9916
2026-04-17 10:00:00,2359.1,2361.1,2352.23,2353.59,4556.9699
2026-04-17 10:15:00,2353.59,2357.39,2341.89,2342.34,4127.144
2026-04-17 10:30:00,2342.4,2346.21,2336.45,2339.06,6800.4673
2026-04-17 10:45:00,2339.07,2345.09,2336.45,2344.01,2534.9206
2026-04-17 11:00:00,2344.01,2349.4,2343.08,2347.0,2102.5584
2026-04-17 11:15:00,2346.99,2354.19,2346.73,2352.14,2472.0613
2026-04-17 11:30:00,2352.14,2355.12,2348.69,2350.0,3308.962
2026-04-17 11:45:00,2350.01,2356.96,2349.96,2354.99,2070.9831
2026-04-17 12:00:00,2355.0,2358.0,2349.4,2356.95,2803.6955
2026-04-17 12:15:00,2356.94,2365.99,2353.79,2359.35,3203.5005
2026-04-17 12:30:00,2359.36,2364.34,2354.52,2356.59,3074.4678
2026-04-17 12:45:00,2356.59,2382.66,2355.83,2371.97,16471.0797
2026-04-17 13:00:00,2371.97,2409.29,2366.8,2406.88,22792.9751
2026-04-17 13:15:00,2406.84,2426.82,2396.96,2404.71,32988.7841
2026-04-17 13:30:00,2404.77,2420.5,2389.57,2418.34,24865.0411
2026-04-17 13:45:00,2418.35,2440.45,2408.35,2437.05,27485.6588
2026-04-17 14:00:00,2437.05,2447.56,2426.5,2430.22,14818.9603
2026-04-17 14:15:00,2430.21,2440.3,2426.31,2432.72,12831.1384
2026-04-17 14:30:00,2432.72,2456.93,2432.72,2447.93,19575.4864
2026-04-17 14:45:00,2447.92,2454.26,2440.69,2447.25,11653.3135
2026-04-17 15:00:00,2447.25,2449.22,2433.16,2441.98,10717.0774
2026-04-17 15:15:00,2441.98,2448.94,2439.08,2444.22,5083.4662
2026-04-17 15:30:00,2444.21,2449.99,2436.03,2439.41,6942.4098
2026-04-17 15:45:00,2439.41,2446.24,2435.47,2441.96,5528.8318
2026-04-17 16:00:00,2441.96,2452.69,2441.71,2444.89,5218.0328
2026-04-17 16:15:00,2444.89,2455.93,2441.49,2453.66,6539.9478
2026-04-17 16:30:00,2453.65,2464.91,2452.36,2459.36,10077.1502
2026-04-17 16:45:00,2459.36,2460.37,2448.49,2451.3,4074.1808
2026-04-17 17:00:00,2451.31,2452.5,2431.32,2437.3,6682.7655
2026-04-17 17:15:00,2437.3,2442.5,2422.08,2428.43,7816.5598
2026-04-17 17:30:00,2428.44,2438.4,2428.44,2435.33,3822.6764
2026-04-17 17:45:00,2435.33,2444.84,2434.98,2440.42,3138.1261
2026-04-17 18:00:00,2440.42,2442.68,2417.84,2419.46,8478.6862
2026-04-17 18:15:00,2419.47,2427.61,2415.41,2420.49,5390.5377
2026-04-17 18:30:00,2420.5,2430.29,2419.58,2429.86,1964.3305
2026-04-17 18:45:00,2429.85,2430.0,2417.93,2419.99,2267.3199
2026-04-17 19:00:00,2420.0,2426.38,2417.17,2423.68,2929.4482
2026-04-17 19:15:00,2423.69,2429.56,2423.5,2424.36,2244.2907
2026-04-17 19:30:00,2424.36,2432.92,2424.36,2430.96,2596.6903
2026-04-17 19:45:00,2430.96,2431.74,2424.38,2427.92,3557.6246
2026-04-17 20:00:00,2427.92,2435.29,2427.92,2432.92,2002.7804
2026-04-17 20:15:00,2432.92,2433.02,2427.73,2428.17,890.8731
2026-04-17 20:30:00,2428.17,2428.91,2417.01,2421.7,2967.0042
2026-04-17 20:45:00,2421.7,2427.39,2420.29,2426.78,1571.4156
2026-04-17 21:00:00,2426.76,2431.5,2426.49,2429.09,1780.1309
2026-04-17 21:15:00,2429.08,2433.48,2425.95,2429.78,2217.1009
2026-04-17 21:30:00,2429.78,2429.78,2418.71,2428.14,4239.8808
2026-04-17 21:45:00,2428.15,2431.0,2426.66,2429.49,2012.0865
2026-04-17 22:00:00,2429.49,2431.31,2424.5,2425.65,1732.0603
2026-04-17 22:15:00,2425.64,2432.9,2422.78,2432.0,10522.0594
2026-04-17 22:30:00,2432.0,2444.34,2429.15,2436.83,27751.58
2026-04-17 22:45:00,2436.84,2439.43,2432.78,2433.52,1946.565
2026-04-17 23:00:00,2433.52,2433.52,2428.51,2429.32,2206.7452
2026-04-17 23:15:00,2429.32,2429.32,2415.47,2421.57,7854.8669
2026-04-17 23:30:00,2421.57,2424.9,2419.0,2420.7,3468.1669
2026-04-17 23:45:00,2420.69,2423.05,2417.65,2419.0,1578.5988
2026-04-18 00:00:00,2419.0,2423.58,2417.0,2417.8,1249.1471
2026-04-18 00:15:00,2417.8,2422.06,2417.57,2421.61,1174.0619
2026-04-18 00:30:00,2421.6,2422.6,2410.06,2414.11,3390.4875
2026-04-18 00:45:00,2414.12,2423.27,2413.66,2420.99,3628.955
2026-04-18 01:00:00,2420.99,2427.64,2416.8,2426.73,2146.4722
2026-04-18 01:15:00,2426.73,2426.73,2423.16,2423.88,1160.402
2026-04-18 01:30:00,2423.87,2423.87,2418.74,2420.01,2174.2201
2026-04-18 01:45:00,2420.0,2423.98,2418.36,2420.99,833.5936
2026-04-18 02:00:00,2421.0,2421.44,2416.83,2421.04,1132.6219
2026-04-18 02:15:00,2421.03,2424.85,2420.99,2421.99,1610.9984
2026-04-18 02:30:00,2422.0,2423.08,2419.26,2420.57,1835.4917
2026-04-18 02:45:00,2420.56,2420.77,2418.49,2419.2,628.7455
2026-04-18 03:00:00,2419.21,2419.21,2415.32,2416.81,690.4749
2026-04-18 03:15:00,2416.8,2419.38,2416.03,2416.57,634.632
2026-04-18 03:30:00,2416.58,2417.85,2414.32,2415.59,539.9414
2026-04-18 03:45:00,2415.59,2419.83,2399.54,2405.04,6242.515
2026-04-18 04:00:00,2405.03,2410.22,2400.92,2410.02,1317.3149
2026-04-18 04:15:00,2410.02,2410.48,2400.63,2402.97,1117.6329
2026-04-18 04:30:00,2402.97,2407.8,2399.52,2404.74,1452.762
2026-04-18 04:45:00,2404.75,2409.55,2404.17,2407.48,1007.2504
2026-04-18 05:00:00,2407.48,2413.54,2407.14,2411.75,760.4328
2026-04-18 05:15:00,2411.75,2411.76,2408.77,2408.97,734.4523
2026-04-18 05:30:00,2408.97,2408.97,2405.83,2407.49,730.6347
2026-04-18 05:45:00,2407.49,2408.95,2407.04,2408.95,360.708
2026-04-18 06:00:00,2408.94,2410.86,2407.8,2409.41,1097.217
2026-04-18 06:15:00,2409.4,2409.41,2405.52,2408.64,482.0316
2026-04-18 06:30:00,2408.64,2411.56,2408.5,2411.13,864.1792
2026-04-18 06:45:00,2411.12,2411.87,2409.15,2410.0,501.9705
2026-04-18 07:00:00,2410.0,2411.12,2408.47,2409.25,622.3169
2026-04-18 07:15:00,2409.25,2409.25,2406.2,2406.2,967.4996
2026-04-18 07:30:00,2406.21,2407.04,2403.15,2405.34,1212.348
2026-04-18 07:45:00,2405.34,2405.43,2401.67,2403.71,1713.2446
2026-04-18 08:00:00,2403.71,2404.85,2398.47,2398.49,2440.8908
2026-04-18 08:15:00,2398.49,2398.56,2380.5,2387.32,11208.2315
2026-04-18 08:30:00,2387.31,2387.84,2367.39,2374.13,9276.6164
2026-04-18 08:45:00,2374.13,2382.14,2373.26,2380.57,2906.268
2026-04-18 09:00:00,2380.57,2380.57,2370.0,2376.28,3480.3974
2026-04-18 09:15:00,2376.28,2378.29,2369.75,2378.12,2581.302
2026-04-18 09:30:00,2378.12,2380.93,2375.97,2376.49,1794.5071
2026-04-18 09:45:00,2376.5,2377.26,2372.94,2376.04,1715.6796
2026-04-18 10:00:00,2376.03,2376.03,2353.88,2362.01,11253.5469
2026-04-18 10:15:00,2362.0,2364.86,2358.66,2361.3,3022.7195
2026-04-18 10:30:00,2361.3,2361.64,2356.78,2357.15,2185.9281
2026-04-18 10:45:00,2357.16,2361.95,2357.15,2359.34,1680.3711
2026-04-18 11:00:00,2359.34,2360.47,2350.0,2352.03,5033.1755
2026-04-18 11:15:00,2352.03,2358.74,2351.02,2356.38,1797.3101
2026-04-18 11:30:00,2356.38,2359.0,2343.44,2348.34,4365.7375
2026-04-18 11:45:00,2348.4,2354.66,2347.29,2352.96,3237.1763
2026-04-18 12:00:00,2352.96,2360.0,2351.15,2358.51,2888.4179
2026-04-18 12:15:00,2358.5,2362.5,2355.1,2355.1,2691.7003
2026-04-18 12:30:00,2355.1,2357.83,2352.0,2356.79,1104.3166
2026-04-18 12:45:00,2356.79,2359.19,2355.71,2357.93,1436.8376
2026-04-18 13:00:00,2357.92,2358.36,2355.6,2355.61,785.8679
2026-04-18 13:15:00,2355.6,2360.07,2351.5,2353.92,1773.3992
2026-04-18 13:30:00,2353.92,2354.44,2345.25,2350.32,3141.0165
2026-04-18 13:45:00,2350.32,2357.59,2348.39,2355.13,4079.4529
2026-04-18 14:00:00,2355.13,2357.59,2352.68,2356.57,5710.9791
2026-04-18 14:15:00,2356.57,2357.62,2349.72,2356.16,10338.7096
2026-04-18 14:30:00,2356.16,2361.73,2356.16,2359.99,3651.8201
2026-04-18 14:45:00,2360.0,2366.0,2359.0,2365.23,6416.0099
2026-04-18 15:00:00,2365.23,2369.66,2359.21,2364.18,5038.0394
2026-04-18 15:15:00,2364.18,2365.78,2360.02,2364.4,1419.7254
2026-04-18 15:30:00,2364.39,2367.22,2361.13,2361.51,1614.0891
2026-04-18 15:45:00,2361.52,2364.8,2359.11,2363.64,5265.1313
2026-04-18 16:00:00,2363.64,2366.46,2358.91,2366.07,2156.4743
2026-04-18 16:15:00,2366.06,2375.14,2357.57,2368.19,7101.8886
2026-04-18 16:30:00,2368.2,2369.31,2363.85,2364.6,915.3379
2026-04-18 16:45:00,2364.6,2367.37,2358.0,2360.87,2112.058
2026-04-18 17:00:00,2360.86,2362.83,2355.0,2357.95,6411.1452
2026-04-18 17:15:00,2357.95,2363.27,2357.95,2361.85,1598.9508
2026-04-18 17:30:00,2361.85,2364.84,2361.75,2362.13,1108.9627
2026-04-18 17:45:00,2362.14,2364.87,2361.46,2361.46,1622.0558
2026-04-18 18:00:00,2361.47,2363.64,2356.64,2361.21,2819.5355
2026-04-18 18:15:00,2361.21,2361.21,2354.41,2355.31,970.9376
2026-04-18 18:30:00,2355.32,2355.84,2339.92,2345.79,4870.5078
2026-04-18 18:45:00,2345.8,2352.74,2344.08,2347.44,2417.9668
2026-04-18 19:00:00,2347.45,2356.02,2346.85,2354.01,1872.9594
2026-04-18 19:15:00,2354.01,2355.59,2348.39,2351.38,875.0902
2026-04-18 19:30:00,2351.37,2352.38,2347.03,2347.43,996.9311
2026-04-18 19:45:00,2347.42,2350.59,2346.49,2348.59,1331.7044
2026-04-18 20:00:00,2348.59,2351.09,2344.96,2349.88,1224.256
2026-04-18 20:15:00,2349.87,2352.83,2348.01,2348.7,804.1157
2026-04-18 20:30:00,2348.7,2352.63,2346.94,2352.22,841.0685
2026-04-18 20:45:00,2352.21,2354.9,2351.19,2352.62,875.4044
2026-04-18 21:00:00,2352.61,2355.12,2350.44,2352.58,1610.86
2026-04-18 21:15:00,2352.58,2353.17,2347.74,2352.53,649.2621
2026-04-18 21:30:00,2352.54,2352.91,2348.66,2352.91,985.0558
2026-04-18 21:45:00,2352.92,2355.33,2351.36,2355.33,909.4589
2026-04-18 22:00:00,2355.32,2355.64,2348.63,2349.27,785.6394
2026-04-18 22:15:00,2349.27,2354.01,2348.97,2353.47,381.3253
2026-04-18 22:30:00,2353.47,2357.07,2352.97,2354.22,752.591
2026-04-18 22:45:00,2354.22,2359.46,2353.73,2356.53,826.3281
2026-04-18 23:00:00,2356.54,2359.5,2355.32,2355.33,1157.2782
2026-04-18 23:15:00,2355.33,2356.57,2354.02,2354.73,378.8072
2026-04-18 23:30:00,2354.73,2354.73,2351.65,2352.99,475.6134
2026-04-18 23:45:00,2352.98,2353.57,2349.68,2350.32,551.6925
2026-04-19 00:00:00,2350.33,2355.3,2350.1,2352.0,800.0097
2026-04-19 00:15:00,2352.0,2352.0,2346.95,2347.93,1000.4461
2026-04-19 00:30:00,2347.93,2348.97,2344.35,2345.82,665.4026
2026-04-19 00:45:00,2345.81,2350.36,2345.7,2349.09,973.2547
2026-04-19 01:00:00,2349.09,2353.0,2345.65,2348.66,1161.3886
2026-04-19 01:15:00,2348.66,2348.66,2344.35,2344.35,764.0174
2026-04-19 01:30:00,2344.34,2345.87,2341.66,2344.88,1476.7671
2026-04-19 01:45:00,2344.87,2350.13,2344.87,2348.03,1883.017
2026-04-19 02:00:00,2348.04,2348.19,2345.04,2346.31,1149.7042
2026-04-19 02:15:00,2346.32,2349.2,2333.44,2337.87,2696.7088
2026-04-19 02:30:00,2337.88,2347.66,2335.63,2344.54,1482.3602
2026-04-19 02:45:00,2344.54,2346.83,2338.24,2338.25,2942.4731
2026-04-19 03:00:00,2338.24,2341.8,2332.1,2341.47,1347.6213
2026-04-19 03:15:00,2341.47,2343.35,2337.65,2343.35,583.7193
2026-04-19 03:30:00,2343.34,2343.85,2341.08,2342.79,595.2409
2026-04-19 03:45:00,2342.79,2344.09,2338.98,2339.77,769.2486
2026-04-19 04:00:00,2339.77,2346.11,2339.56,2344.26,871.838
2026-04-19 04:15:00,2344.25,2345.32,2341.26,2341.86,841.3867
2026-04-19 04:30:00,2341.86,2341.87,2321.62,2328.48,6629.9664
2026-04-19 04:45:00,2328.48,2334.31,2327.37,2333.34,1214.6607
2026-04-19 05:00:00,2333.34,2334.5,2329.0,2332.45,1801.2437
2026-04-19 05:15:00,2332.44,2334.44,2329.63,2333.82,852.6514
2026-04-19 05:30:00,2333.83,2338.68,2333.83,2336.0,943.3135
2026-04-19 05:45:00,2335.99,2336.0,2331.5,2332.76,1235.6614
2026-04-19 06:00:00,2332.75,2333.12,2322.61,2323.66,2420.9835
2026-04-19 06:15:00,2323.67,2331.46,2321.88,2328.38,8823.4208
2026-04-19 06:30:00,2328.38,2332.38,2328.38,2330.34,1277.4354
2026-04-19 06:45:00,2330.35,2330.35,2325.06,2327.2,2195.7455
2026-04-19 07:00:00,2327.2,2327.32,2319.21,2321.0,2692.1348
2026-04-19 07:15:00,2321.01,2322.57,2300.0,2303.27,15275.6364
2026-04-19 07:30:00,2303.28,2318.53,2302.8,2315.44,4730.6759
2026-04-19 07:45:00,2315.43,2319.47,2312.92,2316.03,2597.9977
2026-04-19 08:00:00,2316.03,2318.02,2312.57,2316.67,1627.0997
2026-04-19 08:15:00,2316.67,2320.01,2315.29,2315.39,1231.4437
2026-04-19 08:30:00,2315.38,2320.96,2311.2,2319.19,2360.4275
2026-04-19 08:45:00,2319.2,2320.68,2317.1,2318.69,1067.5673
2026-04-19 09:00:00,2318.69,2319.36,2315.82,2317.56,1251.3079
2026-04-19 09:15:00,2317.56,2317.93,2310.0,2315.21,1423.1459
2026-04-19 09:30:00,2315.21,2316.57,2310.52,2311.87,702.078
2026-04-19 09:45:00,2311.87,2312.19,2306.42,2310.24,1592.6134
2026-04-19 10:00:00,2310.24,2312.74,2306.73,2309.78,831.9602
2026-04-19 10:15:00,2309.78,2312.43,2307.67,2311.85,1031.3577
2026-04-19 10:30:00,2311.84,2314.72,2311.31,2314.71,825.8469
2026-04-19 10:45:00,2314.71,2320.15,2313.73,2318.01,1113.9353
2026-04-19 11:00:00,2318.02,2328.63,2317.53,2327.57,2148.714
2026-04-19 11:15:00,2327.58,2331.13,2322.83,2325.85,3753.5875
2026-04-19 11:30:00,2325.84,2329.44,2325.71,2327.78,1018.8403
2026-04-19 11:45:00,2327.77,2330.98,2327.34,2329.38,1295.5987
2026-04-19 12:00:00,2329.38,2335.92,2328.0,2333.77,5593.7436
2026-04-19 12:15:00,2333.78,2334.0,2327.87,2329.0,1386.7065
2026-04-19 12:30:00,2328.99,2329.62,2325.0,2326.28,1444.3728
2026-04-19 12:45:00,2326.29,2337.24,2325.0,2331.29,2222.6336
2026-04-19 13:00:00,2331.29,2339.69,2330.85,2336.33,2441.4325
2026-04-19 13:15:00,2336.33,2350.24,2335.43,2342.27,5402.8815
2026-04-19 13:30:00,2342.27,2345.26,2338.28,2342.18,2697.2301
2026-04-19 13:45:00,2342.18,2342.26,2335.94,2338.67,2282.0388
2026-04-19 14:00:00,2338.67,2341.0,2327.35,2331.63,2142.7783
2026-04-19 14:15:00,2331.62,2342.05,2330.48,2338.99,1886.1505
2026-04-19 14:30:00,2338.99,2340.25,2334.5,2338.0,1424.7913
2026-04-19 14:45:00,2338.0,2343.12,2336.89,2338.09,1299.865
2026-04-19 15:00:00,2338.09,2338.58,2332.96,2336.41,1269.856
2026-04-19 15:15:00,2336.42,2341.49,2332.8,2335.15,1598.9754
2026-04-19 15:30:00,2335.15,2336.0,2315.29,2325.2,3462.3842
2026-04-19 15:45:00,2325.2,2331.7,2323.79,2330.8,1110.8791
2026-04-19 16:00:00,2330.8,2331.34,2324.34,2325.84,1735.6631
2026-04-19 16:15:00,2325.84,2327.99,2318.33,2320.19,1569.2526
2026-04-19 16:30:00,2320.19,2325.67,2317.14,2319.1,1164.4493
2026-04-19 16:45:00,2319.09,2322.36,2304.7,2311.68,5958.2494
2026-04-19 17:00:00,2311.68,2312.59,2296.0,2307.88,9003.0455
2026-04-19 17:15:00,2307.88,2317.81,2307.55,2312.48,3608.6263
2026-04-19 17:30:00,2312.49,2316.24,2304.26,2309.31,1591.9594
2026-04-19 17:45:00,2309.32,2311.03,2294.5,2296.59,4930.2431
2026-04-19 18:00:00,2296.58,2300.63,2290.44,2297.39,5644.5444
2026-04-19 18:15:00,2297.4,2301.25,2290.22,2298.05,5384.2138
2026-04-19 18:30:00,2298.05,2298.94,2290.71,2291.75,3035.5861
2026-04-19 18:45:00,2291.74,2296.48,2287.62,2295.78,2604.4038
2026-04-19 19:00:00,2295.78,2301.8,2295.78,2299.95,2642.534
2026-04-19 19:15:00,2299.95,2304.78,2294.42,2299.32,2955.512
2026-04-19 19:30:00,2299.32,2302.71,2295.87,2297.18,1178.663
2026-04-19 19:45:00,2297.17,2300.74,2297.0,2299.65,796.7629
2026-04-19 20:00:00,2299.66,2300.0,2290.64,2294.85,2549.4521
2026-04-19 20:15:00,2294.85,2294.86,2288.62,2292.44,1763.8962
2026-04-19 20:30:00,2292.44,2296.97,2279.03,2282.33,9233.3844
2026-04-19 20:45:00,2282.33,2285.95,2273.51,2280.61,5796.9727
2026-04-19 21:00:00,2280.61,2286.25,2279.21,2285.51,2084.5891
2026-04-19 21:15:00,2285.5,2287.5,2279.62,2286.39,1589.171
2026-04-19 21:30:00,2286.39,2290.11,2285.81,2287.78,1376.7075
2026-04-19 21:45:00,2287.79,2290.34,2274.98,2276.09,2254.7206
2026-04-19 22:00:00,2276.08,2276.08,2252.72,2260.38,13742.3764
2026-04-19 22:15:00,2260.39,2266.55,2252.89,2263.47,6279.4185
2026-04-19 22:30:00,2263.48,2273.5,2262.68,2273.36,3854.1897
2026-04-19 22:45:00,2273.37,2275.54,2269.6,2269.79,4643.8725
2026-04-19 23:00:00,2269.78,2269.78,2260.26,2265.0,4238.7983
2026-04-19 23:15:00,2264.99,2265.9,2256.33,2264.25,3471.7264
2026-04-19 23:30:00,2264.25,2268.75,2262.63,2267.46,2249.4618
2026-04-19 23:45:00,2267.47,2270.4,2262.52,2263.27,1516.0071
2026-04-20 00:00:00,2263.28,2274.9,2259.67,2269.21,3463.6338
2026-04-20 00:15:00,2269.22,2277.73,2269.22,2276.51,3056.2912
2026-04-20 00:30:00,2276.5,2279.44,2273.7,2275.75,2064.4982
2026-04-20 00:45:00,2275.74,2283.14,2274.35,2280.01,4058.8407
2026-04-20 01:00:00,2280.02,2284.95,2279.06,2284.93,1837.8582
2026-04-20 01:15:00,2284.93,2284.93,2278.2,2280.73,1992.8305
2026-04-20 01:30:00,2280.72,2294.3,2280.72,2291.64,2555.5867
2026-04-20 01:45:00,2291.63,2292.75,2285.78,2286.17,1177.0951
2026-04-20 02:00:00,2286.16,2287.63,2273.05,2275.87,2217.9149
2026-04-20 02:15:00,2275.87,2279.02,2272.25,2277.64,1215.4027
2026-04-20 02:30:00,2277.64,2279.44,2275.86,2278.65,1123.544
2026-04-20 02:45:00,2278.64,2281.75,2276.3,2277.43,1302.8959
2026-04-20 03:00:00,2277.43,2282.26,2276.08,2282.25,1062.5589
2026-04-20 03:15:00,2282.26,2283.74,2278.67,2280.32,1100.9933
2026-04-20 03:30:00,2280.31,2281.58,2279.21,2281.56,540.3246
2026-04-20 03:45:00,2281.56,2288.58,2280.27,2286.56,1262.9802
2026-04-20 04:00:00,2286.55,2286.55,2282.12,2283.38,1609.4171
2026-04-20 04:15:00,2283.39,2284.71,2279.89,2281.79,1599.2628
2026-04-20 04:30:00,2281.79,2281.79,2278.84,2279.78,622.2386
2026-04-20 04:45:00,2279.78,2285.24,2279.77,2283.39,1496.1592
2026-04-20 05:00:00,2283.39,2283.39,2269.4,2273.21,2167.3958
2026-04-20 05:15:00,2273.2,2273.2,2264.5,2266.02,2753.832
2026-04-20 05:30:00,2266.02,2269.53,2264.47,2264.55,1763.6655
2026-04-20 05:45:00,2264.55,2272.0,2263.18,2270.21,1731.5097
2026-04-20 06:00:00,2270.21,2276.36,2269.89,2270.56,1055.1828
2026-04-20 06:15:00,2270.55,2275.28,2268.78,2274.36,1311.7302
2026-04-20 06:30:00,2274.37,2289.0,2274.37,2284.72,2783.3226
2026-04-20 06:45:00,2284.7,2287.5,2280.67,2286.17,1877.5033
2026-04-20 07:00:00,2286.17,2288.7,2283.02,2287.15,1867.4603
2026-04-20 07:15:00,2287.16,2332.88,2285.68,2314.81,16937.8739
2026-04-20 07:30:00,2314.81,2317.34,2295.48,2298.01,11262.993
2026-04-20 07:45:00,2298.02,2302.72,2287.13,2298.8,8636.6158
2026-04-20 08:00:00,2298.81,2302.14,2291.61,2300.34,3920.2544
2026-04-20 08:15:00,2300.35,2308.65,2292.83,2299.66,5652.9764
2026-04-20 08:30:00,2299.67,2301.02,2292.91,2295.6,2336.6199
2026-04-20 08:45:00,2295.6,2296.66,2289.82,2294.09,2340.4035
2026-04-20 09:00:00,2294.08,2306.36,2293.3,2303.31,2039.2206
2026-04-20 09:15:00,2303.3,2307.12,2301.93,2304.6,1999.7788
2026-04-20 09:30:00,2304.61,2313.64,2303.73,2311.0,1944.2571
2026-04-20 09:45:00,2310.99,2313.34,2306.72,2309.06,2533.046
2026-04-20 10:00:00,2309.06,2318.75,2308.2,2315.84,2631.3778
2026-04-20 10:15:00,2315.86,2320.0,2314.36,2315.56,1512.0792
2026-04-20 10:30:00,2315.56,2315.56,2307.23,2308.95,2000.5724
2026-04-20 10:45:00,2308.94,2309.63,2303.23,2303.39,1312.3207
2026-04-20 11:00:00,2303.39,2309.15,2300.0,2309.15,2090.044
2026-04-20 11:15:00,2309.16,2311.47,2303.71,2306.19,2072.7949
2026-04-20 11:30:00,2306.19,2309.41,2302.3,2308.17,1333.033
2026-04-20 11:45:00,2308.18,2312.33,2307.16,2308.42,1894.7868
2026-04-20 12:00:00,2308.42,2314.2,2304.46,2312.31,1926.6771
2026-04-20 12:15:00,2312.31,2323.02,2309.78,2315.6,4357.97
2026-04-20 12:30:00,2315.59,2317.7,2306.83,2311.29,2492.7099
2026-04-20 12:45:00,2311.29,2319.56,2311.29,2318.88,3222.0905
2026-04-20 13:00:00,2318.88,2326.36,2313.43,2319.29,5047.0097
2026-04-20 13:15:00,2319.3,2321.59,2310.09,2316.41,2554.4034
2026-04-20 13:30:00,2316.41,2319.06,2301.53,2312.58,5131.8085
2026-04-20 13:45:00,2312.58,2316.97,2302.14,2310.82,4304.9149
2026-04-20 14:00:00,2310.82,2310.82,2296.61,2299.93,5848.9837
2026-04-20 14:15:00,2299.94,2321.98,2298.24,2310.82,6598.7561
2026-04-20 14:30:00,2310.82,2314.51,2295.41,2302.61,4664.2132
2026-04-20 14:45:00,2302.6,2307.69,2283.0,2290.9,15990.9593
2026-04-20 15:00:00,2290.91,2294.0,2278.38,2292.61,6805.4066
2026-04-20 15:15:00,2292.62,2319.0,2292.14,2317.8,8128.2787
2026-04-20 15:30:00,2317.8,2317.8,2306.83,2307.57,3829.759
2026-04-20 15:45:00,2307.58,2314.45,2305.69,2313.91,4530.5933
2026-04-20 16:00:00,2313.92,2315.01,2306.78,2308.06,3556.8802
2026-04-20 16:15:00,2308.06,2308.33,2300.0,2303.93,2238.8421
2026-04-20 16:30:00,2303.93,2308.84,2300.29,2306.7,2065.5182
2026-04-20 16:45:00,2306.7,2309.24,2298.76,2300.07,1740.1487
2026-04-20 17:00:00,2300.07,2315.51,2297.97,2313.5,3251.2959
2026-04-20 17:15:00,2313.49,2322.4,2310.95,2314.4,3576.8641
2026-04-20 17:30:00,2314.4,2318.37,2307.94,2313.17,3007.0895
2026-04-20 17:45:00,2313.18,2321.81,2311.42,2317.06,2712.9791
2026-04-20 18:00:00,2317.06,2332.81,2317.06,2331.42,8296.3333
2026-04-20 18:15:00,2331.42,2335.79,2326.56,2328.46,3759.5401
2026-04-20 18:30:00,2328.45,2341.97,2324.71,2335.21,6161.2182
2026-04-20 18:45:00,2335.21,2344.19,2329.5,2334.23,5300.2189
2026-04-20 19:00:00,2334.24,2336.43,2330.2,2334.25,2674.15
2026-04-20 19:15:00,2334.24,2334.25,2327.27,2329.62,1791.8579
2026-04-20 19:30:00,2329.61,2330.71,2327.47,2328.55,1638.6719
2026-04-20 19:45:00,2328.56,2333.87,2327.65,2331.78,1660.8948
2026-04-20 20:00:00,2331.78,2334.13,2328.72,2331.99,1492.4875
2026-04-20 20:15:00,2331.98,2340.15,2330.65,2331.2,2863.2938
2026-04-20 20:30:00,2331.19,2331.67,2327.82,2328.14,1208.368
2026-04-20 20:45:00,2328.14,2339.35,2325.33,2337.59,3357.0849
2026-04-20 21:00:00,2337.58,2346.78,2320.31,2325.21,8940.8215
2026-04-20 21:15:00,2325.22,2327.04,2315.99,2319.75,2976.1039
2026-04-20 21:30:00,2319.75,2322.14,2315.21,2317.51,1656.4017
2026-04-20 21:45:00,2317.51,2322.69,2317.14,2321.65,924.8365
2026-04-20 22:00:00,2321.64,2328.52,2321.64,2323.41,1877.4572
2026-04-20 22:15:00,2323.42,2324.81,2316.75,2318.94,1156.2693
2026-04-20 22:30:00,2318.95,2325.65,2317.71,2320.89,1160.747
2026-04-20 22:45:00,2320.9,2321.04,2318.27,2319.4,926.7736
2026-04-20 23:00:00,2319.4,2319.4,2310.3,2311.77,2622.6915
2026-04-20 23:15:00,2311.77,2312.99,2307.74,2309.83,1608.6493
2026-04-20 23:30:00,2309.83,2314.84,2308.07,2313.19,890.1403
2026-04-20 23:45:00,2313.19,2315.29,2311.02,2313.85,1347.9261
2026-04-21 00:00:00,2313.84,2318.12,2311.66,2315.6,1807.7515
2026-04-21 00:15:00,2315.59,2316.98,2313.0,2316.14,1037.8236
2026-04-21 00:30:00,2316.15,2318.9,2314.68,2316.39,894.8851
2026-04-21 00:45:00,2316.39,2324.7,2316.37,2321.94,1900.0501
2026-04-21 01:00:00,2321.94,2326.64,2319.39,2322.92,1122.8353
2026-04-21 01:15:00,2322.92,2323.35,2318.54,2322.92,1332.9205
2026-04-21 01:30:00,2322.93,2326.27,2320.0,2321.99,1086.2236
2026-04-21 01:45:00,2321.99,2322.0,2312.66,2315.16,1724.9338
2026-04-21 02:00:00,2315.16,2315.72,2308.53,2310.16,1741.9553
2026-04-21 02:15:00,2310.16,2312.13,2306.45,2310.01,2007.9261
2026-04-21 02:30:00,2310.01,2313.08,2308.0,2308.28,1071.2609
2026-04-21 02:45:00,2308.29,2309.85,2307.0,2308.34,707.0186
2026-04-21 03:00:00,2308.34,2308.35,2300.15,2303.92,2569.0344
2026-04-21 03:15:00,2303.91,2308.49,2300.01,2306.25,1555.5089
2026-04-21 03:30:00,2306.26,2309.69,2304.18,2306.74,940.0019
2026-04-21 03:45:00,2306.73,2312.9,2306.73,2311.62,1281.0613
2026-04-21 04:00:00,2311.62,2313.05,2306.12,2306.12,771.5616
2026-04-21 04:15:00,2306.12,2310.56,2304.06,2308.2,1042.6116
2026-04-21 04:30:00,2308.19,2309.82,2305.06,2309.51,792.321
2026-04-21 04:45:00,2309.51,2315.87,2309.46,2314.59,1227.6011
2026-04-21 05:00:00,2314.59,2320.69,2314.33,2316.76,1692.9163
2026-04-21 05:15:00,2316.76,2319.17,2314.7,2317.81,949.6354
2026-04-21 05:30:00,2317.82,2317.82,2314.41,2314.77,751.237
2026-04-21 05:45:00,2314.76,2315.1,2312.65,2314.07,347.8619
2026-04-21 06:00:00,2314.07,2314.39,2310.09,2310.87,1009.858
2026-04-21 06:15:00,2310.88,2311.11,2308.01,2309.99,1291.1825
2026-04-21 06:30:00,2309.99,2327.05,2309.88,2319.71,2581.6658
2026-04-21 06:45:00,2319.71,2320.68,2317.13,2317.36,833.3225
2026-04-21 07:00:00,2317.37,2317.75,2311.56,2314.38,1230.6673
2026-04-21 07:15:00,2314.38,2324.53,2312.97,2321.52,1512.7132
2026-04-21 07:30:00,2321.52,2324.01,2316.0,2321.82,3704.2677
2026-04-21 07:45:00,2321.81,2324.98,2318.46,2318.48,3205.9504
2026-04-21 08:00:00,2318.48,2321.84,2314.0,2316.24,1222.4335
2026-04-21 08:15:00,2316.23,2324.0,2315.7,2323.0,1365.2557
2026-04-21 08:30:00,2323.0,2328.78,2319.5,2326.72,1648.7604
2026-04-21 08:45:00,2326.72,2338.75,2320.99,2323.43,4683.3777
2026-04-21 09:00:00,2323.42,2325.05,2320.05,2324.23,1399.3227
2026-04-21 09:15:00,2324.23,2327.65,2318.37,2319.76,1479.7886
2026-04-21 09:30:00,2319.76,2325.0,2318.76,2324.99,1184.9601
2026-04-21 09:45:00,2324.99,2326.03,2322.8,2325.69,1026.9981
2026-04-21 10:00:00,2325.7,2330.7,2325.7,2328.15,1732.7019
2026-04-21 10:15:00,2328.14,2331.0,2325.33,2328.06,1350.4251
2026-04-21 10:30:00,2328.06,2333.97,2327.5,2333.47,1484.7948
2026-04-21 10:45:00,2333.47,2337.27,2331.14,2331.15,2758.5915
2026-04-21 11:00:00,2331.15,2331.29,2316.14,2317.92,4907.0811
2026-04-21 11:15:00,2317.92,2330.07,2317.0,2326.72,1656.3222
2026-04-21 11:30:00,2326.72,2328.33,2322.36,2322.64,1396.564
2026-04-21 11:45:00,2322.63,2322.8,2318.3,2320.45,1342.9909
2026-04-21 12:00:00,2320.45,2324.68,2315.65,2316.76,2370.188
2026-04-21 12:15:00,2316.77,2318.45,2315.0,2318.0,1633.5978
2026-04-21 12:30:00,2318.0,2321.21,2294.51,2298.52,7220.8484
2026-04-21 12:45:00,2298.52,2311.87,2294.39,2308.54,5110.2087
2026-04-21 13:00:00,2308.54,2309.59,2303.63,2305.47,1832.2816
2026-04-21 13:15:00,2305.46,2310.96,2304.69,2307.78,1430.7972
2026-04-21 13:30:00,2307.78,2317.37,2301.0,2311.15,4052.1288
2026-04-21 13:45:00,2311.14,2314.71,2308.0,2312.77,1907.3897
2026-04-21 14:00:00,2312.77,2313.91,2304.69,2306.22,1814.5433
2026-04-21 14:15:00,2306.23,2323.4,2306.23,2314.22,3365.7222
2026-04-21 14:30:00,2314.21,2327.5,2313.81,2322.2,3150.6176
2026-04-21 14:45:00,2322.2,2322.45,2295.0,2299.35,5660.8707
2026-04-21 15:00:00,2299.35,2307.69,2290.35,2305.25,4742.3574
2026-04-21 15:15:00,2305.26,2310.72,2297.01,2301.99,2840.2597
2026-04-21 15:30:00,2301.99,2309.65,2295.52,2304.18,2996.8117
2026-04-21 15:45:00,2304.18,2310.24,2302.76,2310.24,1989.4224
2026-04-21 16:00:00,2310.25,2317.31,2308.15,2315.21,4017.1838
2026-04-21 16:15:00,2315.22,2317.3,2309.35,2312.33,3017.3036
2026-04-21 16:30:00,2312.33,2324.73,2311.53,2313.33,3084.6931
2026-04-21 16:45:00,2313.34,2316.88,2306.51,2307.45,2161.2886
2026-04-21 17:00:00,2307.44,2308.99,2296.13,2300.81,3178.5311
2026-04-21 17:15:00,2300.8,2301.04,2284.19,2295.81,5715.556
2026-04-21 17:30:00,2295.8,2319.61,2293.61,2314.61,6418.1229
2026-04-21 17:45:00,2314.6,2315.58,2303.1,2306.21,3346.3783
2026-04-21 18:00:00,2306.2,2308.55,2301.75,2305.69,1586.5117
2026-04-21 18:15:00,2305.7,2309.82,2300.29,2305.4,2571.722
2026-04-21 18:30:00,2305.4,2310.32,2304.21,2305.84,1371.3654
2026-04-21 18:45:00,2305.84,2313.33,2300.93,2312.72,2462.1085
2026-04-21 19:00:00,2312.72,2321.95,2312.65,2315.34,4003.5249
2026-04-21 19:15:00,2315.35,2332.0,2312.34,2324.55,5241.9052
2026-04-21 19:30:00,2324.56,2324.7,2287.3,2289.15,7729.5448
2026-04-21 19:45:00,2289.15,2299.61,2288.58,2298.41,6380.8689
2026-04-21 20:00:00,2298.42,2321.77,2296.04,2318.93,9577.7309
2026-04-21 20:15:00,2318.93,2324.85,2316.38,2318.07,4890.6116
2026-04-21 20:30:00,2318.06,2325.88,2316.03,2316.16,2756.2649
2026-04-21 20:45:00,2316.16,2320.71,2311.03,2314.56,2338.8216
2026-04-21 21:00:00,2314.55,2318.0,2309.41,2313.48,1742.5552
2026-04-21 21:15:00,2313.48,2317.05,2311.85,2312.76,869.0401
2026-04-21 21:30:00,2312.77,2315.34,2310.07,2310.08,837.7468
2026-04-21 21:45:00,2310.07,2313.81,2310.01,2312.56,773.1926
2026-04-21 22:00:00,2312.56,2316.76,2309.83,2315.6,1268.7612
2026-04-21 22:15:00,2315.59,2315.59,2304.34,2306.87,1340.151
2026-04-21 22:30:00,2306.88,2311.75,2301.9,2311.54,1641.2728
2026-04-21 22:45:00,2311.54,2312.34,2307.45,2311.35,998.5743
2026-04-21 23:00:00,2311.35,2321.58,2310.92,2317.98,2420.1478
2026-04-21 23:15:00,2317.98,2320.62,2315.01,2316.16,768.822
2026-04-21 23:30:00,2316.15,2326.02,2315.54,2323.8,1715.2407
2026-04-21 23:45:00,2323.79,2329.47,2323.48,2327.14,1935.457
2026-04-22 00:00:00,2327.15,2330.82,2325.01,2327.71,2519.5041
2026-04-22 00:15:00,2327.7,2329.61,2322.72,2324.57,1268.4647
2026-04-22 00:30:00,2324.57,2328.74,2322.62,2326.53,1000.0811
2026-04-22 00:45:00,2326.54,2327.49,2322.92,2325.58,788.5858
2026-04-22 01:00:00,2325.57,2328.73,2322.5,2327.38,2275.6059
2026-04-22 01:15:00,2327.38,2327.38,2314.19,2314.24,1797.0245
2026-04-22 01:30:00,2314.23,2321.71,2312.95,2319.73,991.0878
2026-04-22 01:45:00,2319.73,2326.25,2317.76,2322.37,1542.4199
2026-04-22 02:00:00,2322.37,2341.8,2320.22,2334.9,6025.1395
2026-04-22 02:15:00,2334.9,2357.8,2334.9,2355.17,10717.6119
2026-04-22 02:30:00,2355.17,2366.11,2349.29,2363.82,11110.6527
2026-04-22 02:45:00,2363.81,2375.23,2357.86,2370.34,7581.7574
2026-04-22 03:00:00,2370.35,2379.66,2366.71,2371.07,7991.2058
2026-04-22 03:15:00,2371.06,2371.37,2362.47,2365.12,5748.2877
2026-04-22 03:30:00,2365.12,2365.78,2358.49,2364.11,3852.9956
2026-04-22 03:45:00,2364.1,2366.6,2360.75,2363.62,1563.9595
2026-04-22 04:00:00,2363.63,2367.5,2362.48,2362.69,1796.8158
2026-04-22 04:15:00,2362.69,2363.24,2358.41,2362.17,2136.5428
2026-04-22 04:30:00,2362.17,2369.54,2359.43,2364.93,2985.1953
2026-04-22 04:45:00,2364.94,2364.94,2361.11,2363.81,1504.2816
2026-04-22 05:00:00,2363.82,2368.21,2361.85,2366.49,2195.8584
2026-04-22 05:15:00,2366.49,2396.95,2366.34,2387.83,17617.3499
2026-04-22 05:30:00,2387.83,2403.1,2387.82,2397.41,19703.4821
2026-04-22 05:45:00,2397.41,2413.83,2395.0,2396.81,16214.7156
2026-04-22 06:00:00,2396.81,2397.06,2390.53,2392.34,3983.6352
2026-04-22 06:15:00,2392.35,2394.82,2389.44,2392.3,2844.0824
2026-04-22 06:30:00,2392.3,2394.41,2390.26,2391.5,2407.5721
2026-04-22 06:45:00,2391.5,2393.38,2389.98,2393.37,2775.6466
2026-04-22 07:00:00,2393.38,2397.62,2392.0,2397.48,3136.0172
2026-04-22 07:15:00,2397.47,2397.47,2383.33,2387.4,4527.1348
2026-04-22 07:30:00,2387.41,2394.43,2386.25,2393.88,3036.8948
2026-04-22 07:45:00,2393.87,2394.42,2389.03,2389.97,2484.7213
2026-04-22 08:00:00,2389.98,2393.91,2389.01,2390.71,2566.1725
2026-04-22 08:15:00,2390.71,2392.36,2385.7,2385.81,2679.2772
2026-04-22 08:30:00,2385.81,2387.93,2383.6,2383.85,4349.4915
2026-04-22 08:45:00,2383.85,2390.01,2383.0,2388.22,4194.9173
2026-04-22 09:00:00,2388.22,2394.27,2386.79,2391.78,2522.1525
2026-04-22 09:15:00,2391.78,2394.04,2389.16,2393.65,1382.5827
2026-04-22 09:30:00,2393.65,2393.94,2389.51,2391.89,1530.8098
2026-04-22 09:45:00,2391.89,2391.9,2385.0,2387.51,2056.743
2026-04-22 10:00:00,2387.52,2390.35,2385.15,2390.2,1873.4311
2026-04-22 10:15:00,2390.19,2391.84,2387.88,2391.12,2880.6917
2026-04-22 10:30:00,2391.1,2393.68,2389.76,2390.06,1457.1397
2026-04-22 10:45:00,2390.06,2391.64,2388.98,2390.2,1432.8502
2026-04-22 11:00:00,2390.21,2393.0,2386.51,2389.71,2340.4288
2026-04-22 11:15:00,2389.7,2393.03,2389.7,2392.39,2634.2583
2026-04-22 11:30:00,2392.39,2396.83,2388.8,2392.65,4038.2304
2026-04-22 11:45:00,2392.66,2400.78,2392.45,2398.44,3462.1957
2026-04-22 12:00:00,2398.44,2404.29,2396.47,2402.32,3418.7105
2026-04-22 12:15:00,2402.32,2406.0,2396.47,2398.12,4238.3139
2026-04-22 12:30:00,2398.11,2402.5,2396.16,2400.24,3422.8126
2026-04-22 12:45:00,2400.24,2407.03,2400.24,2404.92,3287.5899
2026-04-22 13:00:00,2404.91,2414.0,2402.21,2408.9,5890.6086
2026-04-22 13:15:00,2408.91,2415.5,2405.61,2409.45,5445.1503
2026-04-22 13:30:00,2409.48,2418.0,2401.27,2413.74,7454.1243
2026-04-22 13:45:00,2413.73,2423.0,2409.57,2417.4,9531.3584
2026-04-22 14:00:00,2417.4,2423.75,2411.87,2423.05,6051.2708
2026-04-22 14:15:00,2423.06,2423.29,2410.0,2411.34,4897.9902
2026-04-22 14:30:00,2411.34,2412.24,2391.5,2395.95,8671.1061
2026-04-22 14:45:00,2395.94,2405.8,2395.03,2403.17,7119.4556
2026-04-22 15:00:00,2403.17,2403.84,2394.75,2398.13,9086.5087
2026-04-22 15:15:00,2398.13,2400.64,2390.9,2399.0,8480.4023
2026-04-22 15:30:00,2399.0,2412.6,2394.84,2411.97,9359.2178
2026-04-22 15:45:00,2411.97,2413.89,2402.89,2403.83,2384.2058
2026-04-22 16:00:00,2403.84,2413.75,2401.16,2404.58,3832.1541
2026-04-22 16:15:00,2404.58,2405.18,2392.67,2393.97,5474.7512
2026-04-22 16:30:00,2393.98,2396.22,2387.64,2390.52,6146.7729
2026-04-22 16:45:00,2390.52,2391.96,2384.17,2386.14,4480.5209
2026-04-22 17:00:00,2386.15,2397.76,2386.15,2393.74,3343.4827
2026-04-22 17:15:00,2393.75,2395.15,2386.6,2392.1,2349.0198
2026-04-22 17:30:00,2392.1,2400.0,2391.52,2397.35,2596.0637
2026-04-22 17:45:00,2397.35,2402.5,2391.82,2399.21,3570.7377
2026-04-22 18:00:00,2399.21,2404.69,2398.18,2401.75,2148.3857
2026-04-22 18:15:00,2401.75,2402.48,2396.79,2398.24,1522.4384
2026-04-22 18:30:00,2398.24,2403.84,2395.09,2398.17,1798.125
2026-04-22 18:45:00,2398.17,2404.56,2396.42,2396.91,1531.312
2026-04-22 19:00:00,2396.92,2397.46,2389.18,2394.96,2784.1802
2026-04-22 19:15:00,2394.96,2407.24,2393.96,2404.97,3571.0243
2026-04-22 19:30:00,2404.96,2405.56,2392.56,2395.61,2863.7839
2026-04-22 19:45:00,2395.62,2400.21,2394.04,2397.79,2308.4595
2026-04-22 20:00:00,2397.8,2402.34,2396.88,2399.58,2516.9631
2026-04-22 20:15:00,2399.57,2399.58,2391.57,2397.76,2427.2276
2026-04-22 20:30:00,2397.75,2399.12,2393.58,2393.88,1355.5958
2026-04-22 20:45:00,2393.87,2395.37,2390.81,2391.92,2458.6759
2026-04-22 21:00:00,2391.91,2396.0,2391.88,2394.05,1297.0219
2026-04-22 21:15:00,2394.06,2398.35,2393.68,2397.01,2883.6122
2026-04-22 21:30:00,2397.02,2406.11,2397.02,2406.05,1766.5047
2026-04-22 21:45:00,2406.05,2406.05,2401.39,2402.55,1079.5957
2026-04-22 22:00:00,2402.55,2405.38,2400.0,2402.4,1706.8173
2026-04-22 22:15:00,2402.4,2403.39,2396.0,2397.05,1393.9111
2026-04-22 22:30:00,2397.05,2399.52,2394.09,2395.93,1382.4732
2026-04-22 22:45:00,2395.92,2400.69,2394.17,2400.09,1414.597
2026-04-22 23:00:00,2400.08,2400.48,2392.93,2397.53,1400.8887
2026-04-22 23:15:00,2397.54,2398.17,2380.83,2386.3,3561.4984
2026-04-22 23:30:00,2386.3,2386.3,2375.67,2377.48,3464.6321
2026-04-22 23:45:00,2377.48,2380.5,2373.95,2374.07,3011.3712
2026-04-23 00:00:00,2374.08,2378.79,2359.75,2360.38,17551.668
2026-04-23 00:15:00,2360.38,2374.97,2342.8,2373.69,12293.8536
2026-04-23 00:30:00,2373.7,2382.0,2368.61,2373.81,4625.3864
2026-04-23 00:45:00,2373.81,2376.48,2368.27,2372.96,2020.404
2026-04-23 01:00:00,2372.96,2372.97,2364.59,2367.49,2147.8819
2026-04-23 01:15:00,2367.49,2369.66,2360.72,2363.04,2102.4698
2026-04-23 01:30:00,2363.09,2369.87,2361.07,2367.03,1802.4653
2026-04-23 01:45:00,2367.03,2369.6,2364.48,2366.79,1918.5417
2026-04-23 02:00:00,2366.79,2366.86,2360.58,2360.58,2229.2942
2026-04-23 02:15:00,2360.58,2364.5,2347.94,2355.17,6572.4008
2026-04-23 02:30:00,2355.17,2357.74,2344.35,2349.03,5240.7358
2026-04-23 02:45:00,2349.03,2355.0,2346.67,2351.96,2519.9771
2026-04-23 03:00:00,2351.96,2353.44,2341.09,2341.09,3208.2527
2026-04-23 03:15:00,2341.1,2344.36,2337.0,2339.06,3346.2488
2026-04-23 03:30:00,2339.06,2340.61,2331.5,2338.37,4610.1545
2026-04-23 03:45:00,2338.38,2341.99,2335.06,2340.81,4016.3807
2026-04-23 04:00:00,2340.82,2344.59,2337.12,2343.5,2061.3493
2026-04-23 04:15:00,2343.51,2344.87,2341.0,2343.34,1579.6217
2026-04-23 04:30:00,2343.34,2348.13,2343.3,2346.03,1305.287
2026-04-23 04:45:00,2346.03,2348.66,2345.02,2347.84,1929.8162
2026-04-23 05:00:00,2347.84,2352.61,2347.54,2351.09,2153.0944
2026-04-23 05:15:00,2351.09,2351.49,2346.0,2346.74,1471.9013
2026-04-23 05:30:00,2346.74,2346.78,2340.19,2344.92,2524.4684
2026-04-23 05:45:00,2344.91,2351.92,2344.66,2348.77,3245.6346
2026-04-23 06:00:00,2348.77,2356.87,2348.77,2351.31,4125.9842
2026-04-23 06:15:00,2351.32,2358.93,2350.43,2356.44,3667.9009
2026-04-23 06:30:00,2356.43,2358.52,2352.6,2353.5,2483.9692
2026-04-23 06:45:00,2353.49,2355.69,2349.02,2354.43,1599.584
2026-04-23 07:00:00,2354.44,2356.85,2352.77,2353.58,1864.0435
2026-04-23 07:15:00,2353.58,2354.06,2348.67,2350.61,2504.7956
2026-04-23 07:30:00,2350.62,2352.37,2347.61,2351.69,1707.7432
2026-04-23 07:45:00,2351.69,2353.78,2340.0,2344.43,5118.4628
2026-04-23 08:00:00,2344.43,2344.43,2338.37,2343.41,6607.9093
2026-04-23 08:15:00,2343.4,2345.0,2337.56,2339.02,5723.1352
2026-04-23 08:30:00,2339.03,2339.27,2335.0,2335.59,3035.7096
2026-04-23 08:45:00,2335.6,2340.9,2335.57,2339.92,2170.6264
2026-04-23 09:00:00,2339.91,2339.91,2313.58,2322.22,14256.6517
2026-04-23 09:15:00,2322.22,2328.13,2319.36,2321.65,4760.6463
2026-04-23 09:30:00,2321.65,2326.81,2320.78,2325.21,2831.7241
2026-04-23 09:45:00,2325.21,2325.53,2314.07,2316.25,5577.2345
2026-04-23 10:00:00,2316.24,2319.17,2305.61,2307.91,10841.455
2026-04-23 10:15:00,2307.91,2313.96,2307.39,2313.58,3814.8971
2026-04-23 10:30:00,2313.57,2315.67,2311.34,2312.55,2897.5152
2026-04-23 10:45:00,2312.55,2316.0,2311.32,2314.09,2110.1151
2026-04-23 11:00:00,2314.09,2318.08,2314.09,2317.22,2676.3554
2026-04-23 11:15:00,2317.21,2321.44,2316.32,2319.98,2269.1127
2026-04-23 11:30:00,2319.99,2326.19,2316.78,2325.25,3554.8388
2026-04-23 11:45:00,2325.26,2331.99,2324.84,2328.97,5023.1113
2026-04-23 12:00:00,2328.96,2335.23,2328.55,2332.2,3259.4269
2026-04-23 12:15:00,2332.19,2332.38,2325.74,2330.34,2013.5324
2026-04-23 12:30:00,2330.34,2332.79,2328.65,2329.17,1390.7727
2026-04-23 12:45:00,2329.17,2331.58,2320.81,2328.87,5164.5911
2026-04-23 13:00:00,2328.88,2332.5,2322.96,2324.65,3121.9337
2026-04-23 13:15:00,2324.66,2326.1,2320.56,2323.2,2560.6772
2026-04-23 13:30:00,2323.19,2326.21,2320.0,2320.7,3258.9912
2026-04-23 13:45:00,2320.7,2323.9,2315.23,2319.82,3495.3378
2026-04-23 14:00:00,2319.81,2324.5,2316.07,2320.0,3657.9779
2026-04-23 14:15:00,2320.0,2334.48,2318.76,2327.02,3161.9756
2026-04-23 14:30:00,2327.03,2332.14,2325.93,2330.59,2837.8286
2026-04-23 14:45:00,2330.59,2335.12,2328.56,2334.24,4042.0823
2026-04-23 15:00:00,2334.24,2335.3,2324.15,2329.47,3026.342
2026-04-23 15:15:00,2329.48,2343.58,2328.03,2332.27,5700.3206
2026-04-23 15:30:00,2332.26,2339.99,2328.68,2336.51,2919.7092
2026-04-23 15:45:00,2336.51,2336.52,2328.17,2333.26,3196.4009
2026-04-23 16:00:00,2333.26,2334.33,2328.56,2330.48,1902.9403
2026-04-23 16:15:00,2330.48,2335.76,2328.66,2330.05,2003.2009
2026-04-23 16:30:00,2330.06,2334.4,2329.16,2331.33,1198.2689
2026-04-23 16:45:00,2331.32,2332.45,2323.39,2326.38,2930.3862
2026-04-23 17:00:00,2326.39,2329.24,2312.21,2318.43,6754.0027
2026-04-23 17:15:00,2318.43,2318.43,2306.0,2309.44,7315.2267
2026-04-23 17:30:00,2309.44,2312.13,2288.36,2294.63,16692.6907
2026-04-23 17:45:00,2294.62,2312.49,2285.42,2310.42,14363.8173
2026-04-23 18:00:00,2310.42,2319.04,2308.24,2313.34,5829.7356
2026-04-23 18:15:00,2313.35,2317.03,2308.47,2310.27,3516.4905
2026-04-23 18:30:00,2310.27,2316.52,2310.27,2314.0,2623.8517
2026-04-23 18:45:00,2313.99,2314.18,2304.42,2305.31,2280.6248
2026-04-23 19:00:00,2305.3,2310.0,2300.7,2308.15,3119.3222
2026-04-23 19:15:00,2308.14,2314.32,2308.14,2313.6,1591.9808
2026-04-23 19:30:00,2313.61,2314.74,2307.85,2310.3,1964.8801
2026-04-23 19:45:00,2310.3,2318.97,2309.47,2312.88,4936.3645
2026-04-23 20:00:00,2312.87,2325.0,2312.74,2320.87,3029.4595
2026-04-23 20:15:00,2320.87,2323.23,2317.57,2318.57,2645.7314
2026-04-23 20:30:00,2318.58,2329.48,2317.09,2327.51,2724.3544
2026-04-23 20:45:00,2327.5,2328.73,2322.01,2325.37,2263.9555
2026-04-23 21:00:00,2325.36,2326.1,2320.73,2320.96,2563.0407
2026-04-23 21:15:00,2320.95,2324.43,2320.75,2324.43,917.1142
2026-04-23 21:30:00,2324.42,2328.85,2324.42,2328.26,995.8623
2026-04-23 21:45:00,2328.25,2328.45,2321.66,2321.66,1529.6076
2026-04-23 22:00:00,2321.66,2332.1,2321.66,2329.93,2123.9705
2026-04-23 22:15:00,2329.93,2338.79,2328.73,2330.61,3702.2315
2026-04-23 22:30:00,2330.62,2335.81,2330.61,2335.81,1413.9229
2026-04-23 22:45:00,2335.81,2337.04,2330.23,2331.97,1235.6447
2026-04-23 23:00:00,2331.97,2333.18,2326.97,2327.31,2280.6264
2026-04-23 23:15:00,2327.31,2329.08,2323.71,2326.9,1949.1413
2026-04-23 23:30:00,2326.9,2331.5,2326.9,2330.99,551.5217
2026-04-23 23:45:00,2331.0,2332.67,2329.68,2330.26,1187.0144
2026-04-24 00:00:00,2330.27,2332.67,2326.68,2331.65,1854.9012
2026-04-24 00:15:00,2331.65,2337.5,2330.0,2333.77,1469.2729
2026-04-24 00:30:00,2333.77,2336.91,2332.5,2332.51,852.5265
2026-04-24 00:45:00,2332.5,2336.0,2330.33,2332.48,1399.1368
2026-04-24 01:00:00,2332.47,2332.91,2323.75,2325.73,1427.3098
2026-04-24 01:15:00,2325.73,2326.51,2321.5,2321.6,1210.1817
2026-04-24 01:30:00,2321.6,2326.0,2318.69,2321.64,1629.6171
2026-04-24 01:45:00,2321.64,2334.23,2321.63,2332.84,1772.185
2026-04-24 02:00:00,2332.83,2335.39,2326.96,2329.28,1323.4551
2026-04-24 02:15:00,2329.27,2329.46,2324.53,2325.0,921.9085
2026-04-24 02:30:00,2325.01,2329.52,2325.01,2329.52,1175.9993
2026-04-24 02:45:00,2329.51,2330.23,2315.05,2319.91,2607.364
2026-04-24 03:00:00,2319.9,2322.84,2316.92,2319.6,899.6114
2026-04-24 03:15:00,2319.61,2319.61,2308.82,2310.85,2284.7644
2026-04-24 03:30:00,2310.85,2310.97,2301.35,2305.15,4874.6296
2026-04-24 03:45:00,2305.16,2308.98,2305.14,2308.64,1302.0299
2026-04-24 04:00:00,2308.63,2310.85,2306.67,2309.37,1260.7455
2026-04-24 04:15:00,2309.37,2311.75,2304.6,2304.75,1228.4848
2026-04-24 04:30:00,2304.74,2307.43,2300.5,2304.78,3615.9419
2026-04-24 04:45:00,2304.78,2308.57,2304.78,2306.16,777.0396
2026-04-24 05:00:00,2306.16,2306.8,2302.74,2303.1,1610.4877
2026-04-24 05:15:00,2303.09,2305.3,2300.22,2304.99,1218.7617
2026-04-24 05:30:00,2304.99,2310.61,2304.99,2309.09,2954.4776
2026-04-24 05:45:00,2309.09,2317.35,2309.08,2314.74,2738.2044
2026-04-24 06:00:00,2314.75,2315.32,2312.48,2315.31,1376.6113
2026-04-24 06:15:00,2315.31,2316.87,2312.86,2313.31,1315.6828
2026-04-24 06:30:00,2313.32,2314.17,2308.82,2309.65,1323.0881
2026-04-24 06:45:00,2309.65,2312.87,2308.71,2309.2,1034.5716
2026-04-24 07:00:00,2309.21,2316.85,2308.56,2313.86,1224.9742
2026-04-24 07:15:00,2313.85,2314.9,2311.32,2314.24,1040.5449
2026-04-24 07:30:00,2314.23,2315.35,2311.77,2312.72,3278.8342
2026-04-24 07:45:00,2312.72,2314.82,2308.48,2311.63,2650.4899
2026-04-24 08:00:00,2311.63,2312.38,2307.49,2310.77,1567.583
2026-04-24 08:15:00,2310.77,2322.99,2310.77,2316.15,4859.067
2026-04-24 08:30:00,2316.14,2316.42,2312.35,2313.18,1171.6778
2026-04-24 08:45:00,2313.17,2318.02,2313.17,2315.24,4059.8693
2026-04-24 09:00:00,2315.24,2315.79,2303.74,2308.39,3047.0715
2026-04-24 09:15:00,2308.38,2310.4,2306.28,2308.41,1382.1177
2026-04-24 09:30:00,2308.4,2311.59,2307.44,2311.28,767.3157
2026-04-24 09:45:00,2311.27,2311.3,2307.0,2310.18,1577.9347
2026-04-24 10:00:00,2310.19,2310.29,2306.0,2308.82,1038.6684
2026-04-24 10:15:00,2308.82,2316.05,2308.55,2313.8,1292.3351
2026-04-24 10:30:00,2313.79,2316.91,2312.92,2313.92,1006.9828
2026-04-24 10:45:00,2313.91,2319.06,2312.51,2316.02,1446.88
2026-04-24 11:00:00,2316.01,2331.48,2316.01,2328.43,5655.7175
2026-04-24 11:15:00,2328.43,2331.63,2324.83,2331.6,3437.5634
2026-04-24 11:30:00,2331.59,2332.26,2328.0,2330.92,2101.8257
2026-04-24 11:45:00,2330.92,2331.09,2326.66,2328.1,1456.3105
2026-04-24 12:00:00,2328.1,2331.85,2327.03,2331.27,2376.3703
2026-04-24 12:15:00,2331.26,2331.75,2325.17,2328.36,2649.7418
2026-04-24 12:30:00,2328.36,2328.47,2323.27,2323.88,3321.8683
2026-04-24 12:45:00,2323.88,2327.04,2318.53,2325.25,1507.0332
2026-04-24 13:00:00,2325.26,2331.67,2325.26,2327.38,1730.1132
2026-04-24 13:15:00,2327.37,2329.21,2322.6,2323.46,1458.5888
2026-04-24 13:30:00,2323.46,2326.41,2319.5,2320.74,2415.4962
2026-04-24 13:45:00,2320.74,2321.95,2310.99,2317.32,3411.7414
2026-04-24 14:00:00,2317.32,2317.32,2308.0,2311.13,4109.8197
2026-04-24 14:15:00,2311.13,2316.05,2304.07,2306.75,5250.6272
2026-04-24 14:30:00,2306.76,2316.92,2305.69,2316.25,3023.8284
2026-04-24 14:45:00,2316.25,2318.4,2311.11,2313.41,1304.3624
2026-04-24 15:00:00,2313.42,2313.55,2301.61,2308.38,3711.5799
2026-04-24 15:15:00,2308.39,2314.54,2306.77,2312.15,2452.8535
2026-04-24 15:30:00,2312.15,2326.03,2312.14,2325.01,3527.6358
2026-04-24 15:45:00,2325.02,2329.73,2319.23,2323.81,4560.0703
2026-04-24 16:00:00,2323.81,2324.23,2316.91,2316.92,1606.2889
2026-04-24 16:15:00,2316.91,2317.22,2312.0,2315.46,1793.4161
2026-04-24 16:30:00,2315.47,2321.66,2310.0,2313.64,1873.7153
2026-04-24 16:45:00,2313.64,2316.92,2311.51,2316.67,1017.3624
2026-04-24 17:00:00,2316.66,2319.37,2312.86,2319.36,1629.627
2026-04-24 17:15:00,2319.36,2319.36,2313.88,2315.34,1009.8564
2026-04-24 17:30:00,2315.34,2316.01,2308.82,2314.48,1912.9948
2026-04-24 17:45:00,2314.47,2322.0,2312.67,2319.6,3009.5755
2026-04-24 18:00:00,2319.59,2321.41,2314.56,2314.57,1367.883
2026-04-24 18:15:00,2314.56,2317.06,2310.01,2314.68,1790.3669
2026-04-24 18:30:00,2314.69,2320.13,2314.46,2318.28,1354.289
2026-04-24 18:45:00,2318.28,2320.31,2317.15,2319.92,685.2282
2026-04-24 19:00:00,2319.93,2325.0,2319.5,2321.77,1729.288
2026-04-24 19:15:00,2321.77,2323.57,2319.22,2320.8,946.5566
2026-04-24 19:30:00,2320.81,2322.99,2319.51,2321.43,1795.5966
2026-04-24 19:45:00,2321.43,2322.5,2319.96,2321.6,1144.207
2026-04-24 20:00:00,2321.59,2322.01,2317.68,2320.22,1096.6326
2026-04-24 20:15:00,2320.22,2320.22,2315.38,2316.94,1483.6446
2026-04-24 20:30:00,2316.94,2325.95,2316.94,2324.41,1656.2727
2026-04-24 20:45:00,2324.4,2328.16,2324.4,2326.47,2125.0559
2026-04-24 21:00:00,2326.47,2327.52,2315.6,2315.6,3283.817
2026-04-24 21:15:00,2315.6,2319.84,2315.11,2317.26,1192.2526
2026-04-24 21:30:00,2317.26,2318.52,2312.6,2315.12,1651.4712
2026-04-24 21:45:00,2315.13,2317.88,2314.21,2315.18,911.7686
2026-04-24 22:00:00,2315.19,2316.17,2313.69,2315.06,1078.0697
2026-04-24 22:15:00,2315.07,2315.5,2313.07,2313.07,2312.584
2026-04-24 22:30:00,2313.08,2313.08,2307.2,2310.07,2063.9422
2026-04-24 22:45:00,2310.08,2312.82,2310.08,2311.92,579.6245
2026-04-24 23:00:00,2311.93,2314.9,2311.93,2314.74,449.2757
2026-04-24 23:15:00,2314.73,2315.14,2312.48,2314.8,329.8628
2026-04-24 23:30:00,2314.8,2316.05,2314.78,2314.97,440.8235
2026-04-24 23:45:00,2314.97,2315.55,2314.08,2314.99,231.7849
2026-04-25 00:00:00,2314.98,2315.45,2312.72,2312.86,493.4046
2026-04-25 00:15:00,2312.87,2313.73,2311.68,2312.04,367.0112
2026-04-25 00:30:00,2312.04,2314.64,2311.27,2313.6,409.6344
2026-04-25 00:45:00,2313.6,2316.05,2313.6,2316.04,306.4055
2026-04-25 01:00:00,2316.04,2318.42,2315.46,2318.05,454.7014
2026-04-25 01:15:00,2318.05,2320.24,2317.45,2317.76,702.4217
2026-04-25 01:30:00,2317.76,2319.58,2317.57,2319.57,444.3292
2026-04-25 01:45:00,2319.58,2321.36,2318.0,2318.0,613.9881
2026-04-25 02:00:00,2318.01,2319.27,2314.78,2317.17,820.2587
2026-04-25 02:15:00,2317.18,2318.57,2316.39,2318.1,354.6472
2026-04-25 02:30:00,2318.1,2318.66,2316.71,2317.31,373.0222
2026-04-25 02:45:00,2317.31,2317.73,2316.67,2317.4,533.6945
2026-04-25 03:00:00,2317.41,2320.43,2317.41,2317.54,504.2933
2026-04-25 03:15:00,2317.54,2318.77,2315.12,2316.36,517.9563
2026-04-25 03:30:00,2316.36,2318.11,2316.14,2318.11,420.4499
2026-04-25 03:45:00,2318.11,2319.32,2317.95,2318.43,322.8406
2026-04-25 04:00:00,2318.44,2319.01,2317.15,2318.77,345.8235
2026-04-25 04:15:00,2318.76,2318.9,2317.53,2317.61,251.5339
2026-04-25 04:30:00,2317.61,2317.62,2316.15,2316.95,457.9512
2026-04-25 04:45:00,2316.94,2317.19,2316.63,2316.79,390.2599
2026-04-25 05:00:00,2316.8,2316.8,2313.3,2314.12,589.1446
2026-04-25 05:15:00,2314.12,2315.06,2313.32,2314.45,303.0401
2026-04-25 05:30:00,2314.46,2316.23,2314.45,2315.32,362.5523
2026-04-25 05:45:00,2315.32,2316.01,2315.01,2316.01,218.7192
2026-04-25 06:00:00,2316.01,2317.53,2316.01,2316.69,467.3718
2026-04-25 06:15:00,2316.68,2316.72,2314.89,2315.22,397.1125
2026-04-25 06:30:00,2315.22,2316.92,2315.21,2316.07,373.2097
2026-04-25 06:45:00,2316.07,2317.64,2315.14,2316.01,353.528
2026-04-25 07:00:00,2316.0,2316.01,2314.26,2314.62,369.5352
2026-04-25 07:15:00,2314.62,2315.95,2314.39,2315.9,549.7727
2026-04-25 07:30:00,2315.91,2317.15,2315.55,2316.63,396.3292
2026-04-25 07:45:00,2316.62,2318.81,2315.62,2316.48,502.2708
2026-04-25 08:00:00,2316.48,2318.34,2315.92,2318.03,353.0689
2026-04-25 08:15:00,2318.02,2318.85,2317.52,2318.57,343.8939
2026-04-25 08:30:00,2318.57,2320.92,2318.56,2319.5,573.153
2026-04-25 08:45:00,2319.5,2319.5,2318.92,2319.44,370.9216
2026-04-25 09:00:00,2319.43,2319.73,2318.31,2319.58,509.109
2026-04-25 09:15:00,2319.58,2320.0,2317.27,2317.37,688.8913
2026-04-25 09:30:00,2317.37,2322.8,2317.17,2321.66,829.3615
2026-04-25 09:45:00,2321.66,2323.21,2319.0,2319.12,2637.7786
2026-04-25 10:00:00,2319.11,2321.56,2318.93,2319.94,800.8842
2026-04-25 10:15:00,2319.94,2322.05,2319.94,2320.97,322.4356
2026-04-25 10:30:00,2320.96,2322.74,2319.93,2320.47,538.3102
2026-04-25 10:45:00,2320.47,2320.6,2319.34,2320.56,419.5743
2026-04-25 11:00:00,2320.57,2320.57,2317.13,2317.27,464.9145
2026-04-25 11:15:00,2317.28,2317.93,2313.39,2315.14,857.3963
2026-04-25 11:30:00,2315.13,2315.46,2313.0,2313.01,643.4041
2026-04-25 11:45:00,2313.01,2314.37,2311.2,2313.64,1117.7002
2026-04-25 12:00:00,2313.65,2316.92,2311.93,2315.55,1034.3638
2026-04-25 12:15:00,2315.56,2317.02,2313.99,2313.99,414.5026
2026-04-25 12:30:00,2313.99,2314.9,2311.88,2313.31,1050.6529
2026-04-25 12:45:00,2313.32,2314.9,2313.31,2313.55,979.6198
2026-04-25 13:00:00,2313.56,2316.93,2313.56,2316.92,649.9007
2026-04-25 13:15:00,2316.92,2317.31,2316.0,2316.47,503.4295
2026-04-25 13:30:00,2316.48,2317.35,2315.66,2317.34,629.9366
2026-04-25 13:45:00,2317.34,2317.88,2316.25,2316.25,559.525
2026-04-25 14:00:00,2316.25,2318.94,2315.27,2318.21,872.5347
2026-04-25 14:15:00,2318.22,2318.22,2315.29,2317.48,782.8946
2026-04-25 14:30:00,2317.49,2317.99,2316.64,2317.36,585.4887
2026-04-25 14:45:00,2317.37,2318.39,2316.02,2316.02,881.106
2026-04-25 15:00:00,2316.03,2316.92,2315.19,2316.44,556.9353
2026-04-25 15:15:00,2316.44,2318.16,2316.03,2317.82,1037.5432
2026-04-25 15:30:00,2317.82,2318.68,2316.78,2316.83,638.4951
2026-04-25 15:45:00,2316.83,2316.83,2303.0,2308.09,4464.5493
2026-04-25 16:00:00,2308.08,2310.26,2305.34,2310.23,4976.5791
2026-04-25 16:15:00,2310.22,2310.77,2305.86,2308.69,1170.1979
2026-04-25 16:30:00,2308.68,2309.08,2300.55,2308.44,3316.6128
2026-04-25 16:45:00,2308.44,2311.03,2308.2,2309.53,947.1864
2026-04-25 17:00:00,2309.54,2309.54,2307.95,2308.37,635.063
2026-04-25 17:15:00,2308.38,2313.62,2307.34,2309.11,1459.0547
2026-04-25 17:30:00,2309.11,2312.15,2307.86,2311.24,1458.27
2026-04-25 17:45:00,2311.24,2311.24,2308.97,2309.36,810.0854
2026-04-25 18:00:00,2309.36,2312.39,2308.28,2310.44,843.9435
2026-04-25 18:15:00,2310.44,2312.33,2308.96,2312.03,1098.0952
2026-04-25 18:30:00,2312.03,2313.98,2311.75,2311.76,431.2718
2026-04-25 18:45:00,2311.75,2313.24,2311.43,2311.55,446.6526
2026-04-25 19:00:00,2311.55,2312.0,2310.21,2312.0,658.2604
2026-04-25 19:15:00,2312.0,2312.31,2309.02,2309.02,507.8252
2026-04-25 19:30:00,2309.02,2309.33,2307.31,2307.31,487.82
2026-04-25 19:45:00,2307.3,2310.68,2307.12,2310.06,429.7686
2026-04-25 20:00:00,2310.06,2311.51,2308.85,2310.44,530.2436
2026-04-25 20:15:00,2310.43,2312.0,2309.55,2311.42,403.7801
2026-04-25 20:30:00,2311.43,2312.0,2311.21,2311.21,255.1889
2026-04-25 20:45:00,2311.22,2313.21,2310.7,2313.2,172.4001
2026-04-25 21:00:00,2313.21,2317.35,2313.2,2316.35,978.3192
2026-04-25 21:15:00,2316.36,2317.18,2315.35,2315.94,508.9564
2026-04-25 21:30:00,2315.93,2315.93,2312.86,2314.49,624.1696
2026-04-25 21:45:00,2314.5,2316.26,2314.49,2315.8,321.0822
2026-04-25 22:00:00,2315.79,2317.35,2315.09,2315.81,316.0515
2026-04-25 22:15:00,2315.81,2317.26,2315.56,2316.51,252.5003
2026-04-25 22:30:00,2316.51,2320.42,2316.51,2318.94,766.428
2026-04-25 22:45:00,2318.93,2318.93,2317.49,2317.75,559.6848
2026-04-25 23:00:00,2317.76,2319.58,2316.92,2318.96,650.7197
2026-04-25 23:15:00,2318.96,2319.37,2317.87,2319.36,322.8248
2026-04-25 23:30:00,2319.36,2319.86,2318.11,2318.89,462.2765
2026-04-25 23:45:00,2318.88,2319.5,2318.0,2319.5,258.4184
2026-04-26 00:00:00,2319.49,2320.06,2315.9,2316.72,775.1403
2026-04-26 00:15:00,2316.72,2316.72,2314.67,2315.22,305.0608
2026-04-26 00:30:00,2315.22,2317.24,2314.49,2317.24,405.359
2026-04-26 00:45:00,2317.24,2318.16,2312.0,2315.37,854.0158
2026-04-26 01:00:00,2315.37,2315.64,2313.66,2315.26,344.8639
2026-04-26 01:15:00,2315.26,2316.91,2315.13,2315.88,305.9668
2026-04-26 01:30:00,2315.88,2317.88,2315.29,2315.9,1119.6465
2026-04-26 01:45:00,2315.89,2316.61,2313.48,2313.85,859.0117
2026-04-26 02:00:00,2313.84,2318.12,2313.58,2317.87,235.2579
2026-04-26 02:15:00,2317.87,2318.11,2316.52,2317.48,253.9271
2026-04-26 02:30:00,2317.48,2318.4,2315.31,2315.46,834.1017
2026-04-26 02:45:00,2315.46,2315.97,2314.28,2315.15,339.4401
2026-04-26 03:00:00,2315.15,2316.18,2313.21,2316.18,1098.7989
2026-04-26 03:15:00,2316.17,2316.35,2312.27,2312.28,270.9465
2026-04-26 03:30:00,2312.28,2312.5,2306.72,2309.17,1457.412
2026-04-26 03:45:00,2309.18,2310.46,2308.3,2310.0,553.7762
2026-04-26 04:00:00,2309.99,2312.65,2308.97,2311.16,536.3368
2026-04-26 04:15:00,2311.16,2311.88,2310.49,2310.85,364.4079
2026-04-26 04:30:00,2310.84,2313.48,2310.31,2312.82,276.312
2026-04-26 04:45:00,2312.83,2319.76,2312.82,2317.74,1442.099
2026-04-26 05:00:00,2317.73,2331.78,2317.57,2328.35,5142.3089
2026-04-26 05:15:00,2328.33,2336.48,2326.46,2330.9,6621.8497
2026-04-26 05:30:00,2330.91,2334.57,2328.32,2329.06,2649.157
2026-04-26 05:45:00,2329.07,2330.0,2327.31,2327.84,1303.5131
2026-04-26 06:00:00,2327.85,2331.76,2327.85,2330.35,1576.1458
2026-04-26 06:15:00,2330.35,2330.8,2328.01,2329.45,385.4452
2026-04-26 06:30:00,2329.45,2333.27,2329.02,2331.85,777.0039
2026-04-26 06:45:00,2331.85,2331.99,2327.46,2329.99,1593.9693
2026-04-26 07:00:00,2330.0,2330.58,2328.58,2329.44,646.4992
2026-04-26 07:15:00,2329.43,2330.92,2329.33,2330.07,563.0767
2026-04-26 07:30:00,2330.07,2330.07,2328.6,2328.6,370.4907
2026-04-26 07:45:00,2328.6,2332.25,2328.6,2331.24,732.7182
2026-04-26 08:00:00,2331.25,2334.71,2331.25,2332.96,1692.728
2026-04-26 08:15:00,2332.96,2333.28,2330.49,2331.41,815.2589
2026-04-26 08:30:00,2331.41,2337.68,2331.37,2331.98,1606.3818
2026-04-26 08:45:00,2331.97,2333.5,2331.74,2332.38,571.0921
2026-04-26 09:00:00,2332.37,2332.37,2329.66,2331.11,590.6251
2026-04-26 09:15:00,2331.1,2333.8,2330.75,2332.06,605.1414
2026-04-26 09:30:00,2332.07,2333.7,2331.36,2333.52,635.4688
2026-04-26 09:45:00,2333.51,2335.59,2332.53,2334.69,648.9564
2026-04-26 10:00:00,2334.68,2336.32,2332.44,2334.91,1102.613
2026-04-26 10:15:00,2334.91,2335.48,2333.09,2333.26,509.6713
2026-04-26 10:30:00,2333.26,2333.31,2332.24,2332.27,917.6014
2026-04-26 10:45:00,2332.27,2332.96,2331.7,2332.95,368.5504
2026-04-26 11:00:00,2332.95,2335.47,2332.75,2333.98,457.7889
2026-04-26 11:15:00,2333.98,2337.5,2333.29,2336.34,658.5565
2026-04-26 11:30:00,2336.34,2337.5,2335.06,2335.06,489.1048
2026-04-26 11:45:00,2335.07,2336.85,2333.96,2335.95,441.6977
2026-04-26 12:00:00,2335.96,2336.4,2330.0,2330.62,748.4775
2026-04-26 12:15:00,2330.62,2335.46,2329.92,2331.3,1182.4529
2026-04-26 12:30:00,2331.29,2333.0,2330.63,2330.63,589.0429
2026-04-26 12:45:00,2330.64,2330.64,2324.19,2328.89,1929.0633
2026-04-26 13:00:00,2328.9,2332.59,2328.11,2331.24,1041.4771
2026-04-26 13:15:00,2331.24,2332.21,2329.16,2330.61,832.269
2026-04-26 13:30:00,2330.61,2335.0,2330.42,2335.0,1120.2867
2026-04-26 13:45:00,2334.99,2336.0,2333.63,2335.22,745.8337
2026-04-26 14:00:00,2335.21,2336.19,2333.64,2335.58,716.6554
2026-04-26 14:15:00,2335.59,2352.44,2334.79,2349.99,8243.1104
2026-04-26 14:30:00,2349.99,2351.1,2345.26,2347.02,2300.4435
2026-04-26 14:45:00,2347.03,2350.12,2344.5,2346.2,1716.4644
2026-04-26 15:00:00,2346.2,2348.0,2344.79,2346.13,854.454
2026-04-26 15:15:00,2346.12,2348.36,2344.62,2348.35,929.6958
2026-04-26 15:30:00,2348.36,2348.93,2345.0,2345.56,805.2548
2026-04-26 15:45:00,2345.56,2348.05,2344.23,2348.05,752.8992
2026-04-26 16:00:00,2348.06,2349.43,2344.01,2345.14,1385.2862
2026-04-26 16:15:00,2345.14,2348.0,2345.14,2346.88,890.1189
2026-04-26 16:30:00,2346.89,2347.82,2344.84,2344.87,823.9316
2026-04-26 16:45:00,2344.87,2347.0,2342.91,2342.92,817.4421
2026-04-26 17:00:00,2342.92,2345.6,2340.56,2345.38,1430.1128
2026-04-26 17:15:00,2345.38,2347.41,2345.23,2346.33,402.4279
2026-04-26 17:30:00,2346.34,2347.36,2344.09,2347.08,353.9324
2026-04-26 17:45:00,2347.09,2349.99,2346.58,2349.43,930.0862
2026-04-26 18:00:00,2349.42,2368.42,2347.42,2363.38,8579.1605
2026-04-26 18:15:00,2363.38,2369.01,2360.37,2361.16,3614.1865
2026-04-26 18:30:00,2361.17,2362.2,2358.01,2360.48,1530.4771
2026-04-26 18:45:00,2360.47,2362.54,2359.21,2361.99,2450.2047
2026-04-26 19:00:00,2361.99,2367.07,2359.55,2365.64,2402.0378
2026-04-26 19:15:00,2365.65,2376.35,2363.41,2365.83,6667.3085
2026-04-26 19:30:00,2365.84,2366.36,2363.36,2365.85,1435.8943
2026-04-26 19:45:00,2365.84,2371.0,2365.55,2367.4,1344.1463
2026-04-26 20:00:00,2367.4,2369.2,2365.33,2365.33,1202.5889
2026-04-26 20:15:00,2365.34,2367.5,2364.48,2366.62,1007.0474
2026-04-26 20:30:00,2366.63,2372.68,2365.36,2366.37,2001.9047
2026-04-26 20:45:00,2366.38,2367.17,2362.5,2362.5,1022.4245
2026-04-26 21:00:00,2362.51,2369.12,2362.35,2366.35,986.2182
2026-04-26 21:15:00,2366.36,2368.29,2365.4,2365.41,665.729
2026-04-26 21:30:00,2365.41,2365.41,2351.13,2357.31,4611.5633
2026-04-26 21:45:00,2357.31,2370.33,2348.47,2364.34,5649.2006
2026-04-26 22:00:00,2364.34,2371.47,2362.81,2370.54,3330.6424
2026-04-26 22:15:00,2370.55,2380.0,2367.31,2367.97,5147.2815
2026-04-26 22:30:00,2367.96,2367.96,2353.53,2360.61,6010.4575
2026-04-26 22:45:00,2360.61,2366.56,2360.21,2361.89,2526.1824
2026-04-26 23:00:00,2361.88,2362.25,2356.73,2361.22,3273.503
2026-04-26 23:15:00,2361.21,2368.58,2359.19,2361.53,1688.6058
2026-04-26 23:30:00,2361.53,2373.14,2358.87,2372.85,4477.1181
2026-04-26 23:45:00,2372.85,2378.61,2368.29,2369.44,4321.2251
2026-04-27 00:00:00,2369.45,2375.82,2365.43,2366.55,1667.346
2026-04-27 00:15:00,2366.55,2368.19,2359.46,2363.05,1812.6575
2026-04-27 00:30:00,2363.05,2374.7,2360.64,2372.45,1872.9332
2026-04-27 00:45:00,2372.46,2392.0,2371.04,2390.76,8253.1125
2026-04-27 01:00:00,2390.56,2404.37,2386.0,2387.1,12501.6716
2026-04-27 01:15:00,2387.11,2387.11,2377.56,2382.88,2533.7731
2026-04-27 01:30:00,2382.88,2389.25,2379.88,2386.81,1918.9893
2026-04-27 01:45:00,2386.8,2397.0,2386.8,2394.61,3754.9562
2026-04-27 02:00:00,2394.6,2395.48,2387.29,2390.08,1641.3993
2026-04-27 02:15:00,2390.09,2394.24,2388.0,2393.01,2117.563
2026-04-27 02:30:00,2393.01,2397.0,2390.74,2392.0,1518.4628
2026-04-27 02:45:00,2391.99,2396.02,2391.64,2392.16,1360.7111
2026-04-27 03:00:00,2392.16,2397.88,2390.57,2395.77,1639.439
2026-04-27 03:15:00,2395.77,2398.72,2393.3,2397.78,1699.9734
2026-04-27 03:30:00,2397.78,2400.43,2395.04,2399.94,2587.255
2026-04-27 03:45:00,2399.93,2400.27,2394.17,2394.85,1760.3922
2026-04-27 04:00:00,2394.85,2396.05,2390.02,2391.0,2334.6952
2026-04-27 04:15:00,2391.01,2392.13,2388.53,2391.34,2247.8599
2026-04-27 04:30:00,2391.33,2392.3,2387.0,2387.75,1423.2219
2026-04-27 04:45:00,2387.75,2388.62,2380.45,2382.84,2729.0281
2026-04-27 05:00:00,2382.84,2383.46,2362.43,2363.01,7127.214
2026-04-27 05:15:00,2363.01,2363.07,2328.96,2334.39,18748.5481
2026-04-27 05:30:00,2334.38,2335.92,2320.0,2325.71,8888.2947
2026-04-27 05:45:00,2325.71,2327.31,2319.31,2323.18,5304.3454
2026-04-27 06:00:00,2323.17,2323.82,2317.29,2323.22,3083.9623
2026-04-27 06:15:00,2323.22,2329.13,2321.61,2325.98,3182.3767
2026-04-27 06:30:00,2325.97,2325.98,2312.71,2319.1,5149.3449
2026-04-27 06:45:00,2319.1,2324.41,2318.71,2321.0,2250.248
2026-04-27 07:00:00,2321.01,2323.82,2316.98,2318.29,2879.4747
2026-04-27 07:15:00,2318.29,2321.51,2315.0,2319.97,2358.2906
2026-04-27 07:30:00,2319.97,2320.96,2315.85,2320.6,1846.1106
2026-04-27 07:45:00,2320.61,2321.36,2316.0,2316.01,2126.7224
2026-04-27 08:00:00,2316.0,2319.58,2314.13,2316.28,4278.3401
2026-04-27 08:15:00,2316.28,2317.57,2310.67,2310.78,2990.1723
2026-04-27 08:30:00,2310.77,2314.34,2309.13,2312.43,3389.5036
2026-04-27 08:45:00,2312.44,2319.68,2312.44,2319.68,1485.7063
2026-04-27 09:00:00,2319.68,2321.5,2319.0,2321.5,1348.5635
2026-04-27 09:15:00,2321.49,2321.99,2315.59,2319.18,1580.9015
2026-04-27 09:30:00,2319.18,2325.21,2318.39,2323.78,3995.0756
2026-04-27 09:45:00,2323.77,2325.52,2321.71,2322.19,2605.8554
2026-04-27 10:00:00,2322.19,2323.97,2320.23,2321.53,831.0773
2026-04-27 10:15:00,2321.53,2322.23,2318.87,2320.04,1143.0142
2026-04-27 10:30:00,2320.05,2321.36,2319.32,2319.5,882.4965
2026-04-27 10:45:00,2319.5,2322.9,2319.5,2320.14,1108.9025
2026-04-27 11:00:00,2320.14,2321.85,2316.84,2318.48,1358.5079
2026-04-27 11:15:00,2318.48,2322.49,2317.85,2321.56,1028.0342
2026-04-27 11:30:00,2321.57,2322.84,2318.52,2319.63,1004.4597
2026-04-27 11:45:00,2319.64,2320.86,2318.44,2320.39,574.896
2026-04-27 12:00:00,2320.39,2320.96,2316.66,2319.87,1273.8067
2026-04-27 12:15:00,2319.86,2320.82,2315.16,2316.39,1542.1966
2026-04-27 12:30:00,2316.38,2317.65,2313.0,2315.64,2034.9514
2026-04-27 12:45:00,2315.64,2317.36,2312.59,2314.11,1724.8316
2026-04-27 13:00:00,2314.1,2317.14,2313.42,2314.42,2082.3996
2026-04-27 13:15:00,2314.41,2316.93,2313.39,2314.89,1016.0695
2026-04-27 13:30:00,2314.89,2320.76,2311.43,2316.05,5507.4349
2026-04-27 13:45:00,2316.04,2316.52,2303.5,2312.28,8747.2658
2026-04-27 14:00:00,2312.28,2316.97,2308.69,2314.28,3096.8839
2026-04-27 14:15:00,2314.29,2315.7,2310.95,2313.43,2482.2487
2026-04-27 14:30:00,2313.42,2327.27,2311.51,2326.3,4602.7588
2026-04-27 14:45:00,2326.3,2329.82,2312.82,2314.75,4809.3052
2026-04-27 15:00:00,2314.75,2315.16,2293.57,2294.54,15825.1314
2026-04-27 15:15:00,2294.56,2294.73,2266.09,2276.25,20777.5969
2026-04-27 15:30:00,2276.25,2284.23,2275.71,2282.45,5569.5467
2026-04-27 15:45:00,2282.44,2282.44,2272.8,2275.07,4778.9829
2026-04-27 16:00:00,2275.07,2278.31,2270.04,2278.05,4334.832
2026-04-27 16:15:00,2278.04,2280.6,2276.0,2276.25,2486.9013
2026-04-27 16:30:00,2276.26,2279.33,2273.78,2275.18,2791.4783
2026-04-27 16:45:00,2275.17,2279.52,2274.38,2278.12,2508.4224
2026-04-27 17:00:00,2278.13,2283.55,2278.12,2281.66,4275.8278
2026-04-27 17:15:00,2281.66,2290.16,2279.61,2288.02,4892.2639
2026-04-27 17:30:00,2288.01,2292.91,2287.12,2291.03,7337.7662
2026-04-27 17:45:00,2291.03,2291.76,2287.02,2287.08,2091.7448
2026-04-27 18:00:00,2287.09,2290.06,2285.76,2288.28,2654.0973
2026-04-27 18:15:00,2288.28,2292.09,2284.5,2285.9,1783.8827
2026-04-27 18:30:00,2285.89,2289.84,2285.04,2289.36,1542.2675
2026-04-27 18:45:00,2289.36,2291.13,2288.34,2288.75,1505.4017
2026-04-27 19:00:00,2288.75,2291.08,2285.49,2290.39,1437.5209
2026-04-27 19:15:00,2290.38,2290.91,2280.27,2280.46,2079.2833
2026-04-27 19:30:00,2280.45,2288.01,2274.98,2287.17,3468.9317
2026-04-27 19:45:00,2287.16,2289.19,2286.67,2289.14,1126.671
2026-04-27 20:00:00,2289.15,2296.36,2289.08,2291.04,2651.3675
2026-04-27 20:15:00,2291.04,2293.21,2291.04,2293.08,635.4126
2026-04-27 20:30:00,2293.07,2295.45,2292.0,2292.3,1462.405
2026-04-27 20:45:00,2292.31,2292.7,2291.06,2291.7,1220.6961
2026-04-27 21:00:00,2291.69,2291.69,2287.0,2289.18,935.5737
2026-04-27 21:15:00,2289.17,2290.71,2287.8,2289.65,592.2677
2026-04-27 21:30:00,2289.65,2292.4,2289.64,2291.06,594.6345
2026-04-27 21:45:00,2291.05,2291.06,2287.32,2287.33,943.3133
2026-04-27 22:00:00,2287.34,2290.05,2284.66,2289.31,1701.1629
2026-04-27 22:15:00,2289.32,2291.98,2288.88,2291.98,685.3651
2026-04-27 22:30:00,2291.99,2294.67,2291.05,2293.63,984.5735
2026-04-27 22:45:00,2293.62,2295.7,2293.62,2294.36,843.7287
2026-04-27 23:00:00,2294.36,2294.85,2291.16,2291.52,550.5063
2026-04-27 23:15:00,2291.52,2296.34,2291.52,2293.58,644.1126
2026-04-27 23:30:00,2293.59,2300.0,2293.58,2299.61,1236.4195
2026-04-27 23:45:00,2299.6,2308.61,2298.08,2303.67,2567.7369
2026-04-28 00:00:00,2303.66,2306.82,2300.66,2303.94,1887.6564
2026-04-28 00:15:00,2303.94,2306.31,2299.55,2300.14,1043.6259
2026-04-28 00:30:00,2300.15,2308.02,2299.47,2307.1,1076.4311
2026-04-28 00:45:00,2307.1,2310.88,2306.16,2306.77,1357.0753
2026-04-28 01:00:00,2306.76,2308.76,2305.75,2307.53,1147.807
2026-04-28 01:15:00,2307.52,2308.11,2304.12,2305.18,986.2245
2026-04-28 01:30:00,2305.18,2305.18,2298.0,2299.21,1346.4652
2026-04-28 01:45:00,2299.22,2301.73,2297.78,2298.61,704.0901
2026-04-28 02:00:00,2298.61,2301.01,2296.9,2298.62,923.4094
2026-04-28 02:15:00,2298.61,2300.59,2293.21,2293.22,1784.0933
2026-04-28 02:30:00,2293.21,2294.84,2281.89,2281.89,3584.6039
2026-04-28 02:45:00,2281.89,2289.53,2280.99,2289.11,1616.3462
2026-04-28 03:00:00,2289.1,2289.53,2282.39,2284.99,1542.8605
2026-04-28 03:15:00,2284.99,2286.21,2283.12,2284.99,673.1176
2026-04-28 03:30:00,2284.99,2289.03,2284.53,2286.49,876.0893
2026-04-28 03:45:00,2286.5,2291.0,2285.77,2290.94,619.3894
2026-04-28 04:00:00,2290.93,2292.36,2288.64,2292.36,708.5339
2026-04-28 04:15:00,2292.35,2294.6,2283.32,2286.45,2863.6071
2026-04-28 04:30:00,2286.45,2291.69,2283.34,2288.61,1786.2513
2026-04-28 04:45:00,2288.62,2291.03,2288.44,2288.57,504.6525
2026-04-28 05:00:00,2288.58,2294.2,2288.58,2289.71,4448.5275
2026-04-28 05:15:00,2289.72,2296.91,2287.57,2294.47,3496.7239
2026-04-28 05:30:00,2294.47,2294.84,2286.71,2288.38,1744.8626
2026-04-28 05:45:00,2288.38,2290.71,2288.12,2288.13,806.0094
2026-04-28 06:00:00,2288.13,2291.0,2287.93,2289.89,966.9878
2026-04-28 06:15:00,2289.9,2290.17,2283.9,2286.05,1357.693
2026-04-28 06:30:00,2286.05,2286.9,2270.61,2272.06,6941.2127
2026-04-28 06:45:00,2272.06,2279.46,2270.53,2277.63,1473.8446
2026-04-28 07:00:00,2277.63,2278.95,2273.77,2274.47,1504.9663
2026-04-28 07:15:00,2274.47,2278.21,2270.65,2277.96,2826.6502
2026-04-28 07:30:00,2277.96,2284.5,2277.38,2282.96,1745.902
2026-04-28 07:45:00,2282.96,2288.65,2282.13,2287.99,3840.0424
2026-04-28 08:00:00,2288.0,2288.17,2284.09,2286.97,950.9495
2026-04-28 08:15:00,2286.96,2290.71,2285.3,2290.71,1579.426
2026-04-28 08:30:00,2290.71,2291.64,2284.0,2285.69,2019.8281
2026-04-28 08:45:00,2285.7,2287.51,2283.86,2287.07,1515.5086
2026-04-28 09:00:00,2287.07,2287.5,2284.77,2287.17,748.8836
2026-04-28 09:15:00,2287.16,2288.51,2285.72,2288.33,1673.1382
2026-04-28 09:30:00,2288.33,2288.34,2282.83,2282.84,1117.3687
2026-04-28 09:45:00,2282.83,2283.53,2276.67,2282.27,4115.2431
2026-04-28 10:00:00,2282.26,2286.04,2282.02,2282.02,1430.8258
2026-04-28 10:15:00,2282.03,2283.84,2280.84,2282.66,852.1237
2026-04-28 10:30:00,2282.65,2286.23,2282.65,2285.94,3082.3657
2026-04-28 10:45:00,2285.95,2287.63,2283.51,2284.51,1211.7621
2026-04-28 11:00:00,2284.51,2285.36,2276.97,2277.77,1713.8739
2026-04-28 11:15:00,2277.77,2279.1,2273.05,2276.59,4456.121
2026-04-28 11:30:00,2276.59,2276.84,2271.5,2275.17,4071.9036
2026-04-28 11:45:00,2275.16,2275.75,2270.36,2275.32,2190.2705
2026-04-28 12:00:00,2275.32,2279.27,2273.8,2277.69,1339.4366
2026-04-28 12:15:00,2277.68,2281.29,2272.93,2273.54,2237.1479
2026-04-28 12:30:00,2273.54,2278.31,2271.59,2277.5,1491.0552
2026-04-28 12:45:00,2277.5,2279.7,2276.45,2278.23,1146.8861
2026-04-28 13:00:00,2278.23,2278.23,2258.24,2267.54,9143.5327
2026-04-28 13:15:00,2267.53,2274.98,2264.42,2272.0,2537.4126
2026-04-28 13:30:00,2272.0,2278.69,2265.51,2277.04,3961.8286
2026-04-28 13:45:00,2277.04,2286.2,2270.73,2276.36,4226.2554
2026-04-28 14:00:00,2276.37,2276.63,2269.24,2272.81,1629.1087
2026-04-28 14:15:00,2272.82,2273.11,2263.73,2266.98,2771.6623
2026-04-28 14:30:00,2266.98,2271.96,2261.0,2271.66,4504.9133
2026-04-28 14:45:00,2271.65,2273.44,2264.21,2273.44,5473.004
2026-04-28 15:00:00,2273.44,2277.39,2269.22,2274.02,2472.8413
2026-04-28 15:15:00,2274.02,2276.21,2272.1,2273.35,1511.7788
2026-04-28 15:30:00,2273.35,2276.58,2270.2,2273.66,1976.4907
2026-04-28 15:45:00,2273.66,2280.61,2272.65,2279.76,3344.0911
2026-04-28 16:00:00,2279.76,2281.68,2276.23,2278.66,1832.5844
2026-04-28 16:15:00,2278.66,2280.76,2276.0,2277.56,1624.3326
2026-04-28 16:30:00,2277.56,2279.15,2274.38,2275.19,1136.9469
2026-04-28 16:45:00,2275.2,2288.38,2275.0,2286.18,4565.3056
2026-04-28 17:00:00,2286.18,2288.57,2281.09,2282.22,2152.8135
2026-04-28 17:15:00,2282.21,2286.58,2278.99,2285.28,1223.3331
2026-04-28 17:30:00,2285.28,2293.38,2285.27,2291.24,3652.7346
2026-04-28 17:45:00,2291.24,2292.77,2287.9,2290.73,1065.2709
2026-04-28 18:00:00,2290.73,2294.36,2287.9,2288.8,1394.5801
2026-04-28 18:15:00,2288.8,2295.59,2288.79,2294.41,1811.1679
2026-04-28 18:30:00,2294.4,2295.36,2290.87,2290.87,1112.3889
2026-04-28 18:45:00,2290.87,2298.31,2288.63,2296.96,2931.0493
2026-04-28 19:00:00,2296.96,2297.17,2291.83,2292.2,1369.2706
2026-04-28 19:15:00,2292.21,2293.29,2290.26,2292.1,924.0516
2026-04-28 19:30:00,2292.1,2299.35,2291.24,2299.1,1270.7927
2026-04-28 19:45:00,2299.1,2305.55,2297.92,2301.96,5366.2958
2026-04-28 20:00:00,2301.96,2305.95,2299.46,2300.43,1422.1088
2026-04-28 20:15:00,2300.43,2300.54,2297.22,2297.48,567.7666
2026-04-28 20:30:00,2297.48,2298.98,2295.95,2296.19,754.6165
2026-04-28 20:45:00,2296.19,2298.98,2295.52,2295.55,809.8527
2026-04-28 21:00:00,2295.55,2297.2,2290.27,2291.34,1228.1841
2026-04-28 21:15:00,2291.35,2292.19,2287.67,2287.83,982.8457
2026-04-28 21:30:00,2287.83,2290.71,2287.01,2287.36,929.6604
2026-04-28 21:45:00,2287.36,2292.08,2285.75,2290.12,2127.7663
2026-04-28 22:00:00,2290.12,2294.5,2289.63,2290.29,1050.4081
2026-04-28 22:15:00,2290.28,2290.96,2288.85,2289.27,463.028
2026-04-28 22:30:00,2289.28,2290.08,2286.9,2287.17,533.139
2026-04-28 22:45:00,2287.17,2287.17,2285.48,2286.18,390.1842
2026-04-28 23:00:00,2286.17,2288.65,2284.15,2288.18,751.8281
2026-04-28 23:15:00,2288.19,2289.06,2285.05,2286.04,478.5636
2026-04-28 23:30:00,2286.04,2287.34,2285.2,2287.07,474.3385
2026-04-28 23:45:00,2287.07,2290.18,2286.91,2289.42,852.2213
2026-04-29 00:00:00,2289.42,2291.0,2287.43,2288.67,1005.5026
2026-04-29 00:15:00,2288.67,2289.13,2286.57,2286.97,715.1549
2026-04-29 00:30:00,2286.96,2290.02,2285.38,2289.2,741.1378
2026-04-29 00:45:00,2289.2,2294.24,2288.34,2292.4,1591.5552
2026-04-29 01:00:00,2292.41,2292.43,2282.09,2284.35,3298.4397
2026-04-29 01:15:00,2284.35,2285.87,2280.28,2281.93,2582.022
2026-04-29 01:30:00,2281.93,2287.19,2278.84,2287.03,1488.7176
2026-04-29 01:45:00,2287.03,2297.3,2286.0,2292.45,2882.2703
2026-04-29 02:00:00,2292.45,2295.61,2290.5,2292.68,2493.084
2026-04-29 02:15:00,2292.69,2293.99,2289.43,2289.49,1332.6016
2026-04-29 02:30:00,2289.49,2289.81,2284.68,2286.73,2070.0561
2026-04-29 02:45:00,2286.73,2289.01,2286.32,2288.88,1263.1221
2026-04-29 03:00:00,2288.87,2292.06,2287.61,2291.7,1366.8224
2026-04-29 03:15:00,2291.7,2302.31,2291.7,2300.63,4422.8366
2026-04-29 03:30:00,2300.64,2316.36,2298.4,2314.14,7748.8405
2026-04-29 03:45:00,2314.13,2315.88,2308.83,2311.52,4933.4824
2026-04-29 04:00:00,2311.53,2312.4,2309.33,2309.8,1954.0516
2026-04-29 04:15:00,2309.8,2315.86,2309.8,2314.54,1921.6962
2026-04-29 04:30:00,2314.54,2342.5,2313.85,2334.59,16598.5075
2026-04-29 04:45:00,2334.59,2336.43,2326.89,2327.32,5839.6458
2026-04-29 05:00:00,2327.32,2329.89,2322.83,2325.57,3910.177
2026-04-29 05:15:00,2325.57,2327.1,2323.08,2327.1,2563.5754
2026-04-29 05:30:00,2327.09,2327.29,2324.59,2326.62,1171.4124
2026-04-29 05:45:00,2326.62,2333.22,2326.62,2329.19,5219.7862
2026-04-29 06:00:00,2329.19,2336.64,2328.52,2331.26,3462.01
2026-04-29 06:15:00,2331.26,2331.96,2327.57,2328.99,1216.6867
2026-04-29 06:30:00,2328.99,2329.64,2324.5,2326.24,2139.0489
2026-04-29 06:45:00,2326.25,2327.61,2320.24,2324.58,2662.7135
2026-04-29 07:00:00,2324.59,2326.65,2323.01,2326.65,1048.7482
2026-04-29 07:15:00,2326.65,2326.76,2322.55,2323.26,927.059
2026-04-29 07:30:00,2323.25,2330.31,2323.25,2327.14,2142.0791
2026-04-29 07:45:00,2327.13,2327.19,2321.7,2323.73,2361.0982
2026-04-29 08:00:00,2323.74,2325.47,2321.11,2324.29,1531.5634
2026-04-29 08:15:00,2324.29,2329.03,2323.7,2326.04,896.1446
2026-04-29 08:30:00,2326.03,2326.03,2321.58,2325.58,1067.3758
2026-04-29 08:45:00,2325.58,2325.9,2323.51,2325.33,641.1803
2026-04-29 09:00:00,2325.33,2328.0,2322.74,2327.29,1464.1049
2026-04-29 09:15:00,2327.28,2330.82,2326.41,2327.73,1086.1702
2026-04-29 09:30:00,2327.72,2333.19,2327.48,2330.79,1351.441
2026-04-29 09:45:00,2330.8,2346.66,2330.44,2339.72,8906.7085
2026-04-29 10:00:00,2339.71,2344.1,2339.34,2343.99,2559.1499
2026-04-29 10:15:00,2344.0,2346.95,2341.39,2345.8,2522.9356
2026-04-29 10:30:00,2345.8,2346.3,2330.01,2332.01,2895.3918
2026-04-29 10:45:00,2332.01,2336.6,2331.9,2333.68,1475.9497
2026-04-29 11:00:00,2333.67,2335.25,2328.79,2333.49,2567.1774
2026-04-29 11:15:00,2333.49,2335.11,2329.06,2330.02,1622.71
2026-04-29 11:30:00,2330.02,2336.0,2329.46,2330.81,2442.7597
2026-04-29 11:45:00,2330.82,2333.55,2330.35,2331.74,1642.55
2026-04-29 12:00:00,2331.74,2331.94,2320.53,2320.54,2529.3321
2026-04-29 12:15:00,2320.54,2325.37,2307.4,2314.8,9318.9331
2026-04-29 12:30:00,2314.79,2315.06,2308.47,2314.04,2831.2199
2026-04-29 12:45:00,2314.03,2317.1,2312.66,2316.13,1806.9439
2026-04-29 13:00:00,2316.13,2318.15,2312.45,2314.83,2014.4606
2026-04-29 13:15:00,2314.83,2316.62,2305.45,2307.06,3510.9531
2026-04-29 13:30:00,2307.06,2307.4,2293.86,2294.6,7455.844
2026-04-29 13:45:00,2294.6,2305.15,2289.94,2303.03,5391.3018
2026-04-29 14:00:00,2303.02,2303.02,2293.86,2297.13,3652.7321
2026-04-29 14:15:00,2297.13,2306.6,2294.61,2304.56,5689.0594
2026-04-29 14:30:00,2304.57,2308.29,2299.84,2300.96,3925.8479
2026-04-29 14:45:00,2300.97,2303.8,2297.5,2299.39,1216.131
2026-04-29 15:00:00,2299.4,2301.24,2283.14,2285.6,5881.8736
2026-04-29 15:15:00,2285.59,2291.7,2282.34,2290.59,8601.3901
2026-04-29 15:30:00,2290.6,2293.67,2273.68,2273.69,7407.6398
2026-04-29 15:45:00,2273.69,2275.95,2263.1,2272.51,9836.5065
2026-04-29 16:00:00,2272.5,2279.27,2269.62,2276.16,4091.2191
2026-04-29 16:15:00,2276.15,2278.62,2270.66,2273.79,5368.6462
2026-04-29 16:30:00,2273.78,2274.83,2263.35,2267.63,6558.8937
2026-04-29 16:45:00,2267.63,2269.0,2265.38,2267.47,3679.5305
2026-04-29 17:00:00,2267.48,2272.5,2266.3,2268.74,2316.9494
2026-04-29 17:15:00,2268.74,2276.16,2266.81,2270.66,4140.7549
2026-04-29 17:30:00,2270.66,2275.72,2270.0,2275.71,1870.3527
2026-04-29 17:45:00,2275.71,2283.33,2272.49,2283.12,3287.4997
2026-04-29 18:00:00,2283.12,2285.92,2227.57,2241.46,26552.2202
2026-04-29 18:15:00,2241.46,2249.0,2226.34,2232.35,12374.5468
2026-04-29 18:30:00,2232.36,2232.36,2220.36,2224.22,11909.3639
2026-04-29 18:45:00,2224.22,2241.27,2222.55,2239.41,5630.5535
2026-04-29 19:00:00,2239.41,2242.44,2226.77,2238.36,9973.708
2026-04-29 19:15:00,2238.36,2240.0,2231.14,2234.49,2628.9914
2026-04-29 19:30:00,2234.49,2234.49,2225.0,2227.81,2791.8583
2026-04-29 19:45:00,2227.81,2234.99,2226.8,2233.7,2157.4281
2026-04-29 20:00:00,2233.69,2241.99,2230.49,2231.32,4234.1831
2026-04-29 20:15:00,2231.33,2240.42,2230.51,2240.09,2159.6995
2026-04-29 20:30:00,2240.1,2246.82,2238.07,2245.69,2825.3829
2026-04-29 20:45:00,2245.69,2248.73,2240.06,2240.42,3368.9474
2026-04-29 21:00:00,2240.42,2248.97,2238.59,2247.14,3822.0306
2026-04-29 21:15:00,2247.15,2250.0,2246.94,2247.62,3626.4556
2026-04-29 21:30:00,2247.61,2252.33,2245.7,2251.69,3584.2908
2026-04-29 21:45:00,2251.68,2264.8,2251.68,2253.13,4399.6836
2026-04-29 22:00:00,2253.14,2255.82,2250.19,2255.82,1652.4337
2026-04-29 22:15:00,2255.81,2257.39,2251.8,2252.56,1752.6014
2026-04-29 22:30:00,2252.57,2259.01,2252.56,2258.24,899.1027
2026-04-29 22:45:00,2258.24,2258.57,2255.42,2257.78,1158.5818
2026-04-29 23:00:00,2257.77,2260.3,2253.1,2259.7,1610.729
2026-04-29 23:15:00,2259.7,2259.7,2250.35,2253.27,1794.8817
2026-04-29 23:30:00,2253.28,2257.24,2253.28,2256.5,952.785
2026-04-29 23:45:00,2256.51,2257.61,2252.82,2252.9,1086.3731
2026-04-30 00:00:00,2252.9,2257.06,2252.8,2253.27,1029.7301
2026-04-30 00:15:00,2253.28,2255.61,2249.47,2254.64,1508.0257
2026-04-30 00:30:00,2254.65,2268.95,2254.65,2264.6,3797.6177
2026-04-30 00:45:00,2264.61,2275.0,2264.61,2272.46,3444.4439
2026-04-30 01:00:00,2272.45,2276.65,2267.56,2268.74,1933.0347
2026-04-30 01:15:00,2268.73,2277.0,2267.06,2275.44,1828.9149
2026-04-30 01:30:00,2275.45,2279.0,2270.42,2273.23,1898.5121
2026-04-30 01:45:00,2273.24,2276.73,2267.89,2269.35,2629.9121
2026-04-30 02:00:00,2269.36,2273.14,2269.36,2270.48,999.1773
2026-04-30 02:15:00,2270.47,2272.94,2262.5,2263.01,1712.1219
2026-04-30 02:30:00,2263.02,2263.02,2236.36,2241.72,7204.376
2026-04-30 02:45:00,2241.72,2247.05,2237.34,2245.13,2755.984
2026-04-30 03:00:00,2245.12,2249.2,2243.89,2246.85,1841.9466
2026-04-30 03:15:00,2246.85,2250.98,2245.0,2250.46,949.3677
2026-04-30 03:30:00,2250.45,2255.67,2247.25,2254.29,1692.5969
2026-04-30 03:45:00,2254.29,2256.82,2253.23,2253.24,834.4569
2026-04-30 04:00:00,2253.24,2254.27,2245.0,2250.71,1620.9036
2026-04-30 04:15:00,2250.71,2251.16,2243.17,2246.31,1564.6557
2026-04-30 04:30:00,2246.31,2246.48,2236.89,2237.51,2863.4894
2026-04-30 04:45:00,2237.51,2241.04,2237.3,2238.97,1709.4384
2026-04-30 05:00:00,2238.98,2244.77,2238.67,2243.91,1287.5494
2026-04-30 05:15:00,2243.91,2244.45,2231.64,2236.68,2426.0477
2026-04-30 05:30:00,2236.69,2248.31,2236.61,2245.05,1642.0964
2026-04-30 05:45:00,2245.06,2247.62,2240.98,2242.76,2964.2046
2026-04-30 06:00:00,2242.76,2245.69,2241.86,2244.0,928.0299
2026-04-30 06:15:00,2244.0,2247.12,2243.89,2246.65,1584.0195
2026-04-30 06:30:00,2246.66,2252.49,2245.38,2245.81,2386.6937
2026-04-30 06:45:00,2245.8,2248.99,2244.6,2248.03,1165.5055
2026-04-30 07:00:00,2248.03,2251.68,2243.71,2249.7,3292.6612
2026-04-30 07:15:00,2249.7,2253.61,2249.3,2253.26,1135.9504
2026-04-30 07:30:00,2253.27,2259.49,2252.64,2258.48,3489.1589
2026-04-30 07:45:00,2258.48,2262.23,2256.57,2260.31,3318.4671
2026-04-30 08:00:00,2260.31,2262.21,2256.01,2259.96,3352.8796
2026-04-30 08:15:00,2259.95,2260.29,2255.27,2258.03,1756.6758
2026-04-30 08:30:00,2258.02,2260.63,2256.66,2260.5,1431.7678
2026-04-30 08:45:00,2260.51,2263.21,2256.34,2256.65,3462.0558
2026-04-30 09:00:00,2256.65,2259.0,2256.0,2258.98,913.8259
2026-04-30 09:15:00,2258.98,2265.48,2256.06,2265.48,1331.5191
2026-04-30 09:30:00,2265.49,2271.11,2262.66,2262.66,2993.0534
2026-04-30 09:45:00,2262.66,2265.44,2261.75,2261.86,906.9211
2026-04-30 10:00:00,2261.86,2265.74,2260.82,2261.38,1017.5374
2026-04-30 10:15:00,2261.38,2262.0,2256.78,2257.12,1756.6116
2026-04-30 10:30:00,2257.12,2263.48,2257.11,2261.19,1211.9118
2026-04-30 10:45:00,2261.2,2263.19,2259.12,2262.01,1297.3315
2026-04-30 11:00:00,2262.0,2273.7,2262.0,2267.84,3367.3771
2026-04-30 11:15:00,2267.84,2269.92,2265.39,2267.07,1264.0213
2026-04-30 11:30:00,2267.07,2267.18,2257.5,2258.46,1661.1033
2026-04-30 11:45:00,2258.45,2260.39,2252.07,2258.18,3011.3316
2026-04-30 12:00:00,2258.18,2262.01,2257.74,2260.58,850.8449
2026-04-30 12:15:00,2260.57,2271.07,2260.17,2267.12,2286.5333
2026-04-30 12:30:00,2267.13,2268.84,2263.91,2264.18,1361.4187
2026-04-30 12:45:00,2264.17,2268.71,2264.16,2265.45,1656.1846
2026-04-30 13:00:00,2265.46,2268.12,2262.99,2263.68,1127.6424
2026-04-30 13:15:00,2263.69,2264.83,2257.38,2259.15,1569.8122
2026-04-30 13:30:00,2259.14,2271.99,2254.74,2271.6,4293.2015
2026-04-30 13:45:00,2271.59,2272.56,2261.27,2263.9,3752.2707
2026-04-30 14:00:00,2263.9,2271.07,2258.33,2261.82,3365.7445
2026-04-30 14:15:00,2261.83,2261.99,2245.82,2258.39,6147.7649
2026-04-30 14:30:00,2258.39,2268.0,2254.74,2261.08,3049.4152
2026-04-30 14:45:00,2261.07,2268.0,2260.2,2262.01,1934.2665
2026-04-30 15:00:00,2262.0,2266.57,2257.65,2265.8,1662.7165
2026-04-30 15:15:00,2265.81,2267.56,2263.21,2267.56,1269.9888
2026-04-30 15:30:00,2267.56,2275.13,2262.27,2264.34,2275.155
2026-04-30 15:45:00,2264.34,2268.4,2260.0,2265.7,1269.0225
2026-04-30 16:00:00,2265.7,2267.16,2262.49,2265.61,913.3346
2026-04-30 16:15:00,2265.61,2265.61,2259.5,2262.0,872.9756
2026-04-30 16:30:00,2262.0,2262.98,2259.73,2260.12,725.1509
2026-04-30 16:45:00,2260.13,2261.8,2255.8,2257.24,1368.8453
2026-04-30 17:00:00,2257.24,2259.53,2253.28,2256.02,1426.9894
2026-04-30 17:15:00,2256.01,2256.01,2251.62,2255.55,1235.9263
2026-04-30 17:30:00,2255.55,2260.47,2254.89,2255.56,1331.5356
2026-04-30 17:45:00,2255.56,2259.42,2255.53,2258.14,894.6927
2026-04-30 18:00:00,2258.13,2262.49,2255.31,2256.44,1181.7061
2026-04-30 18:15:00,2256.43,2261.96,2255.37,2255.95,907.0921
2026-04-30 18:30:00,2255.95,2262.27,2254.55,2261.05,1046.8984
2026-04-30 18:45:00,2261.05,2265.29,2259.84,2259.84,974.5628
2026-04-30 19:00:00,2259.84,2265.0,2258.13,2263.71,1407.3286
2026-04-30 19:15:00,2263.71,2266.25,2262.66,2265.17,748.368
2026-04-30 19:30:00,2265.17,2267.09,2263.66,2265.43,1158.6064
2026-04-30 19:45:00,2265.42,2265.42,2260.6,2261.99,1457.0758
2026-04-30 20:00:00,2261.98,2264.49,2260.56,2263.93,816.1295
2026-04-30 20:15:00,2263.93,2267.32,2262.43,2265.43,780.3827
2026-04-30 20:30:00,2265.43,2266.02,2264.36,2264.6,818.5112
2026-04-30 20:45:00,2264.6,2265.92,2263.54,2264.34,871.6232
2026-04-30 21:00:00,2264.34,2264.65,2261.61,2264.11,535.2514
2026-04-30 21:15:00,2264.1,2264.1,2257.27,2257.85,886.4518
2026-04-30 21:30:00,2257.86,2260.84,2257.72,2259.94,649.7555
2026-04-30 21:45:00,2259.93,2259.93,2254.0,2256.29,1470.3817
2026-04-30 22:00:00,2256.29,2259.26,2256.21,2258.87,609.4995
2026-04-30 22:15:00,2258.87,2261.34,2258.77,2260.78,647.8495
2026-04-30 22:30:00,2260.78,2260.78,2254.9,2257.06,350.2631
2026-04-30 22:45:00,2257.07,2257.28,2252.42,2254.25,791.5404
2026-04-30 23:00:00,2254.25,2256.9,2254.0,2256.16,631.164
2026-04-30 23:15:00,2256.16,2257.14,2255.73,2256.32,323.7691
2026-04-30 23:30:00,2256.33,2258.63,2256.33,2258.33,523.0864
2026-04-30 23:45:00,2258.33,2259.01,2256.18,2257.51,790.5338
2026-05-01 00:00:00,2257.51,2264.0,2257.21,2262.22,1417.0663
2026-05-01 00:15:00,2262.22,2266.0,2261.09,2262.09,1009.1379
2026-05-01 00:30:00,2262.08,2263.95,2261.28,2263.7,551.4447
2026-05-01 00:45:00,2263.7,2265.63,2258.74,2260.0,835.4916
2026-05-01 01:00:00,2260.0,2265.21,2260.0,2263.78,557.5045
2026-05-01 01:15:00,2263.78,2265.58,2261.93,2262.56,615.1128
2026-05-01 01:30:00,2262.56,2266.02,2262.45,2265.86,1018.7973
2026-05-01 01:45:00,2265.87,2270.56,2265.26,2267.75,2023.0156
2026-05-01 02:00:00,2267.75,2270.0,2265.73,2266.96,1009.9688
2026-05-01 02:15:00,2266.97,2268.39,2265.0,2266.6,907.379
2026-05-01 02:30:00,2266.61,2268.0,2265.02,2266.42,655.992
2026-05-01 02:45:00,2266.42,2267.89,2265.3,2266.94,517.3364
2026-05-01 03:00:00,2266.94,2270.68,2266.25,2269.76,970.221
2026-05-01 03:15:00,2269.76,2295.0,2269.55,2284.93,11459.4481
2026-05-01 03:30:00,2284.93,2288.32,2279.52,2284.0,2163.2449
2026-05-01 03:45:00,2283.99,2285.75,2281.74,2282.87,1213.5327
2026-05-01 04:00:00,2282.87,2284.87,2281.13,2283.26,860.6794
2026-05-01 04:15:00,2283.26,2285.89,2277.56,2279.31,2360.5287
2026-05-01 04:30:00,2279.31,2280.88,2277.7,2280.87,1047.0475
2026-05-01 04:45:00,2280.87,2281.31,2279.18,2280.12,850.2597
2026-05-01 05:00:00,2280.11,2286.75,2278.28,2284.55,914.4242
2026-05-01 05:15:00,2284.55,2284.72,2282.1,2282.1,1078.5126
2026-05-01 05:30:00,2282.11,2284.02,2282.07,2284.02,411.9406
2026-05-01 05:45:00,2284.02,2286.32,2282.96,2283.26,1083.2943
2026-05-01 06:00:00,2283.26,2286.66,2282.96,2284.84,1139.8091
2026-05-01 06:15:00,2284.85,2286.41,2284.18,2284.26,829.3773
2026-05-01 06:30:00,2284.27,2285.72,2277.71,2280.38,1509.9525
2026-05-01 06:45:00,2280.37,2280.83,2272.09,2277.45,4650.8442
2026-05-01 07:00:00,2277.46,2279.76,2275.61,2277.59,1041.564
2026-05-01 07:15:00,2277.6,2278.72,2273.37,2274.14,1340.5827
2026-05-01 07:30:00,2274.13,2277.3,2273.14,2275.56,1982.2491
2026-05-01 07:45:00,2275.56,2281.1,2275.56,2279.48,1810.8009
2026-05-01 08:00:00,2279.5,2283.9,2277.44,2283.9,1154.4538
2026-05-01 08:15:00,2283.9,2288.5,2283.15,2286.41,2575.3451
2026-05-01 08:30:00,2286.41,2286.99,2284.41,2284.97,972.4196
2026-05-01 08:45:00,2284.98,2287.11,2283.42,2286.92,1184.8848
2026-05-01 09:00:00,2286.93,2287.1,2283.36,2285.6,1341.2418
2026-05-01 09:15:00,2285.61,2285.61,2282.83,2284.58,723.0175
2026-05-01 09:30:00,2284.58,2284.58,2282.69,2283.79,617.4725
2026-05-01 09:45:00,2283.79,2283.79,2279.87,2282.07,923.7671
2026-05-01 10:00:00,2282.08,2282.08,2277.06,2278.74,1366.4315
2026-05-01 10:15:00,2278.74,2285.88,2278.73,2283.42,1181.6472
2026-05-01 10:30:00,2283.42,2284.29,2279.92,2280.58,551.4767
2026-05-01 10:45:00,2280.58,2282.53,2280.24,2282.53,778.3183
2026-05-01 11:00:00,2282.53,2283.9,2281.71,2283.9,544.4005
2026-05-01 11:15:00,2283.89,2293.0,2283.32,2284.82,2719.2214
2026-05-01 11:30:00,2284.83,2287.33,2284.38,2287.09,1093.0809
2026-05-01 11:45:00,2287.09,2287.65,2283.37,2286.45,967.1402
2026-05-01 12:00:00,2286.46,2293.76,2284.15,2289.12,1928.773
2026-05-01 12:15:00,2289.12,2305.61,2288.92,2304.79,8200.8847
2026-05-01 12:30:00,2304.8,2311.49,2303.4,2304.07,8325.6155
2026-05-01 12:45:00,2304.07,2306.3,2301.16,2301.36,3512.6182
2026-05-01 13:00:00,2301.37,2315.07,2301.37,2311.79,4180.6875
2026-05-01 13:15:00,2311.79,2313.52,2307.23,2307.58,2168.3443
2026-05-01 13:30:00,2307.59,2317.56,2305.89,2308.89,4169.8512
2026-05-01 13:45:00,2308.88,2324.0,2306.01,2318.22,9767.3371
2026-05-01 14:00:00,2318.22,2325.28,2316.59,2319.06,6596.2416
2026-05-01 14:15:00,2319.05,2321.0,2308.0,2309.28,6195.4444
2026-05-01 14:30:00,2309.26,2310.0,2301.42,2306.25,6042.9705
2026-05-01 14:45:00,2306.26,2311.88,2304.44,2308.04,1328.7145
2026-05-01 15:00:00,2308.03,2310.52,2302.34,2309.87,2984.8948
2026-05-01 15:15:00,2309.86,2312.0,2307.08,2309.13,1326.8593
2026-05-01 15:30:00,2309.13,2316.74,2309.01,2314.07,1990.7577
2026-05-01 15:45:00,2314.08,2314.52,2298.77,2307.64,6094.7302
2026-05-01 16:00:00,2307.64,2314.21,2305.21,2305.21,4747.706
2026-05-01 16:15:00,2305.21,2308.68,2299.21,2303.27,5350.7382
2026-05-01 16:30:00,2303.26,2305.6,2299.4,2301.47,2726.2502
2026-05-01 16:45:00,2301.47,2305.78,2298.17,2301.94,1680.5058
2026-05-01 17:00:00,2301.95,2307.84,2298.71,2307.27,1364.5403
2026-05-01 17:15:00,2307.27,2307.76,2301.97,2303.42,821.6652
2026-05-01 17:30:00,2303.43,2310.69,2302.12,2307.79,1200.2921
2026-05-01 17:45:00,2307.8,2313.53,2306.23,2311.76,1805.3726
2026-05-01 18:00:00,2311.76,2312.5,2308.07,2308.72,1431.688
2026-05-01 18:15:00,2308.72,2311.38,2306.74,2310.4,827.8854
2026-05-01 18:30:00,2310.39,2310.4,2304.98,2305.36,810.6161
2026-05-01 18:45:00,2305.36,2307.79,2303.45,2304.76,711.773
2026-05-01 19:00:00,2304.77,2307.84,2303.58,2306.1,522.239
2026-05-01 19:15:00,2306.11,2307.61,2302.2,2306.19,584.0363
2026-05-01 19:30:00,2306.19,2306.19,2304.1,2304.37,578.7655
2026-05-01 19:45:00,2304.38,2306.92,2303.85,2304.85,1236.4301
2026-05-01 20:00:00,2304.85,2305.86,2302.94,2303.95,489.9064
2026-05-01 20:15:00,2303.95,2304.23,2296.83,2299.81,2004.3461
2026-05-01 20:30:00,2299.82,2299.86,2291.6,2294.2,2296.408
2026-05-01 20:45:00,2294.2,2295.6,2278.98,2285.19,4211.376
2026-05-01 21:00:00,2285.18,2289.99,2283.58,2286.7,3541.3899
2026-05-01 21:15:00,2286.71,2291.74,2286.36,2290.22,1016.5894
2026-05-01 21:30:00,2290.23,2294.25,2286.92,2289.24,1624.7855
2026-05-01 21:45:00,2289.25,2292.76,2289.0,2292.68,460.7753
2026-05-01 22:00:00,2292.67,2296.63,2292.61,2295.91,659.5171
2026-05-01 22:15:00,2295.91,2299.35,2295.91,2296.91,1039.8965
2026-05-01 22:30:00,2296.91,2297.67,2293.69,2294.87,694.0216
2026-05-01 22:45:00,2294.86,2295.38,2291.0,2293.5,983.102
2026-05-01 23:00:00,2293.5,2293.66,2291.39,2292.48,547.1068
2026-05-01 23:15:00,2292.48,2293.61,2289.0,2289.29,651.7342
2026-05-01 23:30:00,2289.29,2293.71,2289.29,2292.24,503.646
2026-05-01 23:45:00,2292.25,2296.23,2292.25,2295.63,611.8466
2026-05-02 00:00:00,2295.63,2296.61,2294.0,2294.09,629.1348
2026-05-02 00:15:00,2294.09,2297.95,2292.91,2295.85,627.5036
2026-05-02 00:30:00,2295.84,2298.2,2294.31,2297.9,574.5738
2026-05-02 00:45:00,2297.89,2299.3,2295.65,2297.6,735.5994
2026-05-02 01:00:00,2297.59,2299.94,2295.88,2298.86,692.7957
2026-05-02 01:15:00,2298.85,2298.85,2296.07,2297.52,551.9667
2026-05-02 01:30:00,2297.53,2300.98,2297.52,2298.86,994.2541
2026-05-02 01:45:00,2298.85,2299.23,2297.81,2298.63,223.3824
2026-05-02 02:00:00,2298.62,2299.31,2297.02,2297.2,493.7646
2026-05-02 02:15:00,2297.19,2298.11,2295.45,2295.87,523.7262
2026-05-02 02:30:00,2295.88,2300.29,2295.43,2298.91,327.6668
2026-05-02 02:45:00,2298.91,2308.34,2298.91,2303.31,1808.4548
2026-05-02 03:00:00,2303.31,2305.42,2301.23,2301.84,813.5534
2026-05-02 03:15:00,2301.84,2307.43,2301.01,2305.37,911.905
2026-05-02 03:30:00,2305.37,2308.34,2303.49,2303.7,791.384
2026-05-02 03:45:00,2303.69,2306.05,2303.26,2304.44,251.6953
2026-05-02 04:00:00,2304.43,2304.91,2301.11,2302.65,655.9238
2026-05-02 04:15:00,2302.64,2303.66,2301.99,2302.79,338.5884
2026-05-02 04:30:00,2302.79,2304.06,2301.17,2301.51,327.285
2026-05-02 04:45:00,2301.52,2301.77,2299.59,2301.26,833.4853
2026-05-02 05:00:00,2301.26,2301.52,2298.0,2298.61,732.372
2026-05-02 05:15:00,2298.61,2299.89,2296.62,2299.89,1289.4103
2026-05-02 05:30:00,2299.89,2301.22,2299.52,2300.21,597.0553
2026-05-02 05:45:00,2300.22,2300.84,2299.46,2299.47,378.3891
2026-05-02 06:00:00,2299.46,2302.98,2299.46,2299.66,533.6569
2026-05-02 06:15:00,2299.66,2300.64,2297.09,2297.37,614.5376
2026-05-02 06:30:00,2297.37,2301.88,2297.37,2301.87,494.8495
2026-05-02 06:45:00,2301.88,2306.35,2301.87,2305.58,889.1231
2026-05-02 07:00:00,2305.59,2306.16,2304.46,2304.76,594.2744
2026-05-02 07:15:00,2304.77,2306.01,2304.76,2305.48,327.3934
2026-05-02 07:30:00,2305.48,2305.49,2302.02,2302.41,855.2796
2026-05-02 07:45:00,2302.41,2302.95,2301.01,2301.02,644.7417
2026-05-02 08:00:00,2301.01,2301.58,2299.05,2301.47,691.7022
2026-05-02 08:15:00,2301.48,2303.37,2300.62,2302.83,411.5932
2026-05-02 08:30:00,2302.83,2304.44,2302.83,2304.03,396.3023
2026-05-02 08:45:00,2304.04,2304.4,2302.96,2303.35,449.742
2026-05-02 09:00:00,2303.34,2305.0,2303.34,2304.97,351.4225
2026-05-02 09:15:00,2304.98,2306.17,2304.98,2305.7,561.8343
2026-05-02 09:30:00,2305.69,2307.78,2303.65,2306.03,805.2145
2026-05-02 09:45:00,2306.03,2306.04,2304.88,2305.13,427.3656
2026-05-02 10:00:00,2305.13,2305.3,2303.87,2304.86,563.144
2026-05-02 10:15:00,2304.86,2305.96,2303.68,2304.65,573.8903
2026-05-02 10:30:00,2304.64,2304.64,2302.41,2303.41,592.6272
2026-05-02 10:45:00,2303.41,2304.34,2302.97,2303.54,401.0162
2026-05-02 11:00:00,2303.54,2303.54,2301.44,2301.6,588.9375
2026-05-02 11:15:00,2301.6,2304.99,2301.59,2304.7,531.2513
2026-05-02 11:30:00,2304.7,2304.71,2301.67,2302.64,631.3162
2026-05-02 11:45:00,2302.64,2302.64,2300.25,2302.1,421.1005
2026-05-02 12:00:00,2302.09,2302.87,2301.36,2302.37,454.5374
2026-05-02 12:15:00,2302.38,2305.43,2302.24,2305.06,594.3107
2026-05-02 12:30:00,2305.05,2305.92,2303.28,2304.62,834.1548
2026-05-02 12:45:00,2304.61,2304.63,2303.03,2303.52,416.2366
2026-05-02 13:00:00,2303.53,2311.83,2303.53,2310.51,2529.1138
2026-05-02 13:15:00,2310.51,2310.51,2307.62,2307.63,573.137
2026-05-02 13:30:00,2307.63,2309.22,2306.74,2309.19,558.9788
2026-05-02 13:45:00,2309.19,2309.22,2307.17,2308.08,841.3993
2026-05-02 14:00:00,2308.08,2308.59,2305.7,2305.89,533.9901
2026-05-02 14:15:00,2305.88,2308.38,2305.23,2306.4,901.0517
2026-05-02 14:30:00,2306.41,2308.1,2305.63,2305.86,803.4027
2026-05-02 14:45:00,2305.86,2308.25,2305.85,2306.69,481.513
2026-05-02 15:00:00,2306.69,2309.4,2306.55,2307.73,395.0476
2026-05-02 15:15:00,2307.73,2307.74,2305.32,2306.63,500.7444
2026-05-02 15:30:00,2306.64,2308.06,2306.09,2307.68,649.8667
2026-05-02 15:45:00,2307.67,2310.1,2306.87,2309.19,604.3764
2026-05-02 16:00:00,2309.18,2312.36,2308.14,2311.24,1103.5143
2026-05-02 16:15:00,2311.24,2313.98,2308.51,2309.07,1685.0163
2026-05-02 16:30:00,2309.07,2309.64,2307.96,2308.26,552.8789
2026-05-02 16:45:00,2308.26,2311.18,2308.25,2309.31,458.5163
2026-05-02 17:00:00,2309.31,2310.25,2308.61,2309.09,373.5371
2026-05-02 17:15:00,2309.08,2309.16,2307.17,2307.28,374.3368
2026-05-02 17:30:00,2307.28,2308.48,2306.19,2306.67,471.5592
2026-05-02 17:45:00,2306.67,2306.74,2305.69,2305.9,314.9146
2026-05-02 18:00:00,2305.9,2306.58,2304.08,2306.43,1746.4679
2026-05-02 18:15:00,2306.44,2310.3,2306.32,2309.28,979.7722
2026-05-02 18:30:00,2309.27,2311.57,2308.92,2309.58,766.3685
2026-05-02 18:45:00,2309.58,2311.0,2309.39,2310.3,489.6849
2026-05-02 19:00:00,2310.31,2312.48,2309.17,2312.14,551.7441
2026-05-02 19:15:00,2312.14,2312.15,2310.68,2311.1,314.5921
2026-05-02 19:30:00,2311.1,2312.79,2310.3,2311.93,510.8377
2026-05-02 19:45:00,2311.94,2311.97,2310.87,2311.08,299.3508
2026-05-02 20:00:00,2311.08,2311.08,2309.72,2309.73,194.9975
2026-05-02 20:15:00,2309.72,2310.85,2309.59,2310.58,419.0722
2026-05-02 20:30:00,2310.58,2311.84,2310.53,2310.73,558.9298
2026-05-02 20:45:00,2310.73,2311.61,2310.35,2311.58,311.9447
2026-05-02 21:00:00,2311.59,2311.98,2310.79,2310.79,461.7495
2026-05-02 21:15:00,2310.8,2313.81,2310.79,2313.13,961.6441
2026-05-02 21:30:00,2313.13,2343.6,2313.13,2328.31,13260.7602
2026-05-02 21:45:00,2328.32,2330.86,2324.8,2325.62,2466.3919
2026-05-02 22:00:00,2325.62,2327.93,2323.23,2325.4,1892.9767
2026-05-02 22:15:00,2325.39,2325.63,2317.88,2318.54,2767.7701
2026-05-02 22:30:00,2318.54,2325.0,2318.54,2321.64,1555.1909
2026-05-02 22:45:00,2321.64,2328.36,2320.92,2327.0,2576.8109
2026-05-02 23:00:00,2326.99,2326.99,2321.95,2322.63,1047.1975
2026-05-02 23:15:00,2322.63,2323.22,2321.42,2322.6,489.597
2026-05-02 23:30:00,2322.6,2323.69,2317.8,2318.1,1163.7853
2026-05-02 23:45:00,2318.1,2318.57,2313.98,2316.97,3338.5156
2026-05-03 00:00:00,2316.97,2317.69,2311.93,2313.48,2683.9004
2026-05-03 00:15:00,2313.48,2315.94,2308.9,2315.93,1516.4461
2026-05-03 00:30:00,2315.94,2317.2,2313.37,2314.01,743.946
2026-05-03 00:45:00,2314.0,2314.73,2310.67,2313.98,898.1076
2026-05-03 01:00:00,2313.98,2314.09,2305.65,2309.44,1648.0991
2026-05-03 01:15:00,2309.45,2310.43,2304.59,2307.48,1103.4672
2026-05-03 01:30:00,2307.48,2307.49,2303.43,2304.67,1059.9438
2026-05-03 01:45:00,2304.68,2306.5,2303.49,2304.14,769.3587
2026-05-03 02:00:00,2304.14,2306.83,2299.38,2302.82,2197.2071
2026-05-03 02:15:00,2302.83,2303.73,2299.62,2299.63,1013.8776
2026-05-03 02:30:00,2299.63,2302.94,2299.62,2300.71,715.1888
2026-05-03 02:45:00,2300.71,2304.83,2300.42,2303.41,738.2135
2026-05-03 03:00:00,2303.41,2303.98,2300.43,2300.65,784.6899
2026-05-03 03:15:00,2300.64,2301.57,2300.0,2300.51,381.9994
2026-05-03 03:30:00,2300.52,2304.0,2300.0,2300.36,2554.5523
2026-05-03 03:45:00,2300.37,2302.44,2300.36,2301.9,659.8823
2026-05-03 04:00:00,2301.9,2302.42,2297.59,2300.66,1267.1069
2026-05-03 04:15:00,2300.67,2303.97,2300.61,2303.69,744.6115
2026-05-03 04:30:00,2303.7,2304.37,2301.63,2301.71,500.8369
2026-05-03 04:45:00,2301.71,2302.56,2300.85,2301.53,506.8284
2026-05-03 05:00:00,2301.53,2305.56,2301.26,2304.0,699.7421
2026-05-03 05:15:00,2303.99,2304.56,2302.06,2303.03,778.4169
2026-05-03 05:30:00,2303.04,2303.42,2302.02,2302.02,267.978
2026-05-03 05:45:00,2302.01,2304.52,2301.84,2304.11,235.1934
2026-05-03 06:00:00,2304.11,2304.11,2301.33,2301.33,422.6193
2026-05-03 06:15:00,2301.32,2301.75,2299.69,2301.0,921.8426
2026-05-03 06:30:00,2301.01,2302.44,2300.99,2301.68,573.0367
2026-05-03 06:45:00,2301.68,2306.38,2301.68,2304.49,503.207
2026-05-03 07:00:00,2304.5,2311.76,2304.42,2307.59,1412.0351
2026-05-03 07:15:00,2307.58,2312.86,2307.58,2311.19,994.6494
2026-05-03 07:30:00,2311.19,2314.01,2310.33,2310.34,803.6087
2026-05-03 07:45:00,2310.34,2311.36,2308.86,2309.28,589.8193
2026-05-03 08:00:00,2309.28,2312.67,2309.28,2310.99,404.2264
2026-05-03 08:15:00,2310.99,2311.41,2308.79,2308.8,378.3826
2026-05-03 08:30:00,2308.8,2310.29,2307.65,2310.17,667.2261
2026-05-03 08:45:00,2310.18,2310.85,2308.23,2308.28,420.5489
2026-05-03 09:00:00,2308.29,2309.07,2307.49,2308.5,335.6444
2026-05-03 09:15:00,2308.5,2313.46,2308.5,2312.36,1024.3043
2026-05-03 09:30:00,2312.36,2322.27,2311.02,2316.15,3025.4705
2026-05-03 09:45:00,2316.16,2317.4,2315.17,2316.47,1599.9739
2026-05-03 10:00:00,2316.48,2316.73,2311.84,2313.67,800.2048
2026-05-03 10:15:00,2313.67,2313.78,2311.32,2311.41,570.865
2026-05-03 10:30:00,2311.41,2315.36,2311.41,2314.56,608.8167
2026-05-03 10:45:00,2314.56,2314.57,2311.44,2311.54,393.4755
2026-05-03 11:00:00,2311.54,2316.34,2310.52,2314.52,1086.563
2026-05-03 11:15:00,2314.52,2314.95,2313.54,2313.56,412.9727
2026-05-03 11:30:00,2313.56,2324.18,2313.55,2321.61,2865.508
2026-05-03 11:45:00,2321.61,2327.5,2319.42,2319.63,2960.943
2026-05-03 12:00:00,2319.63,2332.61,2319.63,2329.46,4428.6931
2026-05-03 12:15:00,2329.46,2330.2,2325.08,2326.78,1993.9067
2026-05-03 12:30:00,2326.79,2327.39,2323.94,2325.53,1273.2003
2026-05-03 12:45:00,2325.52,2326.97,2323.39,2325.71,1391.2595
2026-05-03 13:00:00,2325.71,2328.74,2324.66,2327.36,983.3373
2026-05-03 13:15:00,2327.35,2327.7,2323.39,2325.0,936.9041
2026-05-03 13:30:00,2325.0,2327.3,2320.61,2322.51,960.228
2026-05-03 13:45:00,2322.51,2324.48,2321.69,2322.21,736.0604
2026-05-03 14:00:00,2322.22,2326.6,2322.22,2325.87,662.3542
2026-05-03 14:15:00,2325.87,2326.6,2321.19,2324.64,1495.082
2026-05-03 14:30:00,2324.64,2326.0,2323.58,2326.0,533.882
2026-05-03 14:45:00,2325.99,2329.6,2323.73,2328.28,1311.4041
2026-05-03 15:00:00,2328.28,2330.63,2328.28,2328.56,1035.4868
2026-05-03 15:15:00,2328.57,2332.55,2328.56,2331.38,1174.3978
2026-05-03 15:30:00,2331.38,2333.91,2326.89,2327.41,1180.4866
2026-05-03 15:45:00,2327.4,2329.13,2324.96,2328.44,1377.4102
2026-05-03 16:00:00,2328.45,2330.99,2325.0,2325.39,1437.8357
2026-05-03 16:15:00,2325.39,2328.19,2322.38,2328.03,1373.5364
2026-05-03 16:30:00,2328.04,2335.0,2328.03,2330.41,2396.7741
2026-05-03 16:45:00,2330.42,2330.98,2328.1,2328.41,572.8853
2026-05-03 17:00:00,2328.4,2329.37,2324.11,2328.53,1155.2898
2026-05-03 17:15:00,2328.53,2334.7,2328.52,2332.41,2344.9073
2026-05-03 17:30:00,2332.41,2335.35,2332.41,2333.51,1289.4575
2026-05-03 17:45:00,2333.52,2333.61,2330.45,2331.85,819.1057
2026-05-03 18:00:00,2331.85,2332.72,2329.11,2329.8,909.206
2026-05-03 18:15:00,2329.79,2333.6,2328.29,2332.43,574.7698
2026-05-03 18:30:00,2332.43,2332.5,2329.89,2331.21,331.0207
2026-05-03 18:45:00,2331.21,2333.0,2330.75,2330.98,448.694
2026-05-03 19:00:00,2330.98,2332.52,2330.0,2330.01,711.2726
2026-05-03 19:15:00,2330.01,2330.39,2328.47,2328.94,529.6893
2026-05-03 19:30:00,2328.95,2337.87,2328.94,2335.32,1616.8994
2026-05-03 19:45:00,2335.32,2336.1,2333.09,2335.59,2684.7899
2026-05-03 20:00:00,2335.6,2336.48,2333.44,2333.59,981.6547
2026-05-03 20:15:00,2333.59,2339.78,2332.04,2335.25,1736.1596
2026-05-03 20:30:00,2335.26,2344.35,2333.36,2336.3,7903.0985
2026-05-03 20:45:00,2336.31,2337.38,2328.28,2329.58,3822.6795
2026-05-03 21:00:00,2329.58,2334.18,2325.35,2332.89,2355.0941
2026-05-03 21:15:00,2332.88,2333.0,2330.04,2330.11,875.882
2026-05-03 21:30:00,2330.1,2332.15,2315.0,2320.09,2687.0747
2026-05-03 21:45:00,2320.1,2324.63,2316.19,2324.27,2236.9402
2026-05-03 22:00:00,2324.27,2351.94,2324.26,2347.9,12250.1016
2026-05-03 22:15:00,2347.9,2356.92,2335.0,2338.66,8176.4927
2026-05-03 22:30:00,2338.67,2347.04,2335.03,2346.39,1748.5672
2026-05-03 22:45:00,2346.39,2351.68,2341.88,2343.89,3171.6677
2026-05-03 23:00:00,2343.89,2347.47,2336.68,2338.74,2255.9505
2026-05-03 23:15:00,2338.75,2339.05,2321.63,2326.65,4101.7168
2026-05-03 23:30:00,2326.65,2329.0,2324.04,2324.33,4061.4501
2026-05-03 23:45:00,2324.32,2325.49,2319.96,2322.65,3794.1399
2026-05-04 00:00:00,2322.65,2322.65,2315.0,2317.9,4043.6135
2026-05-04 00:15:00,2317.89,2318.44,2309.24,2312.95,4990.23
2026-05-04 00:30:00,2312.94,2315.95,2310.14,2312.28,1751.8654
2026-05-04 00:45:00,2312.29,2320.44,2312.29,2319.0,1562.861
2026-05-04 01:00:00,2319.0,2321.6,2312.98,2316.95,1302.2797
2026-05-04 01:15:00,2316.95,2320.35,2313.25,2320.18,1530.9376
2026-05-04 01:30:00,2320.18,2340.17,2319.92,2327.21,7238.0391
2026-05-04 01:45:00,2327.21,2354.02,2326.81,2351.2,7610.6409
2026-05-04 02:00:00,2351.21,2362.35,2345.41,2360.33,12579.6425
2026-05-04 02:15:00,2360.34,2371.95,2356.34,2363.73,12007.1584
2026-05-04 02:30:00,2363.72,2383.66,2363.72,2380.64,16668.1274
2026-05-04 02:45:00,2380.65,2387.99,2374.09,2374.73,10933.9484
2026-05-04 03:00:00,2374.73,2387.11,2371.74,2385.25,15250.9522
2026-05-04 03:15:00,2385.26,2391.0,2378.94,2380.08,9564.2048
2026-05-04 03:30:00,2380.07,2385.35,2375.9,2378.9,4124.4412
2026-05-04 03:45:00,2378.9,2385.98,2377.56,2385.12,3169.0544
2026-05-04 04:00:00,2385.11,2388.48,2384.37,2385.98,4456.0776
2026-05-04 04:15:00,2385.98,2398.93,2384.65,2390.09,10116.7301
2026-05-04 04:30:00,2390.1,2393.9,2389.05,2392.19,3902.7696
2026-05-04 04:45:00,2392.19,2395.52,2389.44,2390.12,3107.3524
2026-05-04 05:00:00,2390.12,2391.28,2382.04,2384.36,3909.7717
2026-05-04 05:15:00,2384.35,2384.66,2376.27,2377.7,6667.4578
2026-05-04 05:30:00,2377.7,2381.64,2375.36,2380.33,3567.3896
2026-05-04 05:45:00,2380.33,2380.33,2375.26,2376.19,3270.47
2026-05-04 06:00:00,2376.19,2378.42,2371.4,2372.09,3745.2157
2026-05-04 06:15:00,2372.08,2372.09,2354.2,2362.06,8421.5216
2026-05-04 06:30:00,2362.07,2366.13,2360.03,2363.9,4520.9517
2026-05-04 06:45:00,2363.91,2372.7,2363.91,2368.41,3439.5029
2026-05-04 07:00:00,2368.41,2372.43,2367.05,2372.07,2229.8185
2026-05-04 07:15:00,2372.07,2373.87,2368.4,2369.45,2735.071
2026-05-04 07:30:00,2369.46,2369.6,2363.96,2368.04,2955.2351
2026-05-04 07:45:00,2368.03,2370.07,2362.51,2362.8,2375.1836
2026-05-04 08:00:00,2362.79,2365.11,2357.93,2363.83,2928.5923
2026-05-04 08:15:00,2363.82,2364.19,2358.46,2360.33,2803.8697
2026-05-04 08:30:00,2360.33,2362.86,2358.4,2360.67,1999.0819
2026-05-04 08:45:00,2360.66,2363.77,2357.3,2360.04,2127.0874
2026-05-04 09:00:00,2360.04,2362.69,2358.04,2361.04,1567.596
2026-05-04 09:15:00,2361.03,2365.37,2360.99,2362.85,3011.2702
2026-05-04 09:30:00,2362.84,2370.58,2362.01,2369.68,2285.0206
2026-05-04 09:45:00,2369.67,2371.09,2366.0,2368.71,1743.7482
2026-05-04 10:00:00,2368.72,2369.89,2323.12,2328.58,25853.0648
2026-05-04 10:15:00,2328.57,2329.08,2314.25,2324.18,14205.2574
2026-05-04 10:30:00,2324.18,2345.89,2321.67,2341.46,12893.8657
2026-05-04 10:45:00,2341.46,2344.0,2335.6,2338.36,4472.0884
2026-05-04 11:00:00,2338.35,2343.0,2337.07,2341.65,3420.8036
2026-05-04 11:15:00,2341.65,2343.62,2336.33,2337.05,2090.2688
2026-05-04 11:30:00,2337.05,2339.05,2332.91,2334.14,2773.7119
2026-05-04 11:45:00,2334.14,2339.16,2333.97,2337.59,1555.7052
2026-05-04 12:00:00,2337.59,2338.76,2333.04,2337.67,2410.6127
2026-05-04 12:15:00,2337.67,2343.78,2335.43,2340.84,2382.2276
2026-05-04 12:30:00,2340.83,2341.69,2337.0,2341.38,1438.4241
2026-05-04 12:45:00,2341.37,2342.27,2335.53,2335.53,1501.9175
2026-05-04 13:00:00,2335.53,2341.0,2325.71,2337.23,8295.0591
2026-05-04 13:15:00,2337.22,2340.71,2336.33,2338.8,1984.2365
2026-05-04 13:30:00,2338.8,2344.53,2335.92,2336.6,4483.9097
2026-05-04 13:45:00,2336.6,2342.67,2333.84,2336.53,2984.7688
2026-05-04 14:00:00,2336.53,2341.96,2327.47,2340.64,5802.4591
2026-05-04 14:15:00,2340.63,2352.72,2340.01,2345.76,6962.0294
2026-05-04 14:30:00,2345.76,2358.68,2345.16,2352.77,6698.0905
2026-05-04 14:45:00,2352.77,2381.8,2352.77,2371.39,17094.6495
2026-05-04 15:00:00,2371.4,2374.38,2361.44,2366.51,13316.543
2026-05-04 15:15:00,2366.51,2370.36,2339.21,2348.45,15279.0089
2026-05-04 15:30:00,2348.45,2354.1,2342.17,2353.69,4658.7838
2026-05-04 15:45:00,2353.68,2353.68,2336.01,2350.1,7922.4729
2026-05-04 16:00:00,2350.11,2352.14,2336.63,2340.6,5952.0231
2026-05-04 16:15:00,2340.59,2365.0,2337.04,2357.83,10633.7107
2026-05-04 16:30:00,2357.85,2362.7,2355.05,2359.32,3804.0727
2026-05-04 16:45:00,2359.32,2360.1,2351.76,2355.28,2801.843
2026-05-04 17:00:00,2355.27,2365.0,2353.84,2363.7,7591.7803
2026-05-04 17:15:00,2363.7,2370.22,2360.89,2367.07,3684.4424
2026-05-04 17:30:00,2367.07,2370.0,2364.13,2367.32,2360.1523
2026-05-04 17:45:00,2367.32,2379.52,2366.74,2370.09,5217.4494
2026-05-04 18:00:00,2370.1,2374.86,2366.98,2372.07,3719.5439
2026-05-04 18:15:00,2372.06,2372.06,2359.26,2363.76,5267.8173
2026-05-04 18:30:00,2363.77,2366.29,2362.34,2362.69,1195.1046
2026-05-04 18:45:00,2362.69,2362.7,2357.02,2361.41,2214.9124
2026-05-04 19:00:00,2361.42,2364.35,2355.54,2362.46,2137.7766
2026-05-04 19:15:00,2362.46,2362.46,2355.42,2357.02,1427.8871
2026-05-04 19:30:00,2357.03,2358.64,2353.52,2355.74,1569.7659
2026-05-04 19:45:00,2355.75,2358.23,2354.34,2356.52,2723.1625
2026-05-04 20:00:00,2356.52,2357.3,2353.59,2356.67,1169.6797
2026-05-04 20:15:00,2356.68,2359.12,2349.8,2352.5,2017.4106
2026-05-04 20:30:00,2352.49,2352.81,2347.77,2349.24,1051.3883
2026-05-04 20:45:00,2349.24,2352.01,2349.11,2350.15,866.6988
2026-05-04 21:00:00,2350.14,2357.42,2350.14,2357.41,894.6277
2026-05-04 21:15:00,2357.42,2361.66,2355.77,2359.16,1071.8417
2026-05-04 21:30:00,2359.16,2362.55,2359.11,2361.03,801.8977
2026-05-04 21:45:00,2361.03,2364.59,2360.88,2360.89,1076.2674
2026-05-04 22:00:00,2360.89,2365.91,2360.4,2363.98,1522.8468
2026-05-04 22:15:00,2363.99,2365.56,2359.24,2359.89,1037.0051
2026-05-04 22:30:00,2359.88,2360.0,2355.0,2355.04,1181.3014
2026-05-04 22:45:00,2355.04,2359.75,2353.95,2354.58,1431.3884
2026-05-04 23:00:00,2354.58,2354.58,2348.69,2350.68,1283.9369
2026-05-04 23:15:00,2350.68,2353.33,2348.65,2353.04,779.7193
2026-05-04 23:30:00,2353.04,2353.04,2345.0,2345.15,1172.474
2026-05-04 23:45:00,2345.14,2347.95,2344.83,2347.16,666.1299
2026-05-05 00:00:00,2347.17,2352.04,2344.93,2351.28,1203.9704
2026-05-05 00:15:00,2351.27,2351.27,2348.14,2348.21,703.2016
2026-05-05 00:30:00,2348.22,2356.44,2348.21,2355.0,1390.9462
2026-05-05 00:45:00,2355.01,2359.0,2354.58,2358.83,1517.714
2026-05-05 01:00:00,2358.83,2361.0,2355.1,2359.71,1179.7986
2026-05-05 01:15:00,2359.7,2362.0,2359.14,2361.07,874.6057
2026-05-05 01:30:00,2361.07,2363.81,2356.65,2361.98,1427.9628
2026-05-05 01:45:00,2361.99,2364.49,2360.97,2361.82,1228.9594
2026-05-05 02:00:00,2361.81,2373.33,2359.1,2369.21,3634.1528
2026-05-05 02:15:00,2369.21,2372.84,2365.93,2367.2,1711.1858
2026-05-05 02:30:00,2367.2,2376.03,2367.07,2374.26,2367.7502
2026-05-05 02:45:00,2374.26,2377.8,2363.59,2367.72,2735.1243
2026-05-05 03:00:00,2367.72,2374.4,2364.71,2372.84,1139.2908
2026-05-05 03:15:00,2372.83,2377.68,2370.8,2377.0,3722.0132
2026-05-05 03:30:00,2376.99,2389.38,2375.9,2385.59,14545.4018
2026-05-05 03:45:00,2385.58,2386.69,2380.68,2382.43,3987.5761
2026-05-05 04:00:00,2382.43,2386.0,2378.51,2380.08,3594.8444
2026-05-05 04:15:00,2380.08,2384.5,2379.23,2379.89,1657.7796
2026-05-05 04:30:00,2379.89,2382.28,2378.4,2379.18,1789.7819
2026-05-05 04:45:00,2379.18,2384.34,2376.04,2381.11,2385.2034
2026-05-05 05:00:00,2381.1,2381.71,2377.34,2379.44,2166.4253
2026-05-05 05:15:00,2379.44,2387.12,2378.06,2384.99,2915.5269
2026-05-05 05:30:00,2385.0,2390.74,2382.14,2382.27,4518.9148
2026-05-05 05:45:00,2382.28,2382.42,2376.88,2380.19,4009.9446
2026-05-05 06:00:00,2380.19,2381.51,2376.52,2377.9,3081.033
2026-05-05 06:15:00,2377.91,2378.17,2367.35,2371.2,4631.2527
2026-05-05 06:30:00,2371.19,2376.0,2370.81,2373.58,2295.1272
2026-05-05 06:45:00,2373.59,2378.92,2373.59,2378.85,2303.4741
2026-05-05 07:00:00,2378.84,2382.95,2375.81,2381.36,3586.1012
2026-05-05 07:15:00,2381.36,2385.2,2379.63,2383.12,2297.9477
2026-05-05 07:30:00,2383.13,2388.56,2382.57,2385.76,4595.4074
2026-05-05 07:45:00,2385.76,2386.69,2379.5,2380.59,3210.1763
2026-05-05 08:00:00,2380.59,2384.62,2380.0,2384.03,1282.0476
2026-05-05 08:15:00,2384.02,2384.53,2377.34,2378.34,2506.8563
2026-05-05 08:30:00,2378.34,2380.0,2373.0,2373.99,2208.9964
2026-05-05 08:45:00,2373.99,2377.65,2373.99,2376.81,1060.8157
2026-05-05 09:00:00,2376.82,2376.96,2368.9,2368.9,2057.0446
2026-05-05 09:15:00,2368.91,2371.8,2367.46,2371.49,2073.044
2026-05-05 09:30:00,2371.49,2374.04,2366.76,2369.0,1478.7425
2026-05-05 09:45:00,2369.0,2371.09,2367.17,2369.6,1382.1596
2026-05-05 10:00:00,2369.6,2372.36,2367.3,2370.0,1902.3792
2026-05-05 10:15:00,2370.01,2375.58,2370.01,2374.42,1749.587
2026-05-05 10:30:00,2374.42,2379.34,2374.0,2376.35,1810.441
2026-05-05 10:45:00,2376.36,2378.49,2373.43,2378.41,1628.6378
2026-05-05 11:00:00,2378.42,2379.34,2375.0,2378.37,1518.807
2026-05-05 11:15:00,2378.38,2379.33,2372.95,2378.08,1070.1947
2026-05-05 11:30:00,2378.07,2383.49,2377.11,2380.89,3220.847
2026-05-05 11:45:00,2380.9,2382.48,2374.91,2379.89,2430.3531
2026-05-05 12:00:00,2379.89,2383.48,2376.34,2382.38,2739.0341
2026-05-05 12:15:00,2382.38,2387.64,2381.68,2386.85,3446.8077
2026-05-05 12:30:00,2386.85,2389.66,2384.93,2388.78,3058.7939
2026-05-05 12:45:00,2388.79,2390.47,2385.81,2388.52,2485.7299
2026-05-05 13:00:00,2388.52,2397.61,2386.42,2395.15,9159.9607
2026-05-05 13:15:00,2395.15,2399.5,2388.75,2390.0,5752.7256
2026-05-05 13:30:00,2389.99,2395.0,2383.5,2389.64,5102.8624
2026-05-05 13:45:00,2389.65,2398.0,2383.64,2388.72,6427.9083
2026-05-05 14:00:00,2388.71,2392.36,2380.74,2381.81,6470.1307
2026-05-05 14:15:00,2381.82,2384.74,2369.17,2383.45,9551.9191
2026-05-05 14:30:00,2383.44,2387.02,2371.43,2377.07,7694.306
2026-05-05 14:45:00,2377.07,2381.97,2373.48,2378.78,3506.8101
2026-05-05 15:00:00,2378.78,2387.93,2375.5,2383.68,4456.6797
2026-05-05 15:15:00,2383.68,2385.59,2380.24,2385.04,5047.9529
2026-05-05 15:30:00,2385.04,2386.44,2382.46,2385.4,1912.2919
2026-05-05 15:45:00,2385.41,2387.49,2380.72,2381.31,1994.597
2026-05-05 16:00:00,2381.3,2383.38,2379.36,2380.19,3458.5384
2026-05-05 16:15:00,2380.18,2382.64,2374.26,2376.45,3963.0336
2026-05-05 16:30:00,2376.44,2376.44,2361.0,2361.96,7145.7774
2026-05-05 16:45:00,2361.96,2369.75,2361.61,2365.94,3364.795
2026-05-05 17:00:00,2365.94,2369.92,2359.71,2365.95,4317.5146
2026-05-05 17:15:00,2365.96,2368.65,2363.92,2365.98,1986.94
2026-05-05 17:30:00,2365.99,2365.99,2360.72,2362.79,2224.3646
2026-05-05 17:45:00,2362.79,2364.36,2361.03,2362.8,1278.4832
2026-05-05 18:00:00,2362.81,2373.64,2362.81,2373.0,2633.3825
2026-05-05 18:15:00,2373.0,2373.33,2369.75,2372.1,2194.1916
2026-05-05 18:30:00,2372.08,2372.49,2369.4,2371.79,2727.3622
2026-05-05 18:45:00,2371.78,2374.78,2370.76,2372.28,1155.2546
2026-05-05 19:00:00,2372.28,2372.82,2369.48,2370.42,977.6678
2026-05-05 19:15:00,2370.43,2373.28,2369.33,2371.31,821.51
2026-05-05 19:30:00,2371.3,2374.31,2370.09,2374.23,1218.5208
2026-05-05 19:45:00,2374.23,2376.73,2369.56,2371.94,1443.9365
2026-05-05 20:00:00,2371.94,2382.37,2371.21,2380.47,3387.5005
2026-05-05 20:15:00,2380.47,2386.51,2378.4,2380.93,3987.3617
2026-05-05 20:30:00,2380.94,2387.0,2380.0,2383.99,3669.3583
2026-05-05 20:45:00,2383.99,2384.79,2381.98,2382.41,821.8948
2026-05-05 21:00:00,2382.41,2388.54,2378.17,2378.17,3912.3775
2026-05-05 21:15:00,2378.17,2380.95,2374.33,2375.9,2545.8031
2026-05-05 21:30:00,2375.91,2375.91,2368.9,2371.78,1497.071
2026-05-05 21:45:00,2371.78,2377.9,2370.89,2375.43,1211.119
2026-05-05 22:00:00,2375.43,2381.68,2373.82,2375.01,1598.7603
2026-05-05 22:15:00,2375.02,2379.65,2372.9,2376.77,982.641
2026-05-05 22:30:00,2376.77,2376.77,2354.34,2361.74,6619.3198
2026-05-05 22:45:00,2361.75,2375.35,2358.54,2367.51,4983.816
2026-05-05 23:00:00,2367.51,2369.75,2363.65,2369.75,2258.2057
2026-05-05 23:15:00,2369.75,2369.75,2357.69,2358.56,2931.0351
2026-05-05 23:30:00,2358.55,2360.84,2355.0,2359.53,3017.0626
2026-05-05 23:45:00,2359.52,2363.62,2359.39,2360.77,1704.0743
2026-05-06 00:00:00,2360.76,2365.9,2359.95,2364.37,3142.5058
2026-05-06 00:15:00,2364.37,2366.72,2357.01,2357.54,1912.6144
2026-05-06 00:30:00,2357.54,2362.93,2357.26,2361.07,1250.686
2026-05-06 00:45:00,2361.06,2367.72,2355.0,2364.63,3364.8067
2026-05-06 01:00:00,2364.63,2369.0,2362.75,2368.86,3502.4787
2026-05-06 01:15:00,2368.87,2374.41,2368.33,2370.01,2642.8239
2026-05-06 01:30:00,2370.01,2373.36,2369.41,2370.35,1015.8336
2026-05-06 01:45:00,2370.34,2376.99,2370.0,2373.19,1787.1381
2026-05-06 02:00:00,2373.2,2373.7,2368.92,2371.45,1279.7221
2026-05-06 02:15:00,2371.45,2371.45,2363.27,2363.37,1058.8917
2026-05-06 02:30:00,2363.36,2366.28,2360.0,2364.12,1914.5066
2026-05-06 02:45:00,2364.11,2370.69,2363.86,2369.75,2286.0924
2026-05-06 03:00:00,2369.75,2373.31,2368.08,2368.38,2688.2622
2026-05-06 03:15:00,2368.39,2380.87,2368.13,2376.37,2947.2715
2026-05-06 03:30:00,2376.38,2379.84,2375.04,2376.35,1458.3595
2026-05-06 03:45:00,2376.36,2377.9,2373.94,2376.8,802.81
2026-05-06 04:00:00,2376.81,2379.4,2374.57,2377.27,1151.9622
2026-05-06 04:15:00,2377.27,2377.9,2372.92,2372.92,1114.6315
2026-05-06 04:30:00,2372.92,2373.03,2369.01,2371.4,1636.8371
2026-05-06 04:45:00,2371.4,2373.68,2361.25,2366.08,4007.1707
2026-05-06 05:00:00,2366.08,2366.99,2362.56,2364.43,1232.1058
2026-05-06 05:15:00,2364.43,2366.12,2363.0,2365.42,1195.9298
2026-05-06 05:30:00,2365.42,2365.43,2355.0,2360.42,7307.2659
2026-05-06 05:45:00,2360.43,2365.26,2360.37,2365.03,1715.2767
2026-05-06 06:00:00,2365.03,2366.71,2361.46,2363.21,1658.288
2026-05-06 06:15:00,2363.21,2366.55,2361.0,2365.51,1141.766
2026-05-06 06:30:00,2365.5,2370.45,2364.52,2370.45,1613.9398
2026-05-06 06:45:00,2370.45,2371.29,2368.16,2370.52,1897.3329
2026-05-06 07:00:00,2370.53,2373.75,2368.57,2370.04,3809.9967
2026-05-06 07:15:00,2370.05,2375.0,2369.53,2374.0,1292.5842
2026-05-06 07:30:00,2374.0,2374.01,2370.15,2371.49,1222.7852
2026-05-06 07:45:00,2371.49,2373.39,2369.63,2371.74,1516.8
2026-05-06 08:00:00,2371.74,2378.93,2369.16,2376.5,2902.5036
2026-05-06 08:15:00,2376.5,2377.9,2374.82,2377.89,1324.632
2026-05-06 08:30:00,2377.9,2386.35,2377.55,2382.48,5471.2345
2026-05-06 08:45:00,2382.48,2396.19,2380.0,2394.33,8756.4679
2026-05-06 09:00:00,2394.32,2396.22,2388.47,2391.46,9175.957
2026-05-06 09:15:00,2391.47,2393.59,2384.8,2390.1,4205.4523
2026-05-06 09:30:00,2390.1,2418.39,2389.55,2417.76,26193.9157
2026-05-06 09:45:00,2417.76,2417.76,2406.55,2412.76,8143.0515
2026-05-06 10:00:00,2412.77,2413.78,2405.18,2411.14,4485.8853
2026-05-06 10:15:00,2411.14,2413.99,2408.85,2411.16,4079.3791
2026-05-06 10:30:00,2411.16,2414.43,2409.37,2409.63,4956.9542
2026-05-06 10:45:00,2409.63,2414.35,2408.0,2410.2,3670.6786
2026-05-06 11:00:00,2410.2,2414.42,2408.42,2413.57,3938.2613
2026-05-06 11:15:00,2413.58,2423.74,2413.56,2415.13,12165.9706
2026-05-06 11:30:00,2415.14,2418.94,2409.72,2410.0,9409.6951
2026-05-06 11:45:00,2410.01,2414.26,2408.34,2410.47,4921.0079
2026-05-06 12:00:00,2410.47,2412.44,2403.0,2403.01,7550.268
2026-05-06 12:15:00,2403.01,2413.59,2400.72,2409.72,7619.9743
2026-05-06 12:30:00,2409.71,2412.2,2407.45,2409.1,2792.6514
2026-05-06 12:45:00,2409.11,2411.04,2400.55,2405.11,4319.2354
2026-05-06 13:00:00,2405.11,2405.11,2384.22,2389.72,14646.8576
2026-05-06 13:15:00,2389.72,2393.42,2380.41,2383.39,7316.1953
2026-05-06 13:30:00,2383.38,2387.67,2375.16,2377.37,9163.7293
2026-05-06 13:45:00,2377.37,2377.38,2365.01,2368.51,11424.7811
2026-05-06 14:00:00,2368.52,2369.34,2346.68,2358.21,23146.0018
2026-05-06 14:15:00,2358.21,2367.39,2354.46,2362.88,10747.4465
2026-05-06 14:30:00,2362.88,2369.98,2362.19,2369.9,9549.5726
2026-05-06 14:45:00,2369.9,2373.29,2357.09,2359.23,8334.2972
2026-05-06 15:00:00,2359.23,2361.98,2355.0,2357.13,6496.8594
2026-05-06 15:15:00,2357.13,2366.0,2356.79,2359.96,5639.5479
2026-05-06 15:30:00,2359.97,2362.51,2354.98,2359.68,5488.6407
2026-05-06 15:45:00,2359.68,2362.4,2356.86,2359.1,3226.483
2026-05-06 16:00:00,2359.1,2367.47,2355.45,2363.45,4851.7094
2026-05-06 16:15:00,2363.46,2364.86,2351.61,2351.61,6399.1829
2026-05-06 16:30:00,2351.62,2359.8,2350.56,2358.89,3364.1278
2026-05-06 16:45:00,2358.88,2362.0,2357.19,2358.08,4387.5302
2026-05-06 17:00:00,2358.09,2360.99,2357.4,2359.5,2484.7491
2026-05-06 17:15:00,2359.5,2359.5,2351.95,2353.8,3339.6881
2026-05-06 17:30:00,2353.79,2354.71,2350.27,2353.09,3491.4948
2026-05-06 17:45:00,2353.09,2353.17,2347.71,2349.7,4245.2653
2026-05-06 18:00:00,2349.71,2351.01,2338.0,2349.46,9307.7093
2026-05-06 18:15:00,2349.47,2352.55,2344.88,2344.89,2981.9371
2026-05-06 18:30:00,2344.88,2348.07,2341.79,2346.19,3672.1472
2026-05-06 18:45:00,2346.19,2348.43,2343.46,2345.0,2055.2838
2026-05-06 19:00:00,2345.0,2347.77,2343.23,2345.15,2450.732
2026-05-06 19:15:00,2345.15,2348.72,2343.0,2344.96,2082.8243
2026-05-06 19:30:00,2344.97,2347.23,2342.14,2345.63,2223.1969
2026-05-06 19:45:00,2345.63,2350.0,2345.28,2348.5,2485.102
2026-05-06 20:00:00,2348.49,2354.69,2348.48,2353.2,3392.1061
2026-05-06 20:15:00,2353.21,2357.04,2351.05,2352.65,2896.7516
2026-05-06 20:30:00,2352.66,2352.8,2345.23,2347.58,3179.9938
2026-05-06 20:45:00,2347.58,2350.94,2345.43,2350.94,4015.3676
2026-05-06 21:00:00,2350.94,2352.38,2345.83,2348.63,1798.3718
2026-05-06 21:15:00,2348.64,2351.47,2348.62,2351.47,1692.8155
2026-05-06 21:30:00,2351.47,2357.45,2350.09,2355.4,4644.6702
2026-05-06 21:45:00,2355.41,2356.0,2352.46,2354.52,2280.9011
2026-05-06 22:00:00,2354.52,2355.05,2348.88,2350.64,2920.106
2026-05-06 22:15:00,2350.64,2350.89,2344.99,2345.56,1911.436
2026-05-06 22:30:00,2345.57,2349.0,2345.56,2348.13,1685.2657
2026-05-06 22:45:00,2348.13,2349.54,2345.13,2347.28,1559.7254
2026-05-06 23:00:00,2347.28,2347.28,2338.28,2344.21,5497.505
2026-05-06 23:15:00,2344.22,2349.41,2343.93,2349.4,2062.2124
2026-05-06 23:30:00,2349.41,2349.96,2346.86,2348.99,1579.9316
2026-05-06 23:45:00,2348.98,2351.34,2347.3,2350.84,1894.4123
2026-05-07 00:00:00,2350.84,2352.3,2348.16,2350.0,2378.3454
2026-05-07 00:15:00,2350.0,2350.22,2344.72,2344.72,1852.2329
2026-05-07 00:30:00,2344.72,2346.46,2334.94,2336.62,4089.9207
2026-05-07 00:45:00,2336.63,2339.08,2329.05,2329.65,5301.8244
2026-05-07 01:00:00,2329.66,2330.18,2314.16,2329.29,10425.3137
2026-05-07 01:15:00,2329.3,2332.04,2320.64,2332.03,3053.3673
2026-05-07 01:30:00,2332.03,2335.0,2328.31,2334.41,2642.5585
2026-05-07 01:45:00,2334.41,2334.51,2326.09,2327.41,2781.5098
2026-05-07 02:00:00,2327.4,2327.95,2315.45,2315.7,6810.7922
2026-05-07 02:15:00,2315.71,2320.01,2313.89,2317.87,4758.8376
2026-05-07 02:30:00,2317.88,2321.24,2315.99,2317.52,4328.7222
2026-05-07 02:45:00,2317.53,2323.77,2315.45,2321.88,3540.8429
2026-05-07 03:00:00,2321.89,2323.38,2319.13,2319.82,4400.9799
2026-05-07 03:15:00,2319.82,2322.21,2315.74,2320.2,2233.8916
2026-05-07 03:30:00,2320.2,2323.39,2318.45,2323.29,1752.0058
2026-05-07 03:45:00,2323.29,2326.2,2321.66,2322.39,3153.1724
2026-05-07 04:00:00,2322.39,2324.88,2317.8,2324.03,3700.0257
2026-05-07 04:15:00,2324.02,2327.31,2323.79,2326.25,2607.0164
2026-05-07 04:30:00,2326.25,2327.39,2322.9,2324.1,2074.9073
2026-05-07 04:45:00,2324.11,2327.52,2324.1,2327.51,2035.5884
2026-05-07 05:00:00,2327.51,2333.61,2327.02,2331.27,3660.6284
2026-05-07 05:15:00,2331.28,2332.64,2329.5,2331.83,2402.2452
2026-05-07 05:30:00,2331.84,2333.97,2329.66,2331.3,3275.0596
2026-05-07 05:45:00,2331.3,2331.72,2329.13,2331.08,1632.986
2026-05-07 06:00:00,2331.08,2331.08,2321.39,2321.84,3917.5668
2026-05-07 06:15:00,2321.83,2323.64,2320.0,2323.64,3191.7017
2026-05-07 06:30:00,2323.65,2337.0,2323.65,2336.23,3539.6964
2026-05-07 06:45:00,2336.24,2338.57,2332.65,2337.13,3360.4167
2026-05-07 07:00:00,2337.14,2343.53,2336.72,2343.33,4340.1327
2026-05-07 07:15:00,2343.33,2344.99,2339.26,2340.23,3947.8063
2026-05-07 07:30:00,2340.24,2346.89,2339.95,2345.35,4536.2291
2026-05-07 07:45:00,2345.36,2346.74,2341.72,2344.59,3296.0032
2026-05-07 08:00:00,2344.59,2346.6,2341.24,2341.78,3567.0816
2026-05-07 08:15:00,2341.78,2342.01,2335.29,2337.62,4580.6346
2026-05-07 08:30:00,2337.62,2340.96,2333.88,2334.42,3252.664
2026-05-07 08:45:00,2334.41,2339.45,2332.0,2333.73,3720.1799
2026-05-07 09:00:00,2333.73,2335.53,2331.42,2335.53,3329.6325
2026-05-07 09:15:00,2335.53,2337.11,2328.76,2331.18,3852.219
2026-05-07 09:30:00,2331.18,2333.76,2326.83,2328.25,4261.3361
2026-05-07 09:45:00,2328.25,2330.4,2327.24,2329.05,2476.5607
2026-05-07 10:00:00,2329.04,2331.63,2322.22,2325.54,3500.554
2026-05-07 10:15:00,2325.55,2328.39,2317.35,2318.6,4134.6877
2026-05-07 10:30:00,2318.61,2328.01,2318.16,2328.01,3035.4507
2026-05-07 10:45:00,2328.01,2329.4,2326.03,2326.78,2925.7741
2026-05-07 11:00:00,2326.78,2331.27,2325.45,2329.28,2722.2426
2026-05-07 11:15:00,2329.28,2330.98,2327.83,2328.07,2495.0861
2026-05-07 11:30:00,2328.06,2331.59,2328.03,2330.59,3043.6728
2026-05-07 11:45:00,2330.58,2331.17,2325.57,2329.94,3242.0054
2026-05-07 12:00:00,2329.94,2336.09,2329.04,2335.81,3375.5022
2026-05-07 12:15:00,2335.82,2337.13,2332.04,2333.06,3327.4363
2026-05-07 12:30:00,2333.06,2336.11,2331.67,2333.22,2864.0143
2026-05-07 12:45:00,2333.23,2334.66,2330.54,2333.01,2818.942
2026-05-07 13:00:00,2333.02,2333.02,2322.56,2324.07,5212.448
2026-05-07 13:15:00,2324.08,2329.95,2322.98,2324.94,5167.1088
2026-05-07 13:30:00,2324.94,2324.94,2314.8,2314.81,13982.0038
2026-05-07 13:45:00,2314.81,2317.59,2305.4,2314.32,14650.108
2026-05-07 14:00:00,2314.32,2318.75,2307.76,2316.76,4486.0314
2026-05-07 14:15:00,2316.76,2317.15,2308.57,2309.78,11948.6494
2026-05-07 14:30:00,2309.78,2310.6,2289.51,2296.59,20851.9119
2026-05-07 14:45:00,2296.58,2302.09,2294.62,2298.98,9494.6307
2026-05-07 15:00:00,2298.98,2304.52,2295.99,2298.5,4937.5876
2026-05-07 15:15:00,2298.49,2301.09,2285.95,2291.19,13164.8748
2026-05-07 15:30:00,2291.19,2298.81,2289.32,2296.01,6576.4044
2026-05-07 15:45:00,2296.01,2298.44,2292.49,2294.82,6649.2986
2026-05-07 16:00:00,2294.82,2295.15,2287.1,2290.05,8369.9162
2026-05-07 16:15:00,2290.02,2298.2,2285.37,2297.35,8900.7989
2026-05-07 16:30:00,2297.35,2297.92,2290.81,2294.91,5534.504
2026-05-07 16:45:00,2294.91,2296.05,2289.61,2291.81,5195.9746
2026-05-07 17:00:00,2291.81,2295.2,2290.59,2293.55,5020.2952
2026-05-07 17:15:00,2293.54,2295.2,2280.1,2288.25,9821.1658
2026-05-07 17:30:00,2288.25,2293.09,2286.3,2291.73,6698.2816
2026-05-07 17:45:00,2291.73,2301.25,2289.2,2299.6,6838.9154
2026-05-07 18:00:00,2299.61,2304.0,2297.71,2300.07,6830.5631
2026-05-07 18:15:00,2300.08,2301.93,2299.19,2299.39,5975.3952
2026-05-07 18:30:00,2299.38,2304.0,2294.39,2295.98,6195.5953
2026-05-07 18:45:00,2295.98,2299.62,2291.27,2296.19,4858.795
2026-05-07 19:00:00,2296.18,2296.92,2290.23,2295.27,3757.1436
2026-05-07 19:15:00,2295.27,2296.15,2290.0,2290.69,3122.6731
2026-05-07 19:30:00,2290.69,2296.44,2290.61,2293.7,4260.0282
2026-05-07 19:45:00,2293.69,2297.09,2287.88,2295.98,7377.4368
2026-05-07 20:00:00,2295.98,2302.57,2293.73,2295.01,9766.6284
2026-05-07 20:15:00,2295.02,2296.08,2292.77,2294.43,6750.857
2026-05-07 20:30:00,2294.42,2294.42,2287.94,2290.0,10624.0427
2026-05-07 20:45:00,2290.01,2290.74,2288.08,2289.1,6859.3303
2026-05-07 21:00:00,2289.1,2290.47,2281.29,2286.46,4859.001
2026-05-07 21:15:00,2286.46,2293.83,2285.34,2293.82,2675.8557
2026-05-07 21:30:00,2293.83,2294.29,2290.23,2290.62,3011.3612
2026-05-07 21:45:00,2290.61,2292.6,2287.67,2287.68,2252.8684
2026-05-07 22:00:00,2287.68,2289.36,2281.04,2287.77,6958.3334
2026-05-07 22:15:00,2287.77,2290.24,2286.12,2286.12,3813.7972
2026-05-07 22:30:00,2286.12,2288.73,2281.57,2283.63,3293.9007
2026-05-07 22:45:00,2283.63,2288.18,2283.04,2287.03,2358.3116
2026-05-07 23:00:00,2287.03,2291.49,2286.11,2289.69,2759.5931
2026-05-07 23:15:00,2289.69,2290.77,2286.75,2289.35,2031.3356
2026-05-07 23:30:00,2289.35,2291.42,2287.25,2291.42,1978.6828
2026-05-07 23:45:00,2291.42,2293.24,2290.52,2291.06,2101.4955
2026-05-08 00:00:00,2291.06,2294.04,2290.83,2293.3,2782.1011
2026-05-08 00:15:00,2293.3,2294.28,2289.68,2290.47,2723.1011
2026-05-08 00:30:00,2290.47,2291.22,2287.21,2287.94,2027.755
2026-05-08 00:45:00,2287.94,2287.95,2283.66,2286.83,2464.3209
2026-05-08 01:00:00,2286.83,2289.31,2282.88,2283.09,2226.1341
2026-05-08 01:15:00,2283.08,2285.91,2280.28,2285.71,2960.7047
2026-05-08 01:30:00,2285.72,2287.82,2284.11,2285.74,2115.1807
2026-05-08 01:45:00,2285.74,2287.22,2283.16,2285.06,2777.1786
2026-05-08 02:00:00,2285.06,2285.71,2273.0,2277.84,7395.8684
2026-05-08 02:15:00,2277.85,2277.95,2268.0,2276.35,6231.4519
2026-05-08 02:30:00,2276.36,2283.17,2275.31,2279.49,2894.0279
2026-05-08 02:45:00,2279.49,2282.15,2277.0,2279.15,2166.0109
2026-05-08 03:00:00,2279.15,2279.15,2265.61,2273.13,7817.1152
2026-05-08 03:15:00,2273.13,2279.52,2272.76,2278.8,3321.8251
2026-05-08 03:30:00,2278.79,2281.35,2278.79,2280.78,2604.4203
2026-05-08 03:45:00,2280.79,2281.6,2278.76,2278.76,1861.8302
2026-05-08 04:00:00,2278.77,2282.96,2278.76,2282.51,2226.8055
2026-05-08 04:15:00,2282.51,2284.54,2281.09,2282.58,2599.798
2026-05-08 04:30:00,2282.59,2282.86,2276.5,2277.65,2941.8209
2026-05-08 04:45:00,2277.65,2282.54,2277.65,2281.63,1879.0711
2026-05-08 05:00:00,2281.63,2282.48,2280.0,2280.97,2483.5287
2026-05-08 05:15:00,2280.98,2282.54,2279.0,2280.27,2141.6946
2026-05-08 05:30:00,2280.27,2283.54,2280.27,2283.31,1841.1568
2026-05-08 05:45:00,2283.3,2284.0,2275.97,2275.97,5166.8779
2026-05-08 06:00:00,2275.98,2277.22,2270.0,2276.18,11254.7367
2026-05-08 06:15:00,2276.18,2278.5,2275.01,2275.02,7294.4017
2026-05-08 06:30:00,2275.02,2277.22,2268.6,2275.73,10481.8843
2026-05-08 06:45:00,2275.74,2276.24,2273.01,2275.22,2317.2472
2026-05-08 07:00:00,2275.23,2275.23,2267.69,2268.51,3282.0631
2026-05-08 07:15:00,2268.51,2271.92,2267.15,2270.73,3367.1458
2026-05-08 07:30:00,2270.72,2280.04,2270.72,2279.53,8239.1741
2026-05-08 07:45:00,2279.54,2282.69,2279.0,2281.35,6376.0585
2026-05-08 08:00:00,2281.37,2283.21,2280.15,2281.72,4492.5832
2026-05-08 08:15:00,2281.71,2283.05,2280.72,2281.48,3760.6098
2026-05-08 08:30:00,2281.47,2286.51,2281.47,2285.45,4249.5735
2026-05-08 08:45:00,2285.45,2289.13,2283.56,2283.56,4707.6249
2026-05-08 09:00:00,2283.56,2289.22,2280.35,2289.2,3010.7492
2026-05-08 09:15:00,2289.2,2292.12,2287.02,2287.62,3573.3407
2026-05-08 09:30:00,2287.62,2288.4,2285.58,2285.7,3078.2825
2026-05-08 09:45:00,2285.7,2285.71,2281.78,2284.34,5353.3673
2026-05-08 10:00:00,2284.34,2287.78,2281.75,2282.98,3588.7458
2026-05-08 10:15:00,2282.99,2285.13,2281.17,2283.7,3454.6333
2026-05-08 10:30:00,2283.71,2290.24,2283.69,2290.15,3890.6382
2026-05-08 10:45:00,2290.14,2290.96,2287.07,2287.94,4797.4905
2026-05-08 11:00:00,2287.95,2292.5,2287.95,2290.81,6423.8331
2026-05-08 11:15:00,2290.8,2294.52,2290.13,2292.91,4521.0905
2026-05-08 11:30:00,2292.92,2294.18,2289.9,2290.49,2888.2933
2026-05-08 11:45:00,2290.49,2298.01,2290.49,2295.38,3928.2815
2026-05-08 12:00:00,2295.38,2297.12,2290.57,2293.41,2731.0832
2026-05-08 12:15:00,2293.41,2294.15,2289.24,2293.2,3248.8149
2026-05-08 12:30:00,2293.2,2302.0,2289.54,2291.24,6200.9786
2026-05-08 12:45:00,2291.23,2291.24,2282.46,2284.53,4254.1641
2026-05-08 13:00:00,2284.53,2287.0,2275.05,2276.12,6056.2956
2026-05-08 13:15:00,2276.12,2279.77,2273.12,2273.85,7236.1869
2026-05-08 13:30:00,2273.86,2279.09,2269.96,2272.01,9037.8086
2026-05-08 13:45:00,2272.02,2277.53,2271.29,2276.46,6138.5095
2026-05-08 14:00:00,2276.46,2285.48,2275.0,2281.24,8195.0169
2026-05-08 14:15:00,2281.25,2292.66,2280.1,2281.48,8394.0719
2026-05-08 14:30:00,2281.49,2288.99,2273.32,2287.9,6046.3327
2026-05-08 14:45:00,2287.9,2289.99,2282.97,2285.72,3004.6822
2026-05-08 15:00:00,2285.72,2288.02,2280.0,2281.28,3080.0206
2026-05-08 15:15:00,2281.28,2282.38,2275.0,2277.72,4484.7994
2026-05-08 15:30:00,2277.72,2287.0,2274.94,2285.14,2985.2738
2026-05-08 15:45:00,2285.15,2294.44,2284.57,2293.2,4107.3032
2026-05-08 16:00:00,2293.2,2294.37,2288.67,2290.38,3767.4337
2026-05-08 16:15:00,2290.38,2293.11,2288.49,2290.01,2988.5366
2026-05-08 16:30:00,2290.01,2291.99,2286.42,2291.67,3675.3895
2026-05-08 16:45:00,2291.67,2292.67,2289.3,2289.93,3022.637
2026-05-08 17:00:00,2289.93,2298.23,2289.39,2295.85,4076.5178
2026-05-08 17:15:00,2295.86,2302.47,2295.7,2301.62,5265.668
2026-05-08 17:30:00,2301.62,2315.0,2301.62,2309.99,8320.7775
2026-05-08 17:45:00,2310.0,2315.63,2300.7,2304.86,5935.6103
2026-05-08 18:00:00,2304.87,2313.05,2304.87,2312.44,5691.2679
2026-05-08 18:15:00,2312.45,2320.53,2309.83,2318.49,6264.2203
2026-05-08 18:30:00,2318.49,2321.22,2315.59,2318.35,4716.6906
2026-05-08 18:45:00,2318.34,2321.04,2313.11,2313.49,2981.8334
2026-05-08 19:00:00,2313.49,2319.49,2312.48,2317.5,4777.4495
2026-05-08 19:15:00,2317.51,2320.36,2314.46,2315.47,4670.3294
2026-05-08 19:30:00,2315.48,2318.98,2314.63,2315.99,6117.7203
2026-05-08 19:45:00,2315.99,2316.53,2313.72,2316.05,4212.4388
2026-05-08 20:00:00,2316.06,2317.0,2311.78,2313.28,3412.6335
2026-05-08 20:15:00,2313.28,2314.44,2310.52,2312.3,8974.9541
2026-05-08 20:30:00,2312.3,2312.32,2307.11,2308.41,10186.7318
2026-05-08 20:45:00,2308.41,2309.91,2305.36,2306.65,3843.3015
2026-05-08 21:00:00,2306.64,2308.92,2304.21,2305.64,3314.1478
2026-05-08 21:15:00,2305.65,2310.13,2305.53,2308.76,3808.6168
2026-05-08 21:30:00,2308.77,2314.13,2308.76,2313.9,3714.7445
2026-05-08 21:45:00,2313.91,2314.94,2310.34,2314.63,3240.997
2026-05-08 22:00:00,2314.62,2319.15,2314.31,2317.71,4105.5131
2026-05-08 22:15:00,2317.71,2318.68,2312.95,2313.1,3249.2016
2026-05-08 22:30:00,2313.11,2315.03,2311.99,2312.07,2784.6223
2026-05-08 22:45:00,2312.08,2313.05,2310.26,2310.98,2593.6351
2026-05-08 23:00:00,2310.98,2310.98,2307.0,2307.0,2744.5568
2026-05-08 23:15:00,2307.01,2309.78,2306.11,2308.01,3025.8271
2026-05-08 23:30:00,2308.01,2308.01,2303.19,2304.7,3516.1552
2026-05-08 23:45:00,2304.7,2307.4,2304.01,2307.06,2852.029
2026-05-09 00:00:00,2307.07,2307.11,2304.19,2306.31,2756.3864
2026-05-09 00:15:00,2306.32,2310.78,2306.06,2308.33,3012.7955
2026-05-09 00:30:00,2308.34,2311.93,2308.34,2310.36,2839.4063
2026-05-09 00:45:00,2310.36,2312.03,2307.37,2308.55,2943.3658
2026-05-09 01:00:00,2308.55,2313.37,2308.23,2313.36,3045.2666
2026-05-09 01:15:00,2313.36,2314.4,2309.22,2311.42,2106.3482
2026-05-09 01:30:00,2311.43,2316.61,2311.17,2315.63,2569.2129
2026-05-09 01:45:00,2315.64,2318.45,2314.13,2314.22,3136.949
2026-05-09 02:00:00,2314.23,2318.41,2313.8,2316.77,1944.2399
2026-05-09 02:15:00,2316.78,2317.0,2314.2,2316.27,2891.031
2026-05-09 02:30:00,2316.28,2320.3,2316.27,2317.93,2289.2598
2026-05-09 02:45:00,2317.93,2318.28,2316.59,2317.07,2343.6423
2026-05-09 03:00:00,2317.07,2319.16,2315.01,2318.22,1352.3199
2026-05-09 03:15:00,2318.21,2320.77,2316.0,2316.83,2276.9241
2026-05-09 03:30:00,2316.83,2316.84,2312.6,2313.65,2056.9334
2026-05-09 03:45:00,2313.64,2316.35,2313.15,2315.33,1604.6377
2026-05-09 04:00:00,2315.33,2325.33,2315.33,2321.41,4251.7576
2026-05-09 04:15:00,2321.4,2321.53,2315.88,2316.76,7151.7124
2026-05-09 04:30:00,2316.76,2317.3,2312.71,2313.38,7601.7414
2026-05-09 04:45:00,2313.37,2314.79,2311.27,2312.35,8179.6296
2026-05-09 05:00:00,2312.35,2314.62,2310.9,2313.81,1859.4966
2026-05-09 05:15:00,2313.81,2317.25,2313.27,2315.56,1497.2259
2026-05-09 05:30:00,2315.57,2318.29,2315.1,2317.15,1497.3941
2026-05-09 05:45:00,2317.15,2317.15,2314.51,2314.82,1064.3168
2026-05-09 06:00:00,2314.82,2319.16,2314.8,2318.58,3348.7125
2026-05-09 06:15:00,2318.58,2318.59,2315.36,2316.99,3213.8121
2026-05-09 06:30:00,2316.99,2319.59,2313.46,2315.07,1913.9527
2026-05-09 06:45:00,2315.06,2315.58,2312.95,2314.35,1831.4343
2026-05-09 07:00:00,2314.35,2315.94,2311.34,2313.05,2124.368
2026-05-09 07:15:00,2313.05,2318.56,2313.04,2316.2,2110.1618
2026-05-09 07:30:00,2316.19,2317.74,2315.33,2315.99,2388.6027
2026-05-09 07:45:00,2315.99,2316.0,2314.15,2314.69,1726.7725
2026-05-09 08:00:00,2314.69,2319.16,2314.23,2318.64,2253.661
2026-05-09 08:15:00,2318.64,2319.73,2318.03,2319.05,3400.8881
2026-05-09 08:30:00,2319.06,2320.53,2317.2,2317.8,2148.5082
2026-05-09 08:45:00,2317.81,2317.81,2316.29,2317.16,895.2735
2026-05-09 09:00:00,2317.16,2317.52,2315.0,2315.34,1299.6856
2026-05-09 09:15:00,2315.33,2315.33,2311.37,2313.19,2481.3115
2026-05-09 09:30:00,2313.18,2315.23,2312.95,2313.61,1588.5203
2026-05-09 09:45:00,2313.61,2313.99,2312.16,2313.28,1377.4406
2026-05-09 10:00:00,2313.28,2313.29,2310.24,2312.86,1859.5645
2026-05-09 10:15:00,2312.87,2314.55,2310.96,2311.68,1202.7287
2026-05-09 10:30:00,2311.68,2315.03,2311.58,2314.08,959.8129
2026-05-09 10:45:00,2314.08,2314.08,2312.36,2312.5,756.4858
2026-05-09 11:00:00,2312.49,2315.4,2312.49,2314.56,1514.532
2026-05-09 11:15:00,2314.56,2315.45,2313.59,2315.2,1139.2959
2026-05-09 11:30:00,2315.19,2315.56,2313.54,2313.55,1513.9675
2026-05-09 11:45:00,2313.54,2315.38,2313.54,2314.57,1268.0519
2026-05-09 12:00:00,2314.56,2317.08,2314.08,2314.19,1372.4189
2026-05-09 12:15:00,2314.18,2318.27,2313.24,2316.85,2043.773
2026-05-09 12:30:00,2316.85,2316.85,2314.34,2315.28,859.7052
2026-05-09 12:45:00,2315.28,2316.68,2315.02,2316.54,943.4092
2026-05-09 13:00:00,2316.54,2316.55,2315.08,2315.68,980.5293
2026-05-09 13:15:00,2315.68,2316.01,2313.02,2314.05,1427.0385
2026-05-09 13:30:00,2314.05,2314.77,2311.69,2313.01,1271.5178
2026-05-09 13:45:00,2313.01,2314.35,2312.15,2314.34,1094.2492
2026-05-09 14:00:00,2314.34,2315.32,2312.61,2313.61,1048.5457
2026-05-09 14:15:00,2313.6,2313.67,2305.77,2308.03,3434.6967
2026-05-09 14:30:00,2308.03,2309.07,2305.21,2308.84,2180.221
2026-05-09 14:45:00,2308.83,2311.4,2305.9,2308.27,1583.6198
2026-05-09 15:00:00,2308.27,2309.68,2300.0,2304.12,3724.1845
2026-05-09 15:15:00,2304.12,2311.06,2304.11,2310.9,2375.3997
2026-05-09 15:30:00,2310.9,2316.87,2310.32,2313.83,3706.0207
2026-05-09 15:45:00,2313.84,2317.64,2313.84,2317.63,3060.4506
2026-05-09 16:00:00,2317.64,2321.91,2315.29,2321.0,4280.1898
2026-05-09 16:15:00,2320.99,2325.28,2319.62,2319.9,4126.6421
2026-05-09 16:30:00,2319.89,2321.79,2317.18,2320.58,4335.3328
2026-05-09 16:45:00,2320.58,2321.04,2318.19,2319.99,2723.8452
2026-05-09 17:00:00,2320.0,2333.61,2320.0,2330.33,8919.387
2026-05-09 17:15:00,2330.34,2332.0,2326.38,2331.87,4298.5379
2026-05-09 17:30:00,2331.87,2333.27,2330.49,2330.49,4756.9108
2026-05-09 17:45:00,2330.5,2331.01,2326.9,2329.45,3124.6565
2026-05-09 18:00:00,2329.46,2332.97,2329.27,2330.06,2515.7071
2026-05-09 18:15:00,2330.07,2338.37,2329.5,2336.76,4458.2323
2026-05-09 18:30:00,2336.77,2337.93,2331.01,2331.33,2475.8073
2026-05-09 18:45:00,2331.33,2331.34,2328.8,2330.22,1798.7993
2026-05-09 19:00:00,2330.23,2331.65,2328.81,2329.98,2699.5063
2026-05-09 19:15:00,2329.98,2329.99,2326.54,2328.54,2292.6936
2026-05-09 19:30:00,2328.55,2328.85,2327.34,2328.36,1464.0928
2026-05-09 19:45:00,2328.35,2333.1,2327.45,2332.01,2647.3075
2026-05-09 20:00:00,2332.02,2332.81,2327.97,2327.98,1517.143
2026-05-09 20:15:00,2327.98,2329.69,2327.64,2328.73,1669.7103
2026-05-09 20:30:00,2328.73,2330.12,2327.26,2329.48,1394.1675
2026-05-09 20:45:00,2329.47,2330.06,2328.68,2329.18,1321.341
2026-05-09 21:00:00,2329.17,2331.51,2329.0,2330.62,1721.7971
2026-05-09 21:15:00,2330.63,2331.19,2328.62,2330.49,1414.7357
2026-05-09 21:30:00,2330.49,2330.92,2329.23,2329.88,1452.083
2026-05-09 21:45:00,2329.89,2331.55,2328.92,2330.82,1504.9013
2026-05-09 22:00:00,2330.82,2331.55,2329.47,2330.15,1884.0737
2026-05-09 22:15:00,2330.15,2331.99,2330.14,2330.98,1748.9415
2026-05-09 22:30:00,2330.98,2333.47,2327.22,2332.43,1973.0775
2026-05-09 22:45:00,2332.44,2333.07,2329.47,2329.89,1262.0324
2026-05-09 23:00:00,2329.89,2331.96,2327.5,2328.25,1752.202
2026-05-09 23:15:00,2328.25,2328.25,2325.78,2326.39,1546.0218
2026-05-09 23:30:00,2326.38,2326.99,2324.7,2324.87,1741.2351
2026-05-09 23:45:00,2324.87,2328.08,2324.86,2326.44,1914.7282
2026-05-10 00:00:00,2326.43,2328.07,2323.93,2327.08,2328.2403
2026-05-10 00:15:00,2327.07,2329.71,2326.68,2327.42,1585.8693
2026-05-10 00:30:00,2327.41,2328.59,2325.52,2327.24,1889.0683
2026-05-10 00:45:00,2327.24,2327.35,2321.16,2323.89,2110.6455
2026-05-10 01:00:00,2323.9,2323.9,2321.3,2322.26,2678.0844
2026-05-10 01:15:00,2322.26,2324.41,2319.26,2319.96,2829.9324
2026-05-10 01:30:00,2319.96,2321.77,2318.33,2319.95,1903.9208
2026-05-10 01:45:00,2319.96,2324.97,2319.95,2323.67,2043.7879
2026-05-10 02:00:00,2323.68,2323.68,2320.08,2321.59,1630.9487
2026-05-10 02:15:00,2321.6,2327.25,2321.04,2325.96,2077.804
2026-05-10 02:30:00,2325.96,2327.23,2324.32,2326.19,1721.3457
2026-05-10 02:45:00,2326.2,2328.0,2325.5,2327.94,1767.3872
2026-05-10 03:00:00,2327.94,2329.71,2327.04,2328.13,2056.9246
2026-05-10 03:15:00,2328.14,2328.29,2325.41,2325.67,1606.3048
2026-05-10 03:30:00,2325.67,2332.91,2323.7,2328.87,3058.2899
2026-05-10 03:45:00,2328.87,2329.96,2327.41,2327.76,1989.5828
2026-05-10 04:00:00,2327.75,2328.66,2326.1,2327.37,2694.4354
2026-05-10 04:15:00,2327.37,2329.25,2326.2,2329.24,1960.9817
2026-05-10 04:30:00,2329.24,2330.98,2327.7,2327.7,1549.527
2026-05-10 04:45:00,2327.7,2329.41,2327.03,2328.27,1511.1902
2026-05-10 05:00:00,2328.28,2328.84,2326.72,2328.26,1573.6169
2026-05-10 05:15:00,2328.26,2330.0,2328.0,2328.93,1555.3631
2026-05-10 05:30:00,2328.93,2329.99,2328.0,2328.02,1475.7468
2026-05-10 05:45:00,2328.01,2328.79,2326.51,2327.3,1640.2008
2026-05-10 06:00:00,2327.3,2329.02,2327.15,2329.01,2047.1677
2026-05-10 06:15:00,2329.01,2329.02,2326.65,2326.65,1815.0527
2026-05-10 06:30:00,2326.65,2330.75,2326.65,2329.12,1942.8472
2026-05-10 06:45:00,2329.11,2330.3,2328.62,2329.3,1163.6162
2026-05-10 07:00:00,2329.31,2332.09,2327.55,2327.55,1971.9019
2026-05-10 07:15:00,2327.55,2330.64,2327.55,2329.49,1329.4217
2026-05-10 07:30:00,2329.48,2330.37,2328.36,2329.01,1555.7766
2026-05-10 07:45:00,2329.02,2329.73,2327.36,2327.36,1177.5057
2026-05-10 08:00:00,2327.36,2331.22,2326.16,2328.61,1847.0559
2026-05-10 08:15:00,2328.6,2331.83,2327.69,2330.53,2285.7787
2026-05-10 08:30:00,2330.53,2331.69,2328.97,2329.16,2166.871
2026-05-10 08:45:00,2329.16,2330.16,2328.9,2330.15,1369.7951
2026-05-10 09:00:00,2330.16,2333.59,2329.83,2330.75,2484.6671
2026-05-10 09:15:00,2330.75,2330.95,2329.18,2329.18,1240.264
2026-05-10 09:30:00,2329.18,2329.75,2327.22,2327.49,1301.2973
2026-05-10 09:45:00,2327.5,2328.91,2326.92,2328.22,1286.8426
2026-05-10 10:00:00,2328.23,2328.82,2324.01,2324.73,2418.9127
2026-05-10 10:15:00,2324.72,2326.9,2323.41,2326.33,1864.773
2026-05-10 10:30:00,2326.33,2326.89,2323.38,2324.11,1318.4303
2026-05-10 10:45:00,2324.11,2326.14,2323.49,2325.46,1744.3997
2026-05-10 11:00:00,2325.46,2327.42,2323.34,2324.17,2171.1601
2026-05-10 11:15:00,2324.16,2325.51,2319.0,2322.0,2438.0669
2026-05-10 11:30:00,2322.0,2322.42,2320.29,2321.3,1544.1245
2026-05-10 11:45:00,2321.29,2323.29,2321.21,2322.58,1397.5603
2026-05-10 12:00:00,2322.59,2323.89,2320.87,2323.59,1255.9756
2026-05-10 12:15:00,2323.59,2325.06,2322.74,2324.21,1338.3412
2026-05-10 12:30:00,2324.22,2325.35,2322.62,2323.88,1853.105
2026-05-10 12:45:00,2323.88,2324.4,2323.03,2324.12,1394.4734
2026-05-10 13:00:00,2324.12,2328.77,2323.28,2328.48,2380.4058
2026-05-10 13:15:00,2328.48,2331.99,2326.84,2329.47,4087.7048
2026-05-10 13:30:00,2329.47,2330.77,2328.0,2329.34,2653.7984
2026-05-10 13:45:00,2329.33,2330.33,2328.42,2329.8,2697.0569
2026-05-10 14:00:00,2329.8,2330.88,2328.0,2328.72,2305.008
2026-05-10 14:15:00,2328.72,2328.72,2326.94,2327.58,2145.7934
2026-05-10 14:30:00,2327.57,2335.0,2327.41,2330.43,4030.6638
2026-05-10 14:45:00,2330.43,2332.56,2327.14,2330.9,3299.2856
2026-05-10 15:00:00,2330.9,2337.66,2330.9,2335.28,4862.2988
2026-05-10 15:15:00,2335.27,2335.45,2333.5,2334.45,3364.6995
2026-05-10 15:30:00,2334.44,2343.81,2334.44,2341.73,5888.5786
2026-05-10 15:45:00,2341.73,2351.66,2340.62,2347.56,8369.7887
2026-05-10 16:00:00,2347.56,2350.85,2344.86,2346.3,4626.6239
2026-05-10 16:15:00,2346.31,2346.67,2340.11,2345.35,2527.0974
2026-05-10 16:30:00,2345.35,2350.0,2344.29,2346.21,3180.9868
2026-05-10 16:45:00,2346.21,2350.0,2345.41,2350.0,7414.4421
2026-05-10 17:00:00,2349.99,2355.0,2345.4,2348.0,79965.4202
2026-05-10 17:15:00,2348.0,2357.94,2347.99,2355.86,21999.8741
2026-05-10 17:30:00,2355.85,2359.6,2352.71,2356.0,5226.0672
2026-05-10 17:45:00,2356.0,2368.0,2354.4,2364.1,7343.8751
2026-05-10 18:00:00,2364.11,2366.79,2363.39,2365.5,3639.1112
2026-05-10 18:15:00,2365.5,2365.5,2361.05,2361.84,4023.7713
2026-05-10 18:30:00,2361.84,2363.54,2356.75,2356.76,1921.2109
2026-05-10 18:45:00,2356.76,2359.92,2356.63,2358.54,1577.4346
2026-05-10 19:00:00,2358.53,2358.82,2351.25,2357.81,2903.5967
2026-05-10 19:15:00,2357.81,2366.73,2357.59,2366.65,3561.1055
2026-05-10 19:30:00,2366.65,2366.79,2362.75,2365.07,2584.3483
2026-05-10 19:45:00,2365.06,2365.58,2359.37,2365.54,1929.5946
2026-05-10 20:00:00,2365.54,2369.86,2353.75,2354.76,4513.3445
2026-05-10 20:15:00,2354.76,2356.8,2346.52,2353.55,5846.8651
2026-05-10 20:30:00,2353.55,2353.55,2335.29,2335.31,6376.6422
2026-05-10 20:45:00,2335.32,2335.57,2311.83,2328.76,14196.4288
2026-05-10 21:00:00,2328.76,2334.78,2324.02,2325.98,6118.2013
2026-05-10 21:15:00,2325.99,2335.0,2324.87,2335.0,3435.7372
2026-05-10 21:30:00,2335.0,2336.85,2329.83,2335.54,3977.2974
2026-05-10 21:45:00,2335.54,2336.36,2330.68,2330.8,1832.6868
2026-05-10 22:00:00,2330.79,2347.13,2327.92,2342.82,5452.8077
2026-05-10 22:15:00,2342.82,2362.03,2340.04,2355.36,8284.0573
2026-05-10 22:30:00,2355.36,2374.05,2352.08,2366.51,11617.2784
2026-05-10 22:45:00,2366.51,2377.64,2366.51,2373.78,8314.3907
2026-05-10 23:00:00,2373.78,2382.53,2373.78,2379.1,9841.547
2026-05-10 23:15:00,2379.1,2381.17,2370.28,2374.45,4365.8677
2026-05-10 23:30:00,2374.46,2380.22,2371.92,2378.77,4636.3517
2026-05-10 23:45:00,2378.77,2379.64,2367.95,2371.27,3839.3337
2026-05-11 00:00:00,2371.26,2374.92,2363.05,2363.12,4114.4993
2026-05-11 00:15:00,2363.13,2363.38,2350.68,2355.57,8350.4126
2026-05-11 00:30:00,2355.57,2363.65,2351.28,2354.55,3170.0312
2026-05-11 00:45:00,2354.54,2357.34,2344.59,2352.35,3688.7553
2026-05-11 01:00:00,2352.36,2360.0,2345.33,2356.19,2774.661
2026-05-11 01:15:00,2356.2,2365.58,2354.58,2362.06,2833.7322
2026-05-11 01:30:00,2362.07,2365.21,2357.25,2358.54,2143.4317
2026-05-11 01:45:00,2358.54,2362.0,2355.25,2358.54,1542.0066
2026-05-11 02:00:00,2358.54,2360.79,2352.62,2355.02,1323.437
2026-05-11 02:15:00,2355.02,2355.02,2347.16,2350.19,2726.6759
2026-05-11 02:30:00,2350.18,2350.71,2343.51,2344.87,4163.8446
2026-05-11 02:45:00,2344.88,2347.03,2343.38,2345.39,1066.2292
2026-05-11 03:00:00,2345.4,2345.4,2326.35,2327.04,7069.0912
2026-05-11 03:15:00,2327.04,2331.98,2322.78,2325.69,5826.4298
2026-05-11 03:30:00,2325.69,2329.87,2320.01,2329.66,6152.7061
2026-05-11 03:45:00,2329.66,2330.81,2327.86,2330.56,3378.3279
2026-05-11 04:00:00,2330.56,2331.33,2326.66,2328.65,3464.4364
2026-05-11 04:15:00,2328.65,2332.33,2328.65,2331.85,1949.5659
2026-05-11 04:30:00,2331.85,2335.0,2330.88,2335.0,3181.3558
2026-05-11 04:45:00,2334.99,2335.99,2330.0,2332.85,2267.4194
2026-05-11 05:00:00,2332.85,2335.16,2332.05,2333.4,1928.9347
2026-05-11 05:15:00,2333.4,2338.71,2333.15,2337.66,2668.2742
2026-05-11 05:30:00,2337.66,2340.49,2334.1,2334.32,2828.051
2026-05-11 05:45:00,2334.32,2337.65,2333.64,2335.3,2409.406
2026-05-11 06:00:00,2335.29,2340.1,2333.48,2337.42,2427.9384
2026-05-11 06:15:00,2337.43,2340.77,2335.02,2339.47,1841.7847
2026-05-11 06:30:00,2339.46,2342.44,2331.81,2333.12,2849.6127
2026-05-11 06:45:00,2333.13,2334.39,2330.05,2333.48,2096.3322
2026-05-11 07:00:00,2333.49,2333.49,2329.17,2330.35,1243.1002
2026-05-11 07:15:00,2330.35,2333.39,2328.45,2330.14,1366.8292
2026-05-11 07:30:00,2330.14,2331.46,2328.25,2329.04,1500.643
2026-05-11 07:45:00,2329.04,2331.5,2328.88,2330.54,1285.5922
2026-05-11 08:00:00,2330.55,2332.77,2326.66,2330.58,2052.1083
2026-05-11 08:15:00,2330.57,2333.84,2327.81,2327.81,2317.7936
2026-05-11 08:30:00,2327.81,2334.52,2326.86,2333.87,1167.0638
2026-05-11 08:45:00,2333.88,2334.66,2329.68,2330.48,1612.0545
2026-05-11 09:00:00,2330.48,2336.63,2330.26,2336.62,1393.6567
2026-05-11 09:15:00,2336.63,2337.31,2335.49,2336.0,921.5454
2026-05-11 09:30:00,2336.0,2336.82,2333.03,2335.02,842.4474
2026-05-11 09:45:00,2335.02,2338.61,2334.73,2336.08,952.5008
2026-05-11 10:00:00,2336.07,2339.24,2334.97,2336.74,1390.2462
2026-05-11 10:15:00,2336.74,2339.9,2336.11,2337.52,1585.3824
2026-05-11 10:30:00,2337.51,2337.95,2330.0,2332.5,1478.7305
2026-05-11 10:45:00,2332.5,2334.34,2329.93,2329.94,1015.9255
2026-05-11 11:00:00,2329.93,2332.45,2327.43,2330.83,1313.3766
2026-05-11 11:15:00,2330.83,2335.0,2330.74,2333.4,1372.2681
2026-05-11 11:30:00,2333.4,2335.8,2333.4,2335.28,870.1924
2026-05-11 11:45:00,2335.27,2335.8,2332.04,2335.8,1053.7939
2026-05-11 12:00:00,2335.8,2336.49,2329.22,2330.13,1492.6129
2026-05-11 12:15:00,2330.13,2338.89,2329.43,2337.02,1906.3256
2026-05-11 12:30:00,2337.01,2338.86,2332.91,2333.05,1708.8017
2026-05-11 12:45:00,2333.04,2335.3,2328.79,2329.5,2033.2133
2026-05-11 13:00:00,2329.51,2332.86,2329.06,2331.22,1386.2444
2026-05-11 13:15:00,2331.23,2332.21,2325.56,2327.57,2020.8574
2026-05-11 13:30:00,2327.57,2329.56,2314.77,2326.06,9487.2918
2026-05-11 13:45:00,2326.06,2327.52,2320.0,2322.32,2925.6137
2026-05-11 14:00:00,2322.31,2328.8,2322.03,2326.28,2739.7531
2026-05-11 14:15:00,2326.29,2327.0,2312.91,2313.13,3846.8854
2026-05-11 14:30:00,2313.13,2317.58,2304.0,2312.69,8407.2262
2026-05-11 14:45:00,2312.68,2317.97,2309.82,2316.48,3313.7416
2026-05-11 15:00:00,2316.48,2323.26,2313.4,2321.16,2506.9659
2026-05-11 15:15:00,2321.17,2334.65,2319.41,2332.73,4257.2678
2026-05-11 15:30:00,2332.72,2335.6,2327.04,2327.92,4147.6249
2026-05-11 15:45:00,2327.91,2334.99,2326.68,2333.48,2107.8
2026-05-11 16:00:00,2333.48,2341.21,2330.62,2339.82,4328.8158
2026-05-11 16:15:00,2339.82,2341.0,2334.91,2336.83,4568.6556
2026-05-11 16:30:00,2336.83,2339.05,2327.38,2329.78,3611.8841
2026-05-11 16:45:00,2329.78,2334.26,2329.33,2329.78,2502.1844
2026-05-11 17:00:00,2329.79,2330.68,2323.68,2327.78,2967.8362
2026-05-11 17:15:00,2327.77,2330.74,2327.55,2329.57,1785.7417
2026-05-11 17:30:00,2329.58,2341.6,2327.94,2340.13,2921.1457
2026-05-11 17:45:00,2340.13,2343.83,2336.44,2336.71,2790.8135
2026-05-11 18:00:00,2336.71,2343.73,2336.13,2340.89,3297.2469
2026-05-11 18:15:00,2340.89,2342.2,2335.89,2341.49,2409.0082
2026-05-11 18:30:00,2341.49,2344.35,2339.0,2339.01,2836.3591
2026-05-11 18:45:00,2339.0,2343.77,2334.55,2335.35,2255.8147
2026-05-11 19:00:00,2335.35,2339.71,2331.92,2338.38,2074.4316
2026-05-11 19:15:00,2338.39,2343.0,2336.96,2337.16,1749.8756
2026-05-11 19:30:00,2337.16,2344.0,2337.16,2341.5,1764.9535
2026-05-11 19:45:00,2341.5,2341.76,2338.82,2340.43,1521.098
2026-05-11 20:00:00,2340.44,2345.44,2336.27,2338.07,4487.2437
2026-05-11 20:15:00,2338.08,2340.0,2336.56,2338.37,1093.8416
2026-05-11 20:30:00,2338.38,2341.32,2336.37,2337.97,1092.7111
2026-05-11 20:45:00,2337.97,2341.32,2337.38,2338.15,919.7738
2026-05-11 21:00:00,2338.16,2340.81,2337.5,2340.49,929.1637
2026-05-11 21:15:00,2340.48,2340.78,2336.36,2337.37,931.5424
2026-05-11 21:30:00,2337.36,2341.3,2337.19,2340.34,1444.2056
2026-05-11 21:45:00,2340.35,2342.49,2338.02,2340.71,1816.4136
2026-05-11 22:00:00,2340.71,2345.68,2340.01,2342.14,1640.2858
2026-05-11 22:15:00,2342.13,2343.26,2336.63,2338.8,1752.2821
2026-05-11 22:30:00,2338.8,2341.0,2338.65,2340.77,1104.141
2026-05-11 22:45:00,2340.76,2345.0,2339.85,2341.43,1370.8587
2026-05-11 23:00:00,2341.43,2341.44,2337.87,2339.31,877.792
2026-05-11 23:15:00,2339.31,2339.64,2335.64,2336.36,847.245
2026-05-11 23:30:00,2336.36,2342.23,2335.08,2341.27,1077.5691
2026-05-11 23:45:00,2341.27,2342.0,2339.58,2339.87,930.262
2026-05-12 00:00:00,2339.88,2340.85,2335.88,2336.32,1244.8966
2026-05-12 00:15:00,2336.31,2337.95,2333.54,2335.09,1334.5695
2026-05-12 00:30:00,2335.1,2336.34,2332.13,2332.14,1564.7174
2026-05-12 00:45:00,2332.15,2336.0,2332.14,2333.54,939.7123
2026-05-12 01:00:00,2333.54,2335.66,2325.89,2325.89,2235.241
2026-05-12 01:15:00,2325.9,2327.36,2319.03,2323.67,3359.2822
2026-05-12 01:30:00,2323.67,2323.72,2295.01,2308.64,16672.4309
2026-05-12 01:45:00,2308.64,2315.89,2306.73,2311.41,4983.3943
2026-05-12 02:00:00,2311.4,2317.0,2309.37,2315.81,2303.2317
2026-05-12 02:15:00,2315.8,2315.81,2307.2,2314.84,3429.0489
2026-05-12 02:30:00,2314.84,2315.07,2308.0,2310.0,1773.062
2026-05-12 02:45:00,2310.01,2315.89,2310.01,2315.89,1210.8544
2026-05-12 03:00:00,2315.89,2317.31,2311.6,2313.24,1635.0414
2026-05-12 03:15:00,2313.24,2313.73,2310.64,2311.57,1231.9783
2026-05-12 03:30:00,2311.57,2313.79,2311.53,2313.13,1105.6202
2026-05-12 03:45:00,2313.13,2313.13,2307.2,2309.37,1769.4085
2026-05-12 04:00:00,2309.36,2309.74,2306.88,2306.91,1399.3454
2026-05-12 04:15:00,2306.91,2312.67,2305.65,2312.08,1626.4723
2026-05-12 04:30:00,2312.08,2314.06,2311.83,2311.85,1314.1463
2026-05-12 04:45:00,2311.85,2314.49,2310.01,2310.92,1004.5471
2026-05-12 05:00:00,2310.92,2313.23,2309.74,2311.01,1901.9847
2026-05-12 05:15:00,2311.01,2313.85,2310.76,2313.07,927.0507
2026-05-12 05:30:00,2313.06,2314.08,2309.86,2312.27,1508.4058
2026-05-12 05:45:00,2312.27,2313.07,2310.12,2310.12,1822.4447
2026-05-12 06:00:00,2310.13,2311.99,2308.69,2311.92,1481.9444
2026-05-12 06:15:00,2311.91,2313.84,2310.33,2310.43,1697.5311
2026-05-12 06:30:00,2310.44,2310.77,2306.13,2306.61,2064.041
2026-05-12 06:45:00,2306.6,2308.22,2302.63,2303.89,2865.497
2026-05-12 07:00:00,2303.9,2304.82,2295.15,2303.39,6264.0662
2026-05-12 07:15:00,2303.4,2304.2,2299.04,2300.87,1841.9495
2026-05-12 07:30:00,2300.88,2301.7,2296.95,2296.96,2397.0648
2026-05-12 07:45:00,2296.96,2300.1,2291.63,2295.2,5265.2217
2026-05-12 08:00:00,2295.2,2296.27,2285.0,2285.01,10527.7978
2026-05-12 08:15:00,2285.02,2288.85,2280.0,2287.64,6692.3826
2026-05-12 08:30:00,2287.65,2292.34,2287.4,2292.19,3259.6355
2026-05-12 08:45:00,2292.2,2292.72,2285.99,2288.01,5320.6157
2026-05-12 09:00:00,2288.0,2288.93,2283.24,2284.05,4422.3486
2026-05-12 09:15:00,2284.05,2285.0,2281.1,2284.96,3033.3244
2026-05-12 09:30:00,2284.96,2294.57,2284.96,2294.0,2561.5885
2026-05-12 09:45:00,2293.99,2295.3,2290.0,2292.84,1083.9958
2026-05-12 10:00:00,2292.84,2293.88,2291.48,2291.78,1126.9675
2026-05-12 10:15:00,2291.78,2292.76,2288.47,2289.23,1285.0262
2026-05-12 10:30:00,2289.24,2290.42,2283.03,2284.99,6852.2023
2026-05-12 10:45:00,2284.99,2287.05,2281.42,2286.2,5152.0859
2026-05-12 11:00:00,2286.21,2287.09,2278.57,2283.49,4623.4596
2026-05-12 11:15:00,2283.49,2284.6,2278.96,2283.48,1308.1727
2026-05-12 11:30:00,2283.48,2287.08,2283.48,2286.89,1693.7741
2026-05-12 11:45:00,2286.89,2287.07,2284.2,2287.01,1449.421
2026-05-12 12:00:00,2287.02,2288.85,2282.32,2288.09,2007.2375
2026-05-12 12:15:00,2288.09,2291.17,2285.79,2291.11,1701.5338
2026-05-12 12:30:00,2291.12,2294.01,2281.14,2286.8,5390.83
2026-05-12 12:45:00,2286.8,2289.88,2285.57,2288.97,1609.6438
2026-05-12 13:00:00,2288.97,2292.51,2287.69,2287.78,2353.6985
2026-05-12 13:15:00,2287.89,2288.27,2283.0,2285.02,2204.0306
2026-05-12 13:30:00,2285.02,2285.67,2275.01,2280.11,5841.1599
2026-05-12 13:45:00,2280.11,2283.93,2268.88,2271.99,7581.9667
2026-05-12 14:00:00,2271.99,2280.38,2269.51,2279.41,3375.0436
2026-05-12 14:15:00,2279.41,2281.89,2271.36,2273.66,3731.7516
2026-05-12 14:30:00,2273.65,2280.26,2262.37,2277.57,7825.4651
2026-05-12 14:45:00,2277.57,2277.57,2265.53,2269.18,3529.1448
2026-05-12 15:00:00,2269.18,2274.38,2266.76,2272.4,2288.2837
2026-05-12 15:15:00,2272.4,2272.4,2256.67,2259.59,8602.6689
2026-05-12 15:30:00,2259.58,2268.57,2259.56,2263.97,3288.0717
2026-05-12 15:45:00,2263.96,2267.02,2260.18,2261.85,2334.748
2026-05-12 16:00:00,2261.86,2268.9,2259.48,2268.0,2688.7516
2026-05-12 16:15:00,2268.01,2271.24,2265.05,2268.0,1987.4753
2026-05-12 16:30:00,2268.01,2268.75,2262.66,2264.81,1716.3343
2026-05-12 16:45:00,2264.8,2265.99,2256.27,2263.83,4980.4386
2026-05-12 17:00:00,2263.83,2270.56,2263.83,2270.48,1712.4383
2026-05-12 17:15:00,2270.49,2275.83,2270.49,2275.0,2321.5724
2026-05-12 17:30:00,2275.01,2278.0,2274.29,2277.08,1290.3796
2026-05-12 17:45:00,2277.09,2277.81,2274.24,2276.59,1072.905
2026-05-12 18:00:00,2276.6,2279.08,2274.67,2277.33,1926.5782
2026-05-12 18:15:00,2277.34,2278.7,2276.27,2277.68,1314.6895
2026-05-12 18:30:00,2277.68,2283.0,2277.47,2281.79,1702.9473
2026-05-12 18:45:00,2281.8,2284.6,2278.79,2279.3,1784.9954
2026-05-12 19:00:00,2279.31,2285.92,2279.15,2284.3,1204.2061
2026-05-12 19:15:00,2284.31,2285.28,2281.55,2282.43,953.7686
2026-05-12 19:30:00,2282.44,2287.0,2282.44,2283.09,1544.4975
2026-05-12 19:45:00,2283.09,2287.43,2283.09,2285.09,1534.9561
2026-05-12 20:00:00,2285.1,2287.39,2283.94,2285.15,1424.7017
2026-05-12 20:15:00,2285.16,2286.19,2284.11,2285.32,447.9985
2026-05-12 20:30:00,2285.32,2285.33,2281.86,2283.65,1041.7103
2026-05-12 20:45:00,2283.66,2285.07,2281.32,2285.04,764.8852
2026-05-12 21:00:00,2285.05,2287.47,2283.82,2285.83,835.6818
2026-05-12 21:15:00,2285.83,2287.33,2285.16,2286.65,799.3633
2026-05-12 21:30:00,2286.66,2287.64,2284.15,2284.82,1015.3619
2026-05-12 21:45:00,2284.81,2286.33,2282.81,2285.4,757.0096
2026-05-12 22:00:00,2285.41,2291.37,2285.41,2286.44,2106.5469
2026-05-12 22:15:00,2286.45,2289.22,2285.8,2285.81,621.8271
2026-05-12 22:30:00,2285.81,2286.95,2283.99,2284.55,925.9257
2026-05-12 22:45:00,2284.56,2284.73,2282.24,2282.34,716.3136
2026-05-12 23:00:00,2282.34,2284.18,2279.18,2280.18,920.1128
2026-05-12 23:15:00,2280.18,2283.52,2279.78,2282.88,999.3362
2026-05-12 23:30:00,2282.88,2283.15,2276.78,2278.1,1935.2913
2026-05-12 23:45:00,2278.11,2278.11,2273.88,2274.96,1699.8298
2026-05-13 00:00:00,2274.97,2278.43,2273.34,2277.6,1065.3299
2026-05-13 00:15:00,2277.6,2286.79,2277.31,2283.28,1456.9608
2026-05-13 00:30:00,2283.28,2286.46,2282.25,2284.44,1121.487
2026-05-13 00:45:00,2284.45,2284.57,2280.44,2281.56,1138.5758
2026-05-13 01:00:00,2281.56,2292.29,2280.99,2289.13,2324.7567
2026-05-13 01:15:00,2289.13,2294.0,2286.89,2291.76,2566.6959
2026-05-13 01:30:00,2291.77,2295.0,2290.01,2292.55,1662.1619
2026-05-13 01:45:00,2292.55,2295.29,2288.65,2289.98,1783.3476
2026-05-13 02:00:00,2289.99,2293.74,2286.96,2292.23,1385.3563
2026-05-13 02:15:00,2292.22,2299.89,2291.0,2295.05,2867.0685
2026-05-13 02:30:00,2295.06,2296.86,2293.89,2295.28,1409.7816
2026-05-13 02:45:00,2295.29,2296.0,2292.59,2293.99,1061.3858
2026-05-13 03:00:00,2293.99,2296.73,2292.44,2293.42,806.8197
2026-05-13 03:15:00,2293.42,2298.78,2293.42,2297.78,1745.1768
2026-05-13 03:30:00,2297.79,2302.93,2297.42,2302.27,1832.1163
2026-05-13 03:45:00,2302.27,2303.77,2300.81,2301.77,1402.6915
2026-05-13 04:00:00,2301.76,2304.42,2300.0,2300.2,1472.3146
2026-05-13 04:15:00,2300.2,2302.0,2298.47,2301.47,1160.4346
2026-05-13 04:30:00,2301.47,2307.66,2301.47,2304.83,2240.9942
2026-05-13 04:45:00,2304.82,2309.0,2303.56,2306.67,793.9557
2026-05-13 05:00:00,2306.68,2307.48,2303.68,2303.71,2044.5787
2026-05-13 05:15:00,2303.7,2303.7,2300.46,2301.97,1448.6426
2026-05-13 05:30:00,2301.96,2301.99,2297.0,2297.01,1454.8291
2026-05-13 05:45:00,2297.01,2299.73,2295.63,2297.76,1059.4234
2026-05-13 06:00:00,2297.77,2303.53,2297.26,2303.53,1166.0872
2026-05-13 06:15:00,2303.53,2305.0,2301.28,2303.59,1271.2214
2026-05-13 06:30:00,2303.6,2304.85,2301.95,2304.84,1242.4255
2026-05-13 06:45:00,2304.85,2305.13,2301.21,2301.84,722.9413
2026-05-13 07:00:00,2301.84,2303.03,2300.0,2301.31,611.8427
2026-05-13 07:15:00,2301.31,2302.5,2296.95,2298.7,1162.1622
2026-05-13 07:30:00,2298.71,2301.04,2297.66,2300.94,1167.1479
2026-05-13 07:45:00,2300.93,2301.67,2298.43,2301.07,1223.6069
2026-05-13 08:00:00,2301.07,2303.76,2301.07,2301.85,1476.4023
2026-05-13 08:15:00,2301.86,2305.86,2301.85,2303.03,2067.9163
2026-05-13 08:30:00,2303.02,2315.56,2300.73,2313.68,4261.06
2026-05-13 08:45:00,2313.68,2316.96,2312.19,2316.64,3497.3504
2026-05-13 09:00:00,2316.65,2322.44,2314.45,2319.4,5926.3943
2026-05-13 09:15:00,2319.41,2322.06,2317.16,2318.15,2384.448
2026-05-13 09:30:00,2318.15,2323.36,2318.15,2321.56,2546.2299
2026-05-13 09:45:00,2321.56,2322.6,2319.21,2321.19,1318.4896
2026-05-13 10:00:00,2321.18,2321.6,2314.49,2314.93,1874.0882
2026-05-13 10:15:00,2314.94,2316.98,2309.32,2309.84,1959.9904
2026-05-13 10:30:00,2309.84,2311.23,2305.55,2306.95,1889.1323
2026-05-13 10:45:00,2306.96,2310.0,2306.01,2308.46,1491.3511
2026-05-13 11:00:00,2308.46,2308.91,2299.0,2300.8,3406.3031
2026-05-13 11:15:00,2300.8,2305.56,2299.0,2301.14,2121.467
2026-05-13 11:30:00,2301.14,2306.69,2300.88,2306.68,1938.3316
2026-05-13 11:45:00,2306.68,2307.8,2300.0,2301.82,1495.7586
2026-05-13 12:00:00,2301.83,2307.54,2301.23,2305.46,1906.9098
2026-05-13 12:15:00,2305.46,2306.88,2292.55,2298.24,3857.8439
2026-05-13 12:30:00,2298.24,2298.45,2270.01,2281.78,13529.2717
2026-05-13 12:45:00,2281.78,2286.68,2280.78,2284.35,2510.2211
2026-05-13 13:00:00,2284.35,2288.31,2283.58,2285.9,2494.1185
2026-05-13 13:15:00,2285.89,2287.49,2279.64,2279.75,2456.741
2026-05-13 13:30:00,2279.74,2283.97,2267.0,2270.62,7684.982
2026-05-13 13:45:00,2270.62,2270.62,2258.51,2262.8,12832.8394
2026-05-13 14:00:00,2262.8,2266.91,2251.05,2263.52,11735.5772
2026-05-13 14:15:00,2263.51,2270.97,2261.5,2268.05,6392.5282
2026-05-13 14:30:00,2268.05,2268.89,2264.57,2265.35,3461.2425
2026-05-13 14:45:00,2265.35,2269.0,2262.08,2267.39,2138.5899
2026-05-13 15:00:00,2267.39,2270.25,2256.46,2257.65,4285.8448
2026-05-13 15:15:00,2257.64,2259.93,2251.5,2253.62,4805.3722
2026-05-13 15:30:00,2253.61,2256.5,2251.39,2252.45,3540.1913
2026-05-13 15:45:00,2252.46,2253.47,2234.13,2236.49,17787.4699
2026-05-13 16:00:00,2236.48,2245.97,2235.48,2245.27,14584.2904
2026-05-13 16:15:00,2245.27,2250.89,2242.74,2249.27,4837.4897
2026-05-13 16:30:00,2249.27,2253.35,2247.07,2252.15,2811.3169
2026-05-13 16:45:00,2252.14,2253.26,2249.39,2250.75,1735.5286
2026-05-13 17:00:00,2250.75,2256.17,2250.75,2254.45,1988.2661
2026-05-13 17:15:00,2254.46,2259.0,2252.52,2257.51,2128.4753
2026-05-13 17:30:00,2257.51,2257.87,2254.57,2257.35,1684.2245
2026-05-13 17:45:00,2257.36,2261.77,2256.4,2258.31,3544.0032
2026-05-13 18:00:00,2258.32,2263.34,2258.32,2262.2,4163.228
2026-05-13 18:15:00,2262.2,2268.49,2261.16,2265.64,5831.7784
2026-05-13 18:30:00,2265.64,2267.4,2262.42,2262.43,2293.3381
2026-05-13 18:45:00,2262.42,2263.08,2258.73,2259.68,2072.0964
2026-05-13 19:00:00,2259.67,2260.71,2253.01,2255.29,2223.7075
2026-05-13 19:15:00,2255.28,2255.31,2250.56,2254.18,1871.1938
2026-05-13 19:30:00,2254.17,2259.18,2254.11,2255.85,1922.5783
2026-05-13 19:45:00,2255.85,2257.33,2254.41,2256.53,1567.7748
2026-05-13 20:00:00,2256.53,2261.5,2256.43,2258.95,2193.8632
2026-05-13 20:15:00,2258.94,2262.51,2258.94,2260.24,1028.5545
2026-05-13 20:30:00,2260.24,2263.99,2260.23,2263.35,775.4941
2026-05-13 20:45:00,2263.35,2264.46,2261.92,2263.75,880.9579
2026-05-13 21:00:00,2263.76,2264.07,2253.7,2257.79,1575.185
2026-05-13 21:15:00,2257.79,2257.79,2255.07,2255.48,760.1644
2026-05-13 21:30:00,2255.48,2257.66,2255.29,2257.01,697.3661
2026-05-13 21:45:00,2257.01,2259.43,2254.91,2255.79,650.4577
2026-05-13 22:00:00,2255.8,2257.3,2251.0,2256.01,1413.6104
2026-05-13 22:15:00,2256.0,2256.01,2251.69,2253.98,753.0043
2026-05-13 22:30:00,2253.98,2257.5,2252.49,2257.5,861.8248
2026-05-13 22:45:00,2257.49,2260.55,2257.35,2259.6,1185.0194
2026-05-13 23:00:00,2259.59,2261.5,2258.42,2260.22,896.7457
2026-05-13 23:15:00,2260.23,2261.79,2255.32,2257.61,1447.8081
2026-05-13 23:30:00,2257.6,2258.68,2254.83,2257.33,569.3909
2026-05-13 23:45:00,2257.33,2259.31,2256.25,2258.65,560.2168
2026-05-14 00:00:00,2258.66,2266.14,2258.14,2266.14,1789.8412
2026-05-14 00:15:00,2266.14,2267.69,2262.61,2263.81,1253.7782
2026-05-14 00:30:00,2263.81,2268.69,2263.81,2267.92,2233.8468
2026-05-14 00:45:00,2267.92,2269.37,2265.64,2266.58,1209.2908
2026-05-14 01:00:00,2266.58,2269.37,2264.32,2265.86,1401.1054
2026-05-14 01:15:00,2265.86,2265.86,2261.75,2262.72,882.6844
2026-05-14 01:30:00,2262.73,2264.33,2259.9,2262.98,999.7585
2026-05-14 01:45:00,2262.99,2267.17,2260.64,2264.91,1065.0481
2026-05-14 02:00:00,2264.9,2266.75,2261.72,2261.89,3570.3089
2026-05-14 02:15:00,2261.89,2263.58,2260.62,2263.57,827.901
2026-05-14 02:30:00,2263.57,2263.57,2259.2,2260.95,849.4643
2026-05-14 02:45:00,2260.95,2261.11,2247.71,2251.53,2947.5875
2026-05-14 03:00:00,2251.54,2255.0,2243.08,2249.35,2331.9422
2026-05-14 03:15:00,2249.35,2251.85,2239.34,2250.31,3405.0365
2026-05-14 03:30:00,2250.31,2252.56,2244.93,2247.35,1266.7361
2026-05-14 03:45:00,2247.36,2247.36,2238.64,2242.14,2361.4314
2026-05-14 04:00:00,2242.14,2249.67,2239.54,2249.66,1308.6917
2026-05-14 04:15:00,2249.67,2253.66,2248.67,2251.71,1084.4233
2026-05-14 04:30:00,2251.7,2254.35,2251.38,2253.67,845.0284
2026-05-14 04:45:00,2253.67,2258.25,2252.39,2256.7,1901.1768
2026-05-14 05:00:00,2256.69,2258.62,2255.74,2256.83,1025.9624
2026-05-14 05:15:00,2256.83,2261.5,2255.53,2261.46,1921.9176
2026-05-14 05:30:00,2261.46,2265.0,2261.45,2263.97,2266.5277
2026-05-14 05:45:00,2263.97,2273.71,2263.97,2268.44,5133.7553
2026-05-14 06:00:00,2268.44,2275.2,2267.75,2273.93,3709.4657
2026-05-14 06:15:00,2273.93,2274.3,2270.01,2270.01,1571.7374
2026-05-14 06:30:00,2270.01,2271.06,2266.86,2269.36,1956.0981
2026-05-14 06:45:00,2269.36,2269.78,2267.37,2267.71,858.6765
2026-05-14 07:00:00,2267.72,2270.24,2263.88,2264.91,1256.1657
2026-05-14 07:15:00,2264.9,2268.0,2264.25,2266.51,961.8227
2026-05-14 07:30:00,2266.52,2270.79,2266.48,2269.6,1345.7944
2026-05-14 07:45:00,2269.61,2269.61,2265.18,2265.48,1456.29
2026-05-14 08:00:00,2265.49,2269.79,2262.05,2268.38,1963.9391
2026-05-14 08:15:00,2268.38,2269.29,2265.56,2266.47,2758.9223
2026-05-14 08:30:00,2266.47,2270.99,2266.47,2268.84,1069.3313
2026-05-14 08:45:00,2268.85,2269.1,2265.45,2266.36,1618.961
2026-05-14 09:00:00,2266.35,2267.72,2264.23,2264.48,2248.2585
2026-05-14 09:15:00,2264.47,2264.71,2259.63,2261.22,1954.9371
2026-05-14 09:30:00,2261.21,2261.22,2252.76,2256.5,2800.098
2026-05-14 09:45:00,2256.5,2258.45,2254.56,2257.8,1307.1441
2026-05-14 10:00:00,2257.8,2264.88,2257.02,2261.12,2764.8742
2026-05-14 10:15:00,2261.12,2265.51,2261.11,2263.86,1630.6902
2026-05-14 10:30:00,2263.86,2263.87,2255.84,2257.52,1527.4849
2026-05-14 10:45:00,2257.52,2263.54,2257.52,2262.14,1192.7098
2026-05-14 11:00:00,2262.13,2264.0,2259.11,2259.12,970.0497
2026-05-14 11:15:00,2259.12,2261.5,2255.31,2257.0,1731.3036
2026-05-14 11:30:00,2257.01,2257.66,2253.93,2254.15,1725.5333
2026-05-14 11:45:00,2254.14,2260.46,2252.53,2253.81,3760.8733
2026-05-14 12:00:00,2253.81,2255.72,2252.0,2252.88,1456.3075
2026-05-14 12:15:00,2252.89,2255.06,2248.0,2254.08,2203.2162
2026-05-14 12:30:00,2254.08,2263.24,2253.46,2259.66,2620.9096
2026-05-14 12:45:00,2259.66,2261.71,2259.12,2261.48,1955.9411
2026-05-14 13:00:00,2261.48,2264.0,2259.42,2262.69,2135.5552
2026-05-14 13:15:00,2262.69,2265.32,2256.1,2261.24,3517.6082
2026-05-14 13:30:00,2261.24,2261.6,2249.4,2255.8,5890.1732
2026-05-14 13:45:00,2255.8,2261.99,2248.43,2249.42,3932.7236
2026-05-14 14:00:00,2249.42,2259.07,2246.13,2256.79,3592.7384
2026-05-14 14:15:00,2256.8,2269.0,2256.04,2264.89,4438.1394
2026-05-14 14:30:00,2264.9,2271.74,2263.34,2270.99,3799.2934
2026-05-14 14:45:00,2271.0,2289.0,2271.0,2286.99,10844.4294
2026-05-14 15:00:00,2287.0,2291.24,2280.63,2283.36,5992.1691
2026-05-14 15:15:00,2283.35,2292.79,2281.83,2287.84,4893.861
2026-05-14 15:30:00,2287.85,2290.73,2282.56,2288.42,3237.1624
2026-05-14 15:45:00,2288.43,2299.7,2288.04,2298.48,8241.5567
2026-05-14 16:00:00,2298.48,2313.0,2296.33,2308.15,8400.3714
2026-05-14 16:15:00,2308.15,2309.52,2303.02,2306.47,5510.8381
2026-05-14 16:30:00,2306.48,2312.95,2301.86,2310.52,5301.4174
2026-05-14 16:45:00,2310.52,2318.66,2293.96,2316.36,9383.127
2026-05-14 17:00:00,2316.35,2319.33,2308.88,2309.67,6501.363
2026-05-14 17:15:00,2309.67,2309.74,2296.57,2298.6,6825.7257
2026-05-14 17:30:00,2298.6,2308.88,2296.72,2306.19,3268.709
2026-05-14 17:45:00,2306.19,2314.92,2306.19,2308.18,4034.9951
2026-05-14 18:00:00,2308.17,2315.48,2303.0,2315.46,3820.3403
2026-05-14 18:15:00,2315.46,2316.78,2311.12,2314.77,3694.8193
2026-05-14 18:30:00,2314.78,2314.78,2306.97,2308.15,2413.2395
2026-05-14 18:45:00,2308.15,2312.13,2307.17,2309.63,1956.7723
2026-05-14 19:00:00,2309.64,2312.22,2304.84,2305.89,3034.1385
2026-05-14 19:15:00,2305.89,2306.15,2297.5,2297.69,3237.9642
2026-05-14 19:30:00,2297.69,2303.05,2297.62,2299.92,2047.8763
2026-05-14 19:45:00,2299.91,2301.06,2297.67,2298.34,1848.4709
2026-05-14 20:00:00,2298.34,2301.43,2293.47,2293.48,2133.8308
2026-05-14 20:15:00,2293.47,2297.02,2288.89,2290.84,3587.686
2026-05-14 20:30:00,2290.84,2293.18,2288.7,2293.18,1485.0373
2026-05-14 20:45:00,2293.17,2298.79,2293.17,2298.08,1337.2654
2026-05-14 21:00:00,2298.08,2299.16,2292.9,2293.03,1464.7572
2026-05-14 21:15:00,2293.04,2296.42,2290.0,2295.2,2440.1819
2026-05-14 21:30:00,2295.21,2300.27,2294.95,2298.64,2232.0063
2026-05-14 21:45:00,2298.63,2299.01,2296.06,2297.19,732.1839
2026-05-14 22:00:00,2297.2,2300.25,2295.2,2300.07,957.3718
2026-05-14 22:15:00,2300.06,2300.06,2295.57,2296.54,1314.9261
2026-05-14 22:30:00,2296.54,2300.6,2296.33,2299.51,1030.5765
2026-05-14 22:45:00,2299.5,2301.67,2297.68,2298.16,1123.6168
2026-05-14 23:00:00,2298.16,2298.16,2290.44,2293.49,2203.6781
2026-05-14 23:15:00,2293.49,2297.2,2290.84,2296.37,1486.0715
2026-05-14 23:30:00,2296.36,2296.54,2291.73,2292.05,985.8119
2026-05-14 23:45:00,2292.06,2292.06,2280.18,2283.25,4109.4766
2026-05-15 00:00:00,2283.26,2291.92,2281.78,2291.92,2346.6532
2026-05-15 00:15:00,2291.92,2293.65,2289.75,2293.08,1776.8349
2026-05-15 00:30:00,2293.07,2300.29,2284.27,2287.45,3432.2212
2026-05-15 00:45:00,2287.45,2292.59,2287.43,2291.39,1801.3773
2026-05-15 01:00:00,2291.39,2294.74,2290.38,2291.84,1726.6714
2026-05-15 01:15:00,2291.83,2294.27,2286.02,2286.3,2014.3728
2026-05-15 01:30:00,2286.31,2290.0,2279.57,2285.43,4693.8691
2026-05-15 01:45:00,2285.43,2285.83,2274.06,2275.45,5618.5215
2026-05-15 02:00:00,2275.46,2278.12,2267.0,2268.89,6327.344
2026-05-15 02:15:00,2268.88,2271.33,2263.51,2264.49,5275.2247
2026-05-15 02:30:00,2264.49,2272.65,2260.45,2271.76,5521.3324
2026-05-15 02:45:00,2271.77,2279.26,2270.06,2276.37,4063.2963
2026-05-15 03:00:00,2276.37,2279.64,2271.39,2274.62,3233.0892
2026-05-15 03:15:00,2274.61,2276.97,2272.7,2276.59,3137.3798
2026-05-15 03:30:00,2276.59,2276.66,2267.98,2271.64,3739.4189
2026-05-15 03:45:00,2271.64,2274.06,2269.56,2273.34,2239.4121
2026-05-15 04:00:00,2273.35,2273.91,2269.09,2271.38,1258.3727
2026-05-15 04:15:00,2271.38,2273.47,2266.78,2268.44,1084.3932
2026-05-15 04:30:00,2268.43,2270.91,2266.79,2267.51,1035.0889
2026-05-15 04:45:00,2267.52,2268.42,2262.74,2263.33,2012.9367
2026-05-15 05:00:00,2263.33,2266.09,2261.49,2266.09,3005.4259
2026-05-15 05:15:00,2266.08,2267.0,2262.66,2263.74,1359.5848
2026-05-15 05:30:00,2263.74,2264.17,2237.95,2246.91,16743.8474
2026-05-15 05:45:00,2246.9,2249.7,2242.01,2245.41,4189.0422
2026-05-15 06:00:00,2245.4,2250.6,2243.8,2248.5,2846.8884
2026-05-15 06:15:00,2248.51,2253.22,2247.34,2253.22,2620.4301
2026-05-15 06:30:00,2253.22,2256.11,2252.47,2255.8,1772.9048
2026-05-15 06:45:00,2255.8,2256.92,2254.11,2255.35,1014.471
2026-05-15 07:00:00,2255.36,2262.15,2253.63,2262.08,1726.4018
2026-05-15 07:15:00,2262.09,2271.64,2258.59,2267.02,4200.001
2026-05-15 07:30:00,2267.02,2267.11,2263.51,2266.45,3360.7833
2026-05-15 07:45:00,2266.45,2267.71,2264.88,2265.11,2076.4516
2026-05-15 08:00:00,2265.11,2265.42,2258.66,2260.53,2548.8678
2026-05-15 08:15:00,2260.53,2260.53,2253.0,2253.98,3845.0489
2026-05-15 08:30:00,2253.99,2258.66,2250.0,2257.8,3349.5111
2026-05-15 08:45:00,2257.81,2258.09,2254.48,2257.56,1184.5788
2026-05-15 09:00:00,2257.56,2260.0,2255.28,2255.86,1177.6173
2026-05-15 09:15:00,2255.85,2257.97,2253.21,2257.88,1243.4689
2026-05-15 09:30:00,2257.89,2259.43,2253.0,2253.21,1048.9117
2026-05-15 09:45:00,2253.21,2255.28,2250.82,2254.5,2072.7654
2026-05-15 10:00:00,2254.5,2259.0,2252.35,2258.58,1404.7997
2026-05-15 10:15:00,2258.58,2258.58,2253.4,2254.45,1176.2577
2026-05-15 10:30:00,2254.45,2256.78,2253.02,2256.78,1645.6321
2026-05-15 10:45:00,2256.77,2264.49,2255.85,2262.44,3641.8145
2026-05-15 11:00:00,2262.44,2263.95,2257.56,2260.43,1613.9474
2026-05-15 11:15:00,2260.43,2262.37,2258.04,2260.21,1174.4138
2026-05-15 11:30:00,2260.21,2260.82,2257.77,2258.66,1591.5915
2026-05-15 11:45:00,2258.66,2262.06,2257.26,2257.57,2052.4253
2026-05-15 12:00:00,2257.56,2258.13,2251.85,2251.85,2693.5504
2026-05-15 12:15:00,2251.86,2260.72,2251.14,2258.93,1686.4369
2026-05-15 12:30:00,2258.92,2258.92,2253.54,2253.71,1737.1475
2026-05-15 12:45:00,2253.7,2255.26,2251.78,2254.29,1238.7773
2026-05-15 13:00:00,2254.29,2254.29,2245.08,2247.43,3709.4694
2026-05-15 13:15:00,2247.44,2250.84,2245.02,2247.47,2642.4322
2026-05-15 13:30:00,2247.47,2247.71,2224.0,2224.74,17900.4884
2026-05-15 13:45:00,2224.73,2231.41,2210.31,2213.68,18160.6039
2026-05-15 14:00:00,2213.69,2223.64,2205.11,2220.89,18493.1837
2026-05-15 14:15:00,2220.89,2223.79,2211.35,2213.44,7091.4931
2026-05-15 14:30:00,2213.44,2218.57,2210.2,2213.86,3769.2524
2026-05-15 14:45:00,2213.85,2216.97,2207.61,2213.35,7269.7878
2026-05-15 15:00:00,2213.35,2217.0,2209.79,2215.69,3286.122
2026-05-15 15:15:00,2215.69,2221.57,2212.88,2215.53,3302.6641
2026-05-15 15:30:00,2215.54,2220.94,2215.54,2218.34,2793.005
2026-05-15 15:45:00,2218.34,2223.96,2215.83,2222.85,2555.4481
2026-05-15 16:00:00,2222.86,2224.61,2220.93,2224.05,2726.5954
2026-05-15 16:15:00,2224.04,2229.54,2223.0,2228.33,3837.6354
2026-05-15 16:30:00,2228.33,2231.11,2224.66,2225.08,2407.6781
2026-05-15 16:45:00,2225.08,2225.61,2218.9,2224.59,2604.3864
2026-05-15 17:00:00,2224.59,2232.88,2224.26,2227.15,2244.6332
2026-05-15 17:15:00,2227.15,2230.87,2224.97,2227.59,2963.8093
2026-05-15 17:30:00,2227.58,2230.16,2226.52,2228.05,2176.5056
2026-05-15 17:45:00,2228.06,2229.96,2227.18,2229.47,1449.4866
2026-05-15 18:00:00,2229.47,2232.86,2229.47,2231.96,1670.8975
2026-05-15 18:15:00,2231.97,2232.53,2225.21,2228.99,1983.5709
2026-05-15 18:30:00,2228.98,2229.88,2224.97,2228.33,1327.947
2026-05-15 18:45:00,2228.34,2229.08,2225.59,2228.36,1733.3805
2026-05-15 19:00:00,2228.35,2228.42,2222.67,2223.75,1878.1932
2026-05-15 19:15:00,2223.75,2225.73,2223.19,2225.07,993.0468
2026-05-15 19:30:00,2225.08,2228.28,2223.24,2223.6,1272.7261
2026-05-15 19:45:00,2223.6,2225.4,2222.27,2223.35,1584.047
2026-05-15 20:00:00,2223.35,2226.13,2219.38,2223.28,1590.7804
2026-05-15 20:15:00,2223.29,2225.2,2219.7,2225.2,1017.2926
2026-05-15 20:30:00,2225.21,2225.81,2219.5,2220.63,1594.2026
2026-05-15 20:45:00,2220.62,2220.63,2216.99,2220.14,2006.2209
2026-05-15 21:00:00,2220.13,2225.08,2220.0,2224.64,836.2925
2026-05-15 21:15:00,2224.64,2224.65,2220.42,2221.0,997.3663
2026-05-15 21:30:00,2221.0,2221.71,2219.22,2220.94,849.2107
2026-05-15 21:45:00,2220.93,2221.15,2215.0,2216.99,2596.7548
2026-05-15 22:00:00,2217.0,2222.31,2216.99,2220.77,1244.3296
2026-05-15 22:15:00,2220.76,2222.69,2219.74,2221.03,686.2483
2026-05-15 22:30:00,2221.03,2223.64,2220.96,2222.99,632.6812
2026-05-15 22:45:00,2222.98,2225.01,2222.87,2224.18,2453.8305
2026-05-15 23:00:00,2224.18,2224.26,2223.0,2223.21,595.5554
2026-05-15 23:15:00,2223.21,2225.88,2222.88,2225.07,810.6023
2026-05-15 23:30:00,2225.07,2226.27,2223.31,2226.26,674.3589
2026-05-15 23:45:00,2226.26,2226.29,2224.46,2224.66,740.728
2026-05-16 00:00:00,2224.65,2228.36,2223.81,2228.35,910.0943
2026-05-16 00:15:00,2228.36,2231.51,2226.74,2230.51,1506.3664
2026-05-16 00:30:00,2230.52,2231.07,2228.17,2228.17,455.9157
2026-05-16 00:45:00,2228.18,2229.04,2226.29,2227.0,429.43
2026-05-16 01:00:00,2226.99,2228.72,2226.24,2228.69,536.3457
2026-05-16 01:15:00,2228.69,2230.12,2224.3,2224.3,1038.6331
2026-05-16 01:30:00,2224.31,2225.81,2223.53,2224.31,540.0014
2026-05-16 01:45:00,2224.32,2230.85,2224.31,2229.62,865.305
2026-05-16 02:00:00,2229.62,2231.5,2228.83,2230.53,1228.6523
2026-05-16 02:15:00,2230.53,2230.62,2228.01,2228.62,513.0113
2026-05-16 02:30:00,2228.62,2229.46,2227.0,2228.29,385.1404
2026-05-16 02:45:00,2228.29,2230.43,2227.69,2229.91,438.3552
2026-05-16 03:00:00,2229.91,2230.64,2229.57,2229.88,907.1288
2026-05-16 03:15:00,2229.89,2230.4,2229.19,2230.36,643.7807
2026-05-16 03:30:00,2230.36,2230.37,2227.4,2227.4,319.5345
2026-05-16 03:45:00,2227.4,2228.63,2227.11,2228.01,459.137
2026-05-16 04:00:00,2228.0,2228.96,2225.97,2225.97,485.2121
2026-05-16 04:15:00,2225.97,2227.07,2225.15,2225.16,512.0287
2026-05-16 04:30:00,2225.16,2225.66,2218.35,2223.35,2156.4994
2026-05-16 04:45:00,2223.35,2226.38,2222.93,2225.98,1017.3312
2026-05-16 05:00:00,2225.99,2226.28,2222.69,2226.02,736.3456
2026-05-16 05:15:00,2226.02,2227.13,2225.15,2226.53,554.3139
2026-05-16 05:30:00,2226.54,2227.13,2224.05,2225.76,548.8688
2026-05-16 05:45:00,2225.76,2227.02,2224.51,2225.37,471.9269
2026-05-16 06:00:00,2225.38,2226.89,2222.0,2222.79,752.1237
2026-05-16 06:15:00,2222.79,2223.21,2218.46,2220.29,2401.418
2026-05-16 06:30:00,2220.29,2222.05,2215.66,2216.48,1622.3914
2026-05-16 06:45:00,2216.47,2218.61,2209.7,2215.45,3279.2339
2026-05-16 07:00:00,2215.46,2215.81,2182.36,2191.79,20297.3517
2026-05-16 07:15:00,2191.79,2195.53,2182.0,2192.71,11867.7492
2026-05-16 07:30:00,2192.71,2200.51,2189.01,2198.18,4205.4944
2026-05-16 07:45:00,2198.19,2198.44,2193.32,2194.81,1952.2927
2026-05-16 08:00:00,2194.81,2196.87,2194.14,2194.14,2000.6307
2026-05-16 08:15:00,2194.15,2195.73,2192.01,2194.99,852.2483
2026-05-16 08:30:00,2195.0,2196.4,2192.78,2195.05,2567.4026
2026-05-16 08:45:00,2195.05,2195.23,2192.68,2193.26,607.8647
2026-05-16 09:00:00,2193.26,2193.85,2183.39,2186.1,2969.4781
2026-05-16 09:15:00,2186.1,2187.02,2162.6,2170.34,18369.0856
2026-05-16 09:30:00,2170.35,2177.92,2169.72,2175.44,4242.5839
2026-05-16 09:45:00,2175.45,2177.5,2171.01,2173.57,2307.6367
2026-05-16 10:00:00,2173.57,2174.33,2167.39,2171.48,4143.9268
2026-05-16 10:15:00,2171.47,2172.93,2162.55,2166.67,5745.7575
2026-05-16 10:30:00,2166.68,2175.0,2166.67,2171.13,6157.5671
2026-05-16 10:45:00,2171.13,2174.35,2170.17,2173.85,2835.1971
2026-05-16 11:00:00,2173.85,2179.15,2173.85,2177.13,3363.3542
2026-05-16 11:15:00,2177.13,2179.15,2175.61,2178.4,2572.7037
2026-05-16 11:30:00,2178.4,2181.0,2177.5,2178.93,5454.644
2026-05-16 11:45:00,2178.93,2179.08,2175.97,2176.1,1998.8191
2026-05-16 12:00:00,2176.11,2178.51,2175.35,2176.94,2623.7608
2026-05-16 12:15:00,2176.94,2178.8,2173.18,2175.77,3791.8827
2026-05-16 12:30:00,2175.77,2178.27,2175.65,2178.23,834.351
2026-05-16 12:45:00,2178.23,2179.26,2176.5,2176.5,763.1952
2026-05-16 13:00:00,2176.5,2176.83,2172.65,2173.14,2185.3109
2026-05-16 13:15:00,2173.14,2177.71,2172.3,2177.07,1968.3197
2026-05-16 13:30:00,2177.07,2180.0,2173.52,2177.46,2080.0038
2026-05-16 13:45:00,2177.46,2178.6,2176.11,2177.12,2542.1642
2026-05-16 14:00:00,2177.12,2179.57,2173.51,2175.37,4058.0739
2026-05-16 14:15:00,2175.38,2178.28,2174.2,2176.71,1550.6229
2026-05-16 14:30:00,2176.71,2182.56,2176.71,2182.56,1848.3162
2026-05-16 14:45:00,2182.56,2188.16,2178.1,2179.93,3673.7479
2026-05-16 15:00:00,2179.92,2183.79,2178.13,2179.08,2495.4595
2026-05-16 15:15:00,2179.09,2180.16,2176.9,2177.86,2211.0141
2026-05-16 15:30:00,2177.86,2182.51,2177.86,2182.2,2766.9843
2026-05-16 15:45:00,2182.2,2183.51,2179.11,2180.0,2771.7761
2026-05-16 16:00:00,2180.0,2183.52,2175.6,2176.17,3562.7417
2026-05-16 16:15:00,2176.18,2179.18,2174.8,2177.45,3590.9655
2026-05-16 16:30:00,2177.46,2177.82,2170.5,2171.96,3530.1439
2026-05-16 16:45:00,2171.95,2175.28,2171.95,2174.11,3043.725
2026-05-16 17:00:00,2174.11,2177.69,2174.11,2176.88,1000.7911
2026-05-16 17:15:00,2176.88,2178.91,2175.84,2178.7,888.0476
2026-05-16 17:30:00,2178.69,2179.55,2178.02,2179.33,549.8818
2026-05-16 17:45:00,2179.34,2180.79,2178.39,2178.91,1006.637
2026-05-16 18:00:00,2178.91,2180.87,2177.63,2178.47,664.1356
2026-05-16 18:15:00,2178.47,2178.87,2176.36,2178.25,708.0975
2026-05-16 18:30:00,2178.25,2180.34,2177.98,2179.2,574.7769
2026-05-16 18:45:00,2179.2,2185.22,2179.19,2181.35,1930.5229
2026-05-16 19:00:00,2181.35,2181.59,2180.53,2180.82,397.4279
2026-05-16 19:15:00,2180.83,2181.35,2179.66,2181.25,384.8796
2026-05-16 19:30:00,2181.24,2181.24,2180.33,2180.68,406.0242
2026-05-16 19:45:00,2180.68,2182.77,2179.23,2179.57,937.3303
2026-05-16 20:00:00,2179.57,2182.9,2179.57,2182.06,466.0842
2026-05-16 20:15:00,2182.07,2182.84,2181.98,2181.99,423.5139
2026-05-16 20:30:00,2181.98,2182.19,2179.97,2180.76,538.3442
2026-05-16 20:45:00,2180.76,2182.08,2180.57,2181.45,443.6755
2026-05-16 21:00:00,2181.45,2183.54,2180.94,2182.69,476.6744
2026-05-16 21:15:00,2182.68,2182.68,2181.01,2181.85,429.6682
2026-05-16 21:30:00,2181.86,2182.73,2181.38,2182.68,522.3873
2026-05-16 21:45:00,2182.68,2183.44,2182.0,2182.39,448.9851
2026-05-16 22:00:00,2182.39,2183.28,2179.77,2181.82,723.2767
2026-05-16 22:15:00,2181.81,2183.08,2181.81,2182.47,356.2902
2026-05-16 22:30:00,2182.47,2182.47,2181.16,2181.71,275.3812
2026-05-16 22:45:00,2181.71,2181.78,2180.28,2180.47,497.3817
2026-05-16 23:00:00,2180.46,2180.67,2179.35,2180.4,606.1738
2026-05-16 23:15:00,2180.4,2182.9,2180.4,2182.08,473.5675
2026-05-16 23:30:00,2182.08,2182.68,2181.48,2181.98,352.9043
2026-05-16 23:45:00,2181.99,2183.03,2180.11,2180.77,686.8427
2026-05-17 00:00:00,2180.77,2185.6,2180.76,2184.17,971.6597
2026-05-17 00:15:00,2184.18,2184.98,2182.3,2183.76,608.8491
2026-05-17 00:30:00,2183.76,2184.2,2181.01,2181.23,492.4264
2026-05-17 00:45:00,2181.24,2182.07,2174.08,2177.59,2725.1784
2026-05-17 01:00:00,2177.6,2183.6,2174.49,2181.71,1694.8137
2026-05-17 01:15:00,2181.72,2181.96,2175.91,2177.76,886.6292
2026-05-17 01:30:00,2177.76,2177.97,2167.98,2170.73,3420.4383
2026-05-17 01:45:00,2170.73,2174.77,2169.17,2169.18,3611.7139
2026-05-17 02:00:00,2169.17,2175.65,2169.17,2172.62,1089.2332
2026-05-17 02:15:00,2172.61,2175.3,2171.44,2175.05,663.9828
2026-05-17 02:30:00,2175.06,2176.25,2173.55,2174.69,946.2277
2026-05-17 02:45:00,2174.7,2175.34,2172.23,2174.5,1106.0268
2026-05-17 03:00:00,2174.51,2178.75,2174.26,2177.43,985.4237
2026-05-17 03:15:00,2177.42,2179.26,2177.09,2178.29,830.1637
2026-05-17 03:30:00,2178.28,2182.23,2178.25,2180.06,1071.81
2026-05-17 03:45:00,2180.07,2184.5,2180.0,2181.7,1212.8683
2026-05-17 04:00:00,2181.71,2184.99,2181.14,2182.88,823.6331
2026-05-17 04:15:00,2182.89,2188.0,2182.84,2185.83,1354.4405
2026-05-17 04:30:00,2185.83,2190.37,2183.74,2188.29,1905.4012
2026-05-17 04:45:00,2188.3,2189.73,2187.31,2187.61,1523.6946
2026-05-17 05:00:00,2187.61,2195.0,2187.09,2191.14,2159.0332
2026-05-17 05:15:00,2191.14,2191.14,2188.57,2188.57,1140.1388
2026-05-17 05:30:00,2188.58,2189.88,2187.49,2188.2,926.357
2026-05-17 05:45:00,2188.2,2189.12,2185.63,2185.91,637.3681
2026-05-17 06:00:00,2185.91,2188.0,2185.91,2186.92,704.0769
2026-05-17 06:15:00,2186.91,2187.35,2181.7,2184.01,1595.0982
2026-05-17 06:30:00,2184.0,2185.49,2182.43,2182.47,665.8053
2026-05-17 06:45:00,2182.48,2185.02,2182.47,2185.02,815.4414
2026-05-17 07:00:00,2185.02,2185.41,2183.95,2184.18,393.7531
2026-05-17 07:15:00,2184.19,2186.52,2182.53,2184.9,632.557
2026-05-17 07:30:00,2184.9,2188.49,2184.01,2185.84,729.2782
2026-05-17 07:45:00,2185.84,2186.98,2185.83,2186.64,1294.9116
2026-05-17 08:00:00,2186.63,2187.06,2185.43,2185.49,600.8757
2026-05-17 08:15:00,2185.49,2185.49,2183.12,2184.56,1010.2652
2026-05-17 08:30:00,2184.56,2186.61,2184.34,2185.94,578.2569
2026-05-17 08:45:00,2185.94,2186.17,2185.21,2185.95,443.3487
2026-05-17 09:00:00,2185.95,2189.27,2185.91,2188.8,498.9307
2026-05-17 09:15:00,2188.81,2190.0,2188.15,2189.29,1075.9259
2026-05-17 09:30:00,2189.28,2189.29,2186.99,2187.8,636.2383
2026-05-17 09:45:00,2187.8,2191.38,2187.8,2190.23,678.0798
2026-05-17 10:00:00,2190.22,2197.22,2190.22,2194.52,2286.6415
2026-05-17 10:15:00,2194.52,2198.14,2193.64,2195.64,1251.6723
2026-05-17 10:30:00,2195.64,2197.7,2193.75,2194.61,901.4794
2026-05-17 10:45:00,2194.61,2194.83,2192.55,2194.28,1177.0643
2026-05-17 11:00:00,2194.29,2194.72,2190.66,2190.67,807.9525
2026-05-17 11:15:00,2190.67,2191.09,2188.36,2188.61,1367.8202
2026-05-17 11:30:00,2188.62,2194.17,2188.0,2192.67,1278.302
2026-05-17 11:45:00,2192.66,2193.41,2191.09,2192.0,997.9244
2026-05-17 12:00:00,2192.0,2193.58,2191.34,2192.59,562.6015
2026-05-17 12:15:00,2192.58,2194.5,2191.84,2193.91,872.1057
2026-05-17 12:30:00,2193.91,2197.89,2193.79,2197.12,1566.8971
2026-05-17 12:45:00,2197.13,2198.04,2193.58,2194.3,962.551
2026-05-17 13:00:00,2194.3,2194.93,2190.6,2190.75,1173.6519
2026-05-17 13:15:00,2190.76,2191.96,2187.29,2191.95,1777.9396
2026-05-17 13:30:00,2191.96,2194.39,2190.79,2193.37,765.4642
2026-05-17 13:45:00,2193.37,2194.72,2190.4,2192.12,1106.467
2026-05-17 14:00:00,2192.12,2192.39,2187.4,2187.77,1281.0483
2026-05-17 14:15:00,2187.78,2189.62,2178.39,2187.53,3849.1252
2026-05-17 14:30:00,2187.53,2188.8,2183.45,2185.34,856.9226
2026-05-17 14:45:00,2185.35,2188.32,2185.35,2186.64,765.3156
2026-05-17 15:00:00,2186.64,2188.84,2184.65,2187.01,827.8112
2026-05-17 15:15:00,2187.01,2187.02,2181.2,2183.03,993.1404
2026-05-17 15:30:00,2183.04,2186.8,2183.03,2185.67,852.4644
2026-05-17 15:45:00,2185.67,2187.26,2185.48,2186.51,667.781
2026-05-17 16:00:00,2186.51,2189.12,2185.0,2185.35,725.8538
2026-05-17 16:15:00,2185.36,2186.98,2183.53,2186.65,623.3622
2026-05-17 16:30:00,2186.64,2187.95,2185.84,2187.33,627.3565
2026-05-17 16:45:00,2187.34,2187.34,2182.15,2182.51,850.8328
2026-05-17 17:00:00,2182.52,2183.71,2177.95,2178.96,1338.3876
2026-05-17 17:15:00,2178.95,2180.61,2176.63,2179.61,1030.4306
2026-05-17 17:30:00,2179.62,2182.53,2176.89,2182.52,1055.4841
2026-05-17 17:45:00,2182.53,2184.95,2181.28,2183.67,865.1175
2026-05-17 18:00:00,2183.68,2187.77,2182.9,2183.76,878.9369
2026-05-17 18:15:00,2183.76,2184.4,2179.13,2183.88,704.9036
2026-05-17 18:30:00,2183.89,2185.7,2183.09,2183.62,572.7097
2026-05-17 18:45:00,2183.62,2188.5,2182.74,2188.49,584.8138
2026-05-17 19:00:00,2188.5,2190.36,2187.56,2188.57,548.4412
2026-05-17 19:15:00,2188.57,2191.61,2187.96,2188.85,589.7725
2026-05-17 19:30:00,2188.84,2193.54,2188.76,2192.18,667.8667
2026-05-17 19:45:00,2192.18,2193.62,2190.56,2192.53,703.9656
2026-05-17 20:00:00,2192.54,2193.68,2188.87,2190.05,899.5213
2026-05-17 20:15:00,2190.05,2190.06,2186.98,2188.92,667.1501
2026-05-17 20:30:00,2188.91,2190.9,2187.8,2189.46,570.5671
2026-05-17 20:45:00,2189.47,2189.82,2188.49,2189.55,317.8148
2026-05-17 21:00:00,2189.55,2189.62,2187.24,2189.45,324.265
2026-05-17 21:15:00,2189.44,2192.89,2188.8,2192.14,713.8261
2026-05-17 21:30:00,2192.14,2194.82,2191.4,2192.84,680.9171
2026-05-17 21:45:00,2192.85,2193.29,2191.8,2191.81,581.3941
2026-05-17 22:00:00,2191.8,2191.8,2178.98,2183.7,3353.2203
2026-05-17 22:15:00,2183.7,2185.22,2177.22,2181.38,3525.0891
2026-05-17 22:30:00,2181.37,2184.63,2178.39,2182.32,1863.0743
2026-05-17 22:45:00,2182.31,2182.38,2174.01,2179.69,2298.5351
2026-05-17 23:00:00,2179.7,2179.7,2170.29,2174.28,2655.5752
2026-05-17 23:15:00,2174.27,2176.74,2167.0,2171.0,3749.2048
2026-05-17 23:30:00,2171.0,2172.98,2091.48,2121.04,53866.7878
2026-05-17 23:45:00,2121.04,2131.78,2116.77,2131.0,12591.14
2026-05-18 00:00:00,2131.0,2132.0,2112.01,2120.78,12513.1061
2026-05-18 00:15:00,2120.78,2126.25,2108.78,2113.4,7776.8274
2026-05-18 00:30:00,2113.39,2115.92,2104.99,2109.37,8615.0063
2026-05-18 00:45:00,2109.36,2115.47,2107.0,2115.46,4543.6404
2026-05-18 01:00:00,2115.47,2120.32,2112.21,2113.14,4459.7275
2026-05-18 01:15:00,2113.13,2113.96,2106.5,2111.16,3247.0275
2026-05-18 01:30:00,2111.16,2113.23,2109.57,2110.95,4123.3692
2026-05-18 01:45:00,2110.96,2121.33,2107.36,2117.54,4509.5058
2026-05-18 02:00:00,2117.54,2124.0,2115.85,2123.54,2348.9704
2026-05-18 02:15:00,2123.55,2123.82,2118.16,2120.31,2490.2489
2026-05-18 02:30:00,2120.31,2121.41,2114.79,2117.71,2209.1042
2026-05-18 02:45:00,2117.71,2120.35,2112.78,2116.64,2122.5751
2026-05-18 03:00:00,2116.65,2123.91,2116.27,2118.07,2415.7844
2026-05-18 03:15:00,2118.07,2121.18,2117.56,2119.95,1783.4254
2026-05-18 03:30:00,2119.95,2121.85,2115.89,2121.09,1862.5982
2026-05-18 03:45:00,2121.09,2121.65,2116.78,2118.44,1914.0145
2026-05-18 04:00:00,2118.44,2122.52,2117.68,2121.96,2124.9617
2026-05-18 04:15:00,2121.96,2122.18,2114.24,2115.78,2381.7491
2026-05-18 04:30:00,2115.78,2122.06,2114.75,2122.06,1257.6975
2026-05-18 04:45:00,2122.08,2125.5,2120.24,2124.85,1073.3079
2026-05-18 05:00:00,2124.85,2125.83,2122.61,2123.73,1325.8671
2026-05-18 05:15:00,2123.73,2124.72,2119.7,2124.04,1748.115
2026-05-18 05:30:00,2124.03,2125.38,2117.61,2119.6,2271.3241
2026-05-18 05:45:00,2119.6,2121.22,2117.0,2118.25,1108.4715
2026-05-18 06:00:00,2118.25,2121.0,2111.51,2118.54,3053.6311
2026-05-18 06:15:00,2118.54,2121.0,2110.0,2113.23,3179.1441
2026-05-18 06:30:00,2113.22,2117.97,2110.25,2117.76,1688.2698
2026-05-18 06:45:00,2117.76,2119.99,2116.91,2119.03,1127.704
2026-05-18 07:00:00,2119.04,2121.89,2116.06,2117.6,1121.0027
2026-05-18 07:15:00,2117.61,2121.26,2112.07,2120.02,1789.6206
2026-05-18 07:30:00,2120.03,2123.99,2115.43,2116.06,3263.314
2026-05-18 07:45:00,2116.05,2122.35,2116.03,2120.82,3621.8179
2026-05-18 08:00:00,2120.82,2124.05,2120.81,2121.15,2006.0305
2026-05-18 08:15:00,2121.15,2122.95,2120.14,2121.14,1321.0543
2026-05-18 08:30:00,2121.14,2121.67,2118.0,2118.32,1299.4766
2026-05-18 08:45:00,2118.31,2122.01,2117.48,2121.57,1703.3188
2026-05-18 09:00:00,2121.57,2121.93,2116.03,2118.32,1582.2696
2026-05-18 09:15:00,2118.31,2119.64,2116.92,2117.95,668.5132
2026-05-18 09:30:00,2117.96,2120.34,2116.34,2117.7,1127.0967
2026-05-18 09:45:00,2117.71,2119.08,2116.73,2116.88,884.9711
2026-05-18 10:00:00,2116.88,2117.59,2112.65,2113.95,2021.0288
2026-05-18 10:15:00,2113.95,2116.84,2113.63,2115.82,1332.176
2026-05-18 10:30:00,2115.82,2117.5,2113.35,2114.2,1841.7545
2026-05-18 10:45:00,2114.21,2117.32,2114.21,2114.55,1139.9785
2026-05-18 11:00:00,2114.56,2115.01,2110.5,2113.33,1960.9964
2026-05-18 11:15:00,2113.34,2115.97,2112.87,2114.72,1390.9118
2026-05-18 11:30:00,2114.72,2139.75,2113.22,2136.78,8474.4051
2026-05-18 11:45:00,2136.79,2137.55,2132.15,2133.9,4084.4186
2026-05-18 12:00:00,2133.9,2148.18,2133.9,2143.91,8657.5155
2026-05-18 12:15:00,2143.9,2150.45,2142.11,2144.92,5449.1506
2026-05-18 12:30:00,2144.92,2155.55,2142.92,2155.02,6341.6419
2026-05-18 12:45:00,2155.03,2157.24,2149.71,2151.01,5175.5355
2026-05-18 13:00:00,2151.02,2151.41,2145.01,2147.87,3635.9868
2026-05-18 13:15:00,2147.88,2147.88,2142.45,2142.74,2318.955
2026-05-18 13:30:00,2142.74,2142.86,2120.25,2125.78,13352.961
2026-05-18 13:45:00,2125.79,2137.35,2122.67,2130.91,5869.9523
2026-05-18 14:00:00,2130.9,2130.9,2123.29,2124.44,5003.3394
2026-05-18 14:15:00,2124.44,2128.11,2114.94,2117.05,7589.4403
2026-05-18 14:30:00,2117.05,2119.0,2098.01,2113.71,13063.1096
2026-05-18 14:45:00,2113.71,2114.9,2106.67,2110.32,5988.6701
2026-05-18 15:00:00,2110.32,2111.3,2095.51,2103.93,12450.3796
2026-05-18 15:15:00,2103.92,2103.92,2095.53,2097.71,8902.7805
2026-05-18 15:30:00,2097.7,2108.75,2093.77,2107.27,6147.7887
2026-05-18 15:45:00,2107.26,2110.65,2103.67,2107.48,3778.3256
2026-05-18 16:00:00,2107.49,2111.19,2101.56,2107.18,4458.4001
2026-05-18 16:15:00,2107.17,2111.0,2092.6,2093.46,5454.3526
2026-05-18 16:30:00,2093.46,2100.05,2090.56,2098.73,5154.9577
2026-05-18 16:45:00,2098.73,2102.27,2097.46,2097.71,3184.634
2026-05-18 17:00:00,2097.71,2107.85,2095.33,2102.43,2965.704
2026-05-18 17:15:00,2102.42,2107.28,2102.42,2107.28,2118.7315
2026-05-18 17:30:00,2107.28,2108.21,2103.39,2107.45,1558.6276
2026-05-18 17:45:00,2107.46,2110.19,2106.06,2108.21,3818.7832
2026-05-18 18:00:00,2108.21,2109.12,2100.42,2100.72,2247.2738
2026-05-18 18:15:00,2100.72,2100.72,2077.23,2088.36,19815.489
2026-05-18 18:30:00,2088.37,2092.12,2084.53,2087.16,3950.8434
2026-05-18 18:45:00,2087.17,2090.37,2079.86,2081.32,3591.0215
2026-05-18 19:00:00,2081.31,2113.55,2079.64,2105.64,15907.4242
2026-05-18 19:15:00,2105.64,2109.59,2102.21,2105.7,4774.9238
2026-05-18 19:30:00,2105.69,2117.32,2105.01,2116.66,5592.3381
2026-05-18 19:45:00,2116.65,2128.49,2116.15,2125.07,9013.741
2026-05-18 20:00:00,2125.07,2129.84,2122.89,2127.39,3647.7488
2026-05-18 20:15:00,2127.39,2129.42,2124.77,2128.67,1879.1651
2026-05-18 20:30:00,2128.67,2131.03,2122.28,2122.29,2448.1217
2026-05-18 20:45:00,2122.29,2122.49,2115.01,2117.61,2640.7251
2026-05-18 21:00:00,2117.62,2124.39,2114.59,2121.7,2419.3936
2026-05-18 21:15:00,2121.69,2133.11,2121.69,2130.87,3515.9583
2026-05-18 21:30:00,2130.88,2142.67,2130.88,2137.62,6452.2065
2026-05-18 21:45:00,2137.63,2139.31,2133.39,2137.38,1936.5738
2026-05-18 22:00:00,2137.39,2139.2,2133.17,2136.71,3779.9096
2026-05-18 22:15:00,2136.7,2142.57,2135.57,2139.66,3221.3167
2026-05-18 22:30:00,2139.66,2141.85,2134.11,2135.01,2707.8026
2026-05-18 22:45:00,2135.02,2136.03,2130.5,2135.74,2576.8892
2026-05-18 23:00:00,2135.73,2139.17,2135.19,2135.2,1175.1229
2026-05-18 23:15:00,2135.19,2135.38,2132.84,2132.84,1296.4425
2026-05-18 23:30:00,2132.84,2134.58,2130.42,2134.57,1601.131
2026-05-18 23:45:00,2134.58,2134.58,2127.75,2130.08,1337.778
2026-05-19 00:00:00,2130.08,2134.4,2128.44,2132.79,1988.8421
2026-05-19 00:15:00,2132.78,2146.95,2131.76,2139.73,3416.9251
2026-05-19 00:30:00,2139.73,2141.45,2135.49,2137.65,1068.5447
2026-05-19 00:45:00,2137.65,2142.53,2135.82,2135.88,1278.4614
2026-05-19 01:00:00,2135.88,2138.4,2132.01,2135.61,1663.4216
2026-05-19 01:15:00,2135.62,2135.92,2123.71,2125.82,2845.3353
2026-05-19 01:30:00,2125.82,2133.0,2124.16,2131.2,2363.5174
2026-05-19 01:45:00,2131.2,2131.33,2124.92,2124.92,1386.5352
2026-05-19 02:00:00,2124.92,2126.56,2118.6,2125.31,2259.126
2026-05-19 02:15:00,2125.31,2135.67,2123.94,2131.42,2581.3952
2026-05-19 02:30:00,2131.42,2131.49,2125.64,2126.36,1305.5646
2026-05-19 02:45:00,2126.36,2128.2,2122.4,2123.31,1500.0675
2026-05-19 03:00:00,2123.3,2128.89,2122.06,2128.88,998.6509
2026-05-19 03:15:00,2128.88,2132.9,2126.49,2128.23,1493.7035
2026-05-19 03:30:00,2128.24,2132.73,2128.23,2132.69,1625.1048
2026-05-19 03:45:00,2132.69,2134.61,2130.91,2131.3,889.8354
2026-05-19 04:00:00,2131.3,2136.65,2129.38,2135.49,1919.1476
2026-05-19 04:15:00,2135.49,2135.88,2128.22,2129.8,924.1452
2026-05-19 04:30:00,2129.81,2134.47,2129.6,2133.38,647.5726
2026-05-19 04:45:00,2133.39,2135.28,2133.39,2133.88,1137.5739
2026-05-19 05:00:00,2133.88,2134.52,2128.49,2130.98,1241.421
2026-05-19 05:15:00,2130.98,2131.03,2123.61,2129.88,1813.0788
2026-05-19 05:30:00,2129.88,2136.97,2128.5,2132.88,2262.0852
2026-05-19 05:45:00,2132.87,2137.74,2132.38,2135.21,2068.2414
2026-05-19 06:00:00,2135.21,2136.61,2133.44,2136.23,1756.636
2026-05-19 06:15:00,2136.23,2137.13,2132.71,2135.25,1495.5315
2026-05-19 06:30:00,2135.25,2140.31,2134.11,2139.91,1389.3798
2026-05-19 06:45:00,2139.91,2139.91,2137.02,2137.52,902.8758
2026-05-19 07:00:00,2137.52,2141.55,2135.29,2138.88,1571.2866
2026-05-19 07:15:00,2138.89,2140.83,2137.1,2138.49,1055.1424
2026-05-19 07:30:00,2138.49,2143.16,2138.18,2142.23,2330.1665
2026-05-19 07:45:00,2142.24,2145.0,2140.27,2140.97,2158.8518
2026-05-19 08:00:00,2140.97,2141.4,2133.72,2135.18,1954.222
2026-05-19 08:15:00,2135.17,2137.79,2131.01,2134.14,1718.4812
2026-05-19 08:30:00,2134.14,2141.29,2133.28,2137.47,1894.4447
2026-05-19 08:45:00,2137.46,2138.76,2133.07,2133.72,1507.2026
2026-05-19 09:00:00,2133.72,2134.5,2131.27,2131.99,932.3919
2026-05-19 09:15:00,2131.99,2131.99,2114.75,2115.91,5699.2574
2026-05-19 09:30:00,2115.9,2119.02,2112.16,2115.88,3552.2911
2026-05-19 09:45:00,2115.87,2116.5,2111.25,2114.49,1910.8528
2026-05-19 10:00:00,2114.49,2115.89,2108.98,2115.34,2503.8953
2026-05-19 10:15:00,2115.35,2116.5,2113.0,2116.5,1249.6843
2026-05-19 10:30:00,2116.49,2121.96,2109.22,2109.73,3645.5509
2026-05-19 10:45:00,2109.74,2120.45,2106.77,2118.36,3004.646
2026-05-19 11:00:00,2118.37,2120.24,2117.37,2118.27,1363.5312
2026-05-19 11:15:00,2118.27,2119.23,2112.99,2114.82,1325.6009
2026-05-19 11:30:00,2114.82,2115.85,2109.22,2109.41,1556.5847
2026-05-19 11:45:00,2109.41,2112.92,2109.26,2110.85,1276.9978
2026-05-19 12:00:00,2110.85,2113.96,2108.64,2113.95,1888.7103
2026-05-19 12:15:00,2113.96,2117.01,2113.12,2117.01,1416.3546
2026-05-19 12:30:00,2117.01,2119.35,2116.72,2117.63,1545.4946
2026-05-19 12:45:00,2117.64,2119.25,2116.94,2118.49,972.096
2026-05-19 13:00:00,2118.5,2119.73,2111.1,2114.67,2836.1978
2026-05-19 13:15:00,2114.67,2114.83,2107.65,2108.05,2990.3437
2026-05-19 13:30:00,2108.06,2127.53,2107.7,2112.8,7588.1284
2026-05-19 13:45:00,2112.8,2125.44,2112.63,2119.03,4293.3305
2026-05-19 14:00:00,2119.02,2123.6,2110.35,2110.36,6075.573
2026-05-19 14:15:00,2110.35,2111.71,2098.58,2107.1,9310.1515
2026-05-19 14:30:00,2107.1,2112.02,2100.5,2106.78,4044.6288
2026-05-19 14:45:00,2106.78,2107.64,2094.47,2106.55,4280.4766
2026-05-19 15:00:00,2106.54,2111.48,2104.52,2110.19,2514.0814
2026-05-19 15:15:00,2110.2,2112.8,2103.58,2106.52,2157.5014
2026-05-19 15:30:00,2106.51,2113.42,2105.84,2109.89,2508.5101
2026-05-19 15:45:00,2109.89,2112.24,2107.35,2110.19,1457.7593
2026-05-19 16:00:00,2110.2,2112.16,2107.12,2108.07,1871.1187
2026-05-19 16:15:00,2108.07,2112.64,2108.07,2112.16,1296.6485
2026-05-19 16:30:00,2112.16,2118.04,2112.07,2118.04,1929.0908
2026-05-19 16:45:00,2118.05,2122.45,2116.62,2121.12,1748.7123
2026-05-19 17:00:00,2121.11,2123.37,2119.31,2122.91,1704.2132
2026-05-19 17:15:00,2122.91,2125.07,2119.11,2119.6,1700.9013
2026-05-19 17:30:00,2119.59,2120.59,2113.91,2116.99,1896.6154
2026-05-19 17:45:00,2116.99,2116.99,2112.92,2115.75,1072.0965
2026-05-19 18:00:00,2115.75,2119.06,2113.86,2117.95,1082.078
2026-05-19 18:15:00,2117.95,2119.62,2111.72,2112.66,1945.6479
2026-05-19 18:30:00,2112.66,2116.52,2110.74,2115.58,1056.8911
2026-05-19 18:45:00,2115.58,2117.58,2113.78,2115.28,933.8778
2026-05-19 19:00:00,2115.27,2122.39,2115.27,2122.39,1400.5414
2026-05-19 19:15:00,2122.39,2123.16,2111.61,2112.52,2031.5295
2026-05-19 19:30:00,2112.52,2115.94,2110.14,2114.12,1443.5385
2026-05-19 19:45:00,2114.12,2114.72,2110.75,2113.15,1561.3611
2026-05-19 20:00:00,2113.14,2116.82,2112.41,2115.41,507.5308
2026-05-19 20:15:00,2115.41,2116.3,2114.56,2115.61,421.8749
2026-05-19 20:30:00,2115.61,2118.23,2115.37,2116.22,850.1416
2026-05-19 20:45:00,2116.22,2118.82,2116.21,2118.39,582.6407
2026-05-19 21:00:00,2118.38,2120.59,2116.69,2119.51,781.4654
2026-05-19 21:15:00,2119.51,2120.13,2117.77,2118.47,1225.465
2026-05-19 21:30:00,2118.47,2120.45,2118.28,2118.42,602.0859
2026-05-19 21:45:00,2118.42,2119.81,2116.87,2116.97,805.5188
2026-05-19 22:00:00,2116.97,2116.97,2109.42,2109.6,2393.6748
2026-05-19 22:15:00,2109.59,2109.78,2103.38,2104.3,2381.7022
2026-05-19 22:30:00,2104.3,2108.24,2102.09,2107.58,1638.1899
2026-05-19 22:45:00,2107.57,2108.28,2106.34,2106.4,767.4063
2026-05-19 23:00:00,2106.4,2112.18,2104.66,2111.16,1245.2259
2026-05-19 23:15:00,2111.16,2116.35,2110.93,2115.85,1110.4194
2026-05-19 23:30:00,2115.86,2118.68,2114.93,2115.62,1503.4685
2026-05-19 23:45:00,2115.63,2115.7,2111.51,2111.93,1140.2633
2026-05-20 00:00:00,2111.93,2114.11,2104.96,2104.96,1509.2487
2026-05-20 00:15:00,2104.97,2109.02,2103.3,2108.96,1427.5093
2026-05-20 00:30:00,2108.97,2115.95,2107.18,2110.17,2023.4669
2026-05-20 00:45:00,2110.17,2112.36,2109.13,2111.29,1019.293
2026-05-20 01:00:00,2111.29,2116.94,2108.36,2115.42,1489.1147
2026-05-20 01:15:00,2115.41,2115.41,2103.29,2103.83,1787.841
2026-05-20 01:30:00,2103.84,2109.48,2103.42,2107.1,1638.3173
2026-05-20 01:45:00,2107.1,2119.24,2106.36,2115.28,2063.5208
2026-05-20 02:00:00,2115.28,2116.26,2111.47,2113.53,809.7428
2026-05-20 02:15:00,2113.54,2117.14,2112.28,2112.36,716.3811
2026-05-20 02:30:00,2112.35,2112.36,2106.01,2107.43,1098.7039
2026-05-20 02:45:00,2107.42,2110.09,2106.5,2109.43,569.8557
2026-05-20 03:00:00,2109.42,2109.42,2106.1,2107.75,702.7438
2026-05-20 03:15:00,2107.75,2116.3,2107.59,2115.29,1163.7445
2026-05-20 03:30:00,2115.3,2115.3,2111.73,2112.4,783.7145
2026-05-20 03:45:00,2112.4,2112.66,2110.45,2111.6,511.2815
2026-05-20 04:00:00,2111.6,2114.71,2111.6,2114.59,980.6535
2026-05-20 04:15:00,2114.59,2114.78,2112.65,2113.0,918.9916
2026-05-20 04:30:00,2113.0,2113.29,2107.3,2110.82,1526.107
2026-05-20 04:45:00,2110.82,2113.21,2110.81,2113.2,434.0975
2026-05-20 05:00:00,2113.2,2127.01,2113.2,2124.58,7870.0858
2026-05-20 05:15:00,2124.59,2125.66,2122.15,2124.22,2249.4675
2026-05-20 05:30:00,2124.23,2130.38,2124.23,2126.33,2797.4827
2026-05-20 05:45:00,2126.34,2127.14,2124.76,2125.63,1292.9716
2026-05-20 06:00:00,2125.63,2127.99,2125.62,2127.12,813.4422
2026-05-20 06:15:00,2127.13,2133.0,2127.13,2129.41,5381.6308
2026-05-20 06:30:00,2129.41,2131.74,2126.83,2131.5,1784.0502
2026-05-20 06:45:00,2131.5,2134.41,2129.26,2133.75,2076.2306
2026-05-20 07:00:00,2133.76,2134.5,2130.31,2131.66,1415.8495
2026-05-20 07:15:00,2131.67,2136.5,2129.84,2134.37,3160.6528
2026-05-20 07:30:00,2134.37,2134.79,2131.85,2133.07,1142.4518
2026-05-20 07:45:00,2133.06,2133.34,2128.51,2129.74,1270.1243
2026-05-20 08:00:00,2129.75,2132.5,2128.87,2130.26,1890.5287
2026-05-20 08:15:00,2130.26,2131.93,2128.91,2131.49,1388.1538
2026-05-20 08:30:00,2131.49,2138.0,2131.35,2136.65,3332.4683
2026-05-20 08:45:00,2136.65,2137.0,2131.36,2131.91,1504.4854
2026-05-20 09:00:00,2131.91,2132.57,2128.53,2129.48,1510.4885
2026-05-20 09:15:00,2129.48,2132.13,2127.7,2131.64,1048.414
2026-05-20 09:30:00,2131.64,2133.0,2131.04,2131.05,754.3879
2026-05-20 09:45:00,2131.05,2131.05,2128.5,2129.36,1024.1239
2026-05-20 10:00:00,2129.36,2134.18,2129.36,2132.49,1277.3398
2026-05-20 10:15:00,2132.49,2134.12,2131.58,2133.34,990.6503
2026-05-20 10:30:00,2133.33,2137.02,2132.18,2132.59,1702.38
2026-05-20 10:45:00,2132.6,2133.64,2130.81,2130.82,836.5989
2026-05-20 11:00:00,2130.82,2132.24,2129.59,2129.59,721.1557
2026-05-20 11:15:00,2129.59,2130.69,2128.09,2128.11,931.5206
2026-05-20 11:30:00,2128.11,2130.48,2125.0,2126.53,2051.9919
2026-05-20 11:45:00,2126.53,2128.48,2124.28,2128.3,1218.737
2026-05-20 12:00:00,2128.31,2132.31,2127.02,2130.88,1282.7871
2026-05-20 12:15:00,2130.89,2133.13,2127.36,2131.14,1431.5412
2026-05-20 12:30:00,2131.13,2133.48,2131.13,2132.03,998.696
2026-05-20 12:45:00,2132.03,2140.0,2131.44,2134.01,2129.3392
2026-05-20 13:00:00,2134.02,2135.73,2130.35,2131.13,1101.2431
2026-05-20 13:15:00,2131.14,2131.5,2124.71,2126.74,2917.0443
2026-05-20 13:30:00,2126.74,2128.02,2115.69,2121.15,7854.6668
2026-05-20 13:45:00,2121.15,2128.6,2117.67,2120.61,4536.1067
2026-05-20 14:00:00,2120.62,2126.3,2113.87,2122.69,4033.8967
2026-05-20 14:15:00,2122.7,2139.63,2122.7,2131.31,6530.959
2026-05-20 14:30:00,2131.32,2136.72,2128.64,2133.53,4124.4642
2026-05-20 14:45:00,2133.53,2138.57,2132.66,2135.25,4822.6776
2026-05-20 15:00:00,2135.24,2136.01,2129.02,2129.67,1787.7963
2026-05-20 15:15:00,2129.67,2149.0,2129.67,2138.99,10051.5013
2026-05-20 15:30:00,2138.99,2140.98,2132.79,2135.69,2243.3058
2026-05-20 15:45:00,2135.68,2140.73,2134.21,2136.75,3070.9584
2026-05-20 16:00:00,2136.76,2140.51,2136.69,2138.18,1826.8505
2026-05-20 16:15:00,2138.17,2138.17,2124.1,2127.0,3547.7523
2026-05-20 16:30:00,2127.0,2136.26,2125.21,2135.52,2106.9247
2026-05-20 16:45:00,2135.53,2137.78,2133.16,2135.46,1856.1004
2026-05-20 17:00:00,2135.46,2140.88,2132.14,2138.97,2765.8909
2026-05-20 17:15:00,2138.97,2148.7,2137.24,2145.3,3705.7125
2026-05-20 17:30:00,2145.3,2148.77,2141.98,2144.63,2503.066
2026-05-20 17:45:00,2144.63,2146.05,2139.81,2140.5,1804.4432
2026-05-20 18:00:00,2140.5,2140.95,2137.0,2137.91,2016.7453
2026-05-20 18:15:00,2137.91,2140.42,2133.54,2135.74,1817.1154
2026-05-20 18:30:00,2135.74,2137.48,2133.99,2134.76,965.6222
2026-05-20 18:45:00,2134.75,2134.94,2131.3,2132.1,1223.9658
2026-05-20 19:00:00,2132.1,2133.69,2129.11,2131.94,1450.8853
2026-05-20 19:15:00,2131.93,2137.63,2131.04,2137.62,1505.9114
2026-05-20 19:30:00,2137.63,2141.45,2136.79,2140.22,1868.2248
2026-05-20 19:45:00,2140.22,2141.17,2137.55,2139.12,1190.4533
2026-05-20 20:00:00,2139.12,2140.76,2135.72,2140.25,908.9047
2026-05-20 20:15:00,2140.25,2140.5,2129.51,2136.57,2447.0912
2026-05-20 20:30:00,2136.57,2137.02,2133.83,2135.57,793.548
2026-05-20 20:45:00,2135.57,2137.03,2134.54,2135.93,808.3054
2026-05-20 21:00:00,2135.92,2138.59,2134.0,2137.78,430.6305
2026-05-20 21:15:00,2137.77,2137.93,2133.02,2133.05,739.4307
2026-05-20 21:30:00,2133.04,2134.03,2131.59,2132.57,979.3745
2026-05-20 21:45:00,2132.56,2133.95,2130.61,2130.62,897.183
2026-05-20 22:00:00,2130.61,2130.61,2119.58,2122.1,4983.6731
2026-05-20 22:15:00,2122.1,2126.98,2118.45,2126.43,3291.0436
2026-05-20 22:30:00,2126.44,2128.58,2123.22,2125.84,812.8948
2026-05-20 22:45:00,2125.85,2128.39,2125.7,2128.32,602.1832
2026-05-20 23:00:00,2128.32,2128.32,2124.1,2125.24,1205.605
2026-05-20 23:15:00,2125.24,2125.94,2122.59,2125.51,914.9794
2026-05-20 23:30:00,2125.52,2128.17,2124.84,2127.28,794.402
2026-05-20 23:45:00,2127.27,2130.37,2126.11,2129.44,794.2036
2026-05-21 00:00:00,2129.44,2133.0,2128.59,2132.56,1270.7784
2026-05-21 00:15:00,2132.56,2135.19,2130.94,2135.18,1778.1108
2026-05-21 00:30:00,2135.19,2137.47,2133.9,2136.82,1152.4858
2026-05-21 00:45:00,2136.82,2145.32,2136.55,2142.92,3445.0995
2026-05-21 01:00:00,2142.93,2148.74,2142.93,2148.73,2599.1484
2026-05-21 01:15:00,2148.74,2157.5,2142.05,2143.25,6135.2473
2026-05-21 01:30:00,2143.25,2144.73,2140.0,2142.11,1484.2353
2026-05-21 01:45:00,2142.12,2146.59,2139.31,2141.07,1606.8712
2026-05-21 02:00:00,2141.08,2142.98,2139.5,2141.55,851.8473
2026-05-21 02:15:00,2141.55,2148.04,2140.98,2145.31,2137.8868
2026-05-21 02:30:00,2145.31,2146.59,2143.85,2144.76,824.1254
2026-05-21 02:45:00,2144.75,2144.75,2141.49,2141.5,955.0248
2026-05-21 03:00:00,2141.5,2143.58,2140.85,2142.23,1203.1667
2026-05-21 03:15:00,2142.24,2146.42,2141.04,2145.55,1121.1006
2026-05-21 03:30:00,2145.55,2145.99,2144.68,2145.87,398.282
2026-05-21 03:45:00,2145.87,2146.85,2144.69,2145.76,801.5644
2026-05-21 04:00:00,2145.76,2148.75,2144.27,2144.79,1326.2428
2026-05-21 04:15:00,2144.79,2146.63,2144.0,2145.28,721.5077
2026-05-21 04:30:00,2145.29,2146.05,2142.7,2143.58,674.2044
2026-05-21 04:45:00,2143.57,2145.62,2142.71,2145.0,830.7421
2026-05-21 05:00:00,2145.0,2148.19,2141.97,2142.33,1267.4857
2026-05-21 05:15:00,2142.33,2144.67,2141.28,2141.7,887.9253
2026-05-21 05:30:00,2141.7,2141.79,2139.45,2140.16,1698.0266
2026-05-21 05:45:00,2140.15,2140.62,2133.21,2136.3,2438.1649
2026-05-21 06:00:00,2136.31,2138.61,2134.01,2135.0,1459.9733
2026-05-21 06:15:00,2135.01,2138.13,2132.83,2135.28,2214.8326
2026-05-21 06:30:00,2135.29,2136.96,2131.02,2131.57,1897.3165
2026-05-21 06:45:00,2131.57,2131.76,2127.64,2128.57,3025.5874
2026-05-21 07:00:00,2128.58,2130.93,2126.81,2129.15,2930.9831
2026-05-21 07:15:00,2129.15,2129.89,2124.25,2128.78,1875.1627
2026-05-21 07:30:00,2128.78,2132.14,2128.76,2131.83,1577.5465
2026-05-21 07:45:00,2131.82,2137.0,2131.82,2135.06,2342.8511
2026-05-21 08:00:00,2135.07,2146.35,2135.01,2146.35,3179.6976
2026-05-21 08:15:00,2146.35,2148.33,2138.54,2141.48,2409.5911
2026-05-21 08:30:00,2141.49,2141.57,2136.27,2137.35,1501.3929
2026-05-21 08:45:00,2137.36,2138.95,2135.88,2138.26,1192.2677
2026-05-21 09:00:00,2138.26,2140.94,2136.53,2138.11,1787.8494
2026-05-21 09:15:00,2138.11,2139.35,2137.06,2137.67,680.5471
2026-05-21 09:30:00,2137.67,2138.32,2128.0,2128.79,2741.6577
2026-05-21 09:45:00,2128.79,2130.74,2127.96,2127.98,1372.2254
2026-05-21 10:00:00,2127.97,2129.47,2127.02,2128.49,2166.3177
2026-05-21 10:15:00,2128.49,2130.09,2111.86,2116.87,9870.7567
2026-05-21 10:30:00,2116.87,2120.42,2110.0,2116.14,5426.3873
2026-05-21 10:45:00,2116.13,2116.54,2111.9,2114.19,1638.0851
2026-05-21 11:00:00,2114.2,2118.42,2112.17,2118.01,2188.5157
2026-05-21 11:15:00,2118.01,2119.69,2116.0,2117.96,1871.8077
2026-05-21 11:30:00,2117.96,2119.94,2115.32,2116.43,2065.9034
2026-05-21 11:45:00,2116.43,2117.67,2115.27,2115.27,1573.6162
2026-05-21 12:00:00,2115.28,2116.8,2112.81,2113.45,1386.5332
2026-05-21 12:15:00,2113.45,2115.63,2112.44,2113.28,3058.7435
2026-05-21 12:30:00,2113.29,2119.7,2112.1,2117.55,4933.9781
2026-05-21 12:45:00,2117.54,2119.91,2117.08,2117.22,2283.14
2026-05-21 13:00:00,2117.22,2120.0,2116.46,2117.68,2412.7872
2026-05-21 13:15:00,2117.68,2119.35,2115.3,2119.35,1042.9435
2026-05-21 13:30:00,2119.36,2119.62,2105.15,2106.59,9147.5911
2026-05-21 13:45:00,2106.59,2124.09,2106.52,2120.46,5503.4239
2026-05-21 14:00:00,2120.47,2124.87,2117.46,2120.59,3637.655
2026-05-21 14:15:00,2120.6,2120.75,2110.68,2120.21,2951.755
2026-05-21 14:30:00,2120.2,2125.59,2118.0,2119.24,3826.8806
2026-05-21 14:45:00,2119.23,2123.2,2115.87,2121.96,4500.4646
2026-05-21 15:00:00,2121.97,2134.26,2119.44,2130.22,5231.6092
2026-05-21 15:15:00,2130.23,2137.35,2129.24,2135.86,5640.3093
2026-05-21 15:30:00,2135.87,2136.42,2126.49,2131.51,5789.6668
2026-05-21 15:45:00,2131.52,2138.05,2130.37,2132.65,4524.1969
2026-05-21 16:00:00,2132.64,2136.66,2131.53,2133.39,3996.0324
2026-05-21 16:15:00,2133.39,2134.01,2128.36,2130.85,1937.7018
2026-05-21 16:30:00,2130.85,2134.26,2123.66,2123.93,2624.1202
2026-05-21 16:45:00,2123.93,2127.92,2122.82,2127.79,1529.4293
2026-05-21 17:00:00,2127.8,2139.0,2126.0,2135.75,4915.6017
2026-05-21 17:15:00,2135.76,2148.0,2135.24,2147.41,10214.2526
2026-05-21 17:30:00,2147.4,2151.73,2144.21,2147.0,4400.5601
2026-05-21 17:45:00,2147.0,2153.75,2142.39,2146.6,3654.0372
2026-05-21 18:00:00,2146.6,2148.0,2139.41,2140.29,3796.2727
2026-05-21 18:15:00,2140.29,2144.04,2138.61,2139.57,1529.5742
2026-05-21 18:30:00,2139.56,2141.26,2138.19,2139.39,1005.1963
2026-05-21 18:45:00,2139.39,2139.68,2121.79,2126.87,6947.9032
2026-05-21 19:00:00,2126.87,2134.81,2126.48,2132.93,2925.1826
2026-05-21 19:15:00,2132.94,2135.15,2132.21,2133.36,1280.8465
2026-05-21 19:30:00,2133.37,2138.94,2133.37,2137.33,1496.2415
2026-05-21 19:45:00,2137.33,2145.78,2137.2,2142.83,3719.055
2026-05-21 20:00:00,2142.84,2143.46,2139.73,2140.96,1557.5974
2026-05-21 20:15:00,2140.96,2141.2,2138.15,2138.49,1188.7205
2026-05-21 20:30:00,2138.49,2141.35,2137.13,2138.55,1637.5453
2026-05-21 20:45:00,2138.56,2141.87,2137.4,2138.62,1026.669
2026-05-21 21:00:00,2138.63,2141.0,2137.88,2138.55,665.0956
2026-05-21 21:15:00,2138.55,2138.97,2137.67,2138.9,457.8261
2026-05-21 21:30:00,2138.89,2139.15,2136.28,2136.87,574.8349
2026-05-21 21:45:00,2136.88,2136.88,2134.21,2135.42,629.9293
2026-05-21 22:00:00,2135.43,2136.87,2132.84,2134.75,997.8093
2026-05-21 22:15:00,2134.74,2135.07,2132.98,2134.76,682.5312
2026-05-21 22:30:00,2134.75,2135.95,2131.03,2132.79,603.1877
2026-05-21 22:45:00,2132.8,2133.52,2131.35,2131.85,465.139
2026-05-21 23:00:00,2131.84,2134.3,2128.83,2129.19,922.4263
2026-05-21 23:15:00,2129.2,2133.39,2127.27,2132.86,990.6011
2026-05-21 23:30:00,2132.87,2136.77,2132.67,2135.78,1010.1739
2026-05-21 23:45:00,2135.79,2136.56,2133.14,2133.76,1035.1938
2026-05-22 00:00:00,2133.77,2134.22,2130.25,2130.66,852.1083
2026-05-22 00:15:00,2130.66,2133.87,2129.93,2131.46,727.382
2026-05-22 00:30:00,2131.47,2134.99,2130.02,2131.6,629.9767
2026-05-22 00:45:00,2131.6,2132.9,2129.28,2129.33,639.2138
2026-05-22 01:00:00,2129.32,2133.71,2127.56,2133.39,1154.6886
2026-05-22 01:15:00,2133.39,2133.87,2128.55,2129.72,917.8518
2026-05-22 01:30:00,2129.71,2131.66,2125.68,2131.66,1665.8809
2026-05-22 01:45:00,2131.66,2137.0,2131.66,2135.88,1215.1386
2026-05-22 02:00:00,2135.89,2139.08,2135.89,2137.99,937.3453
2026-05-22 02:15:00,2137.99,2140.01,2135.42,2136.87,731.5896
2026-05-22 02:30:00,2136.86,2137.98,2134.47,2136.76,1070.7904
2026-05-22 02:45:00,2136.76,2139.56,2135.58,2137.98,1158.9906
2026-05-22 03:00:00,2137.97,2141.39,2136.41,2136.69,735.1681
2026-05-22 03:15:00,2136.69,2138.11,2135.29,2137.69,548.3471
2026-05-22 03:30:00,2137.69,2139.03,2137.18,2137.6,720.8963
2026-05-22 03:45:00,2137.61,2138.88,2137.1,2137.88,333.7343
2026-05-22 04:00:00,2137.89,2140.94,2137.89,2140.54,579.082
2026-05-22 04:15:00,2140.54,2141.34,2137.62,2137.62,504.0794
2026-05-22 04:30:00,2137.62,2137.88,2134.48,2134.48,373.9669
2026-05-22 04:45:00,2134.48,2135.11,2132.56,2134.0,937.7673
2026-05-22 05:00:00,2134.01,2135.95,2131.73,2134.56,1082.6405
2026-05-22 05:15:00,2134.57,2135.51,2130.84,2132.24,954.7291
2026-05-22 05:30:00,2132.24,2133.1,2128.06,2131.36,1322.7693
2026-05-22 05:45:00,2131.35,2134.0,2127.39,2129.21,1084.5057
2026-05-22 06:00:00,2129.21,2130.86,2127.28,2130.2,1740.7743
2026-05-22 06:15:00,2130.19,2130.67,2126.84,2127.96,1784.3961
2026-05-22 06:30:00,2127.96,2128.39,2125.8,2127.75,1739.9442
2026-05-22 06:45:00,2127.75,2128.29,2123.95,2125.68,1899.8372
2026-05-22 07:00:00,2125.68,2128.66,2122.22,2127.44,1977.7048
2026-05-22 07:15:00,2127.44,2132.08,2127.44,2131.37,1844.8316
2026-05-22 07:30:00,2131.37,2132.73,2129.28,2130.85,2397.8704
2026-05-22 07:45:00,2130.84,2130.95,2128.69,2128.7,3209.964
2026-05-22 08:00:00,2128.7,2130.15,2125.99,2128.29,4656.6952
2026-05-22 08:15:00,2128.29,2133.34,2128.29,2132.11,2475.1408
2026-05-22 08:30:00,2132.11,2132.39,2119.94,2124.18,6051.3217
2026-05-22 08:45:00,2124.18,2125.71,2121.62,2122.3,1801.2717
2026-05-22 09:00:00,2122.29,2123.78,2120.22,2120.66,2419.4134
2026-05-22 09:15:00,2120.66,2124.45,2119.18,2122.23,1294.0617
2026-05-22 09:30:00,2122.23,2123.99,2119.82,2123.38,1031.5812
2026-05-22 09:45:00,2123.38,2125.24,2120.96,2123.98,926.3443
2026-05-22 10:00:00,2123.97,2124.96,2121.99,2123.6,618.3538
2026-05-22 10:15:00,2123.59,2124.4,2120.81,2124.27,881.6927
2026-05-22 10:30:00,2124.27,2125.4,2122.18,2124.41,685.7307
2026-05-22 10:45:00,2124.41,2124.46,2122.43,2123.0,829.1671
2026-05-22 11:00:00,2123.0,2125.0,2122.8,2123.0,935.2062
2026-05-22 11:15:00,2122.99,2125.19,2120.1,2124.61,1724.5953
2026-05-22 11:30:00,2124.61,2127.67,2124.52,2126.36,1468.9385
2026-05-22 11:45:00,2126.37,2131.01,2125.86,2130.78,3033.7023
2026-05-22 12:00:00,2130.78,2137.2,2129.31,2135.42,2617.1602
2026-05-22 12:15:00,2135.42,2138.0,2131.11,2131.63,2907.4976
2026-05-22 12:30:00,2131.62,2132.67,2130.14,2132.55,1113.5888
2026-05-22 12:45:00,2132.55,2135.42,2132.54,2134.99,967.3537
2026-05-22 13:00:00,2135.0,2135.75,2131.91,2133.96,2354.4862
2026-05-22 13:15:00,2133.96,2135.75,2129.66,2129.66,2304.9085
2026-05-22 13:30:00,2129.66,2132.71,2124.01,2128.37,4749.4057
2026-05-22 13:45:00,2128.38,2130.72,2126.38,2130.23,2535.2861
2026-05-22 14:00:00,2130.23,2130.23,2120.68,2123.99,6939.406
2026-05-22 14:15:00,2124.0,2125.31,2112.58,2118.24,5482.2217
2026-05-22 14:30:00,2118.24,2121.58,2117.43,2119.77,1611.2344
2026-05-22 14:45:00,2119.77,2120.43,2116.21,2116.94,1810.9999
2026-05-22 15:00:00,2116.94,2123.08,2114.93,2117.07,1684.7961
2026-05-22 15:15:00,2117.07,2121.0,2112.47,2121.0,1882.3916
2026-05-22 15:30:00,2121.0,2125.49,2117.0,2118.11,2151.9079
2026-05-22 15:45:00,2118.12,2121.03,2116.23,2119.48,1273.3141
2026-05-22 16:00:00,2119.49,2122.6,2118.39,2120.7,2172.4602
2026-05-22 16:15:00,2120.69,2122.22,2118.11,2120.76,1331.0625
2026-05-22 16:30:00,2120.77,2122.51,2119.2,2119.66,731.5906
2026-05-22 16:45:00,2119.67,2124.0,2119.67,2122.78,890.6395
2026-05-22 17:00:00,2122.78,2127.28,2122.78,2125.28,1211.9413
2026-05-22 17:15:00,2125.29,2129.32,2119.43,2128.69,3506.0413
2026-05-22 17:30:00,2128.7,2130.0,2124.1,2126.38,1309.6836
2026-05-22 17:45:00,2126.38,2126.38,2119.43,2119.6,1871.7677
2026-05-22 18:00:00,2119.61,2119.92,2115.04,2119.7,2031.7494
2026-05-22 18:15:00,2119.7,2121.57,2118.22,2118.63,849.3516
2026-05-22 18:30:00,2118.62,2118.85,2107.75,2108.05,4148.4284
2026-05-22 18:45:00,2108.05,2108.05,2084.51,2099.99,14275.856
2026-05-22 19:00:00,2099.99,2103.1,2086.58,2089.58,5292.6353
2026-05-22 19:15:00,2089.58,2093.58,2083.01,2085.52,3220.1476
2026-05-22 19:30:00,2085.53,2086.01,2058.0,2065.59,24413.9813
2026-05-22 19:45:00,2065.59,2069.7,2061.61,2065.54,4267.3216
2026-05-22 20:00:00,2065.54,2075.92,2064.31,2071.91,2808.2309
2026-05-22 20:15:00,2071.91,2074.72,2069.32,2072.85,2468.3924
2026-05-22 20:30:00,2072.84,2074.2,2066.58,2072.29,4397.276
2026-05-22 20:45:00,2072.28,2078.85,2070.1,2073.4,3268.3043
2026-05-22 21:00:00,2073.4,2075.03,2071.52,2072.7,2134.3846
2026-05-22 21:15:00,2072.71,2075.63,2071.75,2075.62,1185.9846
2026-05-22 21:30:00,2075.63,2079.03,2075.01,2076.47,1497.6957
2026-05-22 21:45:00,2076.47,2079.59,2076.47,2078.18,1156.906
2026-05-22 22:00:00,2078.17,2079.58,2075.62,2077.22,1950.366
2026-05-22 22:15:00,2077.22,2077.31,2072.27,2072.83,1320.6862
2026-05-22 22:30:00,2072.84,2074.75,2066.55,2069.29,3456.2012
2026-05-22 22:45:00,2069.3,2073.7,2068.8,2072.71,1806.7894
2026-05-22 23:00:00,2072.72,2077.24,2072.72,2077.17,963.3341
2026-05-22 23:15:00,2077.18,2077.18,2069.11,2069.11,1755.2981
2026-05-22 23:30:00,2069.11,2074.62,2068.0,2073.41,1706.0236
2026-05-22 23:45:00,2073.41,2073.41,2057.79,2065.85,7689.5835
2026-05-23 00:00:00,2065.86,2070.61,2063.32,2066.76,4232.8829
2026-05-23 00:15:00,2066.77,2068.73,2063.58,2068.18,4463.4756
2026-05-23 00:30:00,2068.18,2068.18,2053.0,2060.55,10543.1474
2026-05-23 00:45:00,2060.55,2066.09,2060.17,2064.63,2411.1035
2026-05-23 01:00:00,2064.63,2069.42,2063.53,2064.13,2946.7996
2026-05-23 01:15:00,2064.13,2068.68,2062.67,2068.57,1540.4045
2026-05-23 01:30:00,2068.57,2068.75,2066.0,2067.42,743.063
2026-05-23 01:45:00,2067.42,2069.92,2063.72,2068.93,1372.1243
2026-05-23 02:00:00,2068.93,2070.37,2066.19,2066.53,1359.9924
2026-05-23 02:15:00,2066.53,2068.52,2065.66,2066.51,592.6782
2026-05-23 02:30:00,2066.52,2067.56,2064.9,2066.92,989.3885
2026-05-23 02:45:00,2066.92,2069.16,2066.71,2068.52,656.3652
2026-05-23 03:00:00,2068.52,2069.9,2068.21,2069.75,1258.5559
2026-05-23 03:15:00,2069.75,2070.31,2068.92,2069.89,906.6491
2026-05-23 03:30:00,2069.9,2071.53,2069.74,2071.34,641.9089
2026-05-23 03:45:00,2071.34,2072.0,2070.4,2070.78,1015.0085
2026-05-23 04:00:00,2070.78,2071.19,2069.8,2071.03,506.3622
2026-05-23 04:15:00,2071.03,2071.03,2066.8,2067.31,961.7806
2026-05-23 04:30:00,2067.3,2069.65,2065.55,2065.74,551.452
2026-05-23 04:45:00,2065.75,2067.7,2065.75,2067.3,694.9765
2026-05-23 05:00:00,2067.29,2068.0,2065.37,2065.92,996.2147
2026-05-23 05:15:00,2065.92,2067.59,2061.9,2063.69,5568.1295
2026-05-23 05:30:00,2063.69,2066.23,2063.48,2066.23,810.505
2026-05-23 05:45:00,2066.23,2066.41,2064.0,2064.85,768.016
2026-05-23 06:00:00,2064.85,2065.81,2063.33,2064.1,552.6937
2026-05-23 06:15:00,2064.09,2064.62,2062.18,2062.26,1097.6451
2026-05-23 06:30:00,2062.26,2064.0,2061.42,2063.04,1637.8281
2026-05-23 06:45:00,2063.05,2063.27,2060.71,2061.69,2777.6327
2026-05-23 07:00:00,2061.7,2063.06,2057.0,2060.64,2409.7617
2026-05-23 07:15:00,2060.64,2060.64,2056.94,2058.12,1473.5013
2026-05-23 07:30:00,2058.12,2060.0,2053.89,2057.75,2996.5443
2026-05-23 07:45:00,2057.75,2057.76,2009.3,2028.59,51996.1693
2026-05-23 08:00:00,2028.58,2032.1,2022.76,2029.68,6328.8737
2026-05-23 08:15:00,2029.68,2031.92,2027.31,2027.48,3739.1626
2026-05-23 08:30:00,2027.48,2028.0,2021.07,2023.82,3701.6491
2026-05-23 08:45:00,2023.83,2030.67,2022.83,2030.32,2375.0735
2026-05-23 09:00:00,2030.32,2031.0,2028.31,2028.33,1478.4661
2026-05-23 09:15:00,2028.32,2030.55,2028.32,2029.16,885.545
2026-05-23 09:30:00,2029.17,2030.32,2027.1,2029.17,1479.8596
2026-05-23 09:45:00,2029.16,2030.52,2027.12,2027.29,1734.1777
2026-05-23 10:00:00,2027.29,2030.55,2027.11,2030.05,1255.2164
2026-05-23 10:15:00,2030.06,2030.76,2028.49,2029.9,791.946
2026-05-23 10:30:00,2029.9,2032.6,2029.19,2032.53,1538.5727
2026-05-23 10:45:00,2032.53,2033.79,2030.95,2031.57,1324.6438
2026-05-23 11:00:00,2031.56,2036.01,2030.86,2033.45,3259.8268
2026-05-23 11:15:00,2033.46,2035.3,2033.23,2033.92,1087.102
2026-05-23 11:30:00,2033.93,2034.08,2030.84,2031.41,2680.3715
2026-05-23 11:45:00,2031.41,2033.1,2030.94,2031.48,664.8851
2026-05-23 12:00:00,2031.48,2032.07,2028.81,2029.18,2942.8538
2026-05-23 12:15:00,2029.19,2030.25,2027.35,2029.29,1154.7872
2026-05-23 12:30:00,2029.29,2031.4,2029.29,2030.68,1779.2961
2026-05-23 12:45:00,2030.68,2031.47,2029.88,2031.07,1330.3155
2026-05-23 13:00:00,2031.08,2039.85,2031.07,2039.06,6079.9038
2026-05-23 13:15:00,2039.05,2046.1,2039.05,2042.8,5451.6419
2026-05-23 13:30:00,2042.81,2044.41,2038.3,2039.95,1736.6035
2026-05-23 13:45:00,2039.96,2045.91,2039.96,2044.89,4379.2241
2026-05-23 14:00:00,2044.88,2046.93,2041.12,2046.08,3324.0969
2026-05-23 14:15:00,2046.09,2047.5,2044.88,2046.68,3008.737
2026-05-23 14:30:00,2046.68,2053.9,2046.06,2053.32,4272.6568
2026-05-23 14:45:00,2053.32,2065.32,2052.54,2061.64,6015.7714
2026-05-23 15:00:00,2061.64,2068.68,2060.16,2067.28,4497.8517
2026-05-23 15:15:00,2067.28,2067.66,2060.75,2061.58,3239.1425
2026-05-23 15:30:00,2061.58,2061.59,2055.67,2057.38,3396.1862
2026-05-23 15:45:00,2057.38,2061.13,2057.38,2060.27,1981.1997
2026-05-23 16:00:00,2060.27,2065.0,2059.23,2059.3,2218.5064
2026-05-23 16:15:00,2059.3,2060.8,2057.25,2058.98,1223.0606
2026-05-23 16:30:00,2058.99,2064.16,2058.63,2062.16,1215.1739
2026-05-23 16:45:00,2062.16,2064.7,2060.17,2061.65,2256.7574
2026-05-23 17:00:00,2061.66,2063.48,2059.28,2063.23,1649.8037
2026-05-23 17:15:00,2063.23,2064.68,2060.8,2064.15,1431.4975
2026-05-23 17:30:00,2064.15,2065.17,2061.78,2062.45,1082.9395
2026-05-23 17:45:00,2062.45,2065.87,2060.59,2063.98,1382.7664
2026-05-23 18:00:00,2063.98,2079.93,2063.74,2074.59,4734.9309
2026-05-23 18:15:00,2074.58,2083.64,2072.51,2076.17,5422.5966
2026-05-23 18:30:00,2076.18,2082.06,2076.18,2078.18,2595.346
2026-05-23 18:45:00,2078.17,2078.42,2073.39,2074.27,2147.9948
2026-05-23 19:00:00,2074.27,2074.93,2069.86,2071.99,1577.6475
2026-05-23 19:15:00,2071.98,2080.6,2071.98,2079.34,3364.8005
2026-05-23 19:30:00,2079.34,2081.0,2075.83,2077.14,3821.491
2026-05-23 19:45:00,2077.14,2078.99,2075.62,2077.33,3737.0724
2026-05-23 20:00:00,2077.34,2083.32,2074.84,2080.09,2840.4199
2026-05-23 20:15:00,2080.09,2083.35,2077.21,2077.21,2804.7976
2026-05-23 20:30:00,2077.21,2132.45,2076.43,2130.59,32162.3947
2026-05-23 20:45:00,2130.59,2147.0,2124.85,2146.3,22239.3131
2026-05-23 21:00:00,2146.3,2149.95,2126.58,2126.87,13836.6322
2026-05-23 21:15:00,2126.88,2131.1,2115.91,2115.91,7473.148
2026-05-23 21:30:00,2115.91,2124.11,2106.27,2114.48,9098.3421
2026-05-23 21:45:00,2114.48,2118.7,2109.94,2116.84,3174.8613
2026-05-23 22:00:00,2116.84,2120.28,2115.36,2115.57,2318.036
2026-05-23 22:15:00,2115.58,2117.0,2111.04,2112.13,1968.2852
2026-05-23 22:30:00,2112.13,2114.55,2102.65,2114.03,4740.3462
2026-05-23 22:45:00,2114.04,2118.0,2111.94,2116.83,1855.6872
2026-05-23 23:00:00,2116.84,2119.69,2114.42,2118.17,1786.8277
2026-05-23 23:15:00,2118.16,2120.67,2116.38,2116.98,1395.3174
2026-05-23 23:30:00,2116.98,2121.84,2116.97,2119.16,1502.8305
2026-05-23 23:45:00,2119.16,2120.33,2117.16,2117.68,1098.2048
2026-05-24 00:00:00,2117.69,2118.7,2115.21,2115.89,1313.0207
2026-05-24 00:15:00,2115.88,2117.43,2113.1,2115.71,1129.6322
2026-05-24 00:30:00,2115.71,2120.21,2115.46,2116.73,1055.7294
2026-05-24 00:45:00,2116.73,2121.5,2116.28,2119.45,1767.3528
2026-05-24 01:00:00,2119.45,2121.44,2118.31,2120.49,2012.3436
2026-05-24 01:15:00,2120.5,2125.51,2119.14,2123.12,2388.7135
2026-05-24 01:30:00,2123.12,2124.0,2119.69,2120.5,2577.2996
2026-05-24 01:45:00,2120.51,2122.88,2119.96,2122.56,853.3982
2026-05-24 02:00:00,2122.56,2125.16,2120.96,2123.96,2890.2768
2026-05-24 02:15:00,2123.97,2125.45,2118.3,2120.21,2933.022
2026-05-24 02:30:00,2120.22,2124.03,2120.01,2123.52,806.44
2026-05-24 02:45:00,2123.52,2125.09,2122.35,2122.53,2361.7824
2026-05-24 03:00:00,2122.54,2127.28,2121.36,2123.9,3344.0351
2026-05-24 03:15:00,2123.91,2124.01,2122.6,2123.81,427.8305
2026-05-24 03:30:00,2123.81,2123.82,2116.74,2117.63,1886.1157
2026-05-24 03:45:00,2117.63,2120.03,2117.62,2119.04,1356.0584
2026-05-24 04:00:00,2119.05,2122.91,2119.05,2122.69,1169.7357
2026-05-24 04:15:00,2122.7,2123.86,2121.02,2121.07,998.754
2026-05-24 04:30:00,2121.08,2122.34,2120.32,2121.58,627.4021
2026-05-24 04:45:00,2121.58,2121.65,2119.76,2120.21,571.6154
2026-05-24 05:00:00,2120.22,2120.33,2118.3,2118.97,1205.9213
2026-05-24 05:15:00,2118.97,2118.97,2114.69,2116.55,1931.9859
2026-05-24 05:30:00,2116.55,2117.38,2113.65,2113.79,3300.5379
2026-05-24 05:45:00,2113.79,2121.39,2113.71,2119.98,1824.9906
2026-05-24 06:00:00,2119.98,2123.06,2119.81,2122.0,938.0643
2026-05-24 06:15:00,2122.0,2122.0,2118.47,2118.9,1779.1613
2026-05-24 06:30:00,2118.9,2121.51,2117.6,2120.69,5008.0087
2026-05-24 06:45:00,2120.7,2129.93,2120.5,2128.13,4081.6553
2026-05-24 07:00:00,2128.13,2129.79,2124.36,2124.61,1343.6049
2026-05-24 07:15:00,2124.62,2125.34,2122.8,2123.55,750.3183
2026-05-24 07:30:00,2123.56,2123.88,2121.52,2122.01,1423.6895
2026-05-24 07:45:00,2122.02,2122.25,2119.49,2121.01,1507.9028
2026-05-24 08:00:00,2121.02,2122.0,2119.35,2119.35,915.364
2026-05-24 08:15:00,2119.35,2123.23,2119.25,2121.46,906.6998
2026-05-24 08:30:00,2121.47,2123.23,2120.19,2120.19,857.0787
2026-05-24 08:45:00,2120.18,2121.41,2119.91,2120.32,583.5384
2026-05-24 09:00:00,2120.33,2123.0,2119.05,2121.11,600.7499
2026-05-24 09:15:00,2121.11,2124.37,2119.82,2121.35,1755.9917
2026-05-24 09:30:00,2121.35,2124.33,2119.86,2122.98,1425.8275
2026-05-24 09:45:00,2122.98,2123.73,2122.0,2123.41,848.2282
2026-05-24 10:00:00,2123.42,2123.5,2119.46,2120.45,997.1485
2026-05-24 10:15:00,2120.45,2132.14,2119.38,2125.51,4713.283
2026-05-24 10:30:00,2125.52,2125.52,2120.01,2120.9,1627.3729
2026-05-24 10:45:00,2120.89,2122.66,2119.75,2122.35,787.154
2026-05-24 11:00:00,2122.34,2126.96,2122.23,2125.76,1734.6465
2026-05-24 11:15:00,2125.76,2127.82,2124.04,2125.12,1381.2088
2026-05-24 11:30:00,2125.12,2127.35,2124.44,2125.51,782.2911
2026-05-24 11:45:00,2125.51,2127.32,2124.36,2126.18,1061.6159
2026-05-24 12:00:00,2126.19,2126.58,2122.52,2124.14,1464.3246
2026-05-24 12:15:00,2124.15,2124.35,2118.69,2118.69,2467.0179
2026-05-24 12:30:00,2118.68,2121.76,2117.32,2121.49,2335.943
2026-05-24 12:45:00,2121.49,2121.6,2119.37,2119.97,823.0109
2026-05-24 13:00:00,2119.97,2121.05,2118.17,2118.87,721.3283
2026-05-24 13:15:00,2118.86,2120.87,2116.0,2117.98,1744.937
2026-05-24 13:30:00,2117.98,2120.62,2115.4,2119.13,1692.9415
2026-05-24 13:45:00,2119.13,2119.86,2105.79,2110.14,8539.7347
2026-05-24 14:00:00,2110.14,2112.52,2091.17,2095.36,11095.3204
2026-05-24 14:15:00,2095.35,2100.92,2079.52,2094.17,13683.946
2026-05-24 14:30:00,2094.18,2097.8,2093.31,2095.2,2552.1148
2026-05-24 14:45:00,2095.2,2098.95,2094.1,2097.98,1446.5377
2026-05-24 15:00:00,2097.98,2100.0,2096.1,2099.05,1345.4641
2026-05-24 15:15:00,2099.05,2099.94,2094.75,2097.25,1053.5665
2026-05-24 15:30:00,2097.25,2099.0,2094.22,2095.89,786.7229
2026-05-24 15:45:00,2095.9,2097.52,2094.14,2095.84,1428.5762
2026-05-24 16:00:00,2095.83,2103.69,2095.22,2103.37,3229.505
2026-05-24 16:15:00,2103.36,2109.0,2100.13,2102.1,2038.4967
2026-05-24 16:30:00,2102.1,2102.16,2095.6,2098.11,1198.4077
2026-05-24 16:45:00,2098.11,2105.0,2097.65,2103.62,926.9208
2026-05-24 17:00:00,2103.61,2106.01,2102.67,2103.42,887.4223
2026-05-24 17:15:00,2103.42,2104.63,2101.54,2102.1,806.6383
2026-05-24 17:30:00,2102.11,2105.76,2101.4,2105.59,449.6349
2026-05-24 17:45:00,2105.59,2106.68,2102.88,2102.88,882.4984
2026-05-24 18:00:00,2102.89,2104.5,2102.15,2103.32,640.5046
2026-05-24 18:15:00,2103.33,2104.78,2100.54,2100.54,816.6787
2026-05-24 18:30:00,2100.54,2101.8,2097.8,2099.41,711.2771
2026-05-24 18:45:00,2099.41,2100.5,2097.8,2099.97,796.3671
2026-05-24 19:00:00,2099.97,2102.58,2098.64,2098.64,791.4998
2026-05-24 19:15:00,2098.64,2100.39,2096.58,2097.17,1297.38
2026-05-24 19:30:00,2097.17,2098.86,2096.34,2098.11,421.0269
2026-05-24 19:45:00,2098.12,2101.69,2097.84,2100.87,495.7435
2026-05-24 20:00:00,2100.87,2102.11,2093.79,2095.37,1921.3038
2026-05-24 20:15:00,2095.36,2096.88,2091.51,2094.8,1177.246
2026-05-24 20:30:00,2094.81,2096.53,2093.4,2095.26,1891.6826
2026-05-24 20:45:00,2095.26,2096.77,2091.6,2093.15,2074.2087
2026-05-24 21:00:00,2093.15,2098.63,2092.82,2098.63,838.9526
2026-05-24 21:15:00,2098.62,2098.63,2086.74,2088.92,2276.1454
2026-05-24 21:30:00,2088.91,2090.6,2067.08,2069.48,9758.6364
2026-05-24 21:45:00,2069.49,2075.0,2063.0,2070.59,6133.3288
2026-05-24 22:00:00,2070.59,2099.47,2070.56,2097.99,8354.9778
2026-05-24 22:15:00,2097.98,2099.08,2093.34,2095.63,1621.7612
2026-05-24 22:30:00,2095.63,2099.49,2086.77,2091.38,2915.3153
2026-05-24 22:45:00,2091.38,2098.2,2091.19,2092.37,2174.027
2026-05-24 23:00:00,2092.38,2097.13,2092.38,2094.93,1513.292
2026-05-24 23:15:00,2094.92,2096.67,2091.67,2093.06,1091.2294
2026-05-24 23:30:00,2093.07,2107.0,2093.07,2105.93,3966.866
2026-05-24 23:45:00,2105.93,2106.0,2099.6,2099.85,1923.7014
2026-05-25 00:00:00,2099.86,2107.93,2099.7,2105.0,2113.964
2026-05-25 00:15:00,2104.99,2107.15,2103.09,2106.24,1100.8068
2026-05-25 00:30:00,2106.24,2109.0,2104.15,2104.87,980.1625
2026-05-25 00:45:00,2104.88,2109.4,2103.12,2104.95,1228.377
2026-05-25 01:00:00,2104.96,2106.49,2102.15,2106.39,1086.5241
2026-05-25 01:15:00,2106.39,2107.99,2104.59,2105.89,697.6921
2026-05-25 01:30:00,2105.89,2106.6,2102.16,2102.43,747.8878
2026-05-25 01:45:00,2102.43,2103.77,2093.22,2094.13,1462.447
2026-05-25 02:00:00,2094.13,2113.25,2094.13,2108.12,4825.111
2026-05-25 02:15:00,2108.12,2108.12,2096.72,2100.26,2512.236
2026-05-25 02:30:00,2100.26,2101.81,2096.43,2099.17,1495.2169
2026-05-25 02:45:00,2099.17,2099.94,2097.02,2098.35,793.18
2026-05-25 03:00:00,2098.35,2100.0,2094.76,2096.02,1670.5365
2026-05-25 03:15:00,2096.03,2097.53,2094.56,2095.59,1241.3822
2026-05-25 03:30:00,2095.6,2097.34,2092.57,2096.75,1045.898
2026-05-25 03:45:00,2096.76,2097.18,2093.76,2095.58,1129.6861
2026-05-25 04:00:00,2095.59,2097.03,2093.23,2094.15,1226.9533
2026-05-25 04:15:00,2094.15,2098.57,2092.26,2098.56,1043.0412
2026-05-25 04:30:00,2098.57,2103.14,2097.71,2103.12,2283.0194
2026-05-25 04:45:00,2103.13,2108.14,2102.25,2105.83,2319.5583
2026-05-25 05:00:00,2105.83,2111.0,2104.39,2109.91,3037.5056
2026-05-25 05:15:00,2109.9,2111.7,2108.32,2109.18,1581.8374
2026-05-25 05:30:00,2109.18,2110.98,2108.14,2110.3,1142.6728
2026-05-25 05:45:00,2110.3,2110.46,2107.77,2108.22,919.7365
2026-05-25 06:00:00,2108.21,2111.42,2102.88,2103.02,2887.2131
2026-05-25 06:15:00,2103.02,2103.64,2099.27,2101.27,4225.1677
2026-05-25 06:30:00,2101.27,2108.0,2101.19,2106.57,3863.6875
2026-05-25 06:45:00,2106.56,2109.67,2105.9,2108.99,2318.3213
2026-05-25 07:00:00,2109.0,2117.55,2109.0,2111.89,5810.391
2026-05-25 07:15:00,2111.9,2114.27,2106.5,2107.67,2302.2744
2026-05-25 07:30:00,2107.66,2111.45,2106.61,2110.05,4198.5097
2026-05-25 07:45:00,2110.04,2116.5,2109.75,2116.28,2840.4413
2026-05-25 08:00:00,2116.29,2116.29,2111.86,2112.24,1396.007
2026-05-25 08:15:00,2112.24,2113.43,2111.7,2112.52,927.8884
2026-05-25 08:30:00,2112.53,2115.69,2112.53,2115.14,1094.3091
2026-05-25 08:45:00,2115.13,2117.79,2114.06,2116.82,1087.6291
2026-05-25 09:00:00,2116.83,2121.88,2116.17,2118.66,2225.2507
2026-05-25 09:15:00,2118.66,2119.81,2117.5,2119.53,1107.3305
2026-05-25 09:30:00,2119.54,2124.1,2118.08,2118.54,2342.4155
2026-05-25 09:45:00,2118.53,2120.82,2117.02,2117.02,1211.8474
2026-05-25 10:00:00,2117.03,2119.15,2115.74,2118.86,1030.3534
2026-05-25 10:15:00,2118.86,2121.23,2115.48,2117.18,1291.9179
2026-05-25 10:30:00,2117.18,2118.05,2115.62,2116.2,588.2393
2026-05-25 10:45:00,2116.21,2117.64,2114.86,2117.03,807.5413
2026-05-25 11:00:00,2117.02,2117.13,2115.0,2115.9,875.3946
2026-05-25 11:15:00,2115.91,2116.45,2115.08,2115.92,691.3974
2026-05-25 11:30:00,2115.92,2120.3,2115.65,2118.94,2591.5407
2026-05-25 11:45:00,2118.94,2120.29,2114.26,2114.95,2397.9693
2026-05-25 12:00:00,2114.95,2115.16,2112.25,2115.12,1633.0555
2026-05-25 12:15:00,2115.12,2118.37,2113.84,2117.9,1539.8826
2026-05-25 12:30:00,2117.9,2118.82,2116.28,2117.52,848.2284
2026-05-25 12:45:00,2117.53,2119.61,2114.52,2117.34,1431.6922
2026-05-25 13:00:00,2117.35,2120.0,2114.75,2115.97,1308.6553
2026-05-25 13:15:00,2115.97,2117.06,2114.27,2115.11,921.3875
2026-05-25 13:30:00,2115.12,2116.82,2115.12,2116.8,852.0577
2026-05-25 13:45:00,2116.81,2117.07,2115.27,2116.28,937.0253
2026-05-25 14:00:00,2116.28,2122.67,2115.77,2119.83,2240.9171
2026-05-25 14:15:00,2119.84,2127.77,2118.87,2127.77,3707.0537
2026-05-25 14:30:00,2127.76,2127.77,2122.65,2124.55,1541.8561
2026-05-25 14:45:00,2124.55,2130.24,2124.54,2128.34,2251.7727
2026-05-25 15:00:00,2128.35,2138.28,2127.77,2130.27,4734.5344
2026-05-25 15:15:00,2130.28,2131.71,2124.45,2125.04,2046.7302
2026-05-25 15:30:00,2125.04,2127.59,2122.9,2125.47,1469.7432
2026-05-25 15:45:00,2125.48,2128.72,2123.0,2127.12,2223.3936
2026-05-25 16:00:00,2127.13,2127.85,2125.14,2125.14,1001.9684
2026-05-25 16:15:00,2125.15,2128.37,2125.14,2127.49,1248.8353
2026-05-25 16:30:00,2127.49,2130.49,2126.65,2130.0,1509.3823
2026-05-25 16:45:00,2129.99,2141.98,2129.37,2136.4,3992.8339
2026-05-25 17:00:00,2136.4,2140.52,2134.46,2134.51,2718.6451
2026-05-25 17:15:00,2134.52,2135.29,2131.47,2135.28,1240.7834
2026-05-25 17:30:00,2135.28,2136.0,2131.51,2132.31,805.7823
2026-05-25 17:45:00,2132.31,2132.31,2128.24,2128.55,987.5008
2026-05-25 18:00:00,2128.54,2133.81,2128.24,2131.87,1084.2521
2026-05-25 18:15:00,2131.87,2132.28,2129.87,2131.89,609.7977
2026-05-25 18:30:00,2131.89,2131.89,2127.28,2128.38,824.4535
2026-05-25 18:45:00,2128.38,2128.89,2126.64,2126.85,997.5036
2026-05-25 19:00:00,2126.86,2126.86,2122.1,2125.33,1841.9546
2026-05-25 19:15:00,2125.33,2125.59,2123.37,2125.42,996.0823
2026-05-25 19:30:00,2125.43,2125.65,2116.55,2119.97,2654.9565
2026-05-25 19:45:00,2119.97,2121.76,2119.79,2121.43,991.7325
2026-05-25 20:00:00,2121.42,2123.16,2120.54,2121.33,586.479
2026-05-25 20:15:00,2121.33,2122.38,2118.77,2118.78,815.182
2026-05-25 20:30:00,2118.78,2119.72,2110.42,2112.68,3537.049
2026-05-25 20:45:00,2112.68,2115.85,2107.38,2108.64,3846.1201
2026-05-25 21:00:00,2108.64,2113.04,2108.0,2111.36,2302.483
2026-05-25 21:15:00,2111.36,2111.93,2108.6,2111.91,1560.155
2026-05-25 21:30:00,2111.92,2112.38,2108.61,2109.37,1176.7523
2026-05-25 21:45:00,2109.37,2111.84,2108.71,2110.9,884.3381
2026-05-25 22:00:00,2110.9,2115.68,2107.9,2113.8,1834.766
2026-05-25 22:15:00,2113.79,2115.2,2109.91,2110.85,1634.24
2026-05-25 22:30:00,2110.85,2110.85,2102.35,2106.95,3526.3317
2026-05-25 22:45:00,2106.94,2109.13,2103.59,2103.61,954.0606
2026-05-25 23:00:00,2103.6,2109.46,2102.62,2108.88,665.8228
2026-05-25 23:15:00,2108.89,2110.07,2107.85,2108.61,781.8641
2026-05-25 23:30:00,2108.6,2112.85,2108.08,2111.59,623.2664
2026-05-25 23:45:00,2111.59,2113.85,2110.9,2113.01,706.7679
2026-05-26 00:00:00,2113.01,2113.89,2110.28,2110.86,827.4726
2026-05-26 00:15:00,2110.85,2111.93,2106.5,2106.5,1130.4683
2026-05-26 00:30:00,2106.5,2109.0,2094.8,2096.35,4525.6896
2026-05-26 00:45:00,2096.35,2099.78,2084.83,2097.75,6844.0373
2026-05-26 01:00:00,2097.74,2100.5,2090.58,2098.98,2256.7069
2026-05-26 01:15:00,2098.98,2100.3,2094.59,2097.14,1343.812
2026-05-26 01:30:00,2097.14,2097.14,2088.03,2090.83,2955.956
2026-05-26 01:45:00,2090.84,2096.37,2090.65,2094.35,1467.4934
2026-05-26 02:00:00,2094.36,2095.8,2090.03,2093.73,2221.1027
2026-05-26 02:15:00,2093.73,2094.04,2088.82,2089.26,2306.4955
2026-05-26 02:30:00,2089.27,2092.1,2087.49,2087.81,1632.9091
2026-05-26 02:45:00,2087.82,2091.45,2084.79,2088.83,2316.1062
2026-05-26 03:00:00,2088.83,2089.83,2085.3,2085.48,1334.5954
2026-05-26 03:15:00,2085.48,2088.25,2084.52,2088.25,1605.7182
2026-05-26 03:30:00,2088.26,2093.84,2087.58,2092.12,1470.0327
2026-05-26 03:45:00,2092.12,2093.47,2091.08,2093.12,456.5018
2026-05-26 04:00:00,2093.11,2094.88,2089.87,2090.83,974.392
2026-05-26 04:15:00,2090.84,2094.44,2088.82,2093.94,559.8076
2026-05-26 04:30:00,2093.95,2095.69,2093.38,2094.93,624.5311
2026-05-26 04:45:00,2094.93,2096.45,2093.59,2093.67,1490.4243
2026-05-26 05:00:00,2093.68,2095.82,2092.05,2095.17,1430.8354
2026-05-26 05:15:00,2095.16,2099.31,2095.16,2098.69,1401.2764
2026-05-26 05:30:00,2098.68,2103.65,2098.25,2102.67,1992.551
2026-05-26 05:45:00,2102.67,2102.67,2098.31,2100.91,1104.4028
2026-05-26 06:00:00,2100.9,2101.34,2098.19,2100.19,732.8134
2026-05-26 06:15:00,2100.19,2100.55,2094.78,2096.98,1495.6875
2026-05-26 06:30:00,2096.99,2104.65,2096.99,2102.7,1267.404
2026-05-26 06:45:00,2102.7,2103.13,2101.26,2101.73,915.041
2026-05-26 07:00:00,2101.73,2102.63,2093.47,2094.07,988.8348
2026-05-26 07:15:00,2094.08,2097.71,2090.65,2097.31,2440.5224
2026-05-26 07:30:00,2097.31,2097.7,2093.11,2095.83,2585.9012
2026-05-26 07:45:00,2095.84,2101.35,2093.61,2095.61,2933.5357
2026-05-26 08:00:00,2095.61,2099.63,2095.13,2098.62,965.6827
2026-05-26 08:15:00,2098.62,2100.14,2097.23,2098.62,1480.3867
2026-05-26 08:30:00,2098.61,2100.14,2096.4,2099.48,1047.4024
2026-05-26 08:45:00,2099.47,2099.49,2095.6,2097.25,1045.0406
2026-05-26 09:00:00,2097.26,2097.94,2095.13,2095.53,1609.1874
2026-05-26 09:15:00,2095.53,2099.62,2094.1,2097.84,1903.9905
2026-05-26 09:30:00,2097.85,2099.13,2095.54,2096.73,1238.6085
2026-05-26 09:45:00,2096.72,2097.8,2095.11,2096.81,684.5544
2026-05-26 10:00:00,2096.8,2100.63,2094.23,2099.95,949.7578
2026-05-26 10:15:00,2099.95,2122.68,2099.95,2121.3,6033.6155
2026-05-26 10:30:00,2121.29,2137.29,2121.15,2134.29,10721.0545
2026-05-26 10:45:00,2134.29,2135.54,2127.0,2127.56,5069.977
2026-05-26 11:00:00,2127.57,2130.6,2125.91,2126.2,2647.527
2026-05-26 11:15:00,2126.19,2126.19,2118.84,2120.09,5726.2995
2026-05-26 11:30:00,2120.09,2123.64,2118.6,2121.68,2293.93
2026-05-26 11:45:00,2121.68,2123.06,2120.85,2121.01,1171.5661
2026-05-26 12:00:00,2121.0,2123.0,2111.01,2117.75,7274.2064
2026-05-26 12:15:00,2117.74,2119.3,2113.22,2116.62,2183.4894
2026-05-26 12:30:00,2116.62,2120.86,2115.61,2119.34,1871.2641
2026-05-26 12:45:00,2119.35,2126.93,2119.32,2126.2,2863.1664
2026-05-26 13:00:00,2126.2,2126.44,2122.08,2123.02,1221.1409
2026-05-26 13:15:00,2123.02,2123.11,2115.46,2115.84,2785.036
2026-05-26 13:30:00,2115.84,2120.71,2109.62,2117.76,4546.3516
2026-05-26 13:45:00,2117.76,2131.5,2117.76,2125.3,5532.3476
2026-05-26 14:00:00,2125.3,2131.57,2123.98,2131.56,3427.3027
2026-05-26 14:15:00,2131.55,2140.49,2129.51,2138.03,9428.5378
2026-05-26 14:30:00,2138.03,2138.95,2105.85,2111.63,13920.9178
2026-05-26 14:45:00,2111.66,2118.57,2107.15,2109.29,6431.8978
2026-05-26 15:00:00,2109.3,2112.2,2099.01,2110.89,7377.0135
2026-05-26 15:15:00,2110.9,2111.5,2095.05,2098.8,5960.8836
2026-05-26 15:30:00,2098.81,2099.62,2086.47,2092.05,11504.5755
2026-05-26 15:45:00,2092.05,2092.05,2078.75,2087.36,7356.7808
2026-05-26 16:00:00,2087.36,2089.97,2073.48,2078.8,7468.8586
2026-05-26 16:15:00,2078.81,2085.29,2078.19,2082.48,4549.353
2026-05-26 16:30:00,2082.47,2085.02,2076.04,2080.06,7124.7656
2026-05-26 16:45:00,2080.06,2082.13,2074.35,2079.56,3163.9306
2026-05-26 17:00:00,2079.56,2083.84,2077.61,2079.87,2323.0561
2026-05-26 17:15:00,2079.87,2079.92,2064.33,2064.51,6889.8933
2026-05-26 17:30:00,2064.5,2067.33,2055.06,2066.24,8929.8731
2026-05-26 17:45:00,2066.24,2073.95,2065.52,2070.84,5217.6893
2026-05-26 18:00:00,2070.84,2077.44,2068.6,2075.6,4056.329
2026-05-26 18:15:00,2075.6,2081.21,2075.12,2075.9,3034.2419
2026-05-26 18:30:00,2075.9,2076.52,2067.52,2067.65,3856.6408
2026-05-26 18:45:00,2067.66,2072.16,2066.8,2068.59,1840.9254
2026-05-26 19:00:00,2068.6,2070.54,2067.09,2067.41,1595.9974
2026-05-26 19:15:00,2067.41,2072.1,2065.72,2071.1,1906.8879
2026-05-26 19:30:00,2071.1,2076.24,2071.1,2075.49,1914.0854
2026-05-26 19:45:00,2075.5,2076.85,2073.71,2074.29,2037.0003
2026-05-26 20:00:00,2074.3,2076.97,2074.21,2076.24,1049.4046
2026-05-26 20:15:00,2076.24,2078.0,2074.0,2077.72,1816.4209
2026-05-26 20:30:00,2077.72,2078.48,2073.9,2076.43,1262.3342
2026-05-26 20:45:00,2076.42,2078.51,2076.15,2078.35,774.7958
2026-05-26 21:00:00,2078.35,2078.52,2069.45,2071.44,1419.64
2026-05-26 21:15:00,2071.45,2075.67,2071.01,2075.59,1139.7325
2026-05-26 21:30:00,2075.6,2078.78,2074.53,2077.21,1334.2222
2026-05-26 21:45:00,2077.22,2078.63,2071.32,2072.85,1676.9002
2026-05-26 22:00:00,2072.85,2076.52,2069.43,2071.92,1963.2927
2026-05-26 22:15:00,2071.92,2072.32,2069.9,2070.34,1330.2138
2026-05-26 22:30:00,2070.33,2071.81,2067.9,2068.3,1163.3333
2026-05-26 22:45:00,2068.3,2069.65,2065.98,2068.79,1054.7091
2026-05-26 23:00:00,2068.79,2074.33,2068.79,2073.66,1832.3367
2026-05-26 23:15:00,2073.65,2074.16,2072.21,2073.55,775.752
2026-05-26 23:30:00,2073.55,2076.85,2073.55,2075.98,1567.9953
2026-05-26 23:45:00,2075.98,2076.75,2073.0,2073.77,576.1478
2026-05-27 00:00:00,2073.77,2080.42,2073.77,2078.85,1861.5953
2026-05-27 00:15:00,2078.85,2078.86,2074.27,2077.79,1082.3689
2026-05-27 00:30:00,2077.79,2082.5,2076.74,2079.46,1727.0889
2026-05-27 00:45:00,2079.45,2084.23,2079.45,2083.36,1614.9061
2026-05-27 01:00:00,2083.35,2083.93,2080.0,2081.39,931.0579
2026-05-27 01:15:00,2081.4,2081.4,2072.73,2074.65,1810.4978
2026-05-27 01:30:00,2074.66,2076.13,2071.86,2073.67,1293.0304
2026-05-27 01:45:00,2073.68,2077.19,2073.46,2074.53,1093.703
2026-05-27 02:00:00,2074.53,2075.59,2071.33,2074.19,1123.2689
2026-05-27 02:15:00,2074.19,2075.02,2069.11,2071.64,1552.3434
2026-05-27 02:30:00,2071.64,2074.29,2069.23,2070.16,1139.5133
2026-05-27 02:45:00,2070.17,2076.26,2070.17,2076.26,1070.592
2026-05-27 03:00:00,2076.25,2080.0,2075.41,2077.14,1455.1293
2026-05-27 03:15:00,2077.14,2077.98,2075.23,2077.07,1071.4978
2026-05-27 03:30:00,2077.06,2078.05,2073.06,2073.43,959.7956
2026-05-27 03:45:00,2073.44,2073.68,2068.9,2070.0,2200.6178
2026-05-27 04:00:00,2070.01,2071.16,2068.45,2068.46,1849.6664
2026-05-27 04:15:00,2068.45,2068.87,2063.0,2064.85,1796.6423
2026-05-27 04:30:00,2064.84,2065.33,2056.31,2063.44,4070.4369
2026-05-27 04:45:00,2063.44,2073.08,2063.44,2072.21,1872.7515
2026-05-27 05:00:00,2072.21,2073.77,2071.9,2073.0,1192.1267
2026-05-27 05:15:00,2072.99,2077.45,2071.62,2075.87,1293.5799
2026-05-27 05:30:00,2075.87,2077.51,2073.19,2074.57,1787.075
2026-05-27 05:45:00,2074.57,2079.2,2074.01,2077.37,2485.7849
2026-05-27 06:00:00,2077.38,2079.46,2075.75,2076.12,1841.7434
2026-05-27 06:15:00,2076.11,2078.19,2075.01,2077.8,770.2699
2026-05-27 06:30:00,2077.8,2080.98,2077.76,2080.66,1479.7429
2026-05-27 06:45:00,2080.67,2081.46,2077.55,2079.62,1116.44
2026-05-27 07:00:00,2079.62,2080.65,2076.07,2077.41,1314.0638
2026-05-27 07:15:00,2077.42,2080.0,2076.44,2080.0,1263.3851
2026-05-27 07:30:00,2080.0,2082.64,2078.34,2079.75,1380.2542
2026-05-27 07:45:00,2079.75,2084.16,2079.75,2083.78,1681.7288
2026-05-27 08:00:00,2083.77,2087.47,2083.56,2085.95,2481.5736
2026-05-27 08:15:00,2085.95,2096.71,2083.91,2093.89,3067.8407
2026-05-27 08:30:00,2093.89,2094.37,2091.58,2092.82,2465.7064
2026-05-27 08:45:00,2092.82,2093.0,2083.98,2085.05,2805.7747
2026-05-27 09:00:00,2085.06,2085.43,2079.24,2080.71,2338.8579
2026-05-27 09:15:00,2080.72,2084.1,2078.26,2081.36,1532.6183
2026-05-27 09:30:00,2081.36,2087.78,2080.77,2086.27,1364.5556
2026-05-27 09:45:00,2086.28,2086.89,2082.07,2083.36,1489.0297
2026-05-27 10:00:00,2083.36,2086.71,2081.16,2086.52,1464.5914
2026-05-27 10:15:00,2086.53,2087.9,2084.84,2085.52,1758.9234
2026-05-27 10:30:00,2085.52,2086.55,2081.16,2081.48,1345.036
2026-05-27 10:45:00,2081.49,2082.04,2079.47,2079.5,1167.599
2026-05-27 11:00:00,2079.51,2084.51,2078.88,2082.21,1101.2495
2026-05-27 11:15:00,2082.22,2085.29,2081.59,2083.14,1720.3417
2026-05-27 11:30:00,2083.14,2085.0,2078.88,2082.34,1423.3517
2026-05-27 11:45:00,2082.34,2082.34,2079.6,2080.55,1219.5062
2026-05-27 12:00:00,2080.56,2080.8,2073.84,2076.42,2564.8254
2026-05-27 12:15:00,2076.42,2097.4,2075.34,2084.96,9081.3953
2026-05-27 12:30:00,2084.96,2088.2,2083.38,2085.08,2732.5539
2026-05-27 12:45:00,2085.08,2085.08,2078.51,2078.76,2071.4413
2026-05-27 13:00:00,2078.76,2080.64,2072.15,2075.04,2638.2862
2026-05-27 13:15:00,2075.04,2075.78,2068.01,2068.75,3598.3983
2026-05-27 13:30:00,2068.74,2072.25,2051.96,2053.35,17701.2088
2026-05-27 13:45:00,2053.35,2065.35,2053.35,2064.53,6511.6787
2026-05-27 14:00:00,2064.52,2071.86,2060.97,2062.23,4366.8938
2026-05-27 14:15:00,2062.24,2067.99,2054.99,2057.34,3623.8472
2026-05-27 14:30:00,2057.33,2063.31,2054.84,2060.04,4365.674
2026-05-27 14:45:00,2060.03,2064.1,2059.64,2062.62,2413.4008
2026-05-27 15:00:00,2062.62,2068.86,2061.21,2066.81,3221.4868
2026-05-27 15:15:00,2066.8,2076.51,2066.41,2073.08,4555.9028
2026-05-27 15:30:00,2073.08,2079.73,2068.8,2070.21,4719.7157
2026-05-27 15:45:00,2070.21,2076.38,2067.98,2071.38,4855.4077
2026-05-27 16:00:00,2071.39,2074.5,2067.65,2071.02,2827.6662
2026-05-27 16:15:00,2071.02,2071.02,2062.26,2065.4,2964.8218
2026-05-27 16:30:00,2065.39,2067.05,2060.0,2065.67,1987.3268
2026-05-27 16:45:00,2065.67,2071.1,2064.54,2070.15,1952.8725
2026-05-27 17:00:00,2070.14,2070.3,2055.0,2056.99,3628.7645
2026-05-27 17:15:00,2057.0,2061.95,2054.38,2058.83,4307.2066
2026-05-27 17:30:00,2058.82,2059.64,2052.44,2054.66,3342.71
2026-05-27 17:45:00,2054.65,2058.04,2044.08,2052.28,7172.4219
2026-05-27 18:00:00,2052.27,2054.09,2043.31,2046.43,3921.5431
2026-05-27 18:15:00,2046.44,2052.83,2045.0,2052.22,2659.8166
2026-05-27 18:30:00,2052.21,2055.52,2050.01,2054.46,1874.8484
2026-05-27 18:45:00,2054.47,2056.92,2053.81,2056.71,1230.963
2026-05-27 19:00:00,2056.72,2058.66,2054.69,2058.24,1787.6563
2026-05-27 19:15:00,2058.24,2060.43,2055.62,2058.09,1767.5277
2026-05-27 19:30:00,2058.09,2061.16,2056.03,2056.99,2107.5324
2026-05-27 19:45:00,2057.0,2058.47,2054.42,2057.47,1861.7893
2026-05-27 20:00:00,2057.47,2063.51,2057.22,2063.41,2908.533
2026-05-27 20:15:00,2063.42,2066.14,2059.49,2060.87,1964.4202
2026-05-27 20:30:00,2060.88,2062.26,2058.67,2062.26,1039.6531
2026-05-27 20:45:00,2062.26,2064.5,2062.26,2063.29,936.2033
2026-05-27 21:00:00,2063.3,2063.3,2058.65,2059.27,1373.3262
2026-05-27 21:15:00,2059.27,2060.37,2056.35,2056.35,957.9053
2026-05-27 21:30:00,2056.35,2056.35,2024.5,2032.92,10647.8261
2026-05-27 21:45:00,2032.92,2034.59,2016.0,2021.04,14285.0392
2026-05-27 22:00:00,2021.04,2035.0,2016.27,2025.11,8481.9042
2026-05-27 22:15:00,2025.11,2030.63,2020.0,2029.04,4525.2972
2026-05-27 22:30:00,2029.04,2033.06,2025.6,2030.17,3299.4975
2026-05-27 22:45:00,2030.17,2031.07,2025.05,2025.34,2124.9251
2026-05-27 23:00:00,2025.34,2027.08,2023.17,2026.67,2778.1342
2026-05-27 23:15:00,2026.67,2030.19,2018.17,2019.34,5054.1946
2026-05-27 23:30:00,2019.34,2024.11,2019.0,2022.76,2371.9884
2026-05-27 23:45:00,2022.76,2026.14,2020.62,2024.84,2867.472
2026-05-28 00:00:00,2024.83,2026.62,2021.63,2021.93,2230.2582
2026-05-28 00:15:00,2021.94,2027.99,2020.7,2024.59,2506.7666
2026-05-28 00:30:00,2024.6,2027.92,2023.89,2027.68,1341.9124
2026-05-28 00:45:00,2027.68,2029.2,2024.36,2028.23,1181.2002
2026-05-28 01:00:00,2028.23,2029.2,2024.65,2026.67,1007.1551
2026-05-28 01:15:00,2026.67,2028.01,2012.7,2017.13,5409.7397
2026-05-28 01:30:00,2017.12,2022.65,2013.8,2019.48,3654.4114
2026-05-28 01:45:00,2019.48,2023.59,2018.63,2020.32,1581.217
2026-05-28 02:00:00,2020.32,2021.99,2016.21,2021.08,1861.2152
2026-05-28 02:15:00,2021.08,2021.85,2016.0,2017.73,1699.6269
2026-05-28 02:30:00,2017.73,2019.96,2014.77,2018.01,1964.7715
2026-05-28 02:45:00,2018.01,2020.43,2017.0,2017.75,829.3975
2026-05-28 03:00:00,2017.75,2020.96,2010.37,2013.96,2764.8302
2026-05-28 03:15:00,2013.96,2014.66,1972.0,1988.6,39177.9041
2026-05-28 03:30:00,1988.59,1993.2,1983.26,1984.68,10786.3973
2026-05-28 03:45:00,1984.68,1989.08,1977.47,1981.55,12610.774
2026-05-28 04:00:00,1981.55,1986.39,1967.0,1979.22,16888.4407
2026-05-28 04:15:00,1979.22,1980.79,1973.93,1980.39,5866.2053
2026-05-28 04:30:00,1980.39,1985.38,1979.33,1982.68,3754.2847
2026-05-28 04:45:00,1982.68,1982.68,1979.03,1982.33,2578.0412
2026-05-28 05:00:00,1982.33,1983.55,1979.06,1980.0,3464.9796
2026-05-28 05:15:00,1980.01,1980.47,1975.78,1975.92,4766.4534
2026-05-28 05:30:00,1975.92,1980.88,1975.66,1980.09,4187.6965
2026-05-28 05:45:00,1980.1,1980.83,1975.72,1978.52,2710.1378
2026-05-28 06:00:00,1978.52,1980.0,1977.5,1979.28,2562.3248
2026-05-28 06:15:00,1979.27,1981.0,1976.0,1977.87,2442.9669
2026-05-28 06:30:00,1977.87,1978.27,1972.5,1976.44,4824.8054
2026-05-28 06:45:00,1976.44,1984.83,1976.43,1984.07,3500.3387
2026-05-28 07:00:00,1984.07,1987.23,1982.41,1987.11,2430.5235
2026-05-28 07:15:00,1987.11,1991.61,1986.97,1989.23,3244.5754
2026-05-28 07:30:00,1989.23,1996.78,1989.23,1995.6,5858.2604
2026-05-28 07:45:00,1995.61,1995.87,1992.51,1995.56,5680.3956
2026-05-28 08:00:00,1995.56,1996.23,1990.38,1993.02,4165.4757
2026-05-28 08:15:00,1993.02,1993.02,1985.48,1986.91,3025.5479
2026-05-28 08:30:00,1986.91,1991.06,1985.0,1989.25,1998.7983
2026-05-28 08:45:00,1989.25,1991.68,1987.26,1988.26,1612.6505
2026-05-28 09:00:00,1988.27,1991.19,1984.85,1987.97,1886.4211
2026-05-28 09:15:00,1987.96,1991.36,1987.79,1991.18,1236.1051
2026-05-28 09:30:00,1991.17,1993.77,1989.74,1993.61,2492.4733
2026-05-28 09:45:00,1993.61,1995.51,1993.23,1994.04,1567.5256
2026-05-28 10:00:00,1994.04,1998.4,1993.9,1995.74,2361.5125
2026-05-28 10:15:00,1995.74,1996.37,1990.11,1992.85,2657.8579
2026-05-28 10:30:00,1992.86,1995.24,1992.16,1994.1,792.7126
2026-05-28 10:45:00,1994.11,1995.22,1988.71,1990.32,2572.374
2026-05-28 11:00:00,1990.32,1992.72,1988.11,1990.95,2697.9345
2026-05-28 11:15:00,1990.96,1991.95,1987.14,1987.89,2117.2837
2026-05-28 11:30:00,1987.88,1990.89,1986.53,1990.88,931.0034
2026-05-28 11:45:00,1990.89,1991.05,1987.72,1989.89,838.2668
2026-05-28 12:00:00,1989.88,1990.86,1986.53,1986.8,1270.5195
2026-05-28 12:15:00,1986.79,1987.66,1981.57,1985.89,2540.5102
2026-05-28 12:30:00,1985.89,1993.35,1985.89,1991.19,2717.1796
2026-05-28 12:45:00,1991.19,1994.58,1990.75,1991.89,1742.3219
2026-05-28 13:00:00,1991.88,1995.0,1986.56,1986.91,2531.347
2026-05-28 13:15:00,1986.9,1988.5,1979.31,1986.84,3979.6576
2026-05-28 13:30:00,1986.84,1987.23,1975.35,1976.23,6851.8328
2026-05-28 13:45:00,1976.24,1985.5,1976.24,1981.55,6373.5366
2026-05-28 14:00:00,1981.55,1994.51,1967.38,1993.72,13924.3478
2026-05-28 14:15:00,1993.71,2002.5,1986.86,1989.71,10295.4214
2026-05-28 14:30:00,1989.71,1992.65,1981.35,1984.36,6207.9438
2026-05-28 14:45:00,1984.36,1994.1,1981.97,1993.62,4922.8075
2026-05-28 15:00:00,1993.61,1999.4,1988.92,1989.29,4378.2834
2026-05-28 15:15:00,1989.28,1992.95,1983.84,1992.81,3030.0897
2026-05-28 15:30:00,1992.81,1993.1,1987.5,1992.54,2469.7017
2026-05-28 15:45:00,1992.53,1995.8,1989.0,1990.65,2752.6859
2026-05-28 16:00:00,1990.65,1998.0,1985.22,1995.87,4723.7368
2026-05-28 16:15:00,1995.86,2004.81,1993.7,1998.8,5420.2917
2026-05-28 16:30:00,1998.8,2007.11,1998.8,2007.11,4893.2547
2026-05-28 16:45:00,2007.11,2015.0,2005.92,2013.19,6713.5115
2026-05-28 17:00:00,2013.18,2016.41,2009.26,2015.59,3202.52
2026-05-28 17:15:00,2015.59,2016.97,2012.03,2014.62,3654.8827
2026-05-28 17:30:00,2014.61,2021.98,2013.89,2017.98,3641.4673
2026-05-28 17:45:00,2017.97,2027.14,2017.97,2019.51,4667.2517
2026-05-28 18:00:00,2019.51,2027.3,2018.24,2023.97,4919.777
2026-05-28 18:15:00,2023.97,2026.7,2020.16,2021.78,2536.722
2026-05-28 18:30:00,2021.77,2024.98,2021.77,2023.81,1948.9053
2026-05-28 18:45:00,2023.8,2030.0,2023.25,2025.0,2771.3854
2026-05-28 19:00:00,2025.0,2025.01,2018.11,2020.13,2915.8646
2026-05-28 19:15:00,2020.13,2023.44,2018.32,2023.32,1608.8857
2026-05-28 19:30:00,2023.32,2024.35,2018.44,2018.6,1436.4688
2026-05-28 19:45:00,2018.59,2020.6,2014.04,2014.55,2243.4522
2026-05-28 20:00:00,2014.54,2016.5,2006.44,2013.29,4427.5939
2026-05-28 20:15:00,2013.28,2020.03,2012.68,2019.74,1711.8152
2026-05-28 20:30:00,2019.74,2020.03,2016.04,2019.26,1596.953
2026-05-28 20:45:00,2019.26,2019.26,2013.42,2014.11,1045.8349
2026-05-28 21:00:00,2014.12,2021.45,2013.42,2020.22,1830.7016
2026-05-28 21:15:00,2020.22,2023.58,2019.55,2021.22,5045.6101
2026-05-28 21:30:00,2021.21,2024.63,2020.84,2023.51,2313.3949
2026-05-28 21:45:00,2023.5,2023.59,2020.0,2020.17,1616.5593
2026-05-28 22:00:00,2020.17,2022.9,2015.41,2016.19,1800.7499
2026-05-28 22:15:00,2016.19,2016.2,2011.8,2011.8,1359.1892
2026-05-28 22:30:00,2011.8,2011.98,2005.49,2006.24,1658.2913
2026-05-28 22:45:00,2006.23,2010.39,2005.43,2005.6,2126.4395
2026-05-28 23:00:00,2005.6,2008.59,2005.6,2008.45,1358.2747
2026-05-28 23:15:00,2008.46,2011.22,2006.62,2010.71,1264.7524
2026-05-28 23:30:00,2010.71,2011.96,2007.47,2009.02,1269.301
2026-05-28 23:45:00,2009.01,2010.57,2006.45,2009.9,1800.9463
2026-05-29 00:00:00,2009.89,2016.73,2009.89,2015.06,1952.1779
2026-05-29 00:15:00,2015.05,2016.88,2012.79,2014.79,2226.9059
2026-05-29 00:30:00,2014.78,2017.17,2013.03,2016.8,1066.1259
2026-05-29 00:45:00,2016.79,2016.8,2011.47,2012.46,1035.0874
2026-05-29 01:00:00,2012.45,2016.47,2012.45,2013.4,1126.3184
2026-05-29 01:15:00,2013.39,2014.78,2007.25,2007.87,1395.456
2026-05-29 01:30:00,2007.87,2008.94,2006.14,2008.6,1163.4347
2026-05-29 01:45:00,2008.6,2010.77,2005.9,2008.23,1300.8402
2026-05-29 02:00:00,2008.23,2010.62,2006.92,2009.51,1582.1377
2026-05-29 02:15:00,2009.52,2010.21,2001.07,2001.56,2496.5574
2026-05-29 02:30:00,2001.56,2006.07,1999.87,2000.67,2653.2717
2026-05-29 02:45:00,2000.67,2002.72,1997.24,1999.22,2433.0682
2026-05-29 03:00:00,1999.23,2007.86,1999.23,2007.06,1646.7049
2026-05-29 03:15:00,2007.06,2007.07,2003.95,2004.69,668.7027
2026-05-29 03:30:00,2004.69,2005.25,2002.14,2003.45,940.3905
2026-05-29 03:45:00,2003.44,2004.41,2001.2,2002.78,623.3952
2026-05-29 04:00:00,2002.79,2004.85,1998.4,2000.69,2065.399
2026-05-29 04:15:00,2000.7,2004.84,1999.81,2004.72,1304.1357
2026-05-29 04:30:00,2004.72,2007.32,2004.54,2006.08,1043.4187
2026-05-29 04:45:00,2006.08,2008.51,2006.08,2008.51,1242.1413
2026-05-29 05:00:00,2008.51,2015.3,2008.0,2012.45,2692.4858
2026-05-29 05:15:00,2012.45,2013.1,2010.25,2011.31,955.1706
2026-05-29 05:30:00,2011.31,2011.32,2008.25,2009.66,1660.7955
2026-05-29 05:45:00,2009.65,2015.0,2009.31,2014.56,1472.3597
2026-05-29 06:00:00,2014.56,2015.48,2012.17,2015.33,1867.0885
2026-05-29 06:15:00,2015.33,2021.51,2015.33,2015.34,2155.0184
2026-05-29 06:30:00,2015.33,2016.47,2013.92,2014.96,1148.2165
2026-05-29 06:45:00,2014.96,2018.85,2014.67,2018.09,1677.8208
2026-05-29 07:00:00,2018.09,2019.81,2017.07,2019.27,1335.3318
2026-05-29 07:15:00,2019.27,2019.32,2015.23,2016.14,1285.66
2026-05-29 07:30:00,2016.15,2016.15,2003.94,2004.46,6645.2147
2026-05-29 07:45:00,2004.47,2007.93,2003.46,2007.62,5859.6612
2026-05-29 08:00:00,2007.61,2011.9,2007.15,2008.05,1955.2158
2026-05-29 08:15:00,2008.05,2013.91,2007.46,2010.0,3270.8021
2026-05-29 08:30:00,2010.0,2010.63,2008.53,2009.4,5977.5887
2026-05-29 08:45:00,2009.4,2009.7,2005.45,2006.11,989.6236
2026-05-29 09:00:00,2006.11,2013.47,2006.11,2013.28,2043.9069
2026-05-29 09:15:00,2013.29,2015.9,2013.18,2015.77,1487.0809
2026-05-29 09:30:00,2015.76,2016.11,2011.28,2012.89,731.29
2026-05-29 09:45:00,2012.89,2015.0,2011.76,2014.85,1961.8564
2026-05-29 10:00:00,2014.84,2014.85,2013.0,2013.73,1070.0221
2026-05-29 10:15:00,2013.72,2013.73,2011.3,2011.81,1913.7323
2026-05-29 10:30:00,2011.82,2014.18,2009.77,2010.99,914.3132
2026-05-29 10:45:00,2010.99,2012.57,2010.31,2011.1,540.2729
2026-05-29 11:00:00,2011.11,2013.13,2009.41,2012.01,1271.9486
2026-05-29 11:15:00,2012.01,2014.29,2009.5,2010.2,813.9078
2026-05-29 11:30:00,2010.19,2010.77,2005.84,2007.34,1428.3206
2026-05-29 11:45:00,2007.34,2008.15,2002.35,2007.58,2354.1966
2026-05-29 12:00:00,2007.58,2007.58,2000.01,2001.71,2454.6287
2026-05-29 12:15:00,2001.71,2004.35,1999.65,2001.49,1869.5799
2026-05-29 12:30:00,2001.48,2003.16,1995.1,1998.67,3483.6629
2026-05-29 12:45:00,1998.67,2002.26,1995.34,1999.78,1436.1065
2026-05-29 13:00:00,1999.78,1999.78,1994.3,1996.16,1457.6706
2026-05-29 13:15:00,1996.16,1997.29,1993.68,1996.9,1408.8775
2026-05-29 13:30:00,1996.9,2002.89,1988.14,2002.89,8186.7908
2026-05-29 13:45:00,2002.89,2006.16,1997.2,1999.53,3063.9487
2026-05-29 14:00:00,1999.53,2001.89,1992.15,1995.36,4572.996
2026-05-29 14:15:00,1995.37,1996.75,1976.48,1987.26,9302.7639
2026-05-29 14:30:00,1987.27,1993.79,1983.32,1985.8,4533.8145
2026-05-29 14:45:00,1985.79,2004.31,1984.41,2001.84,6983.1352
2026-05-29 15:00:00,2001.85,2022.4,1999.45,2019.93,9488.8807
2026-05-29 15:15:00,2019.94,2026.89,2013.01,2025.23,12110.9732
2026-05-29 15:30:00,2025.24,2046.59,2025.14,2031.33,24559.6948
2026-05-29 15:45:00,2031.33,2034.32,2027.1,2031.62,6154.2261
2026-05-29 16:00:00,2031.62,2040.7,2031.16,2036.95,4650.1961
2026-05-29 16:15:00,2036.95,2037.67,2022.24,2025.18,4917.3355
2026-05-29 16:30:00,2025.18,2043.0,2025.08,2042.21,7615.7259
2026-05-29 16:45:00,2042.2,2042.73,2035.76,2040.45,4462.4862
2026-05-29 17:00:00,2040.46,2043.45,2033.76,2042.48,5082.9365
2026-05-29 17:15:00,2042.49,2044.29,2037.92,2039.86,5282.1461
2026-05-29 17:30:00,2039.86,2041.33,2038.02,2038.35,2418.6709
2026-05-29 17:45:00,2038.36,2038.36,2026.21,2028.27,3581.0696
2026-05-29 18:00:00,2028.28,2031.64,2026.02,2029.82,2044.1972
2026-05-29 18:15:00,2029.83,2030.04,2022.8,2024.26,8510.1028
2026-05-29 18:30:00,2024.26,2027.4,2022.57,2025.27,2720.6089
2026-05-29 18:45:00,2025.27,2025.27,2006.21,2011.41,7157.9551
2026-05-29 19:00:00,2011.41,2016.89,2009.17,2013.0,1874.6021
2026-05-29 19:15:00,2013.01,2013.31,2005.0,2010.83,2340.4968
2026-05-29 19:30:00,2010.83,2022.2,2010.83,2021.01,3375.9813
2026-05-29 19:45:00,2021.01,2021.58,2016.9,2016.96,1325.9056
2026-05-29 20:00:00,2016.96,2020.67,2015.0,2019.11,1309.0991
2026-05-29 20:15:00,2019.1,2023.84,2017.3,2021.01,1682.1142
2026-05-29 20:30:00,2021.01,2022.69,2019.49,2020.91,827.7868
2026-05-29 20:45:00,2020.91,2021.85,2016.24,2018.17,856.638
2026-05-29 21:00:00,2018.17,2023.99,2017.3,2021.69,1265.3613
2026-05-29 21:15:00,2021.7,2021.7,2010.59,2012.22,2277.1663
2026-05-29 21:30:00,2012.22,2015.67,2010.45,2015.38,1384.8229
2026-05-29 21:45:00,2015.38,2016.17,2008.23,2009.4,1870.2829
2026-05-29 22:00:00,2009.41,2011.4,2007.78,2010.06,2291.9673
2026-05-29 22:15:00,2010.05,2017.24,2009.64,2014.94,2167.0505
2026-05-29 22:30:00,2014.95,2016.09,2012.01,2014.15,1352.923
2026-05-29 22:45:00,2014.15,2015.68,2011.18,2013.83,1303.9973
2026-05-29 23:00:00,2013.83,2014.44,2009.85,2010.74,3452.1252
2026-05-29 23:15:00,2010.75,2012.69,2007.73,2009.12,2766.9173
2026-05-29 23:30:00,2009.12,2012.47,2007.0,2012.47,1160.0109
2026-05-29 23:45:00,2012.46,2015.6,2011.29,2014.54,1304.694
2026-05-30 00:00:00,2014.54,2015.97,2011.98,2014.2,904.8359
2026-05-30 00:15:00,2014.19,2016.08,2012.69,2012.79,629.3427
2026-05-30 00:30:00,2012.79,2014.86,2010.69,2013.83,714.7933
2026-05-30 00:45:00,2013.83,2016.18,2013.59,2014.74,879.7564
2026-05-30 01:00:00,2014.75,2018.75,2013.67,2017.6,890.1915
2026-05-30 01:15:00,2017.6,2020.35,2016.5,2020.35,651.4637
2026-05-30 01:30:00,2020.34,2021.55,2017.08,2017.48,2294.5456
2026-05-30 01:45:00,2017.48,2019.7,2017.35,2019.46,886.6614
2026-05-30 02:00:00,2019.46,2021.11,2019.45,2020.02,723.4556
2026-05-30 02:15:00,2020.02,2020.75,2017.12,2017.79,462.5005
2026-05-30 02:30:00,2017.79,2020.61,2017.79,2020.16,686.2582
2026-05-30 02:45:00,2020.15,2021.34,2019.28,2021.34,386.3128
2026-05-30 03:00:00,2021.34,2022.79,2019.0,2022.6,1191.6719
2026-05-30 03:15:00,2022.59,2023.55,2019.91,2019.92,813.7282
2026-05-30 03:30:00,2019.92,2019.92,2014.74,2015.52,1720.6652
2026-05-30 03:45:00,2015.52,2017.48,2015.51,2016.83,809.1085
2026-05-30 04:00:00,2016.83,2018.44,2010.0,2015.2,1561.508
2026-05-30 04:15:00,2015.2,2015.21,2008.45,2009.11,1206.2453
2026-05-30 04:30:00,2009.1,2009.58,2002.0,2007.29,4318.3908
2026-05-30 04:45:00,2007.3,2010.81,2006.04,2010.8,1268.2592
2026-05-30 05:00:00,2010.81,2019.5,2008.02,2014.76,4109.7133
2026-05-30 05:15:00,2014.76,2015.97,2013.26,2013.39,574.6144
2026-05-30 05:30:00,2013.39,2015.66,2013.0,2015.65,527.891
2026-05-30 05:45:00,2015.66,2017.29,2015.25,2015.95,494.6267
2026-05-30 06:00:00,2015.95,2015.95,2012.86,2014.54,343.7847
2026-05-30 06:15:00,2014.53,2017.15,2014.02,2016.92,1246.9878
2026-05-30 06:30:00,2016.92,2020.56,2016.92,2019.26,2446.6175
2026-05-30 06:45:00,2019.26,2019.82,2016.27,2016.98,2054.2575
2026-05-30 07:00:00,2016.99,2017.1,2015.0,2015.93,770.2033
2026-05-30 07:15:00,2015.93,2017.88,2015.12,2017.43,522.6857
2026-05-30 07:30:00,2017.42,2017.58,2013.81,2013.82,694.4622
2026-05-30 07:45:00,2013.82,2016.32,2013.62,2016.32,610.399
2026-05-30 08:00:00,2016.32,2016.32,2014.46,2014.8,247.9322
2026-05-30 08:15:00,2014.8,2016.11,2013.92,2015.16,444.2175
2026-05-30 08:30:00,2015.16,2015.75,2014.24,2014.7,373.5335
2026-05-30 08:45:00,2014.7,2015.39,2014.0,2014.16,351.843
2026-05-30 09:00:00,2014.16,2015.97,2013.92,2015.83,431.1424
2026-05-30 09:15:00,2015.82,2017.05,2014.53,2016.25,401.1125
2026-05-30 09:30:00,2016.25,2016.53,2015.07,2015.9,341.7279
2026-05-30 09:45:00,2015.9,2017.27,2015.9,2016.79,430.4178
2026-05-30 10:00:00,2016.79,2018.0,2016.34,2017.47,589.3492
2026-05-30 10:15:00,2017.47,2022.0,2017.46,2018.94,2908.3658
2026-05-30 10:30:00,2018.94,2020.46,2018.93,2020.31,450.1571
2026-05-30 10:45:00,2020.31,2020.32,2017.45,2017.98,429.5662
2026-05-30 11:00:00,2017.99,2018.03,2016.55,2016.83,438.139
2026-05-30 11:15:00,2016.83,2017.08,2015.19,2016.67,649.9751
2026-05-30 11:30:00,2016.67,2019.05,2016.66,2018.69,380.0765
2026-05-30 11:45:00,2018.7,2018.7,2017.09,2017.4,461.7557
2026-05-30 12:00:00,2017.4,2017.77,2017.14,2017.15,321.6251
2026-05-30 12:15:00,2017.15,2019.71,2017.15,2018.99,759.5477
2026-05-30 12:30:00,2019.0,2019.6,2017.68,2017.9,523.3877
2026-05-30 12:45:00,2017.91,2020.35,2017.14,2019.86,634.6139
2026-05-30 13:00:00,2019.85,2021.49,2019.62,2020.22,689.4853
2026-05-30 13:15:00,2020.22,2022.77,2018.95,2020.62,1131.7885
2026-05-30 13:30:00,2020.63,2020.63,2017.44,2019.81,840.1243
2026-05-30 13:45:00,2019.82,2020.78,2018.88,2020.73,504.9039
2026-05-30 14:00:00,2020.73,2026.02,2020.61,2023.43,1758.6056
2026-05-30 14:15:00,2023.42,2029.2,2022.07,2027.67,3069.0792
2026-05-30 14:30:00,2027.68,2030.62,2027.0,2028.62,4320.8826
2026-05-30 14:45:00,2028.62,2028.62,2025.38,2026.6,892.7909
2026-05-30 15:00:00,2026.59,2032.0,2024.47,2031.03,2307.2765
2026-05-30 15:15:00,2031.03,2031.19,2024.75,2026.74,2113.9901
2026-05-30 15:30:00,2026.75,2027.3,2024.2,2024.75,1038.1678
2026-05-30 15:45:00,2024.75,2027.74,2024.65,2026.61,1839.6973
2026-05-30 16:00:00,2026.63,2028.13,2024.35,2027.52,900.3503
2026-05-30 16:15:00,2027.51,2027.8,2024.96,2025.64,753.8455
2026-05-30 16:30:00,2025.64,2028.33,2025.63,2026.7,1255.2377
2026-05-30 16:45:00,2026.71,2027.26,2025.35,2027.09,492.1873
2026-05-30 17:00:00,2027.09,2027.22,2024.57,2026.19,856.5622
2026-05-30 17:15:00,2026.2,2029.01,2025.51,2026.4,637.3946
2026-05-30 17:30:00,2026.4,2026.4,2019.5,2024.37,3291.6361
2026-05-30 17:45:00,2024.37,2027.52,2024.37,2027.17,1016.1492
2026-05-30 18:00:00,2027.17,2028.32,2026.22,2026.8,1471.0881
2026-05-30 18:15:00,2026.81,2029.32,2024.56,2024.87,848.3169
2026-05-30 18:30:00,2024.87,2029.23,2024.86,2029.23,503.6824
2026-05-30 18:45:00,2029.23,2030.01,2026.51,2027.59,973.3972
2026-05-30 19:00:00,2027.59,2027.59,2025.63,2026.22,641.1197
2026-05-30 19:15:00,2026.22,2027.85,2025.3,2025.3,359.6013
2026-05-30 19:30:00,2025.31,2027.46,2024.54,2027.12,915.4472
2026-05-30 19:45:00,2027.12,2029.12,2027.12,2028.76,754.4057
2026-05-30 20:00:00,2028.77,2029.68,2027.54,2028.59,545.2134
2026-05-30 20:15:00,2028.59,2029.19,2028.0,2028.01,506.571
2026-05-30 20:30:00,2028.0,2028.01,2026.11,2026.52,566.8129
2026-05-30 20:45:00,2026.52,2027.73,2025.7,2027.05,2648.9564
2026-05-30 21:00:00,2027.05,2029.87,2027.05,2029.52,421.6566
2026-05-30 21:15:00,2029.52,2031.0,2028.92,2030.42,933.1148
2026-05-30 21:30:00,2030.41,2031.41,2029.01,2029.58,543.3238
2026-05-30 21:45:00,2029.57,2030.81,2027.85,2028.15,835.2873
2026-05-30 22:00:00,2028.15,2028.15,2021.59,2024.66,1779.1422
2026-05-30 22:15:00,2024.66,2026.4,2023.37,2024.52,653.5594
2026-05-30 22:30:00,2024.52,2024.69,2020.94,2020.94,677.6869
2026-05-30 22:45:00,2020.95,2023.69,2020.94,2023.57,526.629
2026-05-30 23:00:00,2023.56,2026.1,2021.2,2021.24,715.977
2026-05-30 23:15:00,2021.23,2023.23,2020.48,2022.19,510.3973
2026-05-30 23:30:00,2022.19,2022.2,2020.35,2020.53,406.2607
2026-05-30 23:45:00,2020.53,2022.68,2020.53,2022.44,565.3092
2026-05-31 00:00:00,2022.44,2023.83,2020.83,2022.68,780.5596
2026-05-31 00:15:00,2022.67,2027.83,2022.28,2025.21,871.3977
2026-05-31 00:30:00,2025.2,2026.45,2024.15,2024.88,422.9528
2026-05-31 00:45:00,2024.87,2027.3,2023.83,2027.12,473.4129
2026-05-31 01:00:00,2027.11,2029.41,2026.85,2028.69,695.2126
2026-05-31 01:15:00,2028.7,2034.23,2028.7,2030.07,2430.4351
2026-05-31 01:30:00,2030.06,2033.62,2028.79,2029.05,848.464
2026-05-31 01:45:00,2029.05,2031.68,2028.6,2029.11,422.3228
2026-05-31 02:00:00,2029.11,2033.18,2029.1,2033.18,1292.4507
2026-05-31 02:15:00,2033.17,2038.0,2027.81,2027.95,2951.1359
2026-05-31 02:30:00,2027.96,2033.09,2027.95,2030.21,2024.812
2026-05-31 02:45:00,2030.2,2035.18,2029.0,2034.36,1521.4715
2026-05-31 03:00:00,2034.35,2035.54,2032.12,2034.03,671.9331
2026-05-31 03:15:00,2034.03,2036.88,2032.72,2036.21,1274.7796
2026-05-31 03:30:00,2036.21,2036.56,2033.85,2034.86,579.0978
2026-05-31 03:45:00,2034.86,2035.48,2033.41,2033.41,445.9693
2026-05-31 04:00:00,2033.41,2034.12,2031.36,2031.51,518.3741
2026-05-31 04:15:00,2031.52,2034.99,2031.27,2033.55,450.8318
2026-05-31 04:30:00,2033.56,2034.04,2032.12,2033.54,634.8861
2026-05-31 04:45:00,2033.54,2034.42,2032.26,2033.91,361.1723
2026-05-31 05:00:00,2033.9,2033.9,2032.12,2032.12,425.6157
2026-05-31 05:15:00,2032.12,2032.61,2030.88,2032.18,615.9358
2026-05-31 05:30:00,2032.19,2032.92,2030.34,2030.56,585.6789
2026-05-31 05:45:00,2030.57,2030.93,2029.29,2030.18,1178.6575
2026-05-31 06:00:00,2030.18,2030.18,2028.52,2029.21,748.2584
2026-05-31 06:15:00,2029.21,2030.9,2029.19,2029.47,596.5622
2026-05-31 06:30:00,2029.46,2030.66,2028.88,2030.3,343.6003
2026-05-31 06:45:00,2030.31,2030.93,2029.42,2029.87,893.2351
2026-05-31 07:00:00,2029.87,2029.87,2025.59,2026.43,1046.7796
2026-05-31 07:15:00,2026.43,2027.31,2024.65,2025.31,772.9105
2026-05-31 07:30:00,2025.31,2025.32,2022.78,2023.39,1165.8097
2026-05-31 07:45:00,2023.39,2025.4,2023.0,2024.01,823.7672
2026-05-31 08:00:00,2024.02,2028.42,2024.01,2026.0,1064.1477
2026-05-31 08:15:00,2026.0,2027.76,2026.0,2026.95,1691.44
2026-05-31 08:30:00,2026.95,2026.95,2022.85,2023.93,1423.8416
2026-05-31 08:45:00,2023.93,2029.11,2023.2,2027.63,1946.0907
2026-05-31 09:00:00,2027.64,2027.83,2025.0,2025.42,955.3889
2026-05-31 09:15:00,2025.41,2028.06,2024.65,2026.89,1233.4082
2026-05-31 09:30:00,2026.89,2028.6,2026.09,2027.22,595.837
2026-05-31 09:45:00,2027.21,2028.26,2018.35,2021.13,2533.6718
2026-05-31 10:00:00,2021.13,2021.65,2018.05,2020.04,2544.3223
2026-05-31 10:15:00,2020.05,2020.09,2015.34,2018.56,2434.4391
2026-05-31 10:30:00,2018.56,2019.46,2017.31,2018.27,820.3722
2026-05-31 10:45:00,2018.27,2021.23,2017.24,2021.05,881.1011
2026-05-31 11:00:00,2021.05,2024.12,2021.04,2021.97,809.2967
2026-05-31 11:15:00,2021.96,2023.2,2021.24,2023.19,274.451
2026-05-31 11:30:00,2023.2,2023.99,2021.95,2023.01,703.3556
2026-05-31 11:45:00,2023.02,2023.78,2022.03,2023.27,1087.9758
2026-05-31 12:00:00,2023.28,2023.99,2019.69,2022.08,1144.1683
2026-05-31 12:15:00,2022.07,2025.16,2022.07,2023.53,1038.6444
2026-05-31 12:30:00,2023.53,2024.9,2022.55,2024.88,821.7073
2026-05-31 12:45:00,2024.88,2025.05,2021.35,2022.35,504.5687
2026-05-31 13:00:00,2022.35,2024.74,2021.42,2023.87,1107.887
2026-05-31 13:15:00,2023.86,2026.5,2023.3,2024.44,749.107
2026-05-31 13:30:00,2024.45,2025.31,2022.2,2022.57,871.5572
2026-05-31 13:45:00,2022.56,2023.58,2019.78,2020.5,1369.0997
2026-05-31 14:00:00,2020.5,2021.69,2011.85,2015.81,2961.6925
2026-05-31 14:15:00,2015.8,2018.3,2005.83,2011.24,7031.2135
2026-05-31 14:30:00,2011.24,2013.5,2007.73,2009.03,2498.0667
2026-05-31 14:45:00,2009.03,2012.35,2006.13,2008.06,2016.5776
2026-05-31 15:00:00,2008.06,2011.37,2007.57,2011.32,1810.17
2026-05-31 15:15:00,2011.32,2015.22,2010.72,2013.54,1309.63
2026-05-31 15:30:00,2013.54,2014.6,2008.5,2009.57,1963.8637
2026-05-31 15:45:00,2009.57,2013.34,2009.57,2010.52,1935.9745
2026-05-31 16:00:00,2010.52,2012.42,2006.46,2007.14,2025.1543
2026-05-31 16:15:00,2007.13,2009.26,2003.61,2007.15,2846.6212
2026-05-31 16:30:00,2007.16,2007.16,1997.72,2000.69,6747.178
2026-05-31 16:45:00,2000.68,2003.18,1999.05,2002.09,2451.6011
2026-05-31 17:00:00,2002.09,2003.9,1996.21,2000.36,3891.6733
2026-05-31 17:15:00,2000.36,2002.81,1999.64,2002.6,2088.4284
2026-05-31 17:30:00,2002.59,2007.33,2002.59,2005.35,2576.4834
2026-05-31 17:45:00,2005.35,2007.69,2004.86,2006.0,1951.6701
2026-05-31 18:00:00,2006.0,2006.07,2002.0,2002.7,2335.4057
2026-05-31 18:15:00,2002.71,2003.97,2001.02,2002.84,1838.7247
2026-05-31 18:30:00,2002.84,2005.0,2000.9,2000.9,1585.0597
2026-05-31 18:45:00,2000.9,2001.15,1999.0,2000.68,1861.401
2026-05-31 19:00:00,2000.69,2002.49,1998.41,1998.57,1593.2098
2026-05-31 19:15:00,1998.56,2000.2,1994.48,1997.38,2639.3185
2026-05-31 19:30:00,1997.38,1998.78,1993.75,1997.96,2486.1278
2026-05-31 19:45:00,1997.97,2000.0,1997.57,1999.59,1726.428
2026-05-31 20:00:00,1999.58,2003.62,1999.58,2001.5,2864.6303
2026-05-31 20:15:00,2001.5,2004.86,2000.97,2002.92,1517.677
2026-05-31 20:30:00,2002.92,2004.04,2002.29,2003.26,1312.1414
2026-05-31 20:45:00,2003.26,2008.25,2003.26,2007.09,1908.8642
2026-05-31 21:00:00,2007.09,2007.43,2005.0,2006.44,2115.4434
2026-05-31 21:15:00,2006.44,2010.0,2006.41,2007.04,2209.664
2026-05-31 21:30:00,2007.04,2010.11,2006.48,2009.2,1812.5041
2026-05-31 21:45:00,2009.2,2014.28,2009.2,2012.18,5118.1239
2026-05-31 22:00:00,2012.18,2014.42,2004.47,2011.72,3913.9283
2026-05-31 22:15:00,2011.72,2013.7,2007.46,2009.88,2432.0801
2026-05-31 22:30:00,2009.88,2014.17,2009.82,2011.27,2090.6165
2026-05-31 22:45:00,2011.28,2014.17,2011.28,2012.43,2198.9663
2026-05-31 23:00:00,2012.43,2023.0,2012.42,2013.91,5218.714
2026-05-31 23:15:00,2013.91,2015.27,2008.29,2008.86,2610.5955
2026-05-31 23:30:00,2008.86,2009.16,2000.11,2003.1,4213.9622
2026-05-31 23:45:00,2003.11,2007.74,2002.95,2007.01,2551.5492
2026-06-01 00:00:00,2007.02,2015.42,1997.0,2011.6,20376.0786
2026-06-01 00:15:00,2011.6,2017.49,2008.36,2016.96,3907.3157
2026-06-01 00:30:00,2016.97,2021.5,2012.07,2016.01,4253.6941
2026-06-01 00:45:00,2016.01,2019.57,2014.7,2015.44,3138.0155
2026-06-01 01:00:00,2015.44,2016.73,2004.61,2005.26,3862.3352
2026-06-01 01:15:00,2005.27,2007.84,2002.15,2004.29,3501.7977
2026-06-01 01:30:00,2004.29,2006.91,2000.0,2001.72,3185.8382
2026-06-01 01:45:00,2001.72,2004.85,1994.12,1994.7,4102.2441
2026-06-01 02:00:00,1994.7,2006.08,1991.31,2005.26,4765.6047
2026-06-01 02:15:00,2005.26,2005.75,2002.36,2004.59,2251.1144
2026-06-01 02:30:00,2004.58,2017.89,2001.9,2012.55,5030.9576
2026-06-01 02:45:00,2012.54,2014.57,2010.3,2011.47,2921.3987
2026-06-01 03:00:00,2011.47,2018.09,2011.31,2013.41,3836.2486
2026-06-01 03:15:00,2013.42,2016.81,2010.93,2015.01,3127.5782
2026-06-01 03:30:00,2015.02,2016.98,2010.93,2012.33,2575.5086
2026-06-01 03:45:00,2012.34,2014.25,2008.66,2009.09,2323.3906
2026-06-01 04:00:00,2009.09,2011.97,2002.35,2003.21,2415.4301
2026-06-01 04:15:00,2003.21,2004.35,1995.38,1995.81,3883.4535
2026-06-01 04:30:00,1995.82,2000.11,1995.4,1999.9,2198.6697
2026-06-01 04:45:00,1999.91,2002.4,1993.91,1999.99,1937.0602
2026-06-01 05:00:00,1999.98,2001.27,1997.78,2000.0,1205.3177
2026-06-01 05:15:00,2000.0,2001.27,1993.21,1993.3,1908.7495
2026-06-01 05:30:00,1993.31,1996.7,1991.65,1996.5,4546.1745
2026-06-01 05:45:00,1996.49,1998.14,1994.09,1994.55,976.1031
2026-06-01 06:00:00,1994.56,1995.34,1988.71,1992.06,2263.0789
2026-06-01 06:15:00,1992.07,1993.42,1984.35,1986.4,3135.205
2026-06-01 06:30:00,1986.4,1989.2,1982.12,1982.13,2899.7682
2026-06-01 06:45:00,1982.12,1988.92,1980.14,1988.07,3418.6142
2026-06-01 07:00:00,1988.08,1989.19,1985.0,1988.89,554.075
